Activity_ID,Project_ID,Employee_ID,Activity_Date,Activity_Type,Hours_Worked,Cost,Tasks_Completed,Issues_Raised,Issues_Resolved
A000001,P0023,E024,2025-06-25,Stakeholder Meeting,8.1,543.87,7,0,0
A000002,P0003,E003,2025-08-28,Reporting,9.0,623.52,1,0,1
A000003,P0007,E043,2026-06-06,Client Review,6.3,353.3,6,0,0
A000004,P0072,E046,2026-05-22,Kickoff,9.8,698.02,4,0,1
A000005,P0019,E021,2026-03-25,Reporting,5.7,442.02,3,0,0
A000006,P0028,E025,2026-03-16,Issue Resolution,8.2,375.67,4,2,2
A000007,P0102,E043,2026-02-03,Client Review,6.6,345.29,2,0,0
A000008,P0105,E023,2026-02-17,Reporting,4.1,315.66,4,0,1
A000009,P0101,E035,2026-06-08,Kickoff,6.0,543.81,6,0,1
A000010,P0031,E026,2025-12-19,Client Review,6.8,598.85,6,0,1
A000011,P0075,E014,2026-03-29,Client Review,5.4,231.01,7,0,1
A000012,P0074,E040,2025-11-28,Quality Review,6.5,449.69,3,0,0
A000013,P0023,E010,2025-07-03,Reporting,7.7,639.18,6,0,0
A000014,P0067,E012,2025-07-30,Reporting,5.4,265.89,7,0,0
A000015,P0064,E035,2025-11-28,Data Collection,0.5,36.8,0,0,1
A000016,P0048,E036,2025-06-21,Analysis,9.7,588.39,3,0,0
A000017,P0091,E048,2025-07-03,Issue Resolution,4.8,358.87,5,0,0
A000018,P0082,E036,2026-02-28,Project Administration,3.4,125.55,3,0,0
A000019,P0064,E002,2025-09-04,Analysis,2.7,145.2,0,1,2
A000020,P0088,E043,2025-12-09,Stakeholder Meeting,4.7,251.17,5,0,0
A000021,P0092,E021,2026-01-28,Project Administration,4.1,246.49,3,1,2
A000022,P0069,E001,2026-03-10,Data Collection,3.7,154.93,4,0,1
A000023,P0033,E029,2026-05-12,Analysis,3.8,232.55,0,0,0
A000024,P0092,E009,2026-04-15,Kickoff,6.8,458.93,0,0,0
A000025,P0087,E021,2026-05-06,Analysis,10.6,387.96,4,0,1
A000026,P0119,E024,2025-08-23,Reporting,7.6,403.22,7,0,0
A000027,P0018,E004,2025-05-20,Stakeholder Meeting,8.3,378.79,5,0,0
A000028,P0051,E043,2025-12-14,Project Administration,4.6,429.32,7,0,0
A000029,P0111,E026,2026-01-25,Project Administration,5.8,248.32,6,0,1
A000030,P0062,E049,2025-07-04,Project Administration,6.6,479.46,2,1,2
A000031,P0114,E024,2026-07-13,Client Review,3.9,230.53,0,0,0
A000032,P0002,E030,2025-11-16,Client Review,4.4,229.86,4,0,0
A000033,P0005,E041,2025-02-10,Quality Review,7.6,655.46,4,0,1
A000034,P0096,E011,2026-03-14,Project Administration,8.2,613.73,6,1,2
A000035,P0044,E046,2025-10-03,Kickoff,5.7,411.64,4,1,2
A000036,P0063,E010,2025-09-11,Client Review,2.5,101.55,7,0,1
A000037,P0052,E050,2025-09-16,Data Collection,4.8,242.58,6,0,0
A000038,P0049,E032,2025-04-28,Stakeholder Meeting,1.9,98.02,4,0,1
A000039,P0113,E026,2026-05-19,Analysis,5.7,348.06,4,0,1
A000040,P0012,E011,2026-07-06,Reporting,6.1,550.76,0,1,2
A000041,P0093,E029,2025-03-03,Issue Resolution,4.8,284.25,6,0,0
A000042,P0107,E028,2026-01-27,Kickoff,6.1,333.56,5,1,2
A000043,P0079,E050,2026-06-03,Reporting,6.5,255.17,7,0,1
A000044,P0048,E042,2025-07-17,Data Collection,6.1,354.39,0,1,1
A000045,P0020,E025,2026-05-18,Kickoff,2.5,95.35,1,0,0
A000046,P0082,E020,2026-04-11,Stakeholder Meeting,4.9,278.87,5,0,1
A000047,P0057,E020,2025-08-21,Reporting,6.5,604.94,3,0,1
A000048,P0018,E019,2025-03-20,Data Collection,9.4,642.62,4,0,0
A000049,P0044,E001,2025-07-30,Stakeholder Meeting,4.8,228.15,3,1,2
A000050,P0116,E002,2026-04-03,Project Administration,6.9,365.38,5,0,0
A000051,P0032,E038,2026-05-11,Stakeholder Meeting,7.7,533.35,5,1,1
A000052,P0022,E013,2026-05-31,Project Administration,5.0,180.79,1,0,1
A000053,P0082,E021,2026-03-06,Issue Resolution,8.4,747.38,6,0,0
A000054,P0024,E035,2026-07-04,Stakeholder Meeting,8.5,592.35,3,0,0
A000055,P0111,E031,2026-02-11,Reporting,9.0,580.83,4,0,1
A000056,P0104,E019,2025-04-16,Client Review,6.6,514.63,4,1,2
A000057,P0119,E038,2025-11-04,Quality Review,11.4,535.98,5,0,0
A000058,P0110,E008,2026-06-08,Stakeholder Meeting,4.0,145.19,2,0,0
A000059,P0030,E024,2026-01-23,Analysis,10.8,776.66,0,0,1
A000060,P0026,E006,2026-05-24,Data Collection,7.4,330.04,1,1,2
A000061,P0042,E027,2025-09-22,Kickoff,8.9,318.04,7,1,1
A000062,P0057,E005,2025-07-19,Stakeholder Meeting,4.7,426.45,1,1,2
A000063,P0106,E048,2026-02-10,Issue Resolution,7.6,625.52,1,0,1
A000064,P0089,E033,2025-04-05,Analysis,9.1,380.85,6,0,1
A000065,P0078,E013,2025-10-20,Data Collection,2.8,248.59,1,0,0
A000066,P0106,E031,2026-02-14,Analysis,5.1,199.18,3,1,1
A000067,P0078,E018,2025-12-14,Reporting,0.5,41.59,2,0,1
A000068,P0046,E026,2026-03-02,Data Collection,5.1,305.33,5,1,2
A000069,P0050,E009,2025-05-25,Data Collection,3.5,231.32,4,1,1
A000070,P0063,E026,2025-08-17,Data Collection,5.0,375.5,4,1,1
A000071,P0011,E006,2025-02-19,Analysis,12.8,523.85,4,1,2
A000072,P0090,E008,2025-08-12,Data Collection,9.8,876.76,6,0,1
A000073,P0079,E030,2026-06-26,Issue Resolution,1.9,82.88,4,0,0
A000074,P0088,E026,2025-11-27,Project Administration,6.9,631.32,4,0,1
A000075,P0065,E015,2025-07-16,Stakeholder Meeting,7.5,303.67,7,0,1
A000076,P0094,E003,2025-05-19,Kickoff,4.7,213.01,0,1,1
A000077,P0114,E022,2026-05-15,Kickoff,5.9,226.87,6,0,0
A000078,P0069,E047,2026-03-06,Analysis,6.2,364.98,1,1,2
A000079,P0054,E036,2025-08-20,Quality Review,2.1,147.95,2,1,1
A000080,P0013,E003,2025-04-19,Quality Review,2.9,210.26,0,0,0
A000081,P0094,E047,2025-05-13,Analysis,5.9,499.8,4,0,0
A000082,P0109,E022,2025-10-25,Stakeholder Meeting,5.7,380.21,6,0,0
A000083,P0084,E029,2026-04-02,Analysis,3.7,242.74,3,0,0
A000084,P0104,E001,2025-05-17,Quality Review,3.5,190.99,5,1,2
A000085,P0104,E016,2025-02-19,Client Review,5.3,392.55,3,1,2
A000086,P0096,E040,2026-01-27,Kickoff,7.7,689.24,6,1,2
A000087,P0061,E017,2026-02-17,Quality Review,5.3,298.49,7,0,1
A000088,P0012,E009,2026-05-25,Reporting,9.6,541.26,5,1,1
A000089,P0001,E005,2026-09-07,Client Review,3.8,211.28,2,0,1
A000090,P0025,E047,2025-09-02,Reporting,6.0,291.87,6,2,2
A000091,P0052,E041,2025-09-26,Quality Review,4.6,317.41,0,1,1
A000092,P0090,E003,2025-07-27,Client Review,7.0,289.34,7,1,2
A000093,P0055,E047,2026-03-18,Stakeholder Meeting,3.5,297.81,6,0,0
A000094,P0003,E042,2025-06-30,Reporting,10.3,445.63,5,1,1
A000095,P0026,E018,2026-03-18,Analysis,1.3,59.07,4,0,0
A000096,P0118,E033,2025-11-10,Stakeholder Meeting,9.8,383.32,2,0,0
A000097,P0119,E013,2025-11-01,Data Collection,5.7,329.92,3,0,1
A000098,P0046,E013,2025-12-14,Stakeholder Meeting,6.9,555.17,0,0,1
A000099,P0097,E036,2025-10-09,Data Collection,8.8,788.53,2,0,1
A000100,P0087,E011,2026-05-07,Analysis,7.6,464.03,4,0,1
A000101,P0112,E018,2025-04-30,Stakeholder Meeting,3.7,181.7,2,1,2
A000102,P0107,E018,2026-01-10,Quality Review,7.0,549.77,6,0,0
A000103,P0076,E008,2025-07-20,Project Administration,10.2,778.14,6,1,1
A000104,P0048,E042,2025-05-19,Kickoff,3.3,250.47,4,1,2
A000105,P0076,E034,2025-07-13,Project Administration,10.8,665.34,2,0,1
A000106,P0039,E044,2026-08-25,Analysis,6.5,447.97,2,1,2
A000107,P0042,E027,2025-09-11,Client Review,4.4,170.36,4,0,1
A000108,P0074,E009,2025-09-11,Client Review,3.3,165.0,5,0,1
A000109,P0069,E014,2026-03-29,Project Administration,4.9,444.02,1,2,3
A000110,P0070,E018,2026-07-07,Kickoff,0.6,22.5,3,1,1
A000111,P0047,E048,2025-06-29,Project Administration,4.5,238.93,3,0,0
A000112,P0050,E012,2025-07-11,Kickoff,4.8,233.27,2,1,2
A000113,P0002,E035,2025-10-22,Issue Resolution,2.8,119.88,1,0,0
A000114,P0073,E007,2026-08-27,Reporting,7.4,669.41,6,1,1
A000115,P0070,E048,2026-07-13,Quality Review,5.0,212.77,3,0,1
A000116,P0113,E033,2026-07-30,Stakeholder Meeting,3.9,251.01,4,0,1
A000117,P0061,E022,2026-06-22,Kickoff,4.7,401.24,0,1,2
A000118,P0057,E018,2025-08-15,Issue Resolution,6.4,225.49,2,0,1
A000119,P0009,E018,2026-04-20,Client Review,5.7,236.62,1,0,1
A000120,P0024,E012,2026-10-14,Project Administration,3.7,205.4,2,1,1
A000121,P0041,E030,2026-04-10,Client Review,5.8,254.34,6,1,2
A000122,P0046,E044,2025-12-04,Project Administration,5.4,248.18,4,0,1
A000123,P0044,E013,2025-10-12,Issue Resolution,2.7,190.27,7,1,2
A000124,P0048,E038,2025-08-06,Stakeholder Meeting,4.8,217.14,3,0,1
A000125,P0093,E029,2025-01-23,Client Review,6.9,505.98,6,0,1
A000126,P0016,E039,2026-08-02,Analysis,6.9,620.52,1,1,2
A000127,P0040,E039,2026-07-07,Issue Resolution,4.9,238.95,6,0,1
A000128,P0020,E002,2026-06-16,Reporting,7.2,343.71,4,0,1
A000129,P0037,E002,2025-08-15,Stakeholder Meeting,3.1,110.62,0,1,1
A000130,P0083,E046,2025-04-23,Reporting,3.1,111.23,5,1,2
A000131,P0006,E008,2025-08-18,Analysis,4.9,288.11,3,0,0
A000132,P0041,E029,2026-03-30,Reporting,9.2,591.95,0,0,0
A000133,P0003,E038,2025-10-18,Quality Review,5.9,271.22,6,1,2
A000134,P0115,E026,2025-07-02,Analysis,4.8,261.02,4,1,2
A000135,P0088,E001,2025-12-19,Project Administration,9.4,408.13,4,0,0
A000136,P0030,E001,2026-02-01,Kickoff,4.8,364.2,4,0,1
A000137,P0024,E034,2026-09-05,Client Review,11.1,650.2,0,0,0
A000138,P0012,E045,2026-05-13,Data Collection,4.2,332.05,2,0,0
A000139,P0057,E018,2025-09-26,Analysis,3.0,204.06,5,0,1
A000140,P0091,E028,2025-08-30,Data Collection,5.1,293.95,2,0,1
A000141,P0071,E047,2026-02-07,Kickoff,4.9,355.65,7,1,1
A000142,P0106,E042,2026-02-28,Data Collection,3.5,124.01,2,1,1
A000143,P0042,E028,2025-11-06,Issue Resolution,12.0,917.06,3,0,1
A000144,P0034,E033,2025-03-26,Project Administration,6.3,360.76,3,0,0
A000145,P0058,E049,2025-07-13,Reporting,6.7,440.96,0,0,1
A000146,P0025,E040,2025-08-22,Kickoff,4.3,285.54,6,0,0
A000147,P0118,E021,2025-12-15,Issue Resolution,4.1,280.87,1,0,0
A000148,P0023,E035,2025-05-23,Reporting,8.1,624.86,3,2,3
A000149,P0058,E017,2025-08-22,Quality Review,1.3,54.13,7,0,1
A000150,P0063,E047,2025-08-22,Project Administration,2.6,167.28,7,1,2
A000151,P0007,E005,2026-06-26,Stakeholder Meeting,4.9,195.95,1,0,0
A000152,P0057,E012,2025-07-10,Stakeholder Meeting,8.9,436.54,3,0,1
A000153,P0055,E018,2026-03-01,Issue Resolution,4.6,213.24,4,1,2
A000154,P0032,E011,2026-06-28,Quality Review,6.5,461.0,5,1,1
A000155,P0016,E030,2026-07-22,Client Review,5.6,399.65,2,0,1
A000156,P0006,E036,2025-08-31,Client Review,8.7,738.23,4,1,2
A000157,P0002,E045,2025-09-09,Issue Resolution,1.5,99.47,6,0,0
A000158,P0058,E026,2025-08-21,Analysis,7.3,581.67,6,1,2
A000159,P0011,E032,2025-03-01,Kickoff,5.0,441.72,6,0,0
A000160,P0116,E030,2026-04-17,Quality Review,7.8,335.5,7,0,1
A000161,P0030,E001,2026-01-31,Reporting,3.5,273.9,6,1,2
A000162,P0079,E036,2026-06-18,Issue Resolution,5.6,306.19,4,1,2
A000163,P0081,E002,2025-09-24,Analysis,5.2,268.76,7,1,2
A000164,P0060,E028,2025-08-22,Client Review,3.0,278.34,3,0,0
A000165,P0107,E050,2026-01-19,Issue Resolution,2.3,108.99,5,1,2
A000166,P0014,E040,2025-03-18,Issue Resolution,4.0,359.49,7,0,1
A000167,P0029,E026,2025-12-27,Issue Resolution,5.8,489.65,0,0,0
A000168,P0031,E016,2025-12-15,Project Administration,3.6,315.78,7,0,1
A000169,P0017,E042,2026-01-16,Reporting,4.7,329.75,6,0,0
A000170,P0036,E043,2025-11-14,Stakeholder Meeting,0.8,56.07,7,0,1
A000171,P0038,E019,2025-10-01,Stakeholder Meeting,4.6,272.11,6,1,2
A000172,P0092,E006,2026-03-23,Client Review,8.1,478.35,1,0,1
A000173,P0037,E030,2025-06-22,Analysis,7.3,628.09,2,0,1
A000174,P0106,E032,2026-02-17,Reporting,5.3,308.81,0,0,0
A000175,P0093,E047,2025-02-27,Reporting,6.1,391.63,4,1,1
A000176,P0109,E045,2025-12-06,Reporting,3.4,322.26,3,0,0
A000177,P0013,E012,2025-03-12,Stakeholder Meeting,9.6,540.08,3,0,1
A000178,P0119,E013,2025-09-23,Client Review,10.7,902.6,5,0,1
A000179,P0074,E050,2025-12-11,Kickoff,5.9,304.63,6,1,2
A000180,P0118,E017,2025-11-23,Client Review,12.0,438.05,0,2,3
A000181,P0043,E023,2026-03-14,Issue Resolution,3.8,268.3,7,0,1
A000182,P0115,E016,2025-05-12,Issue Resolution,2.4,153.03,2,1,2
A000183,P0071,E020,2026-01-07,Project Administration,3.7,304.14,6,0,1
A000184,P0009,E029,2026-04-29,Stakeholder Meeting,5.0,176.25,4,1,1
A000185,P0050,E015,2025-08-13,Kickoff,11.3,443.34,3,0,1
A000186,P0017,E021,2026-01-11,Reporting,4.8,415.59,1,0,1
A000187,P0113,E018,2026-06-25,Kickoff,3.4,217.09,1,0,1
A000188,P0037,E006,2025-09-17,Analysis,3.3,215.76,5,1,1
A000189,P0027,E040,2026-01-21,Client Review,8.4,407.45,2,0,0
A000190,P0067,E045,2025-07-03,Reporting,8.0,724.44,1,0,1
A000191,P0052,E025,2025-11-16,Reporting,4.3,386.42,0,0,0
A000192,P0012,E011,2026-04-06,Client Review,0.8,52.8,6,1,1
A000193,P0098,E033,2026-07-17,Data Collection,2.7,129.79,3,0,1
A000194,P0102,E027,2026-02-09,Issue Resolution,9.8,920.88,2,1,2
A000195,P0090,E028,2025-06-26,Reporting,7.2,637.54,2,0,0
A000196,P0075,E030,2026-03-06,Stakeholder Meeting,5.7,377.82,4,1,2
A000197,P0049,E036,2025-03-11,Quality Review,10.2,740.36,3,0,1
A000198,P0066,E003,2026-03-22,Quality Review,10.4,638.35,4,0,1
A000199,P0063,E005,2025-08-16,Quality Review,5.4,255.76,2,0,1
A000200,P0020,E005,2026-04-04,Stakeholder Meeting,5.5,417.38,2,0,0
A000201,P0010,E008,2025-03-08,Analysis,4.0,300.59,6,0,0
A000202,P0031,E049,2025-12-16,Data Collection,4.8,325.63,3,1,1
A000203,P0055,E037,2025-12-18,Stakeholder Meeting,1.8,150.96,7,0,0
A000204,P0020,E034,2026-05-08,Analysis,1.8,111.8,6,0,0
A000205,P0013,E035,2025-04-07,Quality Review,1.2,103.99,5,0,1
A000206,P0103,E002,2026-03-23,Project Administration,8.2,393.77,4,0,0
A000207,P0045,E011,2025-12-29,Kickoff,1.6,148.33,6,1,2
A000208,P0071,E040,2025-12-22,Analysis,10.4,491.97,0,0,1
A000209,P0063,E024,2025-08-18,Kickoff,3.7,165.05,3,0,0
A000210,P0089,E026,2025-04-12,Project Administration,9.8,697.8,5,0,0
A000211,P0089,E038,2025-03-25,Client Review,4.6,186.69,0,1,2
A000212,P0036,E004,2025-10-31,Analysis,1.6,72.12,1,1,2
A000213,P0102,E040,2026-02-02,Stakeholder Meeting,8.7,685.06,0,1,2
A000214,P0045,E035,2026-01-28,Client Review,9.0,481.4,3,0,0
A000215,P0101,E021,2026-05-21,Project Administration,3.2,265.62,4,0,1
A000216,P0049,E025,2025-04-14,Reporting,4.7,208.37,3,0,1
A000217,P0014,E004,2025-03-08,Analysis,3.2,185.98,0,1,2
A000218,P0092,E011,2026-01-22,Client Review,5.2,302.52,3,0,0
A000219,P0004,E013,2025-05-10,Client Review,5.8,370.18,7,1,1
A000220,P0093,E044,2025-02-12,Reporting,4.6,274.27,0,0,0
A000221,P0006,E006,2025-07-18,Kickoff,1.0,58.21,6,1,1
A000222,P0025,E015,2025-07-30,Client Review,4.0,218.83,2,0,1
A000223,P0073,E007,2026-06-07,Kickoff,7.3,262.14,0,1,2
A000224,P0113,E015,2026-06-21,Project Administration,5.0,359.98,0,0,1
A000225,P0050,E001,2025-05-01,Issue Resolution,4.7,298.02,0,1,2
A000226,P0015,E014,2025-08-31,Reporting,3.2,183.67,3,0,0
A000227,P0028,E037,2026-03-24,Reporting,4.0,190.74,3,0,1
A000228,P0108,E039,2025-04-03,Kickoff,9.0,796.35,4,1,1
A000229,P0088,E019,2026-01-03,Issue Resolution,2.7,133.04,0,0,1
A000230,P0013,E036,2025-03-02,Analysis,7.3,658.86,5,0,1
A000231,P0047,E031,2025-06-29,Analysis,5.6,269.0,5,0,0
A000232,P0032,E046,2026-02-22,Client Review,6.1,569.04,0,0,0
A000233,P0022,E041,2026-07-25,Project Administration,3.7,222.71,5,0,1
A000234,P0102,E012,2025-12-04,Quality Review,4.6,308.03,0,0,0
A000235,P0075,E030,2026-04-15,Quality Review,5.5,291.11,3,0,0
A000236,P0022,E040,2026-05-05,Quality Review,4.2,383.67,5,0,1
A000237,P0079,E016,2026-05-31,Analysis,6.3,327.31,6,0,1
A000238,P0050,E029,2025-06-22,Reporting,6.6,520.16,4,0,0
A000239,P0008,E021,2026-01-07,Project Administration,10.9,394.9,3,1,2
A000240,P0054,E016,2025-08-17,Stakeholder Meeting,6.2,424.84,6,0,1
A000241,P0023,E010,2025-06-03,Client Review,0.7,55.65,1,1,2
A000242,P0030,E002,2026-03-17,Client Review,8.4,531.32,1,1,2
A000243,P0106,E038,2026-02-06,Issue Resolution,5.0,368.0,3,0,0
A000244,P0086,E041,2025-11-10,Client Review,10.5,851.38,0,1,2
A000245,P0017,E033,2026-01-17,Project Administration,9.2,598.13,0,0,0
A000246,P0103,E013,2025-12-09,Client Review,4.2,201.96,2,0,0
A000247,P0069,E001,2026-04-01,Project Administration,7.3,429.29,1,0,1
A000248,P0105,E032,2026-02-12,Client Review,4.0,315.39,5,0,0
A000249,P0090,E010,2025-10-13,Issue Resolution,5.5,281.96,4,0,0
A000250,P0041,E028,2026-04-20,Project Administration,7.2,525.04,3,0,0
A000251,P0065,E049,2025-04-19,Project Administration,8.3,364.35,3,0,0
A000252,P0064,E001,2025-09-28,Reporting,7.7,699.3,0,0,1
A000253,P0087,E029,2026-03-06,Client Review,5.7,405.72,3,0,1
A000254,P0030,E050,2026-03-27,Project Administration,11.7,738.23,0,0,1
A000255,P0040,E017,2026-06-12,Stakeholder Meeting,4.6,384.98,2,0,0
A000256,P0030,E041,2026-03-25,Data Collection,1.5,124.25,5,1,2
A000257,P0036,E042,2025-11-11,Issue Resolution,2.0,81.68,7,0,0
A000258,P0020,E025,2026-05-26,Reporting,9.2,491.5,2,0,0
A000259,P0005,E016,2025-01-08,Stakeholder Meeting,5.3,331.33,2,0,1
A000260,P0113,E035,2026-05-22,Client Review,5.9,327.05,5,1,1
A000261,P0009,E031,2026-04-11,Kickoff,4.1,221.56,7,1,2
A000262,P0107,E024,2026-02-12,Quality Review,4.4,246.98,2,0,1
A000263,P0001,E010,2026-06-14,Analysis,3.5,152.33,6,1,1
A000264,P0094,E038,2025-06-03,Analysis,6.7,282.51,2,0,1
A000265,P0040,E011,2026-04-08,Project Administration,5.3,268.28,5,1,2
A000266,P0063,E007,2025-09-24,Quality Review,6.6,258.75,1,0,0
A000267,P0034,E004,2025-04-12,Data Collection,6.3,413.36,2,1,1
A000268,P0059,E023,2025-09-28,Stakeholder Meeting,4.4,194.43,7,0,0
A000269,P0055,E007,2025-11-19,Analysis,1.9,74.2,3,0,1
A000270,P0064,E017,2025-09-23,Project Administration,1.6,136.37,0,0,1
A000271,P0048,E013,2025-06-15,Analysis,13.1,920.28,6,0,1
A000272,P0065,E023,2025-05-11,Stakeholder Meeting,9.2,817.89,1,0,1
A000273,P0100,E039,2025-03-26,Stakeholder Meeting,8.9,836.63,0,2,2
A000274,P0053,E023,2025-04-12,Data Collection,3.8,268.33,6,1,2
A000275,P0044,E028,2025-08-08,Issue Resolution,5.5,455.17,2,1,1
A000276,P0016,E008,2026-07-15,Reporting,3.5,156.0,1,0,1
A000277,P0044,E006,2025-12-12,Stakeholder Meeting,2.2,169.18,7,1,2
A000278,P0016,E049,2026-05-27,Stakeholder Meeting,4.0,271.89,2,1,2
A000279,P0022,E031,2026-07-25,Client Review,8.8,665.14,5,0,1
A000280,P0115,E001,2025-05-17,Kickoff,7.6,313.75,2,0,1
A000281,P0011,E029,2025-03-26,Project Administration,3.1,282.56,4,0,0
A000282,P0058,E001,2025-07-18,Reporting,4.7,282.23,5,0,0
A000283,P0101,E004,2026-05-30,Analysis,7.4,603.45,6,0,0
A000284,P0115,E019,2025-06-08,Quality Review,4.1,387.19,3,0,1
A000285,P0018,E033,2025-05-09,Issue Resolution,5.7,498.17,4,0,0
A000286,P0020,E032,2026-03-30,Data Collection,6.5,349.07,6,0,0
A000287,P0045,E040,2026-01-03,Quality Review,6.5,384.27,6,1,2
A000288,P0067,E009,2025-07-03,Reporting,6.1,450.91,5,0,0
A000289,P0116,E010,2026-03-03,Issue Resolution,3.9,262.4,3,1,1
A000290,P0025,E027,2025-07-10,Reporting,4.1,244.43,4,0,0
A000291,P0020,E044,2026-05-17,Client Review,2.7,200.35,7,2,2
A000292,P0031,E037,2026-01-05,Client Review,1.6,143.31,1,1,2
A000293,P0105,E034,2026-01-14,Project Administration,5.2,278.56,5,1,2
A000294,P0004,E005,2025-02-20,Stakeholder Meeting,7.5,320.25,6,0,1
A000295,P0046,E044,2026-04-08,Client Review,2.0,151.09,3,0,1
A000296,P0015,E050,2025-08-25,Analysis,6.2,436.33,6,0,1
A000297,P0019,E030,2026-05-24,Issue Resolution,7.5,670.01,3,0,1
A000298,P0111,E017,2026-01-18,Project Administration,0.9,71.6,6,1,1
A000299,P0001,E034,2026-08-21,Analysis,4.8,282.37,5,0,1
A000300,P0039,E033,2026-05-25,Reporting,9.6,700.8,0,0,0
A000301,P0110,E047,2026-07-01,Issue Resolution,6.9,598.52,6,1,1
A000302,P0073,E006,2026-04-25,Kickoff,0.8,44.68,5,0,1
A000303,P0009,E026,2026-05-14,Client Review,7.1,254.39,1,1,2
A000304,P0056,E036,2025-05-05,Issue Resolution,3.6,261.29,5,0,0
A000305,P0117,E018,2025-10-12,Issue Resolution,7.2,263.2,4,0,1
A000306,P0049,E043,2025-02-20,Data Collection,3.8,346.75,7,0,1
A000307,P0064,E004,2025-11-12,Client Review,5.4,243.5,2,0,0
A000308,P0064,E006,2025-10-09,Issue Resolution,4.2,241.31,2,1,2
A000309,P0080,E040,2026-06-10,Kickoff,5.5,504.77,0,1,1
A000310,P0023,E007,2025-08-04,Client Review,4.1,163.16,6,0,0
A000311,P0101,E021,2026-05-27,Reporting,4.9,172.78,7,0,1
A000312,P0119,E015,2025-08-27,Project Administration,2.6,107.17,5,1,1
A000313,P0018,E035,2025-05-01,Kickoff,6.7,630.89,2,0,1
A000314,P0099,E001,2026-06-11,Project Administration,5.9,550.49,7,0,1
A000315,P0099,E018,2026-04-28,Reporting,1.5,87.11,2,0,1
A000316,P0089,E050,2025-03-20,Analysis,8.0,636.59,5,1,1
A000317,P0045,E019,2026-01-05,Stakeholder Meeting,5.1,403.7,4,0,0
A000318,P0057,E030,2025-07-20,Client Review,5.9,241.83,6,0,0
A000319,P0101,E050,2026-05-11,Project Administration,7.4,363.39,7,2,2
A000320,P0019,E031,2026-04-18,Analysis,6.3,556.54,2,1,2
A000321,P0100,E038,2025-03-16,Project Administration,8.4,377.51,0,0,0
A000322,P0111,E048,2026-01-14,Reporting,4.8,318.01,1,1,2
A000323,P0082,E031,2026-02-21,Data Collection,8.1,402.16,5,1,1
A000324,P0041,E042,2026-04-10,Reporting,5.8,397.05,2,0,1
A000325,P0068,E026,2025-06-15,Issue Resolution,6.8,318.18,1,1,1
A000326,P0007,E041,2026-07-01,Kickoff,6.5,311.64,6,0,0
A000327,P0112,E033,2025-03-17,Kickoff,8.6,325.15,5,0,1
A000328,P0042,E017,2025-11-30,Kickoff,7.3,689.2,1,1,2
A000329,P0007,E028,2026-07-01,Reporting,4.4,183.86,5,1,2
A000330,P0096,E017,2026-04-25,Kickoff,3.9,233.75,5,0,1
A000331,P0079,E020,2026-06-29,Project Administration,5.4,324.29,7,0,1
A000332,P0075,E015,2026-04-29,Data Collection,3.6,191.58,7,1,1
A000333,P0007,E025,2026-07-11,Kickoff,2.9,239.65,7,0,1
A000334,P0091,E018,2025-06-09,Analysis,0.5,27.63,7,1,2
A000335,P0077,E032,2025-11-24,Client Review,1.6,116.04,6,0,0
A000336,P0096,E019,2026-01-06,Project Administration,10.5,709.59,5,0,0
A000337,P0100,E025,2025-04-05,Analysis,3.9,338.68,4,2,3
A000338,P0026,E008,2026-04-11,Quality Review,10.3,866.94,6,1,1
A000339,P0026,E020,2026-02-23,Client Review,6.5,312.5,7,1,1
A000340,P0111,E018,2026-01-19,Issue Resolution,5.4,432.04,0,1,1
A000341,P0064,E049,2025-08-27,Data Collection,1.7,140.34,1,0,1
A000342,P0053,E023,2025-03-28,Issue Resolution,5.5,495.83,3,1,2
A000343,P0035,E002,2026-06-13,Issue Resolution,10.2,946.49,2,0,1
A000344,P0077,E016,2025-09-08,Client Review,9.4,744.65,4,0,0
A000345,P0091,E037,2025-08-18,Quality Review,6.2,384.37,2,0,0
A000346,P0001,E009,2026-07-30,Stakeholder Meeting,2.6,136.7,6,0,0
A000347,P0067,E009,2025-08-12,Project Administration,3.1,269.33,7,0,1
A000348,P0120,E019,2026-04-13,Issue Resolution,3.4,305.77,2,0,1
A000349,P0034,E018,2025-03-17,Quality Review,8.7,355.43,6,0,0
A000350,P0034,E025,2025-03-19,Client Review,9.6,655.29,0,0,1
A000351,P0106,E002,2026-03-02,Stakeholder Meeting,6.0,256.51,6,0,1
A000352,P0008,E037,2025-12-24,Client Review,4.7,235.45,5,0,0
A000353,P0048,E011,2025-06-09,Kickoff,9.4,545.12,5,1,1
A000354,P0055,E036,2026-01-03,Project Administration,3.1,166.38,3,0,1
A000355,P0096,E029,2026-04-19,Quality Review,5.6,436.58,0,1,1
A000356,P0016,E011,2026-08-02,Reporting,6.7,266.24,6,0,1
A000357,P0053,E024,2025-05-18,Data Collection,3.3,237.03,0,1,2
A000358,P0019,E002,2026-04-05,Quality Review,3.9,272.55,3,1,2
A000359,P0095,E036,2025-12-08,Kickoff,3.7,304.26,1,1,2
A000360,P0076,E016,2025-09-07,Project Administration,9.0,367.21,6,1,2
A000361,P0060,E020,2025-08-09,Client Review,10.3,566.05,4,1,2
A000362,P0048,E008,2025-06-02,Quality Review,5.8,445.59,4,0,1
A000363,P0019,E019,2026-03-18,Issue Resolution,4.8,372.97,2,0,1
A000364,P0111,E020,2026-01-27,Issue Resolution,4.0,247.91,6,0,1
A000365,P0078,E012,2025-12-27,Data Collection,5.5,344.88,1,1,1
A000366,P0039,E049,2026-06-02,Kickoff,4.1,380.88,5,1,2
A000367,P0050,E014,2025-05-20,Analysis,5.3,289.24,7,0,1
A000368,P0088,E010,2025-12-03,Kickoff,6.5,286.04,2,0,1
A000369,P0087,E028,2026-02-25,Reporting,4.5,414.77,5,0,1
A000370,P0056,E016,2025-06-22,Quality Review,5.0,417.88,2,1,1
A000371,P0037,E023,2025-07-27,Quality Review,5.0,246.12,7,0,0
A000372,P0080,E037,2026-04-09,Kickoff,4.7,406.25,7,0,1
A000373,P0079,E004,2026-07-05,Project Administration,4.4,220.61,2,1,2
A000374,P0072,E026,2026-05-11,Project Administration,7.4,626.39,1,0,1
A000375,P0009,E002,2026-04-17,Reporting,1.1,79.99,0,1,2
A000376,P0057,E003,2025-10-06,Kickoff,9.4,601.18,5,1,1
A000377,P0074,E005,2025-12-11,Stakeholder Meeting,5.8,525.97,7,0,0
A000378,P0115,E009,2025-04-05,Client Review,7.0,584.93,1,0,0
A000379,P0064,E018,2025-09-28,Client Review,7.3,312.41,6,0,0
A000380,P0042,E047,2025-10-21,Analysis,3.7,286.14,6,0,0
A000381,P0067,E046,2025-06-07,Issue Resolution,3.2,263.58,3,1,2
A000382,P0022,E006,2026-06-13,Project Administration,2.9,195.66,1,0,0
A000383,P0011,E050,2025-04-29,Quality Review,4.9,252.66,5,0,0
A000384,P0082,E032,2026-01-19,Stakeholder Meeting,7.2,353.29,4,0,1
A000385,P0119,E028,2025-11-01,Quality Review,4.0,373.8,6,0,0
A000386,P0102,E040,2025-12-30,Kickoff,7.0,428.45,4,0,1
A000387,P0071,E025,2026-02-07,Quality Review,0.5,33.06,0,0,1
A000388,P0005,E014,2025-01-07,Kickoff,4.5,319.0,1,0,0
A000389,P0119,E027,2025-09-18,Kickoff,8.4,344.72,3,1,2
A000390,P0054,E037,2025-09-25,Quality Review,5.1,203.38,3,0,1
A000391,P0035,E035,2026-07-17,Quality Review,3.4,159.42,2,0,1
A000392,P0108,E009,2025-03-07,Project Administration,3.9,151.79,7,0,0
A000393,P0090,E047,2025-11-01,Quality Review,0.5,44.45,2,0,0
A000394,P0090,E015,2025-06-29,Project Administration,3.0,131.64,5,0,0
A000395,P0034,E041,2025-03-31,Issue Resolution,8.1,393.61,2,1,1
A000396,P0120,E016,2026-04-08,Stakeholder Meeting,4.0,268.95,7,1,2
A000397,P0055,E004,2026-01-14,Project Administration,4.3,381.72,7,0,0
A000398,P0064,E050,2025-12-19,Quality Review,0.5,18.97,6,0,1
A000399,P0091,E030,2025-07-30,Reporting,1.4,67.14,6,0,1
A000400,P0080,E011,2026-05-26,Kickoff,8.5,663.35,5,0,0
A000401,P0021,E001,2026-03-26,Data Collection,7.0,463.06,4,1,2
A000402,P0037,E007,2025-10-27,Quality Review,2.3,162.54,4,0,0
A000403,P0044,E009,2025-09-22,Analysis,3.9,140.47,0,1,2
A000404,P0114,E047,2026-09-01,Reporting,5.4,469.84,7,0,0
A000405,P0086,E009,2026-02-03,Kickoff,2.5,174.31,7,0,1
A000406,P0044,E009,2025-10-25,Analysis,0.5,42.53,4,1,1
A000407,P0089,E042,2025-03-21,Reporting,5.1,473.41,6,0,0
A000408,P0089,E044,2025-03-13,Reporting,6.9,544.61,3,1,2
A000409,P0048,E011,2025-07-10,Project Administration,7.0,258.02,0,1,1
A000410,P0049,E033,2025-06-09,Project Administration,7.7,598.23,6,0,0
A000411,P0108,E027,2025-03-23,Issue Resolution,1.6,110.09,4,0,1
A000412,P0068,E029,2025-07-18,Kickoff,5.6,230.79,7,0,0
A000413,P0018,E016,2025-03-14,Reporting,4.8,245.88,1,0,1
A000414,P0087,E038,2026-03-08,Analysis,5.3,239.19,3,0,0
A000415,P0071,E045,2026-01-28,Analysis,5.0,452.45,5,0,1
A000416,P0062,E037,2025-07-23,Data Collection,3.8,314.32,1,0,0
A000417,P0088,E046,2025-12-06,Quality Review,0.5,38.53,7,1,2
A000418,P0109,E006,2025-11-11,Data Collection,8.4,678.71,4,1,1
A000419,P0040,E033,2026-07-05,Quality Review,6.3,447.77,1,1,1
A000420,P0051,E050,2025-09-02,Data Collection,1.8,155.37,5,0,0
A000421,P0023,E027,2025-05-13,Quality Review,6.7,326.4,7,0,0
A000422,P0078,E048,2025-11-15,Reporting,4.4,220.13,2,0,0
A000423,P0049,E018,2025-05-05,Data Collection,4.5,317.27,4,1,2
A000424,P0042,E045,2025-09-27,Kickoff,3.6,300.99,5,1,2
A000425,P0084,E047,2026-06-17,Issue Resolution,6.8,579.0,1,1,1
A000426,P0049,E032,2025-06-01,Client Review,3.5,327.51,4,0,0
A000427,P0056,E036,2025-06-15,Analysis,2.8,226.06,4,1,2
A000428,P0053,E027,2025-05-13,Issue Resolution,8.3,406.41,2,1,1
A000429,P0032,E016,2026-02-17,Data Collection,5.1,249.08,2,0,1
A000430,P0016,E027,2026-07-30,Project Administration,5.1,314.85,5,0,0
A000431,P0100,E049,2025-04-07,Data Collection,7.2,532.87,6,0,1
A000432,P0012,E001,2026-05-03,Reporting,3.8,249.96,3,0,0
A000433,P0039,E011,2026-07-10,Kickoff,4.3,167.91,1,0,1
A000434,P0081,E025,2025-12-18,Data Collection,6.3,402.66,6,0,1
A000435,P0016,E017,2026-07-15,Stakeholder Meeting,1.6,134.44,1,0,0
A000436,P0079,E032,2026-05-22,Kickoff,6.1,301.46,0,1,2
A000437,P0088,E019,2025-12-28,Quality Review,3.6,263.17,2,1,2
A000438,P0080,E033,2026-06-06,Analysis,7.6,388.99,6,1,1
A000439,P0037,E006,2025-09-30,Kickoff,6.9,471.55,6,1,1
A000440,P0003,E017,2025-08-17,Project Administration,6.5,500.88,2,0,0
A000441,P0107,E035,2026-01-30,Project Administration,1.5,71.15,4,1,2
A000442,P0040,E024,2026-04-24,Project Administration,5.2,412.74,7,0,1
A000443,P0097,E036,2025-10-12,Data Collection,2.6,196.54,5,1,1
A000444,P0024,E032,2026-06-29,Stakeholder Meeting,5.4,290.33,6,1,1
A000445,P0020,E017,2026-04-18,Analysis,0.5,44.35,0,1,1
A000446,P0094,E022,2025-04-28,Analysis,1.6,130.93,1,0,1
A000447,P0113,E049,2026-06-20,Stakeholder Meeting,8.5,563.28,0,0,1
A000448,P0104,E049,2025-04-16,Quality Review,6.4,255.75,7,0,0
A000449,P0091,E002,2025-04-15,Quality Review,4.6,282.61,2,0,1
A000450,P0030,E036,2026-02-25,Analysis,3.2,175.33,3,0,0
A000451,P0110,E025,2026-06-13,Project Administration,2.8,142.09,4,0,1
A000452,P0081,E001,2026-01-12,Project Administration,6.0,441.69,4,0,0
A000453,P0021,E032,2026-03-17,Analysis,4.6,415.4,0,1,2
A000454,P0016,E002,2026-07-12,Data Collection,9.4,411.66,7,0,0
A000455,P0105,E016,2025-12-07,Quality Review,5.0,397.49,3,1,1
A000456,P0034,E035,2025-04-06,Stakeholder Meeting,5.6,404.9,7,0,1
A000457,P0092,E041,2026-03-21,Project Administration,2.0,150.04,6,0,0
A000458,P0017,E021,2026-01-08,Stakeholder Meeting,4.6,394.27,5,0,1
A000459,P0034,E041,2025-04-12,Kickoff,5.9,339.41,5,1,2
A000460,P0035,E042,2026-07-07,Data Collection,4.6,320.96,7,0,0
A000461,P0034,E023,2025-03-26,Kickoff,4.3,221.92,2,1,1
A000462,P0081,E009,2025-12-30,Stakeholder Meeting,6.3,327.93,2,0,1
A000463,P0110,E033,2026-05-19,Analysis,9.3,611.91,5,0,1
A000464,P0110,E001,2026-05-30,Issue Resolution,5.9,209.08,1,0,1
A000465,P0089,E045,2025-03-01,Project Administration,8.4,419.05,6,0,1
A000466,P0025,E020,2025-11-24,Data Collection,7.1,313.09,0,0,1
A000467,P0116,E039,2026-03-10,Project Administration,8.2,345.98,7,1,2
A000468,P0066,E037,2026-01-30,Reporting,4.0,232.31,2,0,0
A000469,P0066,E024,2026-02-02,Analysis,5.0,206.31,0,0,1
A000470,P0085,E049,2026-02-18,Stakeholder Meeting,5.0,221.29,4,0,0
A000471,P0093,E040,2025-02-11,Stakeholder Meeting,6.9,518.35,2,2,3
A000472,P0115,E045,2025-08-14,Data Collection,7.5,555.6,2,0,1
A000473,P0070,E005,2026-08-21,Issue Resolution,5.8,531.87,3,0,1
A000474,P0074,E025,2026-01-07,Kickoff,7.7,694.67,4,0,1
A000475,P0090,E048,2025-09-26,Kickoff,4.1,358.49,1,1,1
A000476,P0031,E041,2025-11-25,Analysis,7.7,588.72,0,0,1
A000477,P0037,E023,2025-08-19,Data Collection,8.0,407.96,3,1,2
A000478,P0076,E004,2025-09-14,Kickoff,7.2,328.96,2,1,2
A000479,P0008,E015,2025-10-25,Stakeholder Meeting,5.8,533.4,4,0,0
A000480,P0039,E029,2026-05-30,Stakeholder Meeting,7.3,675.82,5,0,1
A000481,P0087,E033,2026-02-15,Data Collection,3.3,215.38,4,0,1
A000482,P0118,E047,2025-12-12,Issue Resolution,6.0,407.43,0,0,1
A000483,P0063,E005,2025-09-11,Issue Resolution,6.3,222.53,7,0,0
A000484,P0048,E020,2025-06-10,Client Review,2.2,96.61,5,0,0
A000485,P0053,E014,2025-06-27,Quality Review,6.7,453.99,0,0,1
A000486,P0083,E049,2025-05-07,Project Administration,2.4,110.18,6,1,2
A000487,P0066,E009,2026-03-12,Stakeholder Meeting,4.4,280.38,7,0,1
A000488,P0003,E012,2025-10-29,Stakeholder Meeting,5.6,463.09,4,0,0
A000489,P0065,E015,2025-07-15,Kickoff,3.7,307.27,6,0,1
A000490,P0049,E006,2025-02-26,Client Review,5.7,494.19,7,0,0
A000491,P0085,E033,2026-02-13,Kickoff,5.7,280.11,7,0,0
A000492,P0106,E027,2026-02-11,Reporting,3.4,207.11,7,1,2
A000493,P0116,E028,2026-04-21,Issue Resolution,6.9,501.01,1,0,0
A000494,P0074,E046,2025-12-28,Data Collection,3.6,251.51,0,0,0
A000495,P0044,E022,2025-10-16,Reporting,11.2,1063.38,5,1,2
A000496,P0054,E016,2025-09-03,Analysis,5.2,268.2,5,0,1
A000497,P0022,E019,2026-08-01,Stakeholder Meeting,2.6,102.13,4,0,1
A000498,P0113,E041,2026-06-02,Quality Review,3.0,174.82,1,0,1
A000499,P0102,E027,2025-11-25,Analysis,8.4,555.08,7,0,0
A000500,P0103,E009,2025-12-01,Issue Resolution,4.5,262.05,3,1,1
A000501,P0040,E035,2026-07-05,Stakeholder Meeting,2.1,113.74,5,1,1
A000502,P0039,E038,2026-06-29,Quality Review,7.6,383.31,4,1,2
A000503,P0103,E013,2026-01-27,Issue Resolution,4.5,272.92,7,0,1
A000504,P0066,E028,2026-02-23,Analysis,7.1,542.1,5,1,2
A000505,P0085,E029,2025-12-22,Quality Review,7.8,342.67,5,0,0
A000506,P0059,E009,2025-11-03,Project Administration,6.2,538.98,6,2,3
A000507,P0054,E001,2025-08-09,Stakeholder Meeting,11.5,844.87,0,1,2
A000508,P0076,E036,2025-07-13,Data Collection,1.2,49.73,5,0,0
A000509,P0098,E031,2026-07-26,Analysis,3.5,127.44,4,1,1
A000510,P0041,E036,2026-05-12,Project Administration,4.9,186.6,6,0,1
A000511,P0098,E019,2026-04-15,Client Review,11.2,452.73,1,0,0
A000512,P0030,E026,2026-01-14,Issue Resolution,10.0,736.12,4,0,1
A000513,P0049,E050,2025-03-20,Analysis,8.7,795.63,2,0,0
A000514,P0110,E012,2026-05-28,Issue Resolution,3.5,150.49,0,0,0
A000515,P0115,E033,2025-05-10,Stakeholder Meeting,3.8,197.83,4,1,1
A000516,P0111,E007,2026-02-04,Issue Resolution,3.4,295.63,0,0,1
A000517,P0038,E004,2025-09-29,Issue Resolution,3.5,228.69,0,1,1
A000518,P0102,E048,2025-12-16,Data Collection,9.2,557.78,4,0,1
A000519,P0113,E007,2026-07-04,Project Administration,4.9,310.63,7,1,2
A000520,P0118,E033,2025-11-30,Reporting,5.2,213.55,5,1,1
A000521,P0003,E026,2025-10-24,Client Review,7.4,356.5,0,1,2
A000522,P0090,E041,2025-10-23,Client Review,1.3,120.54,0,0,0
A000523,P0120,E028,2026-04-05,Data Collection,5.6,412.19,3,1,2
A000524,P0092,E035,2026-03-27,Client Review,2.8,146.1,3,0,1
A000525,P0028,E045,2026-02-12,Data Collection,4.8,440.73,0,1,2
A000526,P0092,E042,2026-04-06,Analysis,4.0,235.4,2,0,1
A000527,P0013,E037,2025-03-05,Data Collection,3.9,169.46,1,0,0
A000528,P0058,E009,2025-07-16,Data Collection,6.1,566.81,4,0,0
A000529,P0076,E009,2025-09-27,Project Administration,6.1,457.23,5,0,0
A000530,P0055,E025,2025-12-07,Analysis,5.0,400.84,3,0,0
A000531,P0084,E033,2026-04-30,Stakeholder Meeting,6.4,232.64,4,0,1
A000532,P0029,E034,2025-11-29,Quality Review,3.3,171.56,1,0,0
A000533,P0073,E040,2026-07-28,Client Review,7.2,660.42,6,2,3
A000534,P0078,E006,2025-12-23,Reporting,5.0,221.66,0,0,1
A000535,P0077,E009,2025-11-06,Quality Review,4.3,375.86,4,0,1
A000536,P0035,E008,2026-07-08,Issue Resolution,3.5,284.3,2,1,2
A000537,P0037,E028,2025-08-17,Quality Review,4.9,282.78,3,0,0
A000538,P0031,E032,2025-11-26,Client Review,10.2,899.67,4,1,2
A000539,P0056,E006,2025-05-13,Project Administration,5.3,478.92,5,0,1
A000540,P0071,E044,2025-12-27,Client Review,2.6,226.23,7,0,1
A000541,P0044,E016,2025-08-18,Kickoff,7.8,463.7,4,0,1
A000542,P0050,E034,2025-05-06,Analysis,4.3,301.98,1,1,1
A000543,P0035,E038,2026-04-06,Reporting,6.2,330.88,4,1,2
A000544,P0027,E002,2026-01-01,Quality Review,4.0,171.19,4,1,2
A000545,P0079,E044,2026-05-22,Analysis,8.7,775.4,6,0,0
A000546,P0098,E049,2026-06-15,Stakeholder Meeting,4.0,375.48,4,1,1
A000547,P0035,E048,2026-04-24,Kickoff,9.0,346.64,6,0,1
A000548,P0104,E007,2025-06-05,Analysis,2.9,221.17,5,1,2
A000549,P0069,E020,2026-03-14,Issue Resolution,4.8,441.38,4,0,0
A000550,P0021,E012,2026-06-21,Kickoff,9.0,643.28,2,1,2
A000551,P0044,E023,2025-09-22,Issue Resolution,5.9,223.17,2,2,3
A000552,P0001,E049,2026-07-01,Stakeholder Meeting,11.2,402.02,0,0,1
A000553,P0005,E039,2025-01-29,Issue Resolution,4.8,313.18,4,1,2
A000554,P0041,E039,2026-06-10,Analysis,6.1,557.52,7,0,0
A000555,P0055,E022,2026-01-16,Issue Resolution,10.3,532.84,0,0,0
A000556,P0096,E047,2026-03-04,Reporting,1.7,95.23,7,0,1
A000557,P0017,E047,2026-01-09,Issue Resolution,1.4,115.86,6,1,1
A000558,P0101,E041,2026-05-24,Kickoff,3.5,290.85,3,0,0
A000559,P0029,E041,2025-12-13,Issue Resolution,7.5,687.14,2,0,0
A000560,P0017,E033,2026-01-23,Analysis,1.5,127.98,4,1,1
A000561,P0084,E005,2026-05-27,Stakeholder Meeting,7.0,494.45,6,0,0
A000562,P0093,E015,2025-01-23,Kickoff,6.8,621.01,0,1,2
A000563,P0073,E039,2026-09-04,Project Administration,10.5,754.58,3,0,1
A000564,P0014,E017,2025-03-08,Reporting,8.1,575.87,0,0,0
A000565,P0014,E009,2025-01-30,Project Administration,6.4,229.95,5,1,1
A000566,P0047,E048,2025-08-20,Reporting,8.9,554.71,0,0,1
A000567,P0055,E025,2026-02-08,Data Collection,6.8,255.52,2,0,1
A000568,P0120,E044,2026-07-26,Stakeholder Meeting,4.3,382.38,5,0,0
A000569,P0035,E015,2026-05-17,Stakeholder Meeting,2.6,92.63,6,1,2
A000570,P0024,E018,2026-08-08,Data Collection,4.1,219.02,1,0,0
A000571,P0114,E018,2026-07-06,Project Administration,5.4,511.4,4,2,2
A000572,P0019,E019,2026-04-13,Project Administration,5.9,487.95,1,1,2
A000573,P0004,E022,2025-05-12,Reporting,0.5,40.23,4,0,0
A000574,P0051,E015,2025-12-19,Reporting,5.0,388.86,0,0,0
A000575,P0049,E041,2025-06-07,Client Review,5.6,213.22,6,0,1
A000576,P0075,E017,2026-04-11,Client Review,6.9,360.81,0,0,1
A000577,P0106,E023,2026-02-27,Kickoff,9.6,795.91,4,0,1
A000578,P0112,E044,2025-04-20,Quality Review,6.0,532.4,3,0,0
A000579,P0035,E022,2026-04-25,Client Review,3.2,179.21,1,0,0
A000580,P0118,E001,2025-12-11,Issue Resolution,1.0,50.56,4,1,2
A000581,P0076,E001,2025-08-06,Reporting,7.2,353.91,1,0,0
A000582,P0009,E022,2026-04-20,Project Administration,3.3,224.02,4,0,0
A000583,P0113,E033,2026-08-16,Reporting,7.7,404.17,5,0,1
A000584,P0017,E048,2026-01-12,Stakeholder Meeting,9.0,326.52,3,0,1
A000585,P0071,E007,2026-01-04,Stakeholder Meeting,1.6,93.51,2,0,0
A000586,P0095,E028,2026-02-04,Client Review,6.9,470.75,3,1,2
A000587,P0030,E015,2026-03-27,Issue Resolution,8.7,635.57,7,0,0
A000588,P0033,E023,2026-03-11,Analysis,8.0,444.62,6,0,0
A000589,P0058,E023,2025-08-20,Analysis,0.5,26.92,0,1,1
A000590,P0107,E016,2026-01-23,Reporting,3.4,176.91,2,0,1
A000591,P0027,E001,2026-01-13,Client Review,2.3,166.52,0,1,2
A000592,P0080,E004,2026-06-08,Stakeholder Meeting,6.8,353.72,1,0,0
A000593,P0055,E027,2026-02-01,Reporting,6.5,585.07,6,1,2
A000594,P0014,E012,2025-03-13,Kickoff,0.5,25.95,6,1,2
A000595,P0086,E017,2026-01-16,Analysis,4.7,387.54,3,1,2
A000596,P0100,E005,2025-04-07,Project Administration,7.5,406.38,5,0,0
A000597,P0070,E003,2026-07-05,Reporting,5.9,431.2,2,0,1
A000598,P0022,E007,2026-05-26,Issue Resolution,5.9,453.95,3,1,1
A000599,P0019,E019,2026-04-24,Data Collection,4.6,209.13,6,0,1
A000600,P0051,E009,2026-01-14,Analysis,2.9,167.61,2,0,0
A000601,P0061,E012,2026-05-06,Project Administration,5.5,234.6,2,0,0
A000602,P0067,E016,2025-05-24,Project Administration,5.6,367.58,1,0,1
A000603,P0030,E015,2025-12-05,Issue Resolution,7.0,626.96,1,0,0
A000604,P0061,E001,2026-04-20,Analysis,7.2,509.57,0,0,0
A000605,P0036,E006,2025-11-13,Issue Resolution,5.7,439.47,6,0,0
A000606,P0083,E048,2025-04-30,Quality Review,8.2,426.26,6,0,1
A000607,P0096,E034,2026-03-04,Issue Resolution,4.6,290.23,3,0,0
A000608,P0079,E007,2026-06-25,Issue Resolution,1.9,150.95,4,0,1
A000609,P0001,E015,2026-08-10,Stakeholder Meeting,6.7,287.28,1,1,2
A000610,P0120,E020,2026-07-25,Analysis,5.8,245.35,0,0,1
A000611,P0003,E046,2025-09-13,Project Administration,6.7,324.72,4,0,1
A000612,P0120,E044,2026-06-23,Quality Review,2.3,113.18,1,1,2
A000613,P0004,E039,2025-06-10,Stakeholder Meeting,10.0,927.44,6,0,0
A000614,P0062,E006,2025-07-23,Reporting,7.3,324.97,2,0,0
A000615,P0013,E025,2025-02-27,Project Administration,4.8,198.28,5,0,1
A000616,P0012,E025,2026-05-02,Data Collection,3.2,138.44,2,0,1
A000617,P0083,E032,2025-04-20,Project Administration,8.2,386.83,1,0,0
A000618,P0088,E043,2025-12-20,Stakeholder Meeting,2.7,154.23,4,0,1
A000619,P0015,E017,2025-08-06,Kickoff,11.2,524.49,1,1,1
A000620,P0118,E028,2025-11-28,Analysis,4.0,161.07,3,0,1
A000621,P0039,E014,2026-06-22,Quality Review,9.8,423.33,2,0,0
A000622,P0039,E011,2026-05-20,Client Review,5.0,411.9,7,0,1
A000623,P0036,E016,2025-10-11,Reporting,9.5,628.94,4,0,0
A000624,P0056,E037,2025-06-12,Data Collection,3.7,295.09,5,0,1
A000625,P0022,E022,2026-04-23,Quality Review,5.5,250.81,4,1,2
A000626,P0051,E035,2025-12-23,Analysis,7.5,399.83,7,1,1
A000627,P0026,E035,2026-06-16,Analysis,7.2,676.36,3,1,1
A000628,P0007,E019,2026-08-04,Client Review,8.3,333.16,6,0,1
A000629,P0045,E048,2026-01-02,Issue Resolution,4.3,263.68,7,0,1
A000630,P0081,E003,2025-12-23,Data Collection,5.7,300.65,7,0,0
A000631,P0092,E045,2026-04-08,Reporting,8.6,304.78,5,0,1
A000632,P0043,E001,2026-04-19,Stakeholder Meeting,3.7,252.14,7,0,0
A000633,P0039,E020,2026-05-18,Stakeholder Meeting,6.9,469.2,5,0,1
A000634,P0095,E042,2025-12-31,Client Review,5.0,271.14,2,0,1
A000635,P0082,E035,2026-04-27,Analysis,6.0,380.01,1,0,1
A000636,P0100,E017,2025-03-11,Client Review,5.7,333.55,1,0,1
A000637,P0109,E045,2025-10-04,Stakeholder Meeting,3.5,219.98,4,0,1
A000638,P0099,E007,2026-06-05,Kickoff,4.8,412.24,1,0,1
A000639,P0113,E034,2026-07-09,Issue Resolution,5.9,459.25,1,0,0
A000640,P0050,E026,2025-05-31,Issue Resolution,5.2,269.44,5,0,1
A000641,P0048,E011,2025-06-22,Reporting,9.4,464.1,2,0,0
A000642,P0039,E047,2026-06-13,Client Review,8.0,628.1,5,0,1
A000643,P0029,E039,2025-11-26,Data Collection,6.2,300.52,7,1,1
A000644,P0090,E001,2025-06-03,Stakeholder Meeting,3.6,322.04,0,0,1
A000645,P0086,E005,2025-10-22,Stakeholder Meeting,3.4,288.89,5,0,0
A000646,P0097,E003,2025-10-13,Client Review,10.4,521.57,6,0,0
A000647,P0021,E021,2026-06-05,Stakeholder Meeting,3.0,249.27,1,0,0
A000648,P0059,E021,2025-10-23,Client Review,5.8,269.59,6,0,0
A000649,P0027,E037,2025-11-06,Analysis,6.4,233.55,4,0,1
A000650,P0108,E034,2025-03-26,Reporting,4.7,435.54,5,0,1
A000651,P0033,E001,2026-06-24,Data Collection,3.0,242.04,0,1,2
A000652,P0018,E024,2025-03-22,Reporting,3.5,225.19,3,1,1
A000653,P0069,E040,2026-03-13,Kickoff,4.1,350.93,2,0,1
A000654,P0106,E045,2026-02-22,Client Review,3.7,146.33,1,0,0
A000655,P0110,E015,2026-06-03,Kickoff,8.8,698.55,6,1,1
A000656,P0012,E003,2026-05-03,Project Administration,5.5,508.09,4,0,1
A000657,P0040,E008,2026-05-22,Issue Resolution,4.2,353.28,7,2,3
A000658,P0019,E018,2026-04-29,Reporting,5.8,353.22,1,1,2
A000659,P0037,E023,2025-09-25,Project Administration,7.2,401.61,5,0,1
A000660,P0065,E018,2025-06-11,Issue Resolution,4.6,407.31,4,0,1
A000661,P0034,E005,2025-03-13,Data Collection,7.8,409.43,5,0,1
A000662,P0009,E018,2026-04-10,Client Review,2.3,209.87,2,1,1
A000663,P0062,E015,2025-07-11,Stakeholder Meeting,8.4,455.2,5,0,0
A000664,P0007,E025,2026-09-01,Issue Resolution,5.5,233.75,1,1,2
A000665,P0028,E004,2026-02-13,Issue Resolution,5.4,265.43,6,0,1
A000666,P0001,E040,2026-05-21,Project Administration,3.8,251.44,3,1,1
A000667,P0011,E021,2025-05-03,Quality Review,2.4,102.88,3,1,2
A000668,P0053,E016,2025-05-22,Data Collection,1.3,75.14,4,0,0
A000669,P0103,E046,2025-12-29,Data Collection,3.6,321.66,0,0,1
A000670,P0093,E038,2025-01-29,Data Collection,7.0,284.43,2,0,0
A000671,P0012,E007,2026-05-31,Project Administration,3.1,222.81,1,1,1
A000672,P0005,E008,2025-01-27,Reporting,1.6,94.76,7,1,1
A000673,P0041,E001,2026-06-07,Stakeholder Meeting,3.2,236.31,3,0,0
A000674,P0079,E029,2026-05-29,Quality Review,4.5,289.69,0,1,1
A000675,P0090,E018,2025-08-21,Data Collection,4.6,402.97,0,0,1
A000676,P0099,E019,2026-07-29,Reporting,5.2,307.58,7,0,0
A000677,P0042,E026,2025-09-27,Stakeholder Meeting,8.1,530.6,1,1,1
A000678,P0021,E027,2026-04-14,Issue Resolution,8.6,368.15,0,0,1
A000679,P0004,E001,2025-02-23,Kickoff,10.5,676.39,1,1,1
A000680,P0018,E006,2025-05-06,Project Administration,1.4,58.64,1,0,1
A000681,P0008,E040,2025-10-03,Kickoff,3.4,237.96,0,0,1
A000682,P0104,E048,2025-03-29,Stakeholder Meeting,7.2,436.63,7,0,1
A000683,P0033,E042,2026-05-12,Stakeholder Meeting,4.4,360.81,0,0,1
A000684,P0099,E046,2026-04-25,Client Review,7.7,462.84,5,0,1
A000685,P0067,E024,2025-09-20,Reporting,6.0,437.01,6,1,1
A000686,P0065,E042,2025-05-22,Data Collection,9.4,362.27,5,0,1
A000687,P0055,E045,2026-01-10,Quality Review,8.1,628.57,1,0,0
A000688,P0099,E045,2026-06-22,Quality Review,8.2,758.06,5,0,0
A000689,P0006,E008,2025-08-27,Quality Review,4.5,278.4,2,0,1
A000690,P0012,E008,2026-05-05,Kickoff,5.3,188.63,3,0,0
A000691,P0051,E021,2025-12-28,Data Collection,4.7,334.73,2,1,2
A000692,P0048,E026,2025-08-04,Quality Review,1.7,74.31,6,1,1
A000693,P0066,E048,2026-01-11,Analysis,9.2,580.32,4,0,1
A000694,P0089,E016,2025-03-29,Quality Review,7.4,273.41,1,0,1
A000695,P0071,E042,2026-01-01,Data Collection,4.6,283.22,3,0,1
A000696,P0031,E045,2026-01-07,Client Review,8.8,769.73,6,0,0
A000697,P0040,E049,2026-04-23,Data Collection,3.9,168.18,7,1,2
A000698,P0091,E010,2025-05-20,Reporting,0.9,58.41,7,0,1
A000699,P0025,E013,2025-10-14,Issue Resolution,8.0,401.86,1,1,1
A000700,P0061,E011,2026-06-06,Stakeholder Meeting,2.3,116.52,6,0,1
A000701,P0065,E037,2025-04-20,Data Collection,5.0,367.99,4,1,1
A000702,P0091,E035,2025-07-01,Kickoff,6.0,479.38,5,1,1
A000703,P0086,E021,2025-12-04,Stakeholder Meeting,6.5,568.08,3,1,2
A000704,P0056,E005,2025-06-21,Data Collection,7.6,392.88,5,0,1
A000705,P0038,E027,2025-10-19,Issue Resolution,7.0,274.73,2,0,1
A000706,P0045,E037,2026-02-22,Project Administration,6.9,424.6,4,1,1
A000707,P0050,E024,2025-08-15,Project Administration,3.5,245.26,1,0,0
A000708,P0027,E014,2026-01-08,Project Administration,6.2,492.12,3,0,1
A000709,P0076,E030,2025-09-28,Reporting,1.7,136.62,3,0,0
A000710,P0026,E034,2026-07-07,Analysis,9.4,816.08,6,0,1
A000711,P0078,E030,2025-10-24,Quality Review,2.0,73.74,5,1,2
A000712,P0091,E044,2025-07-29,Analysis,4.6,431.76,5,0,1
A000713,P0116,E016,2026-06-15,Issue Resolution,2.2,204.62,2,0,0
A000714,P0015,E031,2025-08-05,Stakeholder Meeting,3.7,137.39,3,0,1
A000715,P0092,E043,2026-05-09,Stakeholder Meeting,5.5,295.89,3,0,0
A000716,P0011,E011,2025-05-05,Client Review,4.2,339.92,6,1,2
A000717,P0041,E015,2026-04-27,Stakeholder Meeting,8.4,535.17,1,1,1
A000718,P0022,E003,2026-06-06,Stakeholder Meeting,6.1,215.2,0,0,0
A000719,P0020,E019,2026-05-03,Analysis,4.3,242.02,4,0,1
A000720,P0022,E003,2026-07-24,Kickoff,5.2,362.63,6,0,1
A000721,P0006,E038,2025-09-18,Kickoff,8.5,746.09,5,0,0
A000722,P0099,E005,2026-07-23,Stakeholder Meeting,7.8,661.09,6,0,1
A000723,P0008,E035,2025-12-17,Project Administration,2.7,247.8,3,2,3
A000724,P0048,E029,2025-05-27,Analysis,3.8,239.69,1,0,0
A000725,P0084,E050,2026-06-30,Reporting,6.7,555.41,5,0,1
A000726,P0119,E018,2025-09-01,Analysis,6.4,262.68,0,0,0
A000727,P0103,E018,2025-12-20,Analysis,2.9,191.71,7,0,1
A000728,P0017,E013,2025-12-27,Data Collection,7.4,665.96,5,0,1
A000729,P0119,E027,2025-11-13,Reporting,3.3,281.59,4,0,0
A000730,P0079,E011,2026-06-09,Reporting,8.8,654.16,1,0,0
A000731,P0022,E006,2026-05-10,Stakeholder Meeting,6.8,298.87,2,0,1
A000732,P0054,E048,2025-08-10,Quality Review,2.7,124.0,7,0,1
A000733,P0111,E034,2026-01-25,Quality Review,4.2,318.02,0,1,2
A000734,P0048,E006,2025-07-16,Analysis,4.1,223.59,0,0,1
A000735,P0023,E031,2025-09-21,Client Review,5.9,323.12,2,0,0
A000736,P0106,E016,2026-02-23,Quality Review,5.0,429.29,1,1,2
A000737,P0115,E010,2025-06-24,Kickoff,2.6,94.19,5,0,0
A000738,P0118,E024,2025-12-14,Quality Review,2.0,117.1,0,0,1
A000739,P0115,E040,2025-08-05,Stakeholder Meeting,6.9,340.12,6,1,2
A000740,P0105,E001,2025-12-16,Issue Resolution,6.2,227.08,6,0,0
A000741,P0055,E018,2026-04-09,Analysis,5.8,278.37,1,1,1
A000742,P0024,E047,2026-08-08,Project Administration,6.2,285.54,4,0,1
A000743,P0075,E020,2026-04-25,Reporting,4.0,261.07,5,1,2
A000744,P0027,E005,2025-11-10,Data Collection,6.0,366.67,6,0,1
A000745,P0057,E022,2025-07-05,Stakeholder Meeting,11.8,746.96,5,0,1
A000746,P0079,E035,2026-06-29,Issue Resolution,8.4,736.47,7,1,1
A000747,P0114,E050,2026-09-04,Analysis,4.8,310.4,0,0,1
A000748,P0035,E032,2026-04-01,Client Review,4.2,308.03,4,0,1
A000749,P0031,E003,2026-01-02,Issue Resolution,0.5,36.92,6,0,1
A000750,P0089,E041,2025-02-14,Client Review,8.2,541.3,1,0,0
A000751,P0001,E040,2026-09-09,Kickoff,7.5,399.65,1,0,1
A000752,P0068,E033,2025-06-22,Stakeholder Meeting,4.1,365.68,0,0,0
A000753,P0090,E045,2025-06-10,Stakeholder Meeting,1.9,116.45,7,0,1
A000754,P0067,E039,2025-08-25,Stakeholder Meeting,2.6,180.1,6,1,2
A000755,P0047,E012,2025-09-06,Issue Resolution,6.6,452.42,0,1,2
A000756,P0100,E022,2025-03-13,Kickoff,5.3,448.69,1,1,1
A000757,P0045,E026,2025-12-28,Quality Review,7.2,482.96,3,0,1
A000758,P0086,E025,2026-01-19,Project Administration,5.7,355.76,7,0,0
A000759,P0056,E032,2025-05-03,Issue Resolution,7.9,494.57,6,0,1
A000760,P0004,E036,2025-06-04,Reporting,6.4,523.5,7,0,0
A000761,P0064,E006,2025-12-21,Project Administration,7.6,416.47,6,0,1
A000762,P0006,E029,2025-09-03,Stakeholder Meeting,0.5,45.55,5,1,2
A000763,P0112,E002,2025-03-30,Reporting,2.4,205.91,2,1,1
A000764,P0073,E026,2026-04-23,Quality Review,4.6,199.18,4,0,1
A000765,P0045,E022,2026-02-03,Kickoff,8.2,443.08,3,0,1
A000766,P0059,E011,2025-09-24,Kickoff,10.2,911.24,7,0,0
A000767,P0075,E050,2026-03-22,Project Administration,5.1,263.68,3,0,0
A000768,P0032,E013,2026-04-27,Data Collection,4.0,216.24,6,0,0
A000769,P0035,E003,2026-06-24,Stakeholder Meeting,0.6,28.83,1,1,2
A000770,P0051,E018,2025-09-14,Reporting,7.7,294.63,5,0,0
A000771,P0032,E038,2026-06-20,Reporting,4.1,261.2,3,0,0
A000772,P0091,E001,2025-07-24,Quality Review,12.9,1035.76,3,1,1
A000773,P0013,E025,2025-03-10,Project Administration,3.7,276.02,6,1,1
A000774,P0100,E021,2025-03-21,Issue Resolution,10.8,395.9,3,1,1
A000775,P0042,E044,2025-09-04,Project Administration,7.4,491.38,0,0,0
A000776,P0068,E001,2025-07-13,Reporting,2.9,158.97,3,0,1
A000777,P0019,E001,2026-04-07,Project Administration,6.1,448.39,7,0,1
A000778,P0047,E029,2025-05-26,Reporting,7.4,438.89,7,1,2
A000779,P0091,E009,2025-07-02,Quality Review,4.9,459.78,4,2,3
A000780,P0033,E036,2026-04-19,Issue Resolution,7.6,643.77,5,0,0
A000781,P0016,E014,2026-05-05,Issue Resolution,7.5,577.67,2,0,1
A000782,P0063,E029,2025-08-22,Kickoff,7.0,461.58,6,0,1
A000783,P0020,E002,2026-03-23,Project Administration,5.5,387.57,4,0,0
A000784,P0038,E035,2025-10-24,Client Review,2.6,159.97,0,0,0
A000785,P0055,E026,2026-01-01,Project Administration,5.3,438.2,7,0,1
A000786,P0068,E001,2025-06-10,Client Review,5.9,528.01,6,0,1
A000787,P0077,E014,2025-09-20,Project Administration,0.8,75.96,0,0,1
A000788,P0082,E003,2026-05-29,Analysis,5.9,418.49,3,1,2
A000789,P0102,E003,2025-12-11,Data Collection,5.3,402.34,5,0,1
A000790,P0008,E035,2025-12-21,Data Collection,2.3,135.68,5,0,1
A000791,P0044,E022,2025-09-26,Analysis,4.7,166.89,1,1,1
A000792,P0001,E041,2026-06-10,Data Collection,4.7,362.81,0,0,1
A000793,P0002,E013,2025-09-20,Stakeholder Meeting,10.3,937.73,7,0,1
A000794,P0026,E036,2026-02-24,Data Collection,6.1,528.12,7,2,2
A000795,P0072,E031,2026-07-16,Data Collection,8.1,710.51,5,0,1
A000796,P0108,E034,2025-03-18,Quality Review,5.2,307.46,5,0,1
A000797,P0093,E042,2025-02-12,Issue Resolution,0.8,62.25,5,0,1
A000798,P0078,E036,2025-10-21,Data Collection,7.2,527.8,3,0,1
A000799,P0094,E038,2025-05-26,Quality Review,3.9,263.08,5,0,1
A000800,P0021,E037,2026-03-22,Reporting,4.7,207.26,2,1,2
A000801,P0101,E023,2026-06-05,Client Review,2.9,201.63,0,0,1
A000802,P0107,E037,2026-04-02,Kickoff,5.7,301.62,2,0,0
A000803,P0012,E043,2026-06-06,Client Review,8.2,633.17,2,1,1
A000804,P0057,E037,2025-08-30,Kickoff,7.8,715.19,2,0,1
A000805,P0100,E031,2025-04-07,Analysis,9.5,747.26,3,0,0
A000806,P0058,E004,2025-07-24,Analysis,9.8,495.6,1,0,1
A000807,P0101,E022,2026-06-23,Issue Resolution,0.5,31.46,3,0,1
A000808,P0113,E004,2026-07-14,Data Collection,2.5,172.23,3,2,3
A000809,P0057,E006,2025-08-09,Issue Resolution,1.0,78.57,1,1,2
A000810,P0008,E019,2025-10-30,Project Administration,7.1,311.48,3,0,1
A000811,P0041,E024,2026-06-23,Project Administration,3.8,252.84,5,0,0
A000812,P0026,E027,2026-07-19,Analysis,4.3,372.42,3,0,1
A000813,P0057,E046,2025-09-09,Kickoff,5.0,183.28,0,1,2
A000814,P0071,E039,2025-12-16,Data Collection,6.5,511.26,5,0,1
A000815,P0056,E022,2025-06-09,Client Review,1.8,158.09,4,1,1
A000816,P0024,E017,2026-09-08,Data Collection,2.4,198.59,3,0,1
A000817,P0037,E036,2025-08-12,Reporting,5.5,500.01,0,0,0
A000818,P0082,E014,2026-04-23,Stakeholder Meeting,8.5,696.68,0,1,2
A000819,P0004,E045,2025-05-28,Client Review,5.4,356.84,0,1,1
A000820,P0026,E040,2026-03-04,Reporting,3.5,222.66,6,0,1
A000821,P0108,E035,2025-04-09,Reporting,0.5,18.46,2,0,1
A000822,P0012,E013,2026-03-31,Issue Resolution,7.9,285.32,3,1,2
A000823,P0050,E032,2025-06-02,Project Administration,3.7,271.46,5,0,1
A000824,P0025,E042,2025-08-19,Stakeholder Meeting,2.6,133.96,5,0,1
A000825,P0013,E004,2025-04-11,Quality Review,1.2,64.11,0,0,1
A000826,P0051,E009,2025-12-25,Reporting,1.9,158.51,7,1,1
A000827,P0063,E026,2025-09-03,Issue Resolution,3.1,129.2,2,0,0
A000828,P0022,E018,2026-06-12,Quality Review,4.9,254.95,6,0,1
A000829,P0010,E036,2025-03-22,Stakeholder Meeting,2.5,190.26,6,0,0
A000830,P0017,E021,2026-01-14,Issue Resolution,6.0,221.0,4,1,1
A000831,P0079,E050,2026-06-17,Project Administration,4.9,324.32,1,0,0
A000832,P0104,E015,2025-06-20,Reporting,11.1,445.42,4,0,1
A000833,P0022,E019,2026-07-31,Kickoff,1.2,96.84,1,0,1
A000834,P0039,E001,2026-08-12,Analysis,5.9,431.14,6,0,0
A000835,P0042,E013,2025-09-10,Quality Review,5.9,421.93,6,1,1
A000836,P0044,E012,2025-09-28,Client Review,2.9,140.0,6,0,0
A000837,P0030,E039,2026-01-25,Client Review,5.7,447.35,6,1,1
A000838,P0007,E017,2026-07-07,Issue Resolution,7.4,392.95,1,0,0
A000839,P0064,E011,2025-10-15,Kickoff,5.7,394.72,0,0,0
A000840,P0043,E016,2026-06-14,Quality Review,9.0,364.7,5,0,1
A000841,P0042,E029,2025-10-07,Client Review,0.5,20.38,4,0,1
A000842,P0032,E040,2026-03-27,Project Administration,3.4,158.57,6,1,1
A000843,P0112,E049,2025-04-16,Data Collection,9.2,441.23,5,1,1
A000844,P0074,E003,2026-02-01,Issue Resolution,7.8,332.17,6,0,1
A000845,P0051,E043,2025-09-30,Kickoff,6.9,290.45,2,0,1
A000846,P0025,E020,2025-06-19,Data Collection,8.6,754.58,0,1,1
A000847,P0097,E041,2025-10-23,Issue Resolution,0.7,47.79,0,0,1
A000848,P0107,E002,2025-12-03,Issue Resolution,7.5,542.48,3,1,1
A000849,P0004,E032,2025-05-10,Project Administration,8.2,428.61,0,0,1
A000850,P0112,E047,2025-05-12,Reporting,3.9,149.48,4,0,1
A000851,P0084,E002,2026-04-02,Reporting,12.1,1126.47,3,0,0
A000852,P0012,E040,2026-04-21,Quality Review,6.0,229.45,2,0,0
A000853,P0091,E006,2025-05-17,Quality Review,0.5,42.18,4,1,2
A000854,P0013,E050,2025-03-05,Quality Review,6.5,486.88,5,1,2
A000855,P0007,E038,2026-05-18,Analysis,3.7,219.97,0,1,2
A000856,P0014,E046,2025-02-07,Issue Resolution,8.4,670.29,3,1,2
A000857,P0056,E045,2025-06-08,Stakeholder Meeting,6.9,558.1,7,1,1
A000858,P0075,E016,2026-03-22,Reporting,4.0,350.79,2,1,2
A000859,P0049,E021,2025-02-03,Client Review,9.3,629.57,6,0,0
A000860,P0015,E035,2025-09-10,Quality Review,7.8,373.01,2,1,1
A000861,P0024,E009,2026-08-31,Reporting,3.4,235.81,2,0,1
A000862,P0103,E016,2025-12-06,Kickoff,5.1,208.89,6,0,1
A000863,P0116,E005,2026-06-25,Analysis,6.8,391.5,2,0,0
A000864,P0091,E045,2025-04-06,Quality Review,4.6,329.46,6,0,1
A000865,P0013,E013,2025-03-28,Stakeholder Meeting,4.7,235.53,5,0,0
A000866,P0099,E021,2026-06-14,Project Administration,5.6,486.67,6,0,1
A000867,P0084,E023,2026-05-03,Project Administration,2.8,261.98,6,0,1
A000868,P0064,E019,2025-12-28,Client Review,0.5,19.78,7,0,1
A000869,P0018,E039,2025-06-09,Stakeholder Meeting,6.1,288.86,4,1,2
A000870,P0120,E046,2026-04-02,Kickoff,0.5,31.69,7,1,1
A000871,P0054,E029,2025-09-15,Client Review,3.0,111.83,0,0,0
A000872,P0006,E042,2025-09-18,Issue Resolution,1.1,44.63,3,1,2
A000873,P0026,E006,2026-06-12,Quality Review,1.4,124.65,3,1,2
A000874,P0049,E049,2025-06-07,Issue Resolution,6.6,249.03,0,1,2
A000875,P0008,E006,2025-11-21,Project Administration,4.9,244.26,6,0,0
A000876,P0039,E004,2026-06-16,Quality Review,4.9,296.05,6,0,0
A000877,P0057,E002,2025-08-20,Data Collection,2.2,79.7,5,0,0
A000878,P0114,E013,2026-09-29,Kickoff,3.9,326.18,5,1,1
A000879,P0011,E042,2025-05-30,Client Review,6.4,542.72,4,0,1
A000880,P0070,E016,2026-08-13,Reporting,5.4,316.87,3,1,2
A000881,P0110,E040,2026-07-09,Data Collection,7.6,358.01,5,1,2
A000882,P0097,E022,2025-10-06,Kickoff,7.9,699.48,7,1,1
A000883,P0111,E006,2026-01-22,Project Administration,4.9,371.0,2,0,1
A000884,P0021,E024,2026-04-18,Analysis,0.9,59.79,2,1,1
A000885,P0097,E012,2025-10-06,Analysis,3.6,210.76,0,1,2
A000886,P0118,E015,2025-12-13,Reporting,5.3,356.99,7,0,1
A000887,P0040,E026,2026-06-02,Stakeholder Meeting,3.6,179.89,4,1,2
A000888,P0060,E040,2025-08-21,Project Administration,2.9,179.73,4,0,0
A000889,P0064,E030,2025-07-21,Client Review,5.7,434.08,2,0,1
A000890,P0060,E012,2025-08-19,Stakeholder Meeting,11.6,692.31,0,2,2
A000891,P0035,E036,2026-05-20,Analysis,4.3,327.22,6,0,0
A000892,P0117,E035,2025-11-20,Issue Resolution,5.5,436.28,6,0,1
A000893,P0115,E012,2025-06-04,Reporting,2.2,176.49,2,1,1
A000894,P0046,E043,2026-01-31,Project Administration,8.6,594.7,6,0,1
A000895,P0097,E043,2025-09-23,Stakeholder Meeting,7.7,354.69,4,0,0
A000896,P0048,E031,2025-07-23,Kickoff,7.5,577.75,5,0,1
A000897,P0096,E015,2026-03-21,Project Administration,8.9,749.0,1,0,0
A000898,P0071,E018,2026-02-02,Analysis,4.4,178.89,4,0,1
A000899,P0057,E022,2025-07-05,Issue Resolution,4.7,417.16,1,0,1
A000900,P0016,E010,2026-05-20,Client Review,9.8,896.48,1,1,1
A000901,P0079,E016,2026-06-29,Analysis,7.1,533.17,2,0,1
A000902,P0039,E007,2026-05-22,Client Review,0.5,20.83,1,0,0
A000903,P0027,E008,2025-12-23,Kickoff,6.6,489.86,7,0,1
A000904,P0024,E038,2026-07-23,Stakeholder Meeting,4.0,225.46,0,0,1
A000905,P0118,E007,2025-12-19,Stakeholder Meeting,7.7,409.78,7,0,1
A000906,P0013,E024,2025-04-13,Reporting,6.5,241.84,1,0,0
A000907,P0096,E022,2026-04-13,Quality Review,1.1,86.34,6,0,1
A000908,P0104,E003,2025-04-04,Reporting,6.2,427.8,2,0,1
A000909,P0004,E042,2025-05-07,Quality Review,6.0,372.29,7,0,1
A000910,P0071,E050,2026-01-23,Client Review,6.4,373.26,4,0,1
A000911,P0070,E032,2026-09-22,Data Collection,6.9,412.01,3,0,0
A000912,P0044,E034,2025-07-21,Client Review,9.2,572.11,1,0,0
A000913,P0081,E012,2026-01-16,Kickoff,6.5,413.72,3,0,0
A000914,P0050,E043,2025-05-11,Kickoff,5.6,228.82,4,0,1
A000915,P0053,E040,2025-04-12,Client Review,8.4,485.68,7,1,2
A000916,P0052,E022,2025-12-04,Data Collection,11.1,431.15,2,0,0
A000917,P0097,E036,2025-10-16,Client Review,7.8,636.14,0,0,0
A000918,P0076,E048,2025-07-09,Data Collection,6.0,398.01,2,0,1
A000919,P0046,E031,2025-12-04,Data Collection,6.6,547.61,1,0,0
A000920,P0112,E010,2025-05-20,Project Administration,6.1,370.63,7,0,1
A000921,P0097,E017,2025-10-21,Data Collection,5.5,243.02,1,0,1
A000922,P0112,E010,2025-03-24,Project Administration,10.9,577.42,7,0,1
A000923,P0088,E017,2026-01-08,Stakeholder Meeting,3.6,176.51,0,0,1
A000924,P0047,E045,2025-09-15,Issue Resolution,8.4,515.71,6,0,1
A000925,P0093,E010,2025-03-08,Project Administration,5.2,428.14,3,1,2
A000926,P0040,E045,2026-04-19,Data Collection,1.8,75.6,0,1,2
A000927,P0033,E015,2026-04-21,Analysis,5.0,295.03,4,0,1
A000928,P0055,E025,2026-04-10,Reporting,4.1,166.08,5,1,2
A000929,P0117,E027,2025-11-09,Issue Resolution,6.9,403.56,6,0,1
A000930,P0069,E007,2026-03-19,Data Collection,5.7,398.72,1,0,0
A000931,P0047,E010,2025-06-06,Data Collection,2.9,113.5,4,0,0
A000932,P0056,E016,2025-05-08,Stakeholder Meeting,9.2,358.79,4,1,2
A000933,P0035,E003,2026-04-13,Data Collection,8.2,646.41,3,0,1
A000934,P0080,E038,2026-03-23,Analysis,9.5,564.77,7,1,2
A000935,P0043,E028,2026-03-17,Data Collection,6.1,342.11,3,0,1
A000936,P0067,E043,2025-05-13,Issue Resolution,5.4,411.37,3,0,1
A000937,P0045,E044,2026-02-08,Issue Resolution,7.3,292.63,4,0,1
A000938,P0039,E018,2026-07-18,Data Collection,4.1,354.99,7,0,1
A000939,P0117,E041,2025-09-27,Quality Review,5.8,472.85,6,1,1
A000940,P0042,E004,2025-11-13,Reporting,5.1,297.73,5,0,1
A000941,P0009,E022,2026-04-25,Reporting,1.8,113.62,0,0,1
A000942,P0046,E034,2026-01-21,Project Administration,5.8,341.41,2,0,1
A000943,P0064,E024,2025-08-21,Reporting,4.4,361.3,0,1,1
A000944,P0012,E037,2026-05-04,Client Review,4.9,180.02,0,1,1
A000945,P0037,E043,2025-07-12,Kickoff,6.4,481.81,6,0,0
A000946,P0020,E022,2026-05-13,Kickoff,8.7,462.43,6,0,0
A000947,P0061,E014,2026-07-13,Reporting,3.4,278.03,0,0,1
A000948,P0087,E030,2026-03-25,Project Administration,4.7,441.96,3,0,1
A000949,P0117,E044,2025-09-02,Stakeholder Meeting,3.6,186.26,2,0,0
A000950,P0047,E050,2025-08-15,Reporting,3.4,209.95,0,1,2
A000951,P0104,E041,2025-06-26,Data Collection,4.0,271.42,3,0,0
A000952,P0026,E013,2026-05-04,Quality Review,5.0,340.31,0,0,1
A000953,P0094,E011,2025-04-28,Client Review,7.0,310.76,5,0,1
A000954,P0068,E029,2025-08-05,Reporting,6.3,440.97,7,0,1
A000955,P0091,E021,2025-05-02,Data Collection,2.9,227.46,3,0,1
A000956,P0091,E031,2025-09-11,Issue Resolution,8.7,797.28,1,1,1
A000957,P0064,E047,2025-09-09,Project Administration,7.9,620.33,3,0,1
A000958,P0031,E028,2025-12-05,Quality Review,3.2,227.83,7,0,1
A000959,P0064,E018,2025-11-19,Stakeholder Meeting,8.6,421.36,1,0,1
A000960,P0100,E044,2025-03-10,Quality Review,6.3,257.51,5,0,0
A000961,P0117,E022,2025-08-22,Issue Resolution,5.1,372.61,0,1,1
A000962,P0112,E031,2025-03-22,Quality Review,6.4,464.07,2,1,1
A000963,P0022,E007,2026-05-27,Kickoff,5.4,460.95,3,1,2
A000964,P0072,E026,2026-06-24,Kickoff,6.9,426.19,3,1,2
A000965,P0013,E022,2025-03-07,Issue Resolution,6.0,271.94,1,1,2
A000966,P0081,E007,2025-10-26,Issue Resolution,4.7,227.87,6,0,1
A000967,P0120,E011,2026-06-30,Client Review,0.5,31.79,5,0,1
A000968,P0007,E036,2026-09-05,Data Collection,6.8,365.32,3,1,1
A000969,P0079,E010,2026-05-15,Data Collection,4.6,210.75,3,0,1
A000970,P0114,E007,2026-08-28,Stakeholder Meeting,7.4,306.89,0,0,1
A000971,P0102,E003,2025-11-18,Analysis,6.7,400.27,5,1,2
A000972,P0048,E002,2025-06-30,Stakeholder Meeting,4.6,254.16,1,0,1
A000973,P0013,E022,2025-04-15,Reporting,8.1,752.62,2,0,1
A000974,P0111,E025,2026-02-06,Analysis,6.0,518.31,6,0,0
A000975,P0111,E032,2026-01-19,Data Collection,5.9,271.46,5,0,0
A000976,P0070,E029,2026-06-14,Stakeholder Meeting,5.2,417.05,5,0,0
A000977,P0118,E027,2025-12-11,Client Review,9.7,618.98,2,0,0
A000978,P0001,E050,2026-10-04,Reporting,3.7,335.09,4,0,1
A000979,P0074,E013,2025-10-26,Analysis,4.7,336.01,0,0,0
A000980,P0005,E036,2025-01-04,Analysis,2.4,113.38,1,0,0
A000981,P0113,E004,2026-07-02,Reporting,7.3,341.33,6,0,1
A000982,P0082,E043,2026-03-26,Data Collection,4.0,372.15,3,0,0
A000983,P0110,E019,2026-06-14,Issue Resolution,4.3,387.42,5,0,0
A000984,P0068,E018,2025-08-25,Issue Resolution,4.2,268.68,6,0,0
A000985,P0010,E007,2025-03-30,Kickoff,5.7,392.37,7,0,1
A000986,P0004,E026,2025-06-11,Project Administration,2.4,162.78,0,1,2
A000987,P0041,E020,2026-03-12,Kickoff,0.5,40.4,4,0,0
A000988,P0090,E049,2025-10-12,Quality Review,6.6,418.9,7,0,0
A000989,P0019,E009,2026-05-28,Client Review,0.5,21.18,1,0,1
A000990,P0103,E021,2026-01-21,Analysis,7.6,413.87,6,0,1
A000991,P0029,E046,2025-12-31,Data Collection,9.4,649.51,4,0,1
A000992,P0060,E041,2025-08-23,Kickoff,5.1,285.93,2,1,2
A000993,P0025,E039,2025-11-16,Client Review,8.7,729.17,6,1,1
A000994,P0056,E027,2025-06-16,Kickoff,5.4,496.12,6,1,2
A000995,P0055,E044,2025-11-17,Quality Review,9.5,470.44,1,0,1
A000996,P0001,E012,2026-08-28,Stakeholder Meeting,4.4,388.73,5,1,1
A000997,P0069,E041,2026-03-23,Project Administration,0.5,38.97,7,1,2
A000998,P0095,E030,2025-11-13,Project Administration,5.3,372.15,5,0,0
A000999,P0113,E018,2026-08-11,Issue Resolution,9.8,419.67,4,0,1
A001000,P0040,E011,2026-04-17,Client Review,6.8,405.67,1,0,1
A001001,P0106,E027,2026-03-20,Quality Review,4.2,397.83,3,0,0
A001002,P0106,E001,2026-02-23,Stakeholder Meeting,6.3,465.58,7,0,1
A001003,P0119,E036,2025-09-17,Data Collection,7.9,556.96,6,0,1
A001004,P0045,E012,2025-12-26,Project Administration,5.3,196.83,3,1,2
A001005,P0103,E020,2025-11-29,Stakeholder Meeting,12.1,656.46,2,0,0
A001006,P0068,E010,2025-08-08,Stakeholder Meeting,4.2,270.02,6,1,2
A001007,P0007,E024,2026-06-18,Data Collection,8.0,588.0,7,0,1
A001008,P0033,E019,2026-06-01,Analysis,7.4,639.56,2,0,1
A001009,P0081,E010,2025-10-11,Reporting,3.8,237.44,6,1,1
A001010,P0020,E045,2026-06-15,Stakeholder Meeting,4.4,226.46,2,0,0
A001011,P0053,E038,2025-07-23,Reporting,8.0,415.02,6,1,1
A001012,P0093,E020,2025-01-23,Data Collection,5.9,255.29,7,1,1
A001013,P0018,E003,2025-05-07,Kickoff,6.3,275.51,5,0,0
A001014,P0060,E043,2025-08-29,Issue Resolution,1.4,74.65,3,0,1
A001015,P0026,E035,2026-04-11,Stakeholder Meeting,7.1,575.07,2,0,1
A001016,P0065,E028,2025-04-13,Stakeholder Meeting,6.2,370.72,0,0,0
A001017,P0029,E031,2026-01-19,Analysis,5.3,458.84,0,1,1
A001018,P0116,E001,2026-05-02,Reporting,6.4,588.47,6,1,1
A001019,P0010,E024,2025-02-23,Reporting,4.5,177.86,5,0,0
A001020,P0116,E010,2026-06-25,Stakeholder Meeting,4.0,310.6,1,1,1
A001021,P0096,E033,2026-03-18,Project Administration,4.9,196.57,4,1,2
A001022,P0103,E047,2025-12-06,Project Administration,4.3,169.01,7,0,0
A001023,P0103,E027,2026-01-02,Data Collection,11.0,567.01,5,0,1
A001024,P0023,E031,2025-05-07,Reporting,7.8,320.55,7,1,1
A001025,P0112,E034,2025-05-24,Project Administration,3.1,231.81,0,1,1
A001026,P0072,E047,2026-04-24,Quality Review,10.6,826.45,0,0,0
A001027,P0116,E002,2026-06-18,Kickoff,4.4,322.77,5,0,1
A001028,P0106,E016,2026-02-20,Data Collection,5.6,389.32,4,0,0
A001029,P0070,E014,2026-07-30,Client Review,7.7,630.43,5,0,0
A001030,P0045,E036,2026-02-11,Project Administration,0.6,48.81,7,0,1
A001031,P0015,E023,2025-09-12,Data Collection,4.9,427.36,0,0,1
A001032,P0013,E039,2025-03-04,Quality Review,4.1,314.03,7,1,1
A001033,P0047,E024,2025-05-12,Quality Review,6.0,338.11,0,0,0
A001034,P0098,E049,2026-04-09,Analysis,6.4,425.48,4,1,1
A001035,P0061,E039,2026-05-19,Reporting,5.3,341.51,6,0,0
A001036,P0058,E001,2025-08-24,Issue Resolution,5.2,215.65,5,0,1
A001037,P0030,E050,2025-12-11,Analysis,8.2,686.38,1,0,1
A001038,P0068,E048,2025-06-24,Kickoff,6.3,565.56,4,0,0
A001039,P0077,E003,2025-11-02,Stakeholder Meeting,5.6,526.76,7,1,2
A001040,P0118,E020,2025-12-09,Analysis,5.9,294.28,1,0,1
A001041,P0088,E049,2025-12-12,Client Review,10.1,411.46,7,0,1
A001042,P0073,E042,2026-09-02,Quality Review,5.9,245.81,5,1,2
A001043,P0110,E024,2026-08-06,Kickoff,4.2,349.68,0,1,2
A001044,P0051,E028,2025-12-09,Stakeholder Meeting,0.7,51.03,2,0,0
A001045,P0113,E002,2026-07-03,Client Review,1.9,152.7,6,0,1
A001046,P0045,E029,2026-02-15,Quality Review,4.3,384.04,2,0,0
A001047,P0016,E034,2026-07-19,Reporting,5.2,252.6,7,0,1
A001048,P0051,E018,2025-11-02,Analysis,4.1,233.06,3,1,1
A001049,P0016,E016,2026-06-16,Analysis,6.4,528.27,2,0,1
A001050,P0015,E042,2025-09-09,Data Collection,4.1,207.31,6,0,1
A001051,P0106,E023,2026-02-23,Kickoff,3.2,209.16,6,0,1
A001052,P0096,E014,2026-01-18,Kickoff,7.0,431.25,1,0,0
A001053,P0027,E019,2026-02-14,Reporting,8.9,629.39,6,0,0
A001054,P0101,E025,2026-05-14,Data Collection,2.7,254.59,2,0,0
A001055,P0009,E013,2026-05-06,Reporting,6.1,251.46,7,1,2
A001056,P0035,E029,2026-06-11,Project Administration,0.7,44.85,0,1,2
A001057,P0085,E044,2026-01-15,Client Review,1.8,166.57,5,1,1
A001058,P0037,E038,2025-06-25,Reporting,4.0,223.49,1,0,1
A001059,P0088,E012,2025-12-19,Data Collection,8.3,659.32,5,0,0
A001060,P0105,E024,2026-02-13,Quality Review,3.6,326.72,7,1,1
A001061,P0008,E028,2025-10-28,Project Administration,3.5,173.03,5,0,0
A001062,P0003,E035,2025-09-22,Stakeholder Meeting,5.6,223.34,3,0,1
A001063,P0113,E038,2026-08-15,Issue Resolution,5.6,221.43,6,2,3
A001064,P0063,E025,2025-09-24,Client Review,3.5,137.83,1,1,2
A001065,P0061,E016,2026-04-19,Analysis,10.5,588.33,4,1,1
A001066,P0056,E033,2025-05-27,Data Collection,4.8,204.35,7,0,0
A001067,P0053,E007,2025-06-23,Kickoff,5.8,343.95,2,0,1
A001068,P0083,E034,2025-05-01,Analysis,4.5,361.11,0,0,0
A001069,P0070,E045,2026-08-05,Analysis,6.6,349.1,3,0,1
A001070,P0020,E036,2026-05-28,Reporting,8.6,548.38,3,0,1
A001071,P0076,E022,2025-10-03,Reporting,9.7,413.63,6,1,2
A001072,P0081,E042,2025-10-13,Quality Review,3.6,276.83,6,0,0
A001073,P0014,E027,2025-03-11,Client Review,8.3,448.7,2,0,1
A001074,P0046,E028,2026-02-08,Client Review,6.9,297.48,6,1,2
A001075,P0095,E043,2026-02-10,Client Review,7.9,729.01,1,1,2
A001076,P0075,E010,2026-04-02,Project Administration,5.3,430.24,1,0,1
A001077,P0017,E039,2026-01-22,Stakeholder Meeting,5.0,370.7,4,0,1
A001078,P0005,E034,2025-02-16,Issue Resolution,7.8,611.36,5,0,1
A001079,P0070,E027,2026-09-26,Stakeholder Meeting,7.9,478.18,6,0,0
A001080,P0056,E004,2025-07-03,Data Collection,9.4,497.26,4,0,0
A001081,P0116,E039,2026-05-20,Data Collection,6.0,390.0,1,0,1
A001082,P0063,E011,2025-08-19,Kickoff,5.2,439.48,5,1,1
A001083,P0112,E045,2025-04-11,Project Administration,0.5,46.41,3,1,1
A001084,P0026,E040,2026-05-04,Data Collection,1.5,106.98,2,0,0
A001085,P0054,E019,2025-09-29,Issue Resolution,4.5,259.12,2,0,1
A001086,P0017,E022,2026-01-12,Issue Resolution,2.7,210.85,6,0,0
A001087,P0069,E002,2026-03-10,Stakeholder Meeting,7.5,576.18,1,2,2
A001088,P0023,E025,2025-05-25,Project Administration,2.2,109.67,4,1,2
A001089,P0060,E003,2025-08-17,Project Administration,4.2,256.75,0,1,1
A001090,P0042,E050,2025-10-08,Project Administration,4.3,185.08,5,0,1
A001091,P0023,E033,2025-05-10,Quality Review,8.5,502.66,1,0,0
A001092,P0012,E012,2026-04-14,Analysis,4.0,323.06,7,0,0
A001093,P0062,E041,2025-08-05,Kickoff,6.6,355.31,7,0,1
A001094,P0114,E001,2026-06-03,Issue Resolution,6.0,437.89,6,0,1
A001095,P0024,E028,2026-07-23,Issue Resolution,7.8,426.34,2,0,0
A001096,P0049,E006,2025-04-14,Quality Review,7.6,333.08,6,0,1
A001097,P0027,E003,2025-11-07,Kickoff,5.4,429.21,1,0,0
A001098,P0098,E013,2026-04-15,Issue Resolution,1.3,91.47,2,1,1
A001099,P0050,E015,2025-08-17,Analysis,4.9,414.18,1,1,2
A001100,P0117,E037,2025-10-05,Quality Review,5.5,416.55,0,1,2
A001101,P0030,E045,2025-12-26,Reporting,6.2,521.0,2,0,0
A001102,P0010,E039,2025-03-01,Data Collection,3.7,163.9,4,1,1
A001103,P0070,E037,2026-07-08,Kickoff,8.4,603.75,6,0,1
A001104,P0079,E029,2026-06-21,Kickoff,5.5,313.73,0,0,1
A001105,P0119,E019,2025-10-24,Project Administration,3.2,255.33,3,0,1
A001106,P0105,E013,2025-12-08,Project Administration,4.4,307.14,5,0,0
A001107,P0107,E048,2026-03-07,Stakeholder Meeting,10.3,393.98,1,1,2
A001108,P0077,E027,2025-12-16,Stakeholder Meeting,7.2,482.49,5,1,2
A001109,P0044,E029,2025-08-22,Stakeholder Meeting,8.1,645.23,4,0,1
A001110,P0052,E001,2025-09-09,Stakeholder Meeting,2.9,147.23,4,0,0
A001111,P0017,E023,2026-01-24,Quality Review,3.8,282.23,0,0,1
A001112,P0052,E035,2025-11-21,Stakeholder Meeting,3.8,324.73,1,0,0
A001113,P0044,E025,2025-11-11,Reporting,6.0,233.46,7,0,1
A001114,P0005,E031,2025-01-18,Stakeholder Meeting,5.1,355.37,7,1,1
A001115,P0025,E041,2025-08-05,Reporting,4.3,379.5,3,1,1
A001116,P0065,E002,2025-05-01,Project Administration,4.6,195.89,4,0,0
A001117,P0045,E046,2026-01-05,Data Collection,3.5,179.04,4,0,0
A001118,P0120,E041,2026-05-07,Kickoff,5.1,370.03,4,0,1
A001119,P0058,E021,2025-07-19,Quality Review,8.3,581.92,5,0,1
A001120,P0116,E039,2026-06-25,Data Collection,1.7,140.43,4,0,1
A001121,P0080,E004,2026-05-01,Analysis,6.4,465.56,1,0,1
A001122,P0005,E016,2025-02-13,Issue Resolution,9.0,625.96,0,0,0
A001123,P0025,E006,2025-09-08,Stakeholder Meeting,5.0,310.56,6,0,1
A001124,P0085,E032,2025-12-01,Quality Review,4.2,166.72,5,1,1
A001125,P0066,E043,2026-02-10,Client Review,7.8,549.63,1,0,1
A001126,P0037,E031,2025-07-09,Data Collection,3.0,133.19,0,0,0
A001127,P0063,E036,2025-09-19,Quality Review,5.4,511.66,1,1,1
A001128,P0109,E008,2025-11-25,Kickoff,2.9,115.16,4,1,1
A001129,P0047,E047,2025-05-30,Quality Review,0.8,31.63,4,0,1
A001130,P0006,E010,2025-08-23,Analysis,5.1,419.42,1,0,0
A001131,P0038,E027,2025-10-18,Project Administration,2.3,94.46,1,0,0
A001132,P0113,E035,2026-06-05,Analysis,5.5,326.18,1,1,2
A001133,P0092,E043,2026-02-02,Data Collection,8.3,752.39,3,0,0
A001134,P0101,E047,2026-06-14,Kickoff,10.1,830.96,1,0,0
A001135,P0110,E030,2026-05-27,Data Collection,5.7,279.13,3,1,2
A001136,P0015,E029,2025-08-24,Data Collection,8.0,400.49,0,1,2
A001137,P0034,E021,2025-03-23,Analysis,6.5,458.49,7,0,1
A001138,P0008,E029,2025-12-17,Client Review,4.5,288.84,7,0,1
A001139,P0001,E034,2026-05-17,Issue Resolution,0.7,29.4,2,0,0
A001140,P0101,E033,2026-05-27,Issue Resolution,9.6,427.38,6,0,0
A001141,P0113,E030,2026-07-13,Project Administration,2.9,241.2,4,0,1
A001142,P0019,E023,2026-04-25,Project Administration,9.0,501.19,0,1,1
A001143,P0087,E010,2026-04-01,Quality Review,6.8,564.0,2,1,2
A001144,P0065,E003,2025-04-26,Stakeholder Meeting,3.1,143.81,0,1,2
A001145,P0009,E022,2026-04-26,Reporting,6.3,447.09,5,1,1
A001146,P0110,E020,2026-07-14,Analysis,10.8,705.31,6,0,0
A001147,P0105,E031,2025-12-22,Reporting,9.3,507.62,4,0,1
A001148,P0069,E046,2026-02-24,Project Administration,4.2,300.36,0,1,2
A001149,P0085,E036,2026-02-25,Data Collection,3.7,157.15,1,0,0
A001150,P0048,E041,2025-07-21,Client Review,5.8,501.05,3,0,1
A001151,P0096,E029,2026-03-18,Project Administration,5.1,405.98,1,0,1
A001152,P0054,E047,2025-09-30,Quality Review,8.5,443.86,0,1,1
A001153,P0119,E047,2025-10-29,Stakeholder Meeting,7.3,509.61,2,0,0
A001154,P0008,E008,2025-12-28,Analysis,1.3,115.87,4,0,0
A001155,P0021,E032,2026-04-29,Data Collection,6.6,398.23,0,0,1
A001156,P0117,E026,2025-08-02,Analysis,5.1,289.68,7,1,1
A001157,P0035,E049,2026-06-02,Client Review,5.6,464.45,3,0,0
A001158,P0038,E030,2025-10-07,Quality Review,6.1,213.93,1,0,1
A001159,P0095,E001,2026-01-25,Data Collection,8.5,647.55,0,1,2
A001160,P0023,E011,2025-07-09,Quality Review,7.9,378.79,7,0,1
A001161,P0062,E007,2025-08-06,Issue Resolution,3.6,275.96,4,0,1
A001162,P0035,E011,2026-06-02,Kickoff,5.4,330.88,6,0,0
A001163,P0024,E005,2026-08-13,Kickoff,4.4,159.36,6,1,1
A001164,P0116,E040,2026-07-07,Project Administration,1.3,113.69,7,0,1
A001165,P0024,E025,2026-08-02,Client Review,5.2,352.52,7,1,2
A001166,P0012,E034,2026-04-25,Reporting,10.1,543.54,6,1,2
A001167,P0081,E050,2025-10-29,Project Administration,1.2,92.64,6,1,2
A001168,P0105,E033,2026-02-12,Reporting,5.4,349.68,6,0,1
A001169,P0016,E024,2026-07-22,Quality Review,5.4,200.32,2,0,0
A001170,P0085,E014,2025-11-09,Data Collection,6.2,458.9,4,0,0
A001171,P0065,E038,2025-06-01,Issue Resolution,3.1,288.83,7,0,0
A001172,P0100,E026,2025-03-21,Client Review,1.9,91.81,6,0,1
A001173,P0016,E038,2026-07-10,Analysis,2.1,182.23,0,0,0
A001174,P0118,E002,2025-11-07,Client Review,8.8,635.89,0,0,0
A001175,P0075,E009,2026-04-06,Client Review,3.0,119.02,1,0,1
A001176,P0102,E007,2026-01-28,Kickoff,4.3,338.83,5,0,1
A001177,P0044,E035,2025-08-22,Data Collection,10.8,664.09,3,0,1
A001178,P0114,E026,2026-06-08,Reporting,3.7,305.71,5,0,1
A001179,P0076,E016,2025-09-20,Reporting,6.4,468.13,1,1,1
A001180,P0016,E016,2026-05-25,Reporting,8.2,288.37,0,0,0
A001181,P0111,E031,2026-02-11,Stakeholder Meeting,8.0,340.62,6,1,1
A001182,P0096,E049,2026-03-30,Issue Resolution,2.2,123.52,2,0,0
A001183,P0037,E050,2025-10-28,Quality Review,3.7,236.47,0,0,1
A001184,P0066,E024,2026-02-12,Data Collection,6.3,572.84,1,1,2
A001185,P0047,E034,2025-09-19,Data Collection,10.3,868.48,2,0,1
A001186,P0066,E005,2025-12-24,Issue Resolution,3.6,299.15,3,0,0
A001187,P0116,E048,2026-04-04,Client Review,4.3,289.71,7,1,2
A001188,P0108,E001,2025-02-13,Quality Review,6.5,263.72,1,0,1
A001189,P0026,E018,2026-06-04,Data Collection,7.0,558.24,4,0,1
A001190,P0117,E037,2025-09-26,Kickoff,7.2,289.39,2,1,1
A001191,P0053,E049,2025-05-02,Data Collection,3.4,137.66,3,1,2
A001192,P0085,E009,2025-12-02,Kickoff,4.2,211.28,2,0,1
A001193,P0092,E034,2026-04-09,Quality Review,6.0,542.12,2,0,0
A001194,P0058,E010,2025-07-25,Data Collection,8.7,695.96,4,0,1
A001195,P0055,E003,2026-01-27,Data Collection,4.9,194.04,4,1,1
A001196,P0055,E022,2026-02-11,Analysis,5.4,486.73,1,1,1
A001197,P0104,E029,2025-03-28,Client Review,2.9,237.81,1,0,1
A001198,P0047,E014,2025-06-11,Quality Review,10.2,726.43,1,0,1
A001199,P0034,E049,2025-03-28,Data Collection,5.9,251.44,7,1,2
A001200,P0044,E031,2025-10-15,Client Review,8.2,444.5,2,0,1
A001201,P0024,E022,2026-07-01,Quality Review,5.6,297.03,4,1,1
A001202,P0047,E025,2025-07-02,Data Collection,5.7,418.4,3,0,1
A001203,P0014,E024,2025-02-27,Client Review,1.7,119.46,2,0,1
A001204,P0011,E006,2025-03-10,Project Administration,0.5,25.82,0,0,0
A001205,P0087,E031,2026-03-28,Quality Review,8.6,461.53,3,0,0
A001206,P0010,E040,2025-02-28,Data Collection,5.7,376.81,7,0,0
A001207,P0069,E022,2026-02-24,Analysis,6.0,514.35,7,0,0
A001208,P0094,E022,2025-04-27,Reporting,2.4,102.18,2,0,1
A001209,P0087,E046,2026-03-01,Project Administration,3.2,251.34,4,0,1
A001210,P0054,E031,2025-08-07,Project Administration,8.2,776.87,2,1,1
A001211,P0024,E015,2026-10-12,Project Administration,9.9,791.84,7,0,0
A001212,P0112,E001,2025-04-05,Issue Resolution,3.9,239.83,4,0,1
A001213,P0101,E042,2026-06-16,Reporting,7.2,568.08,7,1,1
A001214,P0074,E032,2026-02-10,Reporting,6.0,519.85,6,0,0
A001215,P0011,E032,2025-05-16,Client Review,5.2,421.77,2,0,1
A001216,P0005,E015,2025-02-09,Client Review,10.1,361.23,3,1,1
A001217,P0038,E010,2025-09-29,Reporting,4.4,188.71,4,0,1
A001218,P0019,E025,2026-04-18,Data Collection,8.6,356.29,1,0,0
A001219,P0104,E038,2025-06-14,Issue Resolution,6.5,239.91,6,1,2
A001220,P0025,E015,2025-09-21,Kickoff,5.5,428.29,4,1,1
A001221,P0034,E027,2025-03-11,Stakeholder Meeting,8.9,454.28,1,1,1
A001222,P0118,E050,2025-12-01,Stakeholder Meeting,6.2,485.57,3,0,1
A001223,P0099,E011,2026-07-22,Project Administration,5.3,397.32,6,0,0
A001224,P0027,E012,2026-01-27,Kickoff,8.9,591.11,3,0,1
A001225,P0047,E012,2025-07-03,Quality Review,8.6,331.81,5,0,1
A001226,P0062,E046,2025-07-02,Stakeholder Meeting,8.5,453.21,7,0,1
A001227,P0080,E027,2026-04-13,Kickoff,0.5,18.31,2,1,1
A001228,P0113,E046,2026-06-16,Analysis,6.6,591.37,7,0,0
A001229,P0105,E048,2025-12-23,Stakeholder Meeting,6.0,321.11,3,1,2
A001230,P0118,E022,2025-11-19,Project Administration,5.4,219.76,4,2,2
A001231,P0005,E003,2025-01-24,Stakeholder Meeting,7.0,246.06,6,0,0
A001232,P0029,E016,2025-11-25,Issue Resolution,6.2,444.48,0,0,1
A001233,P0068,E028,2025-06-28,Client Review,7.2,520.26,5,1,1
A001234,P0006,E020,2025-08-04,Issue Resolution,4.8,454.54,4,0,1
A001235,P0043,E001,2026-03-10,Issue Resolution,9.2,481.31,5,1,1
A001236,P0019,E050,2026-06-09,Client Review,7.4,279.66,7,0,0
A001237,P0112,E016,2025-05-03,Client Review,6.9,564.16,3,0,0
A001238,P0008,E031,2026-01-17,Data Collection,6.7,356.94,7,0,1
A001239,P0018,E048,2025-04-27,Client Review,8.4,460.65,4,0,1
A001240,P0024,E028,2026-06-10,Kickoff,8.1,724.66,1,1,1
A001241,P0018,E035,2025-06-06,Client Review,5.2,361.52,5,0,0
A001242,P0069,E002,2026-03-11,Reporting,8.0,472.17,1,0,0
A001243,P0044,E035,2025-10-28,Client Review,5.9,543.0,7,1,1
A001244,P0110,E043,2026-06-07,Reporting,10.3,524.45,1,1,1
A001245,P0032,E046,2026-05-05,Stakeholder Meeting,8.2,297.57,3,0,1
A001246,P0065,E005,2025-05-31,Stakeholder Meeting,3.9,190.52,6,1,2
A001247,P0080,E012,2026-04-11,Reporting,11.3,425.42,0,0,1
A001248,P0076,E003,2025-09-10,Quality Review,0.5,29.73,3,1,2
A001249,P0096,E046,2026-03-25,Stakeholder Meeting,7.1,602.53,4,1,1
A001250,P0025,E014,2025-06-19,Quality Review,3.8,355.34,2,1,2
A001251,P0061,E027,2026-02-11,Quality Review,10.2,785.6,5,0,1
A001252,P0097,E024,2025-10-18,Analysis,6.1,552.46,2,1,2
A001253,P0104,E035,2025-05-18,Reporting,3.5,208.29,2,0,0
A001254,P0075,E045,2026-04-28,Analysis,4.8,255.18,2,1,2
A001255,P0079,E017,2026-06-15,Analysis,3.7,163.74,4,1,2
A001256,P0104,E040,2025-05-31,Stakeholder Meeting,4.7,305.75,7,0,0
A001257,P0075,E015,2026-04-22,Kickoff,4.7,256.7,1,1,2
A001258,P0114,E010,2026-09-02,Reporting,3.6,149.23,3,1,1
A001259,P0016,E006,2026-06-03,Client Review,6.2,563.67,1,1,2
A001260,P0042,E019,2025-10-17,Project Administration,6.5,275.74,1,0,0
A001261,P0014,E029,2025-02-10,Analysis,3.0,238.15,7,1,2
A001262,P0011,E040,2025-03-26,Quality Review,1.4,54.72,5,0,1
A001263,P0057,E043,2025-09-08,Quality Review,6.3,419.75,7,1,2
A001264,P0028,E027,2026-02-25,Client Review,6.8,513.32,5,0,0
A001265,P0049,E021,2025-05-07,Reporting,7.3,358.23,5,0,0
A001266,P0053,E009,2025-06-08,Issue Resolution,6.9,272.82,5,0,1
A001267,P0075,E046,2026-03-03,Issue Resolution,9.4,663.66,5,1,1
A001268,P0114,E020,2026-05-21,Data Collection,8.0,569.4,6,0,1
A001269,P0102,E039,2026-01-24,Stakeholder Meeting,12.2,655.37,2,1,1
A001270,P0046,E032,2026-03-17,Reporting,13.3,765.7,0,1,1
A001271,P0040,E047,2026-06-24,Quality Review,1.1,41.51,3,0,1
A001272,P0093,E049,2025-02-08,Quality Review,0.5,26.37,0,1,2
A001273,P0015,E036,2025-08-31,Data Collection,5.5,483.76,0,1,1
A001274,P0065,E034,2025-05-23,Reporting,6.8,307.89,0,0,0
A001275,P0051,E007,2025-10-08,Client Review,5.3,334.34,0,0,0
A001276,P0022,E001,2026-05-20,Kickoff,7.3,551.95,5,0,1
A001277,P0074,E028,2025-10-14,Reporting,4.8,399.23,4,0,0
A001278,P0039,E036,2026-08-26,Project Administration,3.8,151.5,7,0,1
A001279,P0023,E038,2025-08-06,Reporting,4.1,289.09,2,0,0
A001280,P0079,E013,2026-05-24,Project Administration,5.0,363.19,2,0,0
A001281,P0021,E026,2026-06-16,Stakeholder Meeting,7.6,356.01,3,1,1
A001282,P0081,E044,2025-10-01,Kickoff,4.3,158.46,6,0,0
A001283,P0020,E005,2026-05-13,Client Review,4.8,411.18,7,1,1
A001284,P0053,E020,2025-04-16,Data Collection,6.9,423.69,5,1,2
A001285,P0097,E048,2025-10-01,Kickoff,5.0,193.23,4,1,1
A001286,P0028,E010,2026-04-20,Data Collection,8.3,578.36,7,0,1
A001287,P0093,E016,2025-03-08,Project Administration,3.2,184.37,1,0,1
A001288,P0087,E024,2026-05-07,Issue Resolution,2.7,107.49,3,1,2
A001289,P0109,E035,2025-12-08,Analysis,6.3,329.03,1,1,2
A001290,P0021,E013,2026-03-24,Reporting,6.5,354.96,1,1,2
A001291,P0086,E040,2025-10-21,Stakeholder Meeting,3.3,229.33,3,0,1
A001292,P0113,E012,2026-08-20,Data Collection,8.9,526.88,6,0,1
A001293,P0092,E019,2026-05-15,Project Administration,10.3,426.62,2,0,1
A001294,P0023,E029,2025-06-13,Issue Resolution,3.9,285.17,6,0,1
A001295,P0099,E001,2026-04-25,Stakeholder Meeting,9.2,724.3,4,1,1
A001296,P0013,E039,2025-04-02,Stakeholder Meeting,0.5,32.72,5,0,0
A001297,P0071,E034,2025-12-19,Issue Resolution,8.2,318.17,1,0,0
A001298,P0060,E042,2025-07-12,Quality Review,3.4,140.06,6,0,0
A001299,P0064,E014,2025-12-25,Stakeholder Meeting,7.9,724.26,1,0,0
A001300,P0063,E020,2025-09-04,Stakeholder Meeting,3.1,143.72,2,0,1
A001301,P0004,E045,2025-02-14,Quality Review,5.3,283.28,6,0,1
A001302,P0061,E004,2026-05-14,Quality Review,3.5,266.88,5,0,1
A001303,P0113,E025,2026-06-23,Kickoff,5.0,412.55,2,1,2
A001304,P0053,E025,2025-06-02,Quality Review,10.1,905.58,2,1,1
A001305,P0034,E023,2025-04-24,Stakeholder Meeting,5.2,305.3,3,0,1
A001306,P0120,E022,2026-03-26,Analysis,10.8,1021.01,3,0,0
A001307,P0012,E038,2026-05-29,Stakeholder Meeting,4.5,185.55,0,1,2
A001308,P0059,E010,2025-11-23,Stakeholder Meeting,9.2,778.25,1,0,0
A001309,P0062,E045,2025-07-12,Stakeholder Meeting,1.4,71.86,1,0,1
A001310,P0058,E045,2025-09-24,Project Administration,4.8,437.88,1,0,0
A001311,P0111,E009,2026-01-26,Quality Review,4.2,366.04,2,2,2
A001312,P0051,E049,2025-10-23,Quality Review,9.3,750.85,0,0,1
A001313,P0117,E014,2025-11-07,Analysis,6.0,427.35,5,1,2
A001314,P0009,E003,2026-05-04,Project Administration,0.5,23.93,5,0,0
A001315,P0089,E020,2025-04-09,Kickoff,2.2,137.97,1,0,1
A001316,P0072,E040,2026-07-21,Quality Review,3.0,111.26,7,0,1
A001317,P0029,E043,2026-01-09,Data Collection,7.8,605.0,4,1,1
A001318,P0028,E033,2026-03-07,Client Review,7.5,314.65,2,0,0
A001319,P0087,E041,2026-03-12,Stakeholder Meeting,4.7,237.34,1,0,1
A001320,P0077,E014,2025-12-12,Analysis,4.1,203.78,3,2,3
A001321,P0074,E044,2025-12-22,Kickoff,7.3,600.62,7,0,1
A001322,P0007,E032,2026-06-05,Issue Resolution,2.7,159.4,0,0,0
A001323,P0072,E007,2026-05-29,Stakeholder Meeting,6.6,442.68,0,1,2
A001324,P0118,E007,2025-12-11,Analysis,6.4,304.11,3,0,1
A001325,P0003,E014,2025-06-26,Issue Resolution,4.8,264.22,7,0,1
A001326,P0057,E004,2025-07-07,Kickoff,6.5,427.14,2,1,1
A001327,P0060,E015,2025-08-20,Quality Review,5.8,270.58,5,0,1
A001328,P0108,E050,2025-03-13,Data Collection,6.7,511.8,4,0,0
A001329,P0034,E013,2025-04-17,Data Collection,2.2,136.3,1,0,1
A001330,P0058,E032,2025-08-21,Kickoff,7.0,658.13,7,0,0
A001331,P0087,E049,2026-05-07,Data Collection,8.1,403.31,1,0,1
A001332,P0008,E013,2025-12-01,Project Administration,6.3,370.21,4,0,0
A001333,P0097,E035,2025-10-19,Quality Review,7.0,633.36,5,0,0
A001334,P0099,E023,2026-07-28,Project Administration,5.2,458.43,5,0,1
A001335,P0087,E015,2026-02-22,Analysis,7.7,493.19,6,0,1
A001336,P0078,E048,2026-01-16,Client Review,5.7,241.77,5,0,0
A001337,P0090,E033,2025-09-25,Kickoff,2.6,154.77,5,0,1
A001338,P0094,E022,2025-04-21,Kickoff,7.6,533.82,1,2,2
A001339,P0109,E041,2025-09-30,Kickoff,1.4,70.36,2,0,0
A001340,P0052,E046,2025-10-15,Project Administration,6.2,288.1,2,0,1
A001341,P0055,E040,2025-11-13,Client Review,4.5,300.99,2,1,2
A001342,P0077,E044,2025-10-10,Client Review,4.4,200.47,0,0,1
A001343,P0024,E017,2026-10-17,Project Administration,5.9,516.09,0,1,1
A001344,P0103,E018,2026-02-02,Analysis,3.7,145.98,3,0,1
A001345,P0093,E012,2025-01-20,Client Review,6.8,640.86,5,0,0
A001346,P0076,E035,2025-09-01,Quality Review,5.6,376.75,7,0,1
A001347,P0037,E041,2025-07-18,Quality Review,4.0,376.05,7,0,0
A001348,P0042,E034,2025-11-17,Reporting,8.8,704.8,3,1,2
A001349,P0053,E030,2025-04-07,Quality Review,6.0,265.04,7,0,1
A001350,P0080,E039,2026-05-24,Kickoff,7.1,345.39,3,1,2
A001351,P0094,E010,2025-05-07,Kickoff,9.0,372.75,3,1,2
A001352,P0081,E019,2025-09-14,Quality Review,9.0,708.71,1,1,2
A001353,P0112,E036,2025-05-03,Reporting,6.9,311.32,5,0,0
A001354,P0116,E003,2026-04-29,Client Review,4.7,366.01,2,1,2
A001355,P0085,E046,2026-02-13,Reporting,1.9,164.48,3,1,2
A001356,P0045,E009,2026-01-30,Data Collection,6.0,358.22,7,0,0
A001357,P0072,E040,2026-07-20,Stakeholder Meeting,8.2,612.23,4,1,1
A001358,P0052,E031,2025-11-12,Stakeholder Meeting,6.4,567.76,2,0,1
A001359,P0076,E043,2025-06-21,Project Administration,0.5,40.09,5,1,2
A001360,P0098,E039,2026-04-10,Quality Review,7.7,329.91,5,0,1
A001361,P0045,E026,2026-01-20,Reporting,7.8,409.9,4,0,1
A001362,P0061,E038,2026-03-29,Client Review,4.7,315.55,0,1,2
A001363,P0006,E018,2025-09-06,Stakeholder Meeting,8.0,406.85,1,0,1
A001364,P0089,E030,2025-03-08,Project Administration,7.1,464.02,1,0,0
A001365,P0059,E046,2025-11-26,Client Review,3.8,350.25,7,0,0
A001366,P0056,E005,2025-05-16,Issue Resolution,8.7,541.05,2,1,2
A001367,P0064,E018,2025-09-21,Client Review,2.3,116.61,3,0,1
A001368,P0026,E001,2026-06-16,Reporting,5.4,236.49,7,0,0
A001369,P0072,E027,2026-05-06,Kickoff,5.1,454.24,7,0,0
A001370,P0090,E040,2025-07-20,Reporting,3.4,165.88,1,0,0
A001371,P0042,E002,2025-11-07,Data Collection,6.3,293.69,6,0,0
A001372,P0016,E028,2026-07-03,Reporting,8.8,599.0,5,0,0
A001373,P0047,E021,2025-08-27,Client Review,8.6,539.24,4,1,1
A001374,P0024,E040,2026-08-08,Quality Review,7.3,424.42,1,1,2
A001375,P0045,E012,2026-02-14,Analysis,1.3,90.63,5,1,1
A001376,P0076,E009,2025-10-27,Kickoff,2.2,152.16,4,1,1
A001377,P0014,E005,2025-03-23,Client Review,5.9,230.71,3,1,2
A001378,P0090,E021,2025-06-18,Client Review,5.4,323.43,4,1,1
A001379,P0027,E025,2026-01-01,Quality Review,4.3,336.51,1,0,1
A001380,P0108,E046,2025-02-24,Client Review,10.3,596.38,4,1,2
A001381,P0088,E024,2025-12-06,Issue Resolution,5.8,550.19,1,0,1
A001382,P0033,E009,2026-03-08,Quality Review,6.9,338.95,2,0,0
A001383,P0068,E035,2025-07-30,Kickoff,8.0,518.25,3,0,1
A001384,P0014,E004,2025-02-21,Issue Resolution,5.6,422.44,1,0,0
A001385,P0012,E018,2026-06-25,Quality Review,12.0,814.46,7,0,0
A001386,P0115,E033,2025-05-11,Client Review,3.1,115.77,7,0,1
A001387,P0097,E013,2025-10-10,Project Administration,4.0,263.28,3,0,1
A001388,P0019,E030,2026-05-28,Stakeholder Meeting,3.1,288.26,4,1,2
A001389,P0034,E023,2025-04-28,Reporting,9.4,558.36,2,0,0
A001390,P0024,E048,2026-06-29,Kickoff,7.5,314.78,1,0,0
A001391,P0048,E015,2025-07-17,Issue Resolution,4.1,148.73,7,1,2
A001392,P0035,E046,2026-03-18,Kickoff,3.3,197.13,3,0,0
A001393,P0040,E032,2026-05-31,Quality Review,9.0,415.06,7,1,1
A001394,P0064,E038,2025-09-26,Stakeholder Meeting,6.4,544.52,0,0,0
A001395,P0023,E009,2025-09-16,Kickoff,9.0,829.22,0,0,1
A001396,P0106,E001,2026-03-12,Quality Review,5.3,484.59,3,1,2
A001397,P0088,E037,2026-01-09,Project Administration,6.8,390.81,6,0,0
A001398,P0092,E025,2026-05-06,Data Collection,6.3,392.4,3,1,2
A001399,P0021,E016,2026-04-16,Analysis,3.9,210.23,6,0,1
A001400,P0085,E045,2026-02-07,Data Collection,5.1,217.99,1,0,1
A001401,P0101,E017,2026-05-12,Data Collection,2.5,171.36,6,1,2
A001402,P0022,E022,2026-06-14,Analysis,6.7,309.35,3,0,0
A001403,P0091,E037,2025-04-09,Reporting,7.4,285.38,2,0,0
A001404,P0043,E049,2026-06-15,Issue Resolution,8.0,687.73,5,1,1
A001405,P0095,E045,2026-02-14,Client Review,7.2,596.96,6,0,0
A001406,P0058,E033,2025-09-02,Client Review,5.2,471.0,7,0,0
A001407,P0097,E006,2025-10-18,Client Review,9.4,513.66,0,0,0
A001408,P0018,E006,2025-03-20,Stakeholder Meeting,7.7,671.77,5,0,0
A001409,P0047,E035,2025-09-27,Project Administration,9.0,530.16,2,0,0
A001410,P0033,E026,2026-04-17,Data Collection,9.1,358.24,4,0,0
A001411,P0030,E007,2026-02-20,Client Review,5.2,324.85,3,0,1
A001412,P0037,E035,2025-10-03,Kickoff,6.5,443.48,6,0,1
A001413,P0046,E048,2026-02-21,Client Review,7.4,450.85,3,1,2
A001414,P0016,E004,2026-06-01,Kickoff,2.6,213.53,2,0,0
A001415,P0085,E042,2026-01-19,Data Collection,2.7,151.5,3,1,1
A001416,P0067,E018,2025-08-03,Stakeholder Meeting,2.3,207.61,5,0,0
A001417,P0100,E020,2025-04-06,Client Review,5.2,205.14,6,0,0
A001418,P0085,E036,2025-12-30,Kickoff,4.7,367.65,0,1,1
A001419,P0018,E013,2025-04-20,Analysis,1.9,172.4,4,0,1
A001420,P0009,E008,2026-04-29,Stakeholder Meeting,5.9,402.32,0,0,1
A001421,P0051,E049,2025-08-31,Client Review,5.3,464.92,4,1,1
A001422,P0058,E018,2025-07-18,Project Administration,8.5,650.33,4,1,2
A001423,P0029,E009,2025-11-24,Reporting,10.5,376.65,6,0,0
A001424,P0094,E035,2025-05-18,Quality Review,6.6,496.81,1,1,1
A001425,P0070,E011,2026-07-07,Stakeholder Meeting,3.8,282.7,6,0,1
A001426,P0090,E039,2025-10-14,Issue Resolution,7.1,248.51,5,1,1
A001427,P0014,E004,2025-03-08,Kickoff,5.5,327.52,5,0,0
A001428,P0098,E026,2026-04-11,Data Collection,4.9,182.91,5,0,0
A001429,P0025,E021,2025-07-02,Data Collection,3.3,173.51,4,0,0
A001430,P0054,E048,2025-08-30,Analysis,4.3,405.04,0,0,1
A001431,P0053,E027,2025-07-21,Quality Review,5.1,466.23,6,1,1
A001432,P0099,E047,2026-04-28,Project Administration,7.5,570.69,3,0,1
A001433,P0034,E013,2025-03-20,Reporting,6.8,387.68,0,0,1
A001434,P0029,E024,2025-11-24,Stakeholder Meeting,10.1,593.75,4,1,2
A001435,P0041,E041,2026-05-07,Data Collection,7.2,268.51,7,0,0
A001436,P0044,E009,2025-12-12,Reporting,6.6,364.96,5,1,1
A001437,P0022,E047,2026-06-28,Analysis,4.7,385.7,1,0,1
A001438,P0022,E039,2026-06-07,Project Administration,2.9,191.87,6,0,0
A001439,P0028,E034,2026-02-25,Quality Review,4.1,260.76,6,0,0
A001440,P0057,E013,2025-08-03,Quality Review,3.8,153.77,2,0,0
A001441,P0042,E041,2025-10-17,Project Administration,0.5,45.07,4,0,1
A001442,P0048,E043,2025-06-10,Analysis,3.0,155.95,6,1,2
A001443,P0087,E015,2026-04-10,Quality Review,9.5,550.75,1,0,1
A001444,P0029,E030,2026-01-26,Quality Review,6.4,350.99,2,1,1
A001445,P0110,E004,2026-05-21,Analysis,4.6,251.73,3,0,1
A001446,P0091,E020,2025-05-13,Kickoff,6.5,461.24,0,1,2
A001447,P0021,E008,2026-03-09,Analysis,0.6,43.57,1,0,0
A001448,P0038,E028,2025-10-26,Data Collection,6.2,439.67,4,0,1
A001449,P0023,E028,2025-07-08,Client Review,8.7,340.26,2,0,0
A001450,P0033,E027,2026-03-05,Kickoff,5.2,484.5,1,0,0
A001451,P0044,E034,2025-08-21,Analysis,1.1,85.62,2,0,1
A001452,P0016,E047,2026-05-04,Issue Resolution,4.5,395.84,0,0,1
A001453,P0002,E010,2025-10-15,Reporting,8.7,387.85,5,0,1
A001454,P0053,E011,2025-06-21,Client Review,6.1,554.65,2,2,2
A001455,P0085,E011,2025-11-21,Client Review,2.0,156.6,5,0,1
A001456,P0037,E047,2025-06-18,Analysis,11.4,741.49,6,0,1
A001457,P0104,E005,2025-05-03,Reporting,2.4,87.33,3,0,1
A001458,P0045,E002,2026-02-02,Data Collection,4.9,245.94,7,0,1
A001459,P0109,E009,2025-10-26,Reporting,2.9,247.44,1,0,0
A001460,P0029,E039,2025-12-09,Client Review,2.9,167.48,7,0,1
A001461,P0065,E029,2025-04-23,Issue Resolution,4.4,333.07,2,0,0
A001462,P0092,E046,2026-04-22,Project Administration,7.1,559.82,2,1,1
A001463,P0008,E011,2026-01-11,Kickoff,8.7,709.39,7,0,0
A001464,P0112,E020,2025-05-10,Analysis,4.5,260.74,3,0,0
A001465,P0044,E028,2025-10-04,Quality Review,3.0,268.77,5,1,2
A001466,P0060,E004,2025-08-18,Analysis,6.7,351.96,6,0,1
A001467,P0076,E046,2025-08-17,Reporting,6.8,579.11,3,0,1
A001468,P0078,E041,2025-10-08,Issue Resolution,6.1,368.95,2,0,1
A001469,P0003,E008,2025-07-28,Analysis,6.2,304.13,3,1,1
A001470,P0105,E043,2026-01-26,Project Administration,5.2,289.16,3,0,1
A001471,P0075,E023,2026-04-01,Issue Resolution,5.7,472.95,3,1,2
A001472,P0120,E017,2026-08-09,Project Administration,5.0,359.46,1,0,0
A001473,P0057,E048,2025-10-13,Kickoff,8.2,354.25,7,2,2
A001474,P0074,E026,2025-10-19,Analysis,11.1,471.06,4,0,0
A001475,P0053,E012,2025-03-28,Data Collection,5.9,449.77,6,1,2
A001476,P0107,E041,2025-12-17,Data Collection,5.5,271.53,5,0,0
A001477,P0100,E036,2025-04-07,Kickoff,6.1,289.87,2,1,2
A001478,P0110,E010,2026-07-19,Stakeholder Meeting,3.9,311.88,2,0,0
A001479,P0061,E034,2026-02-05,Kickoff,7.4,402.26,7,1,1
A001480,P0095,E032,2025-11-23,Analysis,6.6,258.05,0,1,1
A001481,P0044,E014,2025-10-10,Project Administration,4.4,266.16,2,0,1
A001482,P0056,E022,2025-06-26,Issue Resolution,7.8,539.38,5,0,0
A001483,P0092,E042,2026-05-22,Project Administration,5.5,390.99,4,0,1
A001484,P0010,E009,2025-03-27,Kickoff,3.1,119.38,4,2,3
A001485,P0086,E037,2025-11-10,Reporting,6.4,398.17,0,1,1
A001486,P0002,E042,2025-08-10,Reporting,6.1,345.1,1,0,1
A001487,P0070,E047,2026-08-06,Data Collection,7.9,489.3,4,0,1
A001488,P0058,E017,2025-08-23,Project Administration,7.6,285.01,2,0,1
A001489,P0057,E014,2025-10-05,Stakeholder Meeting,5.2,274.23,3,0,1
A001490,P0060,E047,2025-08-10,Project Administration,4.3,316.51,7,0,1
A001491,P0060,E024,2025-08-06,Data Collection,5.5,234.05,5,1,1
A001492,P0049,E029,2025-03-16,Reporting,6.4,592.34,5,0,1
A001493,P0055,E026,2025-11-24,Data Collection,6.7,634.05,1,1,1
A001494,P0069,E026,2026-04-01,Project Administration,6.3,356.75,4,2,2
A001495,P0092,E032,2026-05-02,Reporting,5.3,402.04,7,0,0
A001496,P0067,E022,2025-05-26,Kickoff,8.0,584.96,5,0,0
A001497,P0078,E020,2025-12-17,Data Collection,3.8,171.11,6,0,0
A001498,P0101,E021,2026-05-27,Stakeholder Meeting,11.7,682.01,7,0,1
A001499,P0119,E033,2025-09-28,Kickoff,7.4,694.41,7,1,1
A001500,P0014,E041,2025-03-16,Kickoff,2.7,115.18,2,0,1
A001501,P0086,E028,2026-02-28,Project Administration,6.0,417.06,2,0,1
A001502,P0028,E034,2026-03-02,Project Administration,7.4,525.04,2,1,1
A001503,P0024,E021,2026-07-08,Quality Review,4.6,207.24,6,0,1
A001504,P0096,E039,2026-04-04,Project Administration,1.8,120.81,3,0,0
A001505,P0009,E020,2026-05-14,Reporting,2.9,261.14,6,2,2
A001506,P0102,E022,2025-11-23,Kickoff,6.9,289.38,6,0,0
A001507,P0093,E003,2025-02-28,Client Review,1.1,51.02,5,0,1
A001508,P0120,E014,2026-05-10,Kickoff,1.9,95.64,0,0,1
A001509,P0081,E037,2025-11-27,Issue Resolution,6.8,544.4,5,0,1
A001510,P0105,E005,2025-11-27,Stakeholder Meeting,4.9,341.21,1,0,1
A001511,P0015,E012,2025-09-02,Data Collection,3.8,247.81,4,1,1
A001512,P0107,E039,2026-02-26,Analysis,4.3,354.85,1,0,0
A001513,P0020,E044,2026-05-20,Client Review,1.8,168.65,0,0,0
A001514,P0038,E021,2025-10-29,Issue Resolution,6.7,313.28,5,0,0
A001515,P0016,E021,2026-08-13,Reporting,3.5,293.03,3,0,1
A001516,P0049,E026,2025-06-01,Data Collection,4.2,240.26,5,1,2
A001517,P0090,E039,2025-09-25,Project Administration,6.4,280.06,3,1,1
A001518,P0033,E024,2026-06-24,Issue Resolution,4.9,246.92,2,1,2
A001519,P0099,E009,2026-07-08,Stakeholder Meeting,3.7,218.14,0,0,1
A001520,P0073,E022,2026-07-15,Quality Review,0.5,44.47,2,0,0
A001521,P0076,E013,2025-09-08,Project Administration,6.4,407.71,7,1,2
A001522,P0113,E035,2026-08-06,Stakeholder Meeting,5.7,409.59,6,1,2
A001523,P0052,E008,2025-09-16,Kickoff,4.2,155.38,3,1,2
A001524,P0042,E031,2025-10-15,Data Collection,2.9,112.64,0,0,1
A001525,P0120,E007,2026-04-28,Reporting,5.5,502.15,7,0,0
A001526,P0067,E049,2025-09-09,Project Administration,6.7,571.5,5,0,1
A001527,P0074,E033,2025-09-20,Client Review,5.7,366.96,0,0,0
A001528,P0036,E007,2025-11-05,Reporting,9.6,451.43,1,0,1
A001529,P0026,E048,2026-03-21,Analysis,7.3,273.1,1,0,1
A001530,P0021,E029,2026-06-18,Stakeholder Meeting,5.2,486.31,7,0,1
A001531,P0027,E031,2026-01-29,Kickoff,7.3,257.98,7,0,0
A001532,P0024,E004,2026-06-28,Stakeholder Meeting,5.6,275.85,3,0,1
A001533,P0090,E010,2025-10-15,Reporting,5.6,425.79,1,0,0
A001534,P0007,E041,2026-07-05,Project Administration,8.7,794.08,5,0,0
A001535,P0076,E024,2025-11-10,Project Administration,3.3,138.68,2,0,1
A001536,P0114,E031,2026-09-14,Issue Resolution,5.6,456.03,0,2,3
A001537,P0092,E050,2026-01-22,Kickoff,8.5,466.7,2,0,0
A001538,P0049,E022,2025-03-01,Issue Resolution,6.3,477.43,2,1,1
A001539,P0008,E020,2025-11-17,Data Collection,4.6,187.67,0,0,1
A001540,P0101,E041,2026-05-20,Reporting,1.2,104.27,5,0,0
A001541,P0001,E004,2026-06-01,Project Administration,0.5,38.72,2,0,0
A001542,P0082,E023,2026-05-30,Issue Resolution,10.7,988.0,4,1,1
A001543,P0081,E043,2026-01-02,Reporting,6.3,410.41,4,1,2
A001544,P0024,E012,2026-07-27,Analysis,4.0,353.05,6,0,1
A001545,P0089,E016,2025-02-22,Quality Review,6.4,431.51,6,1,2
A001546,P0022,E024,2026-05-04,Client Review,3.1,203.88,4,1,1
A001547,P0028,E004,2026-05-17,Quality Review,4.7,191.18,6,1,2
A001548,P0098,E004,2026-05-07,Stakeholder Meeting,3.1,259.94,4,0,0
A001549,P0118,E013,2025-11-05,Stakeholder Meeting,2.0,119.46,0,0,1
A001550,P0032,E045,2026-04-18,Reporting,0.5,35.5,6,1,2
A001551,P0111,E012,2026-01-26,Kickoff,1.5,111.06,6,1,2
A001552,P0110,E037,2026-07-01,Project Administration,8.1,660.06,3,1,1
A001553,P0093,E022,2025-02-04,Kickoff,3.0,208.56,3,0,1
A001554,P0017,E039,2026-01-23,Project Administration,6.8,490.92,7,1,1
A001555,P0036,E017,2025-11-05,Kickoff,7.9,523.34,3,1,1
A001556,P0082,E044,2026-05-31,Quality Review,5.5,395.1,2,1,1
A001557,P0120,E019,2026-04-18,Stakeholder Meeting,4.8,295.94,5,1,1
A001558,P0098,E040,2026-06-19,Reporting,5.8,473.19,2,0,0
A001559,P0051,E042,2025-10-09,Stakeholder Meeting,4.5,376.34,3,1,1
A001560,P0029,E022,2026-01-08,Project Administration,8.5,561.22,6,0,1
A001561,P0116,E034,2026-06-11,Kickoff,10.2,446.74,1,0,1
A001562,P0034,E006,2025-03-26,Project Administration,9.1,522.43,0,0,0
A001563,P0042,E025,2025-11-25,Client Review,0.5,42.7,2,1,2
A001564,P0116,E019,2026-06-27,Issue Resolution,4.4,396.02,1,0,1
A001565,P0068,E048,2025-08-21,Data Collection,5.5,280.63,2,0,0
A001566,P0032,E047,2026-03-19,Kickoff,6.7,612.82,0,0,0
A001567,P0001,E040,2026-09-15,Stakeholder Meeting,1.2,61.92,4,2,3
A001568,P0052,E048,2025-09-21,Analysis,1.1,99.15,4,0,0
A001569,P0119,E049,2025-08-29,Issue Resolution,8.8,801.91,2,0,1
A001570,P0052,E039,2026-01-26,Project Administration,4.1,267.69,5,0,1
A001571,P0084,E030,2026-03-16,Stakeholder Meeting,1.8,165.66,1,0,0
A001572,P0031,E011,2025-12-31,Client Review,2.7,183.48,0,0,1
A001573,P0094,E041,2025-05-07,Kickoff,6.5,375.27,3,1,1
A001574,P0094,E010,2025-04-30,Client Review,3.4,284.27,1,0,0
A001575,P0073,E010,2026-04-02,Kickoff,6.1,253.22,6,0,1
A001576,P0093,E044,2025-02-21,Client Review,3.1,148.8,2,1,2
A001577,P0070,E006,2026-08-18,Stakeholder Meeting,1.1,52.57,3,0,0
A001578,P0046,E008,2026-01-29,Stakeholder Meeting,9.1,658.15,2,0,0
A001579,P0089,E026,2025-04-05,Analysis,6.5,503.96,3,0,0
A001580,P0101,E030,2026-05-25,Stakeholder Meeting,4.7,400.65,0,0,0
A001581,P0101,E003,2026-06-04,Issue Resolution,4.2,373.77,7,0,0
A001582,P0026,E019,2026-04-06,Issue Resolution,9.2,805.03,1,2,3
A001583,P0082,E012,2026-03-20,Stakeholder Meeting,7.0,531.44,3,1,2
A001584,P0001,E016,2026-06-02,Analysis,8.4,755.07,6,1,2
A001585,P0069,E010,2026-03-12,Quality Review,4.0,206.13,3,0,1
A001586,P0069,E034,2026-03-16,Client Review,5.6,439.69,5,0,0
A001587,P0044,E024,2025-10-09,Data Collection,6.5,257.4,0,1,1
A001588,P0120,E048,2026-05-02,Client Review,4.1,174.31,2,0,0
A001589,P0106,E001,2026-03-02,Project Administration,5.3,257.41,6,0,0
A001590,P0005,E039,2025-01-26,Issue Resolution,4.0,164.64,2,0,1
A001591,P0026,E046,2026-04-05,Quality Review,6.5,604.11,3,0,1
A001592,P0025,E025,2025-07-22,Analysis,2.2,138.54,0,0,1
A001593,P0108,E035,2025-04-18,Analysis,6.9,616.88,4,0,0
A001594,P0063,E023,2025-09-24,Client Review,6.3,400.67,2,0,0
A001595,P0088,E030,2026-01-01,Quality Review,5.0,384.9,6,0,0
A001596,P0098,E046,2026-06-17,Kickoff,6.6,358.4,3,0,0
A001597,P0093,E027,2025-03-05,Client Review,4.6,423.38,6,0,1
A001598,P0011,E029,2025-05-27,Data Collection,3.8,140.96,7,0,1
A001599,P0017,E050,2026-01-10,Project Administration,6.9,530.23,6,0,1
A001600,P0048,E025,2025-05-27,Stakeholder Meeting,7.0,644.16,5,0,0
A001601,P0041,E009,2026-06-07,Stakeholder Meeting,4.2,345.61,4,0,1
A001602,P0090,E035,2025-09-06,Kickoff,4.0,338.62,3,0,0
A001603,P0019,E035,2026-04-09,Data Collection,5.0,264.75,0,0,1
A001604,P0045,E012,2026-02-13,Project Administration,4.1,254.65,1,0,0
A001605,P0029,E037,2026-01-19,Quality Review,9.3,401.49,3,0,0
A001606,P0023,E004,2025-06-20,Project Administration,6.3,362.78,5,1,2
A001607,P0021,E017,2026-04-25,Project Administration,5.5,195.28,0,0,0
A001608,P0024,E043,2026-06-22,Kickoff,3.2,261.52,7,0,0
A001609,P0068,E031,2025-06-19,Stakeholder Meeting,7.3,672.92,7,0,0
A001610,P0050,E031,2025-04-26,Issue Resolution,4.0,308.2,0,1,2
A001611,P0053,E032,2025-05-12,Quality Review,3.9,326.11,0,0,0
A001612,P0058,E009,2025-08-01,Quality Review,7.4,486.98,6,1,2
A001613,P0089,E049,2025-02-17,Reporting,6.5,302.25,1,0,1
A001614,P0104,E015,2025-04-29,Client Review,0.5,39.12,1,0,1
A001615,P0064,E040,2025-11-01,Project Administration,5.1,270.08,1,0,0
A001616,P0078,E050,2025-11-08,Issue Resolution,5.8,362.91,5,0,1
A001617,P0089,E013,2025-03-16,Reporting,4.7,418.49,1,0,0
A001618,P0083,E032,2025-04-24,Reporting,5.9,338.52,1,0,1
A001619,P0017,E003,2026-01-16,Stakeholder Meeting,1.0,52.36,3,0,1
A001620,P0118,E032,2025-12-05,Data Collection,0.5,18.45,4,0,0
A001621,P0020,E023,2026-06-19,Client Review,3.1,238.97,7,1,2
A001622,P0050,E004,2025-03-22,Kickoff,6.2,297.06,1,1,2
A001623,P0079,E034,2026-06-28,Client Review,0.5,36.68,2,0,1
A001624,P0049,E049,2025-03-21,Quality Review,3.4,193.79,4,1,2
A001625,P0030,E005,2025-12-08,Issue Resolution,0.7,57.58,3,1,2
A001626,P0111,E045,2026-02-03,Project Administration,4.9,433.13,4,1,1
A001627,P0009,E043,2026-04-16,Quality Review,10.4,511.08,1,1,1
A001628,P0030,E028,2025-12-22,Reporting,5.0,412.69,4,0,1
A001629,P0120,E046,2026-08-07,Quality Review,5.2,229.68,7,1,2
A001630,P0088,E016,2025-12-06,Stakeholder Meeting,7.6,330.26,5,0,0
A001631,P0011,E037,2025-04-18,Kickoff,5.6,339.96,5,1,2
A001632,P0091,E035,2025-05-04,Kickoff,5.0,272.35,0,0,1
A001633,P0117,E030,2025-08-14,Client Review,7.8,734.99,7,0,1
A001634,P0012,E042,2026-03-10,Project Administration,6.7,557.7,5,0,0
A001635,P0050,E044,2025-03-16,Kickoff,6.2,548.17,5,0,0
A001636,P0057,E040,2025-08-16,Analysis,5.2,224.43,1,0,1
A001637,P0016,E030,2026-06-15,Reporting,4.6,358.05,4,1,2
A001638,P0025,E049,2025-06-22,Client Review,7.8,555.81,5,0,0
A001639,P0021,E028,2026-04-08,Client Review,4.7,192.49,4,0,1
A001640,P0023,E032,2025-06-12,Client Review,8.6,710.53,0,0,1
A001641,P0049,E010,2025-04-23,Kickoff,2.9,250.06,0,0,0
A001642,P0056,E017,2025-07-24,Analysis,9.1,817.59,3,0,1
A001643,P0029,E046,2026-01-07,Quality Review,6.7,612.31,5,1,2
A001644,P0035,E025,2026-07-20,Kickoff,3.1,128.55,3,2,2
A001645,P0024,E026,2026-06-22,Stakeholder Meeting,6.8,597.93,5,0,0
A001646,P0096,E041,2026-01-22,Stakeholder Meeting,3.9,357.71,7,0,1
A001647,P0026,E017,2026-06-15,Project Administration,5.6,428.11,7,1,2
A001648,P0109,E014,2025-10-24,Analysis,4.3,197.93,5,0,1
A001649,P0065,E001,2025-07-11,Project Administration,5.2,307.06,5,1,2
A001650,P0097,E012,2025-10-05,Client Review,7.9,319.21,0,0,1
A001651,P0077,E026,2025-09-21,Client Review,6.8,239.73,0,1,2
A001652,P0032,E037,2026-07-04,Issue Resolution,2.7,243.55,5,0,1
A001653,P0073,E017,2026-06-24,Issue Resolution,2.8,261.35,6,2,3
A001654,P0033,E023,2026-05-26,Analysis,6.2,558.98,1,1,2
A001655,P0015,E012,2025-08-21,Stakeholder Meeting,6.4,321.52,4,0,0
A001656,P0031,E041,2025-11-23,Quality Review,3.8,274.61,2,0,0
A001657,P0034,E027,2025-04-13,Project Administration,9.5,617.33,0,0,0
A001658,P0017,E008,2025-12-28,Kickoff,7.5,485.72,3,0,0
A001659,P0003,E031,2025-09-17,Quality Review,3.9,236.73,3,2,2
A001660,P0114,E017,2026-07-23,Data Collection,3.7,338.44,6,0,1
A001661,P0062,E044,2025-07-31,Data Collection,4.9,404.02,6,0,0
A001662,P0049,E014,2025-06-04,Client Review,4.7,403.32,7,0,1
A001663,P0112,E044,2025-04-12,Data Collection,8.6,318.86,0,0,0
A001664,P0027,E035,2026-02-02,Issue Resolution,8.0,477.74,7,1,1
A001665,P0049,E007,2025-02-16,Project Administration,5.6,396.92,4,0,1
A001666,P0102,E038,2025-11-26,Client Review,7.2,536.57,1,0,0
A001667,P0076,E037,2025-11-14,Data Collection,7.6,674.07,5,0,0
A001668,P0048,E023,2025-07-04,Data Collection,5.6,252.11,0,1,1
A001669,P0031,E009,2025-12-10,Stakeholder Meeting,6.5,262.61,3,0,1
A001670,P0005,E024,2025-01-10,Quality Review,7.0,620.14,6,0,1
A001671,P0011,E031,2025-03-21,Issue Resolution,6.7,438.16,7,0,0
A001672,P0020,E007,2026-05-23,Stakeholder Meeting,3.6,242.47,2,2,3
A001673,P0095,E018,2026-01-30,Data Collection,3.8,335.92,1,1,2
A001674,P0077,E036,2025-12-18,Project Administration,4.8,383.95,4,1,2
A001675,P0053,E028,2025-05-17,Project Administration,3.7,291.73,1,0,1
A001676,P0094,E050,2025-05-08,Reporting,1.8,83.09,7,0,0
A001677,P0020,E011,2026-03-31,Client Review,7.2,520.45,2,0,0
A001678,P0026,E039,2026-03-06,Project Administration,6.4,396.83,1,0,0
A001679,P0048,E022,2025-06-23,Quality Review,2.2,157.66,1,1,1
A001680,P0111,E012,2026-01-30,Data Collection,4.9,340.75,2,0,0
A001681,P0074,E048,2025-09-25,Reporting,5.0,182.88,5,0,0
A001682,P0103,E032,2026-01-23,Quality Review,6.0,333.8,6,0,1
A001683,P0030,E027,2026-02-16,Issue Resolution,2.8,174.91,5,0,0
A001684,P0102,E015,2026-02-04,Client Review,2.1,136.53,5,1,1
A001685,P0009,E045,2026-05-15,Quality Review,6.8,278.58,2,2,2
A001686,P0028,E002,2026-03-17,Stakeholder Meeting,1.7,151.15,7,0,0
A001687,P0063,E006,2025-08-31,Stakeholder Meeting,4.9,269.79,7,1,2
A001688,P0007,E009,2026-08-27,Reporting,4.7,302.52,5,1,2
A001689,P0103,E033,2026-03-04,Reporting,5.2,389.08,6,0,0
A001690,P0105,E006,2025-12-16,Quality Review,6.1,476.68,2,0,0
A001691,P0065,E040,2025-06-23,Quality Review,9.5,547.98,3,0,1
A001692,P0037,E010,2025-07-09,Project Administration,1.5,64.12,6,1,2
A001693,P0012,E034,2026-05-04,Analysis,7.7,365.28,3,0,1
A001694,P0075,E040,2026-03-03,Data Collection,0.5,22.45,6,0,1
A001695,P0065,E044,2025-07-28,Issue Resolution,9.0,446.83,6,0,1
A001696,P0092,E015,2026-01-22,Project Administration,0.5,35.61,7,0,1
A001697,P0073,E004,2026-08-17,Reporting,11.6,778.89,2,0,1
A001698,P0016,E038,2026-05-28,Stakeholder Meeting,4.5,203.03,3,1,2
A001699,P0015,E023,2025-07-31,Stakeholder Meeting,8.7,660.25,3,0,0
A001700,P0094,E048,2025-05-18,Quality Review,8.2,318.34,4,1,2
A001701,P0020,E010,2026-05-22,Kickoff,4.4,394.14,5,0,0
A001702,P0113,E029,2026-05-30,Quality Review,4.6,317.27,2,0,1
A001703,P0013,E006,2025-02-27,Analysis,3.4,239.45,1,1,2
A001704,P0088,E025,2025-12-01,Analysis,7.5,391.15,2,0,1
A001705,P0118,E001,2025-11-24,Reporting,4.4,289.07,6,0,1
A001706,P0053,E038,2025-04-12,Project Administration,3.5,212.01,7,1,2
A001707,P0007,E031,2026-08-03,Data Collection,6.8,625.9,0,0,1
A001708,P0106,E005,2026-01-18,Project Administration,3.3,130.59,7,0,1
A001709,P0023,E025,2025-08-23,Quality Review,4.7,293.86,0,1,1
A001710,P0064,E022,2025-12-14,Project Administration,5.8,478.45,4,0,1
A001711,P0119,E034,2025-10-23,Stakeholder Meeting,3.9,263.93,1,0,1
A001712,P0090,E025,2025-10-27,Project Administration,4.3,296.33,7,0,0
A001713,P0006,E023,2025-09-16,Reporting,9.3,833.96,6,0,1
A001714,P0099,E042,2026-04-28,Client Review,5.0,287.71,2,0,1
A001715,P0020,E026,2026-04-18,Reporting,4.6,161.57,5,0,0
A001716,P0090,E041,2025-09-27,Quality Review,5.1,461.76,6,0,0
A001717,P0075,E045,2026-03-05,Quality Review,6.6,244.09,1,1,1
A001718,P0035,E043,2026-06-23,Issue Resolution,2.9,240.25,5,0,0
A001719,P0051,E048,2025-12-11,Issue Resolution,6.6,286.28,2,0,1
A001720,P0015,E035,2025-09-17,Kickoff,6.1,221.07,5,1,2
A001721,P0119,E029,2025-09-18,Client Review,1.0,56.28,4,1,1
A001722,P0029,E027,2025-12-15,Issue Resolution,10.0,868.43,5,1,1
A001723,P0038,E011,2025-09-26,Client Review,9.2,342.39,5,0,0
A001724,P0061,E042,2026-03-10,Quality Review,3.5,177.66,5,0,0
A001725,P0081,E035,2025-10-18,Stakeholder Meeting,2.7,139.71,0,1,2
A001726,P0061,E044,2026-04-08,Client Review,6.1,248.2,6,0,0
A001727,P0061,E036,2026-04-03,Reporting,1.9,77.05,1,0,1
A001728,P0070,E025,2026-09-06,Stakeholder Meeting,8.9,796.47,3,0,1
A001729,P0103,E015,2026-03-15,Stakeholder Meeting,4.3,329.89,4,1,2
A001730,P0048,E050,2025-07-17,Stakeholder Meeting,9.6,515.22,6,0,1
A001731,P0100,E037,2025-03-10,Kickoff,3.4,167.62,5,0,0
A001732,P0095,E044,2025-12-25,Kickoff,5.2,195.38,1,0,0
A001733,P0116,E030,2026-06-08,Kickoff,8.7,491.79,2,1,1
A001734,P0110,E026,2026-05-25,Stakeholder Meeting,4.7,249.42,1,0,1
A001735,P0096,E002,2026-02-16,Quality Review,6.2,558.15,4,0,1
A001736,P0030,E004,2026-02-26,Stakeholder Meeting,8.2,395.49,5,1,2
A001737,P0093,E036,2025-02-26,Project Administration,4.1,243.17,5,0,1
A001738,P0089,E012,2025-04-08,Analysis,2.3,174.62,6,0,1
A001739,P0035,E005,2026-05-09,Stakeholder Meeting,1.9,103.11,5,0,1
A001740,P0082,E039,2026-02-15,Analysis,7.0,573.35,7,0,0
A001741,P0031,E032,2025-12-06,Analysis,6.5,510.74,7,0,1
A001742,P0063,E006,2025-09-12,Reporting,8.2,304.45,2,0,0
A001743,P0096,E025,2026-02-15,Analysis,4.8,414.48,2,0,1
A001744,P0023,E024,2025-06-30,Analysis,1.9,107.98,0,1,2
A001745,P0041,E001,2026-04-02,Client Review,0.5,20.38,2,0,0
A001746,P0096,E031,2026-02-22,Issue Resolution,12.7,976.64,4,0,1
A001747,P0055,E020,2025-12-16,Data Collection,6.8,542.84,5,1,2
A001748,P0116,E044,2026-05-09,Data Collection,5.8,227.71,7,1,1
A001749,P0001,E006,2026-10-16,Analysis,6.2,348.66,4,0,1
A001750,P0087,E043,2026-04-16,Reporting,1.9,168.58,7,0,1
A001751,P0098,E001,2026-05-27,Project Administration,3.5,263.08,4,0,1
A001752,P0111,E039,2026-02-12,Data Collection,9.9,663.65,6,1,1
A001753,P0019,E040,2026-06-19,Kickoff,7.1,463.25,6,1,1
A001754,P0119,E021,2025-09-28,Quality Review,3.6,257.42,3,0,0
A001755,P0048,E015,2025-07-19,Project Administration,2.4,178.04,6,0,0
A001756,P0043,E008,2026-04-11,Quality Review,4.2,164.35,6,0,1
A001757,P0043,E017,2026-07-11,Project Administration,4.7,258.73,2,0,1
A001758,P0077,E034,2025-10-12,Reporting,10.6,705.95,1,0,0
A001759,P0080,E037,2026-04-09,Kickoff,5.0,394.1,0,0,1
A001760,P0057,E010,2025-07-09,Stakeholder Meeting,2.5,198.92,7,0,0
A001761,P0009,E001,2026-05-12,Client Review,5.4,385.19,3,1,1
A001762,P0119,E029,2025-09-15,Quality Review,6.2,435.19,4,2,2
A001763,P0027,E030,2026-01-25,Data Collection,2.3,131.25,2,0,1
A001764,P0012,E050,2026-03-20,Data Collection,6.5,553.03,3,1,1
A001765,P0072,E039,2026-06-18,Reporting,8.5,764.86,3,0,0
A001766,P0050,E028,2025-05-24,Quality Review,5.8,497.52,4,0,1
A001767,P0074,E030,2025-11-22,Reporting,3.5,305.6,1,1,1
A001768,P0106,E033,2026-01-25,Stakeholder Meeting,4.2,376.02,6,0,1
A001769,P0012,E023,2026-03-19,Stakeholder Meeting,1.4,65.97,3,0,1
A001770,P0035,E034,2026-04-26,Reporting,5.2,342.33,1,0,0
A001771,P0062,E010,2025-07-14,Kickoff,6.3,422.56,0,1,1
A001772,P0095,E042,2026-01-27,Stakeholder Meeting,3.3,211.61,0,0,1
A001773,P0073,E044,2026-06-09,Stakeholder Meeting,10.3,884.87,2,0,1
A001774,P0046,E022,2025-12-31,Issue Resolution,7.5,408.77,5,0,0
A001775,P0074,E023,2025-10-23,Client Review,1.0,44.68,6,0,1
A001776,P0118,E025,2025-12-03,Stakeholder Meeting,1.1,56.6,7,0,0
A001777,P0058,E041,2025-08-13,Analysis,3.0,130.76,2,1,1
A001778,P0107,E009,2026-04-07,Analysis,9.4,557.3,5,0,1
A001779,P0094,E018,2025-05-07,Data Collection,7.7,323.47,2,0,0
A001780,P0037,E031,2025-09-04,Analysis,9.6,386.44,1,0,1
A001781,P0030,E035,2025-12-08,Client Review,5.5,341.33,4,1,2
A001782,P0093,E015,2025-01-28,Kickoff,5.0,355.34,5,0,0
A001783,P0025,E006,2025-11-06,Kickoff,2.4,171.5,6,0,1
A001784,P0041,E026,2026-04-27,Quality Review,6.4,259.44,0,0,1
A001785,P0029,E032,2025-12-20,Analysis,5.0,466.47,5,0,0
A001786,P0073,E039,2026-07-01,Issue Resolution,4.9,207.29,2,0,1
A001787,P0036,E001,2025-10-08,Client Review,9.5,708.96,2,0,1
A001788,P0080,E001,2026-05-01,Client Review,5.2,459.26,0,0,0
A001789,P0113,E020,2026-06-21,Quality Review,8.8,775.16,1,0,1
A001790,P0100,E029,2025-03-14,Stakeholder Meeting,1.5,98.59,3,0,1
A001791,P0114,E001,2026-07-23,Stakeholder Meeting,12.2,630.1,1,0,1
A001792,P0003,E009,2025-08-11,Data Collection,4.6,389.49,2,1,1
A001793,P0055,E021,2025-12-09,Reporting,7.3,523.81,4,0,1
A001794,P0027,E014,2025-12-27,Issue Resolution,7.7,634.96,0,0,0
A001795,P0111,E036,2026-02-04,Analysis,4.3,253.7,7,2,3
A001796,P0086,E002,2025-11-20,Kickoff,7.5,673.54,2,0,0
A001797,P0039,E045,2026-08-26,Reporting,7.7,698.97,6,0,0
A001798,P0068,E009,2025-07-27,Stakeholder Meeting,3.7,293.19,5,0,0
A001799,P0073,E023,2026-08-02,Issue Resolution,3.7,338.75,6,1,1
A001800,P0060,E050,2025-07-13,Issue Resolution,5.6,348.38,2,0,1
A001801,P0057,E034,2025-09-18,Project Administration,5.2,242.67,1,0,1
A001802,P0007,E050,2026-06-13,Stakeholder Meeting,9.0,669.19,1,1,2
A001803,P0055,E001,2026-02-26,Project Administration,7.3,541.67,1,0,1
A001804,P0042,E036,2025-11-12,Data Collection,5.3,341.74,4,0,1
A001805,P0099,E004,2026-05-21,Stakeholder Meeting,7.0,354.46,4,0,0
A001806,P0104,E031,2025-03-31,Analysis,0.5,36.23,6,0,1
A001807,P0091,E017,2025-04-11,Project Administration,4.0,183.39,7,0,0
A001808,P0004,E039,2025-05-10,Reporting,6.2,497.23,6,0,0
A001809,P0101,E007,2026-06-14,Stakeholder Meeting,8.3,742.09,2,0,1
A001810,P0048,E045,2025-06-21,Data Collection,6.0,269.98,3,0,1
A001811,P0050,E025,2025-04-09,Issue Resolution,9.1,766.37,7,0,0
A001812,P0114,E026,2026-07-06,Reporting,7.7,361.19,5,1,2
A001813,P0105,E029,2025-12-28,Issue Resolution,4.3,279.61,3,0,1
A001814,P0007,E002,2026-09-02,Stakeholder Meeting,5.1,462.85,6,0,1
A001815,P0044,E016,2025-08-07,Data Collection,6.5,259.76,1,0,0
A001816,P0090,E036,2025-07-23,Stakeholder Meeting,4.4,177.7,5,0,1
A001817,P0065,E049,2025-06-17,Reporting,9.3,860.47,7,0,1
A001818,P0031,E050,2025-11-29,Analysis,2.7,120.23,4,1,2
A001819,P0063,E027,2025-09-21,Kickoff,6.3,349.79,4,0,1
A001820,P0104,E013,2025-07-09,Issue Resolution,7.3,456.54,0,0,1
A001821,P0027,E024,2025-12-09,Quality Review,4.7,166.39,4,1,1
A001822,P0090,E024,2025-09-25,Stakeholder Meeting,4.2,194.4,2,0,0
A001823,P0089,E020,2025-04-01,Quality Review,5.3,448.93,7,1,2
A001824,P0107,E019,2026-02-27,Client Review,7.5,495.98,2,0,0
A001825,P0036,E044,2025-10-14,Kickoff,4.3,252.13,2,0,0
A001826,P0026,E020,2026-03-01,Stakeholder Meeting,2.8,212.57,3,0,1
A001827,P0066,E002,2026-01-25,Analysis,8.4,457.68,5,0,0
A001828,P0064,E037,2025-08-08,Kickoff,6.5,398.53,7,1,1
A001829,P0050,E034,2025-05-01,Kickoff,8.0,756.99,2,0,1
A001830,P0094,E019,2025-05-17,Stakeholder Meeting,7.4,602.78,1,0,1
A001831,P0096,E032,2026-03-08,Quality Review,10.9,743.8,6,1,1
A001832,P0030,E048,2025-12-26,Quality Review,8.3,552.82,4,0,1
A001833,P0096,E047,2025-12-30,Issue Resolution,3.7,316.93,3,0,1
A001834,P0028,E040,2026-03-05,Quality Review,6.7,476.05,7,0,0
A001835,P0049,E030,2025-04-06,Reporting,4.1,226.96,3,0,0
A001836,P0004,E002,2025-06-09,Issue Resolution,4.4,264.3,4,1,1
A001837,P0041,E026,2026-04-30,Reporting,2.0,92.01,7,0,1
A001838,P0116,E041,2026-04-04,Project Administration,4.8,444.34,1,0,1
A001839,P0054,E043,2025-09-13,Data Collection,6.9,511.51,7,0,0
A001840,P0086,E039,2025-10-17,Issue Resolution,5.3,312.25,7,0,0
A001841,P0013,E050,2025-03-09,Client Review,2.8,158.46,3,0,0
A001842,P0077,E026,2025-09-01,Reporting,1.7,152.01,2,0,1
A001843,P0045,E006,2026-01-24,Kickoff,10.8,611.48,1,0,0
A001844,P0090,E025,2025-08-08,Quality Review,6.3,506.41,0,0,1
A001845,P0112,E016,2025-04-26,Issue Resolution,3.4,289.43,7,0,1
A001846,P0064,E042,2025-10-31,Reporting,6.7,600.24,3,0,0
A001847,P0013,E039,2025-03-19,Kickoff,11.0,631.21,5,0,1
A001848,P0058,E022,2025-09-16,Analysis,7.1,574.53,1,0,0
A001849,P0015,E020,2025-09-13,Reporting,0.5,27.31,2,1,1
A001850,P0054,E008,2025-08-12,Issue Resolution,12.1,1108.86,6,0,0
A001851,P0008,E003,2026-01-18,Quality Review,0.9,32.1,5,0,1
A001852,P0077,E016,2025-09-21,Issue Resolution,5.0,346.06,1,1,2
A001853,P0038,E013,2025-10-05,Issue Resolution,2.7,177.11,0,0,0
A001854,P0025,E014,2025-09-13,Analysis,3.6,315.57,6,0,0
A001855,P0003,E050,2025-06-01,Data Collection,6.2,297.47,0,1,1
A001856,P0107,E035,2026-01-02,Project Administration,0.5,20.12,0,0,1
A001857,P0101,E028,2026-05-19,Reporting,5.3,454.67,2,0,0
A001858,P0098,E009,2026-05-27,Issue Resolution,8.4,470.45,7,0,1
A001859,P0007,E043,2026-08-19,Project Administration,3.4,185.28,5,0,1
A001860,P0042,E033,2025-11-23,Stakeholder Meeting,2.0,82.64,0,0,1
A001861,P0117,E026,2025-08-23,Kickoff,5.2,469.06,7,0,1
A001862,P0070,E024,2026-07-24,Project Administration,4.7,342.99,7,0,1
A001863,P0016,E028,2026-06-20,Reporting,4.0,306.12,5,0,1
A001864,P0017,E042,2026-01-07,Data Collection,2.5,222.19,0,0,1
A001865,P0032,E037,2026-05-29,Quality Review,6.8,582.29,0,0,0
A001866,P0117,E025,2025-11-19,Kickoff,7.0,434.76,6,0,1
A001867,P0021,E034,2026-04-15,Analysis,2.8,124.84,6,0,0
A001868,P0109,E047,2025-10-05,Stakeholder Meeting,3.2,241.08,6,0,0
A001869,P0082,E017,2026-05-18,Quality Review,5.8,429.45,3,0,1
A001870,P0111,E046,2026-02-10,Reporting,3.1,117.26,4,1,1
A001871,P0100,E031,2025-03-20,Issue Resolution,5.9,524.89,1,2,3
A001872,P0040,E010,2026-05-26,Stakeholder Meeting,9.2,507.05,0,0,1
A001873,P0100,E049,2025-04-06,Client Review,5.4,327.92,1,0,0
A001874,P0021,E035,2026-04-28,Project Administration,2.5,164.57,4,1,1
A001875,P0035,E020,2026-05-16,Client Review,6.5,583.19,3,0,1
A001876,P0026,E011,2026-07-11,Analysis,5.1,230.67,4,2,2
A001877,P0016,E046,2026-07-31,Client Review,5.1,291.32,3,1,1
A001878,P0011,E042,2025-04-14,Analysis,6.7,436.04,4,1,2
A001879,P0023,E003,2025-05-27,Quality Review,7.2,680.5,7,0,1
A001880,P0015,E032,2025-08-20,Reporting,5.6,343.76,5,0,0
A001881,P0046,E006,2026-02-26,Analysis,5.3,312.24,7,0,0
A001882,P0009,E015,2026-04-20,Kickoff,10.7,974.79,7,0,0
A001883,P0008,E029,2025-12-03,Issue Resolution,8.5,634.86,4,1,1
A001884,P0119,E013,2025-10-18,Client Review,7.6,340.59,7,2,3
A001885,P0011,E026,2025-02-27,Data Collection,5.8,264.18,1,0,1
A001886,P0009,E022,2026-05-01,Stakeholder Meeting,3.0,221.0,4,0,0
A001887,P0004,E030,2025-06-02,Analysis,8.3,523.09,0,1,1
A001888,P0016,E041,2026-05-20,Project Administration,5.9,209.67,0,1,2
A001889,P0064,E008,2025-10-19,Project Administration,4.1,253.85,1,1,1
A001890,P0100,E040,2025-04-01,Client Review,4.9,447.77,1,0,1
A001891,P0089,E012,2025-02-10,Stakeholder Meeting,3.1,247.51,3,2,3
A001892,P0070,E002,2026-08-07,Kickoff,8.1,554.98,5,0,0
A001893,P0011,E023,2025-03-18,Analysis,7.2,336.32,7,0,1
A001894,P0093,E016,2025-02-07,Kickoff,6.0,330.83,7,0,1
A001895,P0005,E010,2025-02-01,Issue Resolution,5.4,511.91,1,0,1
A001896,P0076,E022,2025-06-20,Kickoff,3.8,283.26,3,1,2
A001897,P0050,E044,2025-03-16,Client Review,0.5,25.79,3,0,0
A001898,P0106,E030,2026-02-15,Project Administration,2.0,158.56,0,0,1
A001899,P0037,E037,2025-10-28,Analysis,3.6,145.73,0,0,1
A001900,P0077,E008,2025-08-28,Client Review,3.3,188.88,2,1,1
A001901,P0053,E004,2025-07-04,Issue Resolution,6.2,302.24,6,0,0
A001902,P0063,E017,2025-08-17,Stakeholder Meeting,7.5,665.7,3,0,0
A001903,P0113,E039,2026-07-06,Quality Review,5.2,411.37,3,0,0
A001904,P0086,E045,2025-12-18,Data Collection,9.0,583.65,7,0,0
A001905,P0050,E006,2025-05-30,Stakeholder Meeting,3.5,208.14,3,0,0
A001906,P0054,E024,2025-08-10,Issue Resolution,5.2,449.88,5,0,1
A001907,P0085,E020,2026-02-11,Reporting,5.4,252.32,7,0,1
A001908,P0042,E038,2025-09-23,Data Collection,8.2,323.78,0,2,3
A001909,P0021,E011,2026-06-03,Quality Review,5.8,499.42,4,1,1
A001910,P0057,E025,2025-09-05,Client Review,5.8,501.06,2,0,0
A001911,P0009,E043,2026-04-30,Kickoff,1.4,69.42,0,0,0
A001912,P0021,E024,2026-04-03,Client Review,3.3,154.17,0,0,0
A001913,P0051,E040,2025-11-22,Data Collection,8.2,641.88,5,0,0
A001914,P0096,E032,2026-04-25,Analysis,0.5,21.8,5,0,1
A001915,P0094,E030,2025-05-31,Stakeholder Meeting,8.9,643.62,4,1,2
A001916,P0032,E013,2026-07-16,Quality Review,6.7,516.4,5,1,1
A001917,P0051,E050,2025-09-16,Project Administration,3.6,260.35,5,0,1
A001918,P0019,E013,2026-05-10,Analysis,3.4,206.09,0,1,1
A001919,P0091,E047,2025-06-05,Analysis,10.2,856.5,0,1,2
A001920,P0030,E050,2026-03-28,Stakeholder Meeting,9.0,817.19,2,0,1
A001921,P0096,E026,2026-04-20,Issue Resolution,5.2,402.18,4,1,1
A001922,P0102,E044,2026-02-09,Project Administration,5.8,348.8,7,2,3
A001923,P0083,E036,2025-04-21,Quality Review,3.9,369.49,7,2,2
A001924,P0040,E037,2026-05-02,Client Review,5.8,359.4,6,1,2
A001925,P0115,E004,2025-07-09,Project Administration,3.8,159.51,2,0,1
A001926,P0083,E007,2025-05-09,Issue Resolution,5.3,243.56,4,0,0
A001927,P0078,E004,2025-11-11,Client Review,10.0,558.77,0,2,3
A001928,P0103,E002,2025-12-16,Quality Review,5.3,239.92,3,0,0
A001929,P0106,E042,2026-01-23,Project Administration,2.9,236.92,0,0,1
A001930,P0010,E009,2025-03-24,Analysis,2.1,75.28,7,0,0
A001931,P0106,E001,2026-02-16,Stakeholder Meeting,5.8,344.25,3,0,1
A001932,P0092,E047,2026-03-21,Client Review,3.6,315.69,5,0,1
A001933,P0025,E014,2025-10-31,Kickoff,6.1,256.59,0,1,1
A001934,P0037,E041,2025-06-20,Quality Review,1.5,104.35,7,0,0
A001935,P0091,E049,2025-08-02,Issue Resolution,7.2,655.42,4,0,0
A001936,P0026,E027,2026-04-04,Data Collection,2.8,110.03,0,0,0
A001937,P0055,E047,2026-03-31,Issue Resolution,5.6,313.51,2,0,0
A001938,P0083,E049,2025-05-15,Stakeholder Meeting,4.7,175.12,1,1,2
A001939,P0079,E008,2026-06-10,Issue Resolution,9.8,744.13,0,1,1
A001940,P0110,E008,2026-06-01,Reporting,5.9,354.29,0,1,2
A001941,P0014,E019,2025-02-10,Data Collection,10.4,955.13,5,0,0
A001942,P0036,E028,2025-10-14,Client Review,6.9,527.69,6,1,1
A001943,P0119,E040,2025-11-17,Kickoff,9.1,647.16,5,0,1
A001944,P0069,E010,2026-02-26,Analysis,5.0,448.1,5,0,0
A001945,P0030,E010,2026-01-24,Issue Resolution,6.4,273.79,0,1,1
A001946,P0035,E016,2026-05-16,Issue Resolution,8.5,697.06,1,0,1
A001947,P0041,E014,2026-06-13,Kickoff,7.8,614.55,0,0,0
A001948,P0067,E048,2025-08-30,Stakeholder Meeting,6.8,512.69,7,1,2
A001949,P0035,E020,2026-05-28,Kickoff,4.7,344.44,5,0,0
A001950,P0075,E044,2026-04-10,Analysis,5.1,216.56,7,1,1
A001951,P0054,E003,2025-09-14,Project Administration,8.3,695.89,7,0,1
A001952,P0074,E006,2025-11-22,Data Collection,8.9,650.67,1,0,1
A001953,P0019,E041,2026-03-28,Reporting,4.0,325.15,4,1,2
A001954,P0075,E013,2026-02-22,Issue Resolution,3.6,315.24,5,0,0
A001955,P0111,E005,2026-01-25,Issue Resolution,3.2,216.15,5,0,1
A001956,P0017,E030,2025-12-26,Stakeholder Meeting,7.6,702.34,5,0,0
A001957,P0040,E008,2026-05-02,Client Review,3.2,132.97,3,0,0
A001958,P0084,E004,2026-04-28,Quality Review,7.5,264.32,0,0,0
A001959,P0075,E021,2026-03-17,Kickoff,6.9,378.1,7,1,2
A001960,P0081,E028,2025-12-26,Analysis,4.1,196.77,5,0,1
A001961,P0068,E027,2025-08-28,Client Review,9.4,641.24,6,0,0
A001962,P0082,E030,2026-04-15,Client Review,1.8,93.27,1,0,1
A001963,P0074,E002,2025-09-21,Quality Review,9.6,732.37,0,0,1
A001964,P0009,E015,2026-04-25,Issue Resolution,6.3,577.83,7,0,1
A001965,P0091,E018,2025-07-29,Client Review,0.5,40.58,6,1,1
A001966,P0054,E015,2025-09-16,Stakeholder Meeting,9.5,572.04,6,0,0
A001967,P0007,E028,2026-06-30,Analysis,7.9,743.63,3,0,1
A001968,P0050,E012,2025-05-25,Project Administration,4.4,357.59,7,0,1
A001969,P0053,E032,2025-05-17,Project Administration,3.1,259.32,1,0,0
A001970,P0011,E047,2025-04-22,Kickoff,1.6,75.66,6,0,1
A001971,P0120,E034,2026-03-15,Issue Resolution,11.5,876.46,3,0,0
A001972,P0027,E020,2025-12-24,Data Collection,3.2,125.56,1,0,1
A001973,P0040,E022,2026-04-17,Issue Resolution,2.3,112.97,5,0,1
A001974,P0053,E030,2025-06-20,Reporting,6.2,223.11,2,0,1
A001975,P0100,E037,2025-04-06,Client Review,1.4,108.24,1,1,2
A001976,P0090,E016,2025-08-18,Client Review,3.0,108.77,5,0,1
A001977,P0093,E002,2025-02-06,Reporting,8.0,495.6,6,1,1
A001978,P0029,E036,2026-01-24,Analysis,6.7,495.34,2,0,1
A001979,P0102,E034,2026-01-20,Issue Resolution,4.5,239.85,7,0,0
A001980,P0100,E006,2025-03-23,Quality Review,5.5,313.7,5,0,1
A001981,P0056,E032,2025-05-03,Quality Review,4.4,383.19,0,0,1
A001982,P0066,E004,2025-12-24,Analysis,5.3,472.15,2,1,2
A001983,P0005,E033,2025-01-13,Kickoff,3.6,311.48,7,0,0
A001984,P0092,E038,2026-02-17,Quality Review,4.0,319.98,1,0,1
A001985,P0116,E001,2026-06-07,Stakeholder Meeting,4.0,206.61,7,0,0
A001986,P0057,E037,2025-08-19,Reporting,3.7,146.08,4,1,2
A001987,P0065,E007,2025-07-28,Stakeholder Meeting,8.1,521.01,5,0,1
A001988,P0060,E014,2025-08-08,Project Administration,7.4,669.43,5,1,2
A001989,P0010,E036,2025-04-03,Client Review,3.2,154.89,4,0,0
A001990,P0075,E018,2026-03-23,Quality Review,2.5,118.93,4,0,1
A001991,P0087,E049,2026-03-08,Client Review,5.1,417.07,4,1,2
A001992,P0112,E048,2025-05-06,Reporting,10.9,768.66,5,0,1
A001993,P0112,E050,2025-04-16,Reporting,2.9,171.85,5,0,1
A001994,P0060,E006,2025-07-24,Reporting,5.1,442.48,3,0,1
A001995,P0116,E009,2026-05-02,Project Administration,5.7,398.72,3,1,1
A001996,P0064,E010,2025-11-08,Analysis,5.2,469.12,6,1,1
A001997,P0078,E030,2025-11-13,Stakeholder Meeting,4.4,251.19,6,0,1
A001998,P0073,E022,2026-07-21,Analysis,8.4,517.81,5,1,2
A001999,P0120,E038,2026-08-07,Reporting,6.6,260.42,3,0,1
A002000,P0089,E015,2025-03-08,Project Administration,7.6,433.67,4,0,0
A002001,P0015,E010,2025-08-13,Reporting,7.0,320.48,4,1,1
A002002,P0009,E033,2026-04-25,Data Collection,7.7,284.67,3,1,2
A002003,P0050,E031,2025-07-31,Project Administration,9.5,478.28,1,0,0
A002004,P0062,E035,2025-06-29,Issue Resolution,8.8,567.05,4,1,2
A002005,P0081,E016,2026-01-15,Stakeholder Meeting,11.3,563.21,3,0,1
A002006,P0058,E027,2025-08-12,Data Collection,8.5,353.14,0,1,1
A002007,P0062,E047,2025-08-03,Stakeholder Meeting,3.8,235.95,7,0,0
A002008,P0111,E031,2026-02-06,Issue Resolution,7.6,333.42,5,0,1
A002009,P0041,E047,2026-06-28,Reporting,7.3,293.17,0,1,1
A002010,P0060,E022,2025-08-28,Data Collection,10.3,953.89,1,0,0
A002011,P0067,E003,2025-05-29,Data Collection,3.1,197.03,4,0,1
A002012,P0057,E039,2025-08-29,Project Administration,6.9,573.66,6,1,2
A002013,P0117,E024,2025-08-11,Quality Review,3.8,171.94,3,0,1
A002014,P0116,E003,2026-04-06,Client Review,6.8,426.31,6,0,0
A002015,P0062,E007,2025-06-22,Stakeholder Meeting,5.0,201.98,1,0,1
A002016,P0055,E016,2026-02-22,Kickoff,6.7,400.04,4,0,1
A002017,P0071,E010,2026-01-18,Stakeholder Meeting,2.0,169.17,6,0,1
A002018,P0022,E035,2026-07-04,Client Review,7.5,664.24,6,0,1
A002019,P0052,E031,2025-10-01,Stakeholder Meeting,6.0,396.84,1,1,1
A002020,P0027,E017,2025-12-04,Reporting,5.9,307.89,5,0,1
A002021,P0018,E005,2025-05-11,Stakeholder Meeting,10.4,821.68,0,1,1
A002022,P0012,E004,2026-06-20,Stakeholder Meeting,4.5,330.01,1,2,2
A002023,P0071,E048,2026-02-03,Analysis,6.4,404.66,7,0,1
A002024,P0001,E018,2026-05-22,Analysis,5.8,368.43,5,2,2
A002025,P0078,E006,2025-11-16,Analysis,6.0,387.56,1,0,1
A002026,P0052,E036,2025-09-07,Client Review,11.1,614.44,7,0,0
A002027,P0044,E044,2025-11-17,Stakeholder Meeting,5.7,376.99,7,2,2
A002028,P0093,E007,2025-01-25,Client Review,4.1,157.61,0,1,2
A002029,P0065,E048,2025-07-08,Analysis,10.2,705.95,0,0,1
A002030,P0089,E037,2025-02-18,Analysis,4.7,304.43,1,0,1
A002031,P0086,E013,2025-10-07,Project Administration,1.5,90.35,6,0,1
A002032,P0004,E039,2025-06-27,Issue Resolution,3.6,195.98,4,1,1
A002033,P0026,E021,2026-04-29,Stakeholder Meeting,2.4,173.54,4,0,1
A002034,P0069,E032,2026-03-10,Analysis,1.0,64.1,3,0,1
A002035,P0118,E007,2025-12-05,Client Review,4.6,188.83,3,0,0
A002036,P0019,E013,2026-04-09,Kickoff,5.3,304.58,5,0,1
A002037,P0013,E039,2025-04-04,Quality Review,8.5,336.52,0,0,0
A002038,P0113,E041,2026-06-30,Reporting,7.1,410.03,4,0,0
A002039,P0117,E001,2025-08-30,Client Review,7.0,468.79,1,0,0
A002040,P0021,E011,2026-04-14,Kickoff,3.3,192.92,6,0,1
A002041,P0049,E031,2025-02-01,Kickoff,7.7,427.33,1,0,0
A002042,P0076,E046,2025-08-03,Analysis,9.0,466.82,0,0,0
A002043,P0024,E034,2026-08-19,Data Collection,6.5,376.39,3,0,0
A002044,P0040,E036,2026-04-08,Quality Review,6.6,258.45,3,1,1
A002045,P0048,E020,2025-05-28,Project Administration,2.3,217.66,4,0,1
A002046,P0077,E003,2025-11-16,Analysis,8.1,553.39,6,0,1
A002047,P0037,E039,2025-08-16,Quality Review,10.0,731.71,5,0,0
A002048,P0050,E040,2025-04-05,Data Collection,6.3,289.73,2,0,1
A002049,P0035,E023,2026-06-25,Kickoff,4.0,361.62,5,1,2
A002050,P0092,E026,2026-04-26,Client Review,5.1,353.28,4,1,2
A002051,P0019,E012,2026-03-15,Analysis,4.4,263.39,1,0,0
A002052,P0028,E023,2026-03-03,Quality Review,4.6,357.85,0,0,0
A002053,P0030,E013,2026-01-14,Client Review,7.1,378.15,0,0,0
A002054,P0109,E022,2025-11-26,Issue Resolution,6.2,564.69,1,1,2
A002055,P0114,E007,2026-05-26,Data Collection,8.0,361.27,6,0,1
A002056,P0061,E031,2026-06-09,Reporting,6.4,543.91,3,2,3
A002057,P0019,E013,2026-04-13,Project Administration,3.3,306.89,3,0,0
A002058,P0091,E037,2025-04-22,Quality Review,4.2,270.92,3,2,3
A002059,P0060,E026,2025-08-25,Kickoff,4.1,359.16,2,0,0
A002060,P0102,E045,2025-11-24,Analysis,5.0,196.47,5,0,1
A002061,P0044,E012,2025-08-08,Issue Resolution,10.0,722.35,0,0,0
A002062,P0120,E014,2026-08-01,Issue Resolution,10.4,586.29,4,0,0
A002063,P0097,E013,2025-10-07,Analysis,7.6,432.13,7,2,2
A002064,P0027,E032,2025-12-18,Data Collection,5.8,359.73,7,0,0
A002065,P0088,E006,2025-12-28,Analysis,2.1,148.69,2,0,0
A002066,P0035,E035,2026-06-07,Analysis,6.1,438.96,6,2,2
A002067,P0042,E041,2025-10-25,Client Review,3.5,180.94,1,0,1
A002068,P0031,E034,2025-11-18,Issue Resolution,9.6,557.15,1,0,0
A002069,P0082,E007,2026-03-14,Kickoff,1.5,74.96,2,0,0
A002070,P0032,E025,2026-03-29,Client Review,6.5,474.19,0,0,1
A002071,P0077,E027,2025-12-05,Client Review,3.3,135.7,2,1,2
A002072,P0070,E020,2026-07-19,Reporting,5.5,332.28,6,0,1
A002073,P0091,E024,2025-04-22,Issue Resolution,7.2,674.71,6,1,1
A002074,P0120,E039,2026-07-21,Kickoff,8.1,764.05,2,0,0
A002075,P0002,E042,2025-09-16,Client Review,5.3,350.21,2,0,1
A002076,P0119,E016,2025-09-13,Data Collection,7.4,368.87,2,1,1
A002077,P0014,E017,2025-03-21,Project Administration,3.8,266.04,0,1,2
A002078,P0064,E011,2025-11-27,Quality Review,6.1,392.28,1,0,1
A002079,P0041,E021,2026-07-09,Kickoff,8.0,300.39,7,0,0
A002080,P0077,E028,2025-11-17,Client Review,6.3,594.38,5,0,1
A002081,P0087,E036,2026-04-29,Client Review,4.2,229.45,5,1,2
A002082,P0104,E014,2025-03-08,Quality Review,4.8,282.99,2,0,1
A002083,P0049,E011,2025-04-27,Analysis,8.0,526.51,6,0,1
A002084,P0112,E002,2025-04-04,Kickoff,2.8,245.9,1,0,1
A002085,P0039,E005,2026-06-28,Project Administration,3.1,257.14,7,1,2
A002086,P0025,E003,2025-07-26,Data Collection,7.0,331.33,4,0,1
A002087,P0046,E011,2025-12-26,Issue Resolution,4.4,343.14,2,0,0
A002088,P0064,E035,2025-10-01,Reporting,1.9,166.2,6,1,2
A002089,P0081,E039,2026-01-08,Client Review,8.9,692.92,3,0,0
A002090,P0100,E049,2025-03-30,Client Review,2.8,121.38,2,0,0
A002091,P0027,E028,2025-12-06,Issue Resolution,5.0,336.67,5,0,1
A002092,P0037,E023,2025-08-17,Kickoff,4.0,341.25,5,0,1
A002093,P0113,E045,2026-07-11,Project Administration,4.8,224.34,4,1,2
A002094,P0053,E008,2025-04-26,Kickoff,3.3,222.13,3,0,0
A002095,P0029,E032,2025-12-27,Project Administration,7.3,548.76,2,0,0
A002096,P0119,E041,2025-10-21,Analysis,5.8,424.11,3,0,1
A002097,P0054,E026,2025-08-22,Issue Resolution,8.0,331.17,6,0,1
A002098,P0119,E014,2025-10-11,Kickoff,4.0,206.59,2,0,1
A002099,P0111,E032,2026-02-03,Quality Review,10.8,735.78,7,1,1
A002100,P0109,E050,2025-11-09,Quality Review,0.7,33.27,1,0,1
A002101,P0070,E012,2026-06-19,Project Administration,1.5,82.53,1,0,1
A002102,P0096,E029,2026-03-03,Data Collection,9.9,593.06,2,0,0
A002103,P0116,E003,2026-06-18,Kickoff,6.7,239.98,0,1,1
A002104,P0033,E012,2026-02-24,Reporting,6.4,420.0,7,1,2
A002105,P0005,E039,2025-01-29,Kickoff,6.6,624.92,2,0,1
A002106,P0039,E025,2026-07-27,Client Review,6.9,410.52,0,0,1
A002107,P0077,E010,2025-10-06,Kickoff,6.2,319.04,4,1,1
A002108,P0066,E017,2026-01-29,Project Administration,3.1,155.56,7,1,2
A002109,P0010,E007,2025-04-02,Quality Review,7.5,494.33,7,0,1
A002110,P0068,E039,2025-07-05,Project Administration,7.2,449.0,0,1,2
A002111,P0021,E048,2026-05-11,Data Collection,9.1,789.14,6,1,1
A002112,P0061,E006,2026-02-14,Analysis,9.9,726.21,2,0,0
A002113,P0070,E012,2026-09-16,Quality Review,6.3,371.19,6,0,0
A002114,P0077,E043,2025-11-09,Kickoff,2.4,139.55,4,0,0
A002115,P0050,E044,2025-07-18,Kickoff,9.9,671.53,5,0,0
A002116,P0049,E039,2025-04-27,Analysis,3.0,150.61,6,1,1
A002117,P0082,E036,2026-02-07,Client Review,6.3,380.34,7,0,1
A002118,P0090,E044,2025-07-23,Client Review,4.9,255.3,1,0,1
A002119,P0097,E019,2025-10-13,Kickoff,4.4,290.08,5,0,0
A002120,P0041,E045,2026-07-09,Kickoff,7.4,501.69,1,0,0
A002121,P0051,E045,2025-09-02,Reporting,6.1,523.43,7,0,0
A002122,P0040,E012,2026-07-09,Stakeholder Meeting,6.8,340.48,5,0,1
A002123,P0064,E004,2025-12-06,Issue Resolution,3.5,312.49,1,0,0
A002124,P0016,E027,2026-05-08,Analysis,5.1,342.29,2,1,2
A002125,P0052,E038,2025-09-21,Stakeholder Meeting,3.6,283.0,7,0,0
A002126,P0023,E043,2025-08-10,Data Collection,5.0,358.5,5,0,1
A002127,P0064,E008,2025-12-08,Analysis,5.2,440.66,1,1,2
A002128,P0103,E019,2026-01-21,Client Review,10.1,755.36,6,0,1
A002129,P0119,E039,2025-10-16,Quality Review,4.9,174.76,5,1,2
A002130,P0054,E004,2025-10-14,Reporting,0.5,29.21,0,0,1
A002131,P0007,E037,2026-06-11,Kickoff,9.0,821.72,2,1,1
A002132,P0028,E015,2026-03-05,Quality Review,6.6,409.78,6,0,0
A002133,P0013,E002,2025-04-21,Quality Review,5.2,440.46,2,0,0
A002134,P0092,E013,2026-02-22,Project Administration,4.4,383.41,0,0,0
A002135,P0119,E038,2025-10-01,Stakeholder Meeting,3.1,170.36,4,1,1
A002136,P0067,E044,2025-07-04,Kickoff,10.3,890.57,7,1,1
A002137,P0022,E005,2026-06-11,Client Review,5.6,322.82,4,0,1
A002138,P0003,E024,2025-07-11,Data Collection,1.2,43.83,7,0,1
A002139,P0118,E011,2025-12-06,Project Administration,6.3,482.99,0,0,0
A002140,P0038,E035,2025-10-25,Stakeholder Meeting,8.5,715.85,5,0,1
A002141,P0014,E040,2025-02-08,Issue Resolution,5.9,366.37,5,0,0
A002142,P0022,E049,2026-06-06,Reporting,3.2,145.29,7,1,1
A002143,P0031,E018,2025-11-19,Quality Review,3.0,215.75,4,0,1
A002144,P0079,E015,2026-05-26,Reporting,3.2,253.75,6,1,2
A002145,P0108,E016,2025-05-22,Data Collection,9.3,690.89,1,0,0
A002146,P0034,E039,2025-04-04,Kickoff,5.3,298.64,0,1,2
A002147,P0083,E023,2025-05-05,Client Review,1.3,74.23,5,0,1
A002148,P0008,E002,2026-01-14,Project Administration,6.5,441.65,0,0,0
A002149,P0002,E048,2025-11-20,Issue Resolution,5.9,274.96,6,1,2
A002150,P0007,E006,2026-08-15,Analysis,4.4,377.39,0,0,1
A002151,P0111,E047,2026-02-03,Stakeholder Meeting,2.9,119.3,5,1,1
A002152,P0070,E009,2026-07-18,Stakeholder Meeting,2.8,179.74,3,1,2
A002153,P0097,E027,2025-10-11,Client Review,8.2,709.84,5,2,2
A002154,P0003,E016,2025-07-15,Reporting,6.1,407.27,4,1,2
A002155,P0003,E035,2025-10-26,Issue Resolution,6.7,540.4,3,0,0
A002156,P0102,E021,2025-12-03,Project Administration,6.1,301.19,3,0,0
A002157,P0013,E019,2025-04-15,Stakeholder Meeting,6.3,388.9,4,1,1
A002158,P0019,E024,2026-06-09,Reporting,4.3,334.47,5,0,0
A002159,P0063,E049,2025-08-20,Quality Review,5.0,441.5,5,0,0
A002160,P0073,E013,2026-07-22,Project Administration,8.4,618.09,3,0,1
A002161,P0028,E011,2026-05-24,Stakeholder Meeting,9.0,446.09,2,0,0
A002162,P0054,E004,2025-09-14,Data Collection,2.4,105.07,0,0,1
A002163,P0081,E037,2025-10-25,Stakeholder Meeting,5.0,427.46,6,0,1
A002164,P0054,E034,2025-10-06,Reporting,7.6,518.64,1,2,3
A002165,P0046,E031,2026-02-04,Project Administration,10.2,469.53,3,1,1
A002166,P0009,E002,2026-04-14,Issue Resolution,10.0,641.41,7,0,1
A002167,P0055,E040,2025-12-18,Kickoff,3.5,149.03,6,0,0
A002168,P0097,E041,2025-10-12,Quality Review,8.7,359.4,2,1,2
A002169,P0076,E048,2025-08-26,Data Collection,5.6,505.11,3,0,1
A002170,P0108,E047,2025-03-06,Stakeholder Meeting,8.1,548.19,2,0,1
A002171,P0016,E014,2026-07-27,Project Administration,7.5,374.51,5,1,1
A002172,P0002,E036,2025-08-23,Project Administration,2.3,202.11,1,0,1
A002173,P0066,E021,2026-01-13,Data Collection,6.9,655.04,7,0,0
A002174,P0022,E030,2026-06-04,Data Collection,8.0,704.42,7,0,1
A002175,P0072,E017,2026-04-26,Client Review,5.4,431.22,2,0,1
A002176,P0109,E033,2025-10-30,Stakeholder Meeting,4.9,454.35,1,0,1
A002177,P0041,E048,2026-07-16,Stakeholder Meeting,1.6,74.95,4,0,1
A002178,P0066,E033,2026-03-24,Issue Resolution,7.2,631.16,5,1,2
A002179,P0082,E047,2026-05-11,Project Administration,6.0,339.15,5,1,2
A002180,P0019,E047,2026-04-14,Project Administration,3.2,118.19,0,0,0
A002181,P0108,E006,2025-02-19,Issue Resolution,4.7,173.63,5,0,0
A002182,P0025,E049,2025-10-31,Project Administration,5.9,272.99,0,0,1
A002183,P0097,E041,2025-10-02,Client Review,4.1,335.25,2,0,0
A002184,P0080,E022,2026-05-22,Issue Resolution,5.5,488.4,5,0,0
A002185,P0017,E031,2025-12-28,Quality Review,1.1,46.95,7,0,1
A002186,P0087,E031,2026-04-06,Kickoff,8.9,762.93,5,0,1
A002187,P0024,E040,2026-08-18,Issue Resolution,5.5,441.81,1,0,1
A002188,P0072,E041,2026-08-04,Project Administration,2.8,106.77,5,0,0
A002189,P0116,E006,2026-03-08,Analysis,0.5,39.44,0,0,1
A002190,P0115,E001,2025-05-26,Stakeholder Meeting,8.1,302.15,1,2,3
A002191,P0105,E013,2026-02-23,Reporting,6.9,350.21,0,0,1
A002192,P0060,E027,2025-07-31,Reporting,6.0,401.13,7,2,3
A002193,P0068,E043,2025-07-31,Client Review,7.7,689.58,2,0,1
A002194,P0037,E033,2025-07-10,Stakeholder Meeting,7.7,318.17,4,0,0
A002195,P0111,E007,2026-02-04,Issue Resolution,6.0,335.39,6,1,1
A002196,P0058,E036,2025-08-01,Issue Resolution,4.9,341.11,7,0,1
A002197,P0093,E024,2025-02-16,Project Administration,4.5,357.36,7,0,1
A002198,P0044,E019,2025-11-26,Reporting,6.6,593.49,1,1,2
A002199,P0089,E039,2025-03-25,Kickoff,9.0,568.18,3,0,1
A002200,P0027,E015,2025-12-19,Issue Resolution,5.2,444.36,3,1,1
A002201,P0089,E031,2025-02-20,Kickoff,9.2,662.6,6,0,0
A002202,P0006,E010,2025-08-06,Data Collection,6.4,302.36,2,1,1
A002203,P0013,E020,2025-04-13,Analysis,6.5,453.54,1,0,1
A002204,P0043,E028,2026-03-20,Data Collection,11.5,619.03,6,0,0
A002205,P0058,E032,2025-08-31,Client Review,9.6,741.3,3,1,1
A002206,P0086,E046,2025-12-28,Stakeholder Meeting,9.7,505.1,5,0,1
A002207,P0044,E015,2025-09-05,Data Collection,3.5,177.7,3,0,0
A002208,P0003,E045,2025-09-26,Kickoff,11.0,1008.94,3,1,1
A002209,P0040,E041,2026-05-08,Data Collection,5.3,474.47,0,1,1
A002210,P0053,E018,2025-05-02,Client Review,4.9,304.31,0,0,1
A002211,P0066,E008,2026-02-12,Issue Resolution,0.5,40.46,0,0,1
A002212,P0078,E013,2025-12-23,Analysis,6.3,591.72,1,1,1
A002213,P0030,E033,2026-03-15,Kickoff,2.8,112.89,2,0,1
A002214,P0074,E040,2025-12-25,Reporting,6.5,463.9,0,0,0
A002215,P0076,E031,2025-09-25,Issue Resolution,2.6,130.55,1,0,1
A002216,P0094,E037,2025-05-24,Kickoff,10.0,830.01,6,0,1
A002217,P0063,E006,2025-08-25,Issue Resolution,6.9,283.48,6,1,1
A002218,P0098,E026,2026-04-26,Data Collection,11.2,922.08,2,0,0
A002219,P0027,E044,2025-12-20,Analysis,2.9,136.41,7,1,2
A002220,P0086,E020,2026-01-22,Reporting,9.4,586.19,0,0,0
A002221,P0006,E045,2025-08-27,Kickoff,1.0,83.83,0,0,0
A002222,P0013,E007,2025-03-05,Analysis,6.0,234.29,2,0,0
A002223,P0104,E049,2025-06-19,Data Collection,3.9,353.69,2,1,2
A002224,P0058,E040,2025-08-08,Data Collection,4.4,211.38,0,0,0
A002225,P0075,E032,2026-04-20,Client Review,4.2,273.18,6,0,1
A002226,P0073,E031,2026-07-25,Analysis,3.2,253.04,7,0,0
A002227,P0084,E047,2026-07-09,Kickoff,2.4,101.78,2,0,0
A002228,P0030,E019,2026-02-15,Data Collection,4.4,314.71,2,0,1
A002229,P0022,E009,2026-06-11,Kickoff,5.8,382.42,5,0,1
A002230,P0006,E046,2025-07-26,Reporting,8.4,589.26,7,0,1
A002231,P0104,E006,2025-04-21,Project Administration,6.2,463.45,2,0,1
A002232,P0027,E033,2026-01-30,Data Collection,8.4,506.0,5,0,0
A002233,P0070,E014,2026-07-01,Client Review,1.8,95.27,0,1,1
A002234,P0055,E047,2025-11-19,Stakeholder Meeting,4.4,202.54,4,1,1
A002235,P0020,E049,2026-04-08,Kickoff,7.3,666.81,7,1,1
A002236,P0050,E024,2025-06-20,Client Review,6.4,378.13,3,1,1
A002237,P0010,E027,2025-03-22,Data Collection,3.3,171.38,5,0,0
A002238,P0022,E023,2026-07-31,Quality Review,7.8,297.59,5,0,1
A002239,P0017,E022,2026-01-23,Quality Review,4.2,336.3,5,0,0
A002240,P0099,E047,2026-06-22,Reporting,3.6,239.99,5,0,1
A002241,P0069,E015,2026-03-16,Data Collection,6.7,311.27,7,1,2
A002242,P0112,E048,2025-05-12,Analysis,5.5,487.31,0,0,0
A002243,P0053,E033,2025-04-02,Client Review,4.2,382.31,7,0,0
A002244,P0025,E049,2025-09-24,Project Administration,4.1,360.15,7,0,1
A002245,P0074,E031,2025-11-28,Kickoff,2.8,192.24,7,0,1
A002246,P0112,E041,2025-05-11,Stakeholder Meeting,4.5,258.29,2,0,0
A002247,P0064,E025,2025-12-01,Issue Resolution,8.3,371.12,4,0,1
A002248,P0003,E024,2025-09-16,Analysis,6.1,351.57,2,0,0
A002249,P0037,E013,2025-09-17,Quality Review,7.9,566.67,6,1,1
A002250,P0111,E011,2026-02-03,Project Administration,6.8,330.43,3,0,0
A002251,P0063,E002,2025-09-08,Project Administration,4.0,251.35,2,0,1
A002252,P0115,E020,2025-05-01,Reporting,1.4,97.14,5,1,2
A002253,P0062,E050,2025-07-05,Client Review,3.2,252.44,0,0,1
A002254,P0002,E047,2025-11-25,Reporting,3.8,153.83,3,0,1
A002255,P0105,E035,2026-01-18,Analysis,3.6,313.27,1,0,0
A002256,P0092,E019,2026-02-17,Issue Resolution,8.0,498.92,2,0,0
A002257,P0086,E027,2026-03-06,Kickoff,7.9,552.34,3,0,1
A002258,P0117,E038,2025-11-18,Kickoff,11.0,1005.61,0,0,1
A002259,P0024,E001,2026-08-24,Reporting,3.6,162.28,6,1,2
A002260,P0109,E047,2025-10-17,Issue Resolution,9.5,836.66,3,0,1
A002261,P0028,E044,2026-05-19,Issue Resolution,9.5,791.03,2,0,1
A002262,P0117,E049,2025-08-26,Client Review,4.9,463.74,1,0,0
A002263,P0023,E005,2025-07-04,Stakeholder Meeting,6.7,392.5,7,1,2
A002264,P0067,E048,2025-09-01,Stakeholder Meeting,8.6,366.45,6,0,1
A002265,P0095,E031,2025-12-30,Stakeholder Meeting,5.4,193.59,3,0,0
A002266,P0010,E028,2025-03-04,Analysis,5.2,429.29,2,0,1
A002267,P0009,E009,2026-04-13,Stakeholder Meeting,3.9,168.46,3,0,0
A002268,P0102,E025,2025-12-21,Kickoff,0.5,26.68,7,0,0
A002269,P0008,E019,2025-12-19,Analysis,5.7,537.16,1,1,2
A002270,P0074,E050,2026-01-08,Project Administration,3.7,227.65,5,0,0
A002271,P0113,E017,2026-06-08,Client Review,2.8,136.84,7,0,0
A002272,P0074,E011,2025-10-05,Data Collection,6.6,529.28,6,1,2
A002273,P0058,E048,2025-09-03,Analysis,1.9,97.46,6,1,2
A002274,P0051,E010,2025-09-07,Analysis,7.5,501.46,7,0,0
A002275,P0077,E046,2025-09-04,Analysis,6.7,297.75,0,0,1
A002276,P0069,E049,2026-03-13,Client Review,4.5,281.92,1,2,3
A002277,P0061,E016,2026-04-29,Project Administration,5.3,220.04,1,0,1
A002278,P0019,E035,2026-04-05,Client Review,2.5,203.46,4,0,1
A002279,P0080,E040,2026-04-05,Quality Review,7.4,421.12,3,0,0
A002280,P0089,E027,2025-02-23,Data Collection,6.0,324.77,0,0,0
A002281,P0086,E035,2025-12-03,Data Collection,6.2,586.69,4,0,0
A002282,P0010,E007,2025-02-22,Issue Resolution,6.8,576.52,0,1,2
A002283,P0085,E026,2025-10-16,Client Review,3.9,266.12,3,0,0
A002284,P0088,E026,2025-12-13,Quality Review,1.7,155.81,2,0,1
A002285,P0023,E029,2025-05-07,Reporting,7.9,376.7,7,0,1
A002286,P0102,E048,2025-12-17,Issue Resolution,7.2,499.75,5,0,1
A002287,P0063,E042,2025-09-08,Issue Resolution,4.2,381.12,4,1,2
A002288,P0057,E031,2025-06-28,Kickoff,6.5,449.69,6,1,1
A002289,P0087,E021,2026-04-02,Stakeholder Meeting,8.6,459.92,1,1,2
A002290,P0062,E021,2025-07-22,Kickoff,8.3,694.7,2,2,3
A002291,P0066,E002,2026-02-16,Stakeholder Meeting,4.1,177.65,6,0,1
A002292,P0038,E028,2025-10-22,Reporting,1.8,79.42,5,0,0
A002293,P0112,E013,2025-05-13,Data Collection,2.2,173.51,0,0,1
A002294,P0117,E045,2025-08-08,Data Collection,4.7,184.05,1,1,1
A002295,P0016,E039,2026-05-15,Quality Review,9.2,349.95,1,0,1
A002296,P0088,E046,2025-12-11,Quality Review,3.7,213.65,0,0,1
A002297,P0003,E050,2025-09-21,Client Review,4.0,235.5,5,0,1
A002298,P0045,E021,2026-02-15,Kickoff,4.0,252.72,0,0,1
A002299,P0117,E022,2025-11-11,Analysis,4.2,333.66,6,0,1
A002300,P0021,E031,2026-05-09,Issue Resolution,5.5,380.22,4,1,2
A002301,P0046,E022,2026-01-22,Client Review,2.3,178.97,6,0,1
A002302,P0027,E014,2025-12-12,Project Administration,8.2,311.55,3,0,1
A002303,P0088,E036,2025-11-28,Issue Resolution,5.1,275.11,7,0,1
A002304,P0056,E023,2025-06-09,Issue Resolution,11.7,1087.92,2,0,0
A002305,P0072,E048,2026-06-19,Quality Review,2.6,157.73,4,0,1
A002306,P0114,E011,2026-06-18,Project Administration,9.5,459.32,0,0,0
A002307,P0063,E023,2025-09-16,Stakeholder Meeting,9.0,850.73,6,0,1
A002308,P0089,E027,2025-04-05,Project Administration,4.5,268.56,4,0,1
A002309,P0012,E046,2026-04-16,Stakeholder Meeting,4.5,286.77,1,1,2
A002310,P0026,E029,2026-07-10,Stakeholder Meeting,3.2,154.97,6,0,0
A002311,P0114,E004,2026-06-01,Client Review,3.2,238.02,7,1,2
A002312,P0104,E017,2025-07-10,Stakeholder Meeting,5.5,260.89,0,0,0
A002313,P0079,E045,2026-06-23,Data Collection,5.6,400.93,6,0,0
A002314,P0046,E014,2025-12-28,Project Administration,1.5,120.67,5,0,0
A002315,P0024,E018,2026-08-27,Quality Review,11.2,830.41,2,0,1
A002316,P0103,E008,2026-01-09,Project Administration,4.9,198.07,5,0,1
A002317,P0095,E036,2026-01-28,Stakeholder Meeting,5.7,226.78,6,0,1
A002318,P0030,E007,2025-12-20,Project Administration,3.9,333.61,3,0,0
A002319,P0071,E019,2025-12-28,Reporting,4.8,428.51,5,1,1
A002320,P0075,E036,2026-03-03,Client Review,4.6,198.44,0,1,2
A002321,P0058,E045,2025-07-26,Client Review,5.5,316.4,7,0,1
A002322,P0112,E012,2025-04-07,Data Collection,5.5,408.34,7,1,2
A002323,P0015,E017,2025-08-29,Issue Resolution,7.5,638.47,1,2,2
A002324,P0031,E006,2025-12-19,Project Administration,6.1,546.19,3,0,1
A002325,P0012,E022,2026-05-17,Reporting,7.3,561.52,1,0,0
A002326,P0084,E050,2026-03-21,Project Administration,5.5,241.17,3,0,1
A002327,P0078,E016,2025-10-26,Issue Resolution,6.1,494.72,2,1,1
A002328,P0119,E013,2025-11-10,Reporting,4.9,424.05,6,1,2
A002329,P0066,E020,2026-01-16,Quality Review,8.0,448.63,5,0,1
A002330,P0019,E045,2026-03-22,Issue Resolution,6.3,407.29,6,1,1
A002331,P0055,E028,2026-01-18,Data Collection,5.1,229.41,6,0,0
A002332,P0011,E031,2025-02-18,Reporting,5.0,266.36,5,0,1
A002333,P0081,E040,2025-10-26,Issue Resolution,5.2,453.38,1,0,0
A002334,P0081,E036,2025-12-31,Project Administration,5.6,225.85,6,1,2
A002335,P0103,E030,2026-01-03,Analysis,5.4,436.03,6,0,1
A002336,P0041,E029,2026-06-17,Kickoff,4.1,167.52,0,0,1
A002337,P0038,E027,2025-10-16,Stakeholder Meeting,7.4,388.92,0,1,2
A002338,P0009,E010,2026-04-23,Issue Resolution,7.6,531.58,6,0,0
A002339,P0050,E021,2025-07-01,Quality Review,10.0,351.99,3,1,2
A002340,P0058,E043,2025-08-26,Kickoff,4.0,302.09,2,0,1
A002341,P0091,E002,2025-05-23,Data Collection,7.2,388.6,3,0,0
A002342,P0091,E042,2025-05-08,Stakeholder Meeting,0.7,55.94,6,0,1
A002343,P0017,E029,2026-01-23,Stakeholder Meeting,7.6,710.71,2,1,2
A002344,P0035,E018,2026-03-31,Data Collection,1.9,113.98,2,1,2
A002345,P0062,E006,2025-08-09,Quality Review,3.0,110.4,3,0,0
A002346,P0041,E039,2026-05-15,Quality Review,6.3,541.38,0,0,1
A002347,P0004,E001,2025-07-17,Data Collection,3.9,200.75,0,1,1
A002348,P0102,E028,2025-12-20,Analysis,3.6,158.1,3,0,0
A002349,P0088,E009,2025-12-23,Reporting,4.3,377.34,0,0,0
A002350,P0063,E046,2025-09-10,Project Administration,7.3,357.35,6,1,1
A002351,P0039,E010,2026-06-22,Project Administration,3.2,228.21,3,0,0
A002352,P0102,E041,2025-12-07,Reporting,5.4,271.29,4,1,1
A002353,P0005,E029,2025-01-26,Kickoff,4.6,357.64,2,0,0
A002354,P0054,E003,2025-09-21,Project Administration,7.5,554.44,6,1,2
A002355,P0097,E037,2025-09-28,Project Administration,7.6,498.18,3,2,3
A002356,P0115,E044,2025-07-16,Analysis,0.9,61.47,0,0,0
A002357,P0031,E012,2025-12-20,Stakeholder Meeting,8.1,393.94,3,0,1
A002358,P0079,E049,2026-05-23,Kickoff,4.0,145.26,1,0,0
A002359,P0023,E040,2025-09-13,Issue Resolution,6.1,506.56,4,1,1
A002360,P0014,E038,2025-01-30,Client Review,3.2,282.75,4,0,1
A002361,P0043,E017,2026-06-03,Kickoff,6.4,522.7,3,0,1
A002362,P0107,E006,2026-01-15,Client Review,11.9,921.96,3,1,2
A002363,P0083,E022,2025-05-06,Stakeholder Meeting,5.8,367.23,4,0,1
A002364,P0059,E041,2025-11-19,Quality Review,4.4,308.15,5,0,0
A002365,P0034,E030,2025-04-13,Data Collection,4.9,374.84,7,0,1
A002366,P0017,E033,2026-01-14,Issue Resolution,1.8,65.83,7,2,3
A002367,P0033,E040,2026-06-01,Stakeholder Meeting,9.1,549.82,0,0,1
A002368,P0019,E017,2026-05-22,Issue Resolution,6.3,305.43,5,1,2
A002369,P0023,E002,2025-08-26,Data Collection,2.9,164.91,0,0,1
A002370,P0083,E045,2025-04-28,Reporting,3.0,239.86,3,1,2
A002371,P0016,E031,2026-05-19,Analysis,5.5,312.42,5,0,0
A002372,P0006,E029,2025-07-30,Project Administration,7.8,618.9,4,0,1
A002373,P0066,E029,2026-02-20,Reporting,2.6,242.61,6,1,2
A002374,P0035,E043,2026-05-24,Client Review,8.3,750.34,7,1,2
A002375,P0055,E039,2025-11-22,Kickoff,5.3,448.72,7,0,0
A002376,P0017,E034,2025-12-31,Client Review,3.2,275.77,5,0,0
A002377,P0026,E040,2026-07-18,Kickoff,4.3,252.13,5,0,1
A002378,P0053,E015,2025-06-26,Stakeholder Meeting,9.9,781.06,6,0,0
A002379,P0083,E036,2025-05-09,Analysis,2.0,150.04,1,1,1
A002380,P0050,E049,2025-04-15,Kickoff,3.7,347.7,2,1,1
A002381,P0066,E012,2025-12-29,Reporting,7.9,549.0,2,0,0
A002382,P0063,E029,2025-08-26,Analysis,6.0,364.72,5,0,0
A002383,P0033,E035,2026-06-04,Quality Review,3.5,298.33,2,0,1
A002384,P0034,E026,2025-04-04,Client Review,7.9,631.8,1,0,1
A002385,P0052,E049,2025-12-29,Data Collection,8.0,339.93,6,0,0
A002386,P0004,E021,2025-04-20,Client Review,6.3,445.89,5,1,2
A002387,P0083,E011,2025-05-01,Analysis,4.0,282.15,4,0,1
A002388,P0074,E007,2025-12-20,Analysis,4.4,320.75,7,0,0
A002389,P0037,E043,2025-10-29,Reporting,6.2,567.24,6,1,1
A002390,P0045,E035,2026-01-19,Reporting,2.2,156.47,7,0,1
A002391,P0040,E029,2026-06-07,Reporting,8.8,767.37,2,0,0
A002392,P0079,E022,2026-07-01,Data Collection,9.8,553.73,0,0,1
A002393,P0092,E021,2026-03-06,Reporting,4.9,188.37,2,0,0
A002394,P0014,E047,2025-03-16,Analysis,6.4,368.09,6,0,0
A002395,P0050,E035,2025-06-10,Analysis,8.5,569.16,7,0,0
A002396,P0002,E049,2025-12-15,Project Administration,10.4,883.99,0,0,0
A002397,P0055,E041,2026-01-20,Kickoff,9.4,685.36,6,0,0
A002398,P0030,E039,2026-02-15,Stakeholder Meeting,1.2,73.84,3,0,0
A002399,P0041,E028,2026-04-24,Stakeholder Meeting,4.7,294.75,6,0,1
A002400,P0055,E013,2026-02-14,Analysis,6.8,644.64,5,0,1
A002401,P0039,E033,2026-06-20,Issue Resolution,4.3,186.97,0,0,1
A002402,P0048,E036,2025-07-07,Quality Review,10.0,473.31,3,0,1
A002403,P0092,E027,2026-04-28,Client Review,9.6,696.16,0,0,0
A002404,P0098,E002,2026-05-21,Stakeholder Meeting,3.5,269.8,2,0,1
A002405,P0001,E049,2026-07-25,Project Administration,5.1,299.36,6,2,2
A002406,P0046,E042,2026-01-10,Client Review,3.6,132.94,5,0,1
A002407,P0102,E018,2026-01-27,Analysis,5.0,331.6,5,0,1
A002408,P0064,E025,2025-10-26,Project Administration,4.9,213.94,5,0,1
A002409,P0025,E007,2025-09-11,Issue Resolution,7.9,303.07,0,0,1
A002410,P0072,E047,2026-04-24,Reporting,3.3,183.76,4,1,2
A002411,P0018,E012,2025-03-05,Kickoff,0.5,21.57,3,1,1
A002412,P0003,E019,2025-05-28,Reporting,1.5,92.01,4,2,3
A002413,P0076,E022,2025-10-23,Client Review,2.9,234.03,1,0,0
A002414,P0062,E014,2025-08-04,Stakeholder Meeting,3.9,147.51,5,0,1
A002415,P0091,E032,2025-04-13,Data Collection,6.0,389.96,4,1,1
A002416,P0042,E050,2025-09-02,Reporting,2.8,181.49,3,0,0
A002417,P0103,E043,2026-03-16,Issue Resolution,2.5,87.77,0,0,1
A002418,P0051,E027,2025-11-02,Analysis,3.2,253.74,0,0,1
A002419,P0089,E007,2025-02-28,Quality Review,2.7,109.04,2,0,0
A002420,P0013,E044,2025-03-31,Kickoff,4.1,372.79,4,1,1
A002421,P0012,E013,2026-04-08,Client Review,4.0,293.45,7,1,2
A002422,P0094,E046,2025-04-25,Issue Resolution,7.2,376.34,5,0,0
A002423,P0101,E020,2026-05-27,Client Review,3.0,271.55,3,0,1
A002424,P0114,E026,2026-10-12,Stakeholder Meeting,4.6,271.53,2,1,2
A002425,P0039,E022,2026-08-05,Kickoff,4.1,207.52,1,0,1
A002426,P0003,E023,2025-06-28,Quality Review,7.5,435.53,1,1,1
A002427,P0118,E009,2025-12-01,Project Administration,5.1,365.65,0,0,1
A002428,P0073,E028,2026-08-21,Kickoff,8.1,635.17,7,1,2
A002429,P0030,E021,2026-03-26,Data Collection,2.6,194.24,0,0,1
A002430,P0092,E043,2026-04-24,Issue Resolution,5.4,487.48,6,0,1
A002431,P0109,E024,2025-10-10,Reporting,4.1,378.72,4,1,2
A002432,P0035,E049,2026-04-10,Data Collection,2.4,112.38,4,1,2
A002433,P0093,E015,2025-01-29,Kickoff,5.3,475.69,7,1,1
A002434,P0095,E017,2025-11-22,Stakeholder Meeting,9.8,405.73,6,0,0
A002435,P0061,E002,2026-02-18,Reporting,3.4,314.21,1,1,2
A002436,P0076,E037,2025-08-05,Issue Resolution,5.2,262.92,7,0,1
A002437,P0033,E004,2026-04-17,Issue Resolution,2.2,112.08,1,0,1
A002438,P0112,E015,2025-04-12,Quality Review,1.9,114.56,4,0,0
A002439,P0118,E046,2025-11-24,Stakeholder Meeting,3.5,160.67,5,0,1
A002440,P0118,E031,2025-11-16,Project Administration,4.4,372.52,1,1,1
A002441,P0089,E028,2025-02-17,Client Review,4.5,191.18,5,1,2
A002442,P0006,E041,2025-09-20,Data Collection,4.9,300.65,5,0,0
A002443,P0044,E039,2025-10-16,Client Review,1.4,125.2,7,0,0
A002444,P0054,E045,2025-08-21,Client Review,3.9,285.18,7,0,0
A002445,P0116,E034,2026-06-20,Analysis,6.8,485.72,3,0,1
A002446,P0066,E023,2026-03-13,Project Administration,2.1,198.83,5,0,1
A002447,P0065,E007,2025-07-25,Analysis,4.6,167.22,6,1,2
A002448,P0018,E019,2025-03-11,Quality Review,6.2,335.96,0,0,0
A002449,P0096,E036,2026-03-14,Quality Review,3.5,148.75,5,0,1
A002450,P0041,E013,2026-07-26,Client Review,6.4,294.88,7,1,1
A002451,P0012,E034,2026-06-18,Project Administration,1.7,81.53,0,0,0
A002452,P0119,E007,2025-09-09,Stakeholder Meeting,7.7,559.12,6,0,0
A002453,P0023,E004,2025-09-07,Stakeholder Meeting,6.4,328.49,0,0,1
A002454,P0002,E019,2025-10-07,Client Review,5.6,419.17,3,0,1
A002455,P0010,E012,2025-03-16,Project Administration,8.3,658.06,6,0,0
A002456,P0055,E044,2026-02-03,Project Administration,4.7,277.84,7,1,1
A002457,P0013,E019,2025-04-09,Client Review,4.0,268.72,5,0,0
A002458,P0102,E021,2025-11-27,Client Review,8.9,382.04,5,1,2
A002459,P0062,E021,2025-07-18,Client Review,10.1,809.6,2,1,1
A002460,P0039,E016,2026-08-10,Project Administration,3.8,228.56,6,1,2
A002461,P0001,E046,2026-08-16,Kickoff,5.2,442.41,5,1,1
A002462,P0058,E037,2025-08-01,Reporting,8.1,539.24,7,1,2
A002463,P0019,E008,2026-03-17,Kickoff,5.3,407.07,4,1,2
A002464,P0118,E011,2025-11-30,Reporting,7.0,395.6,0,0,0
A002465,P0035,E005,2026-06-18,Stakeholder Meeting,7.5,429.8,4,0,1
A002466,P0057,E013,2025-08-25,Analysis,4.1,250.88,6,1,1
A002467,P0003,E033,2025-11-10,Project Administration,6.5,475.55,6,1,2
A002468,P0016,E047,2026-07-04,Client Review,5.5,359.66,3,1,1
A002469,P0025,E025,2025-09-09,Reporting,2.5,208.14,1,0,1
A002470,P0007,E005,2026-05-04,Issue Resolution,3.0,114.86,6,1,2
A002471,P0088,E003,2025-12-22,Kickoff,3.9,347.23,6,1,2
A002472,P0114,E021,2026-06-11,Reporting,7.8,706.39,7,0,0
A002473,P0119,E014,2025-10-24,Data Collection,7.9,392.19,5,0,0
A002474,P0032,E029,2026-03-09,Analysis,7.4,303.74,6,0,1
A002475,P0095,E006,2026-02-08,Data Collection,6.6,457.46,3,0,1
A002476,P0061,E012,2026-03-13,Quality Review,6.5,252.53,6,0,1
A002477,P0006,E028,2025-08-12,Reporting,6.2,302.45,3,0,0
A002478,P0011,E015,2025-03-05,Client Review,6.5,425.45,6,0,0
A002479,P0066,E019,2026-01-12,Stakeholder Meeting,6.7,481.25,1,1,1
A002480,P0051,E012,2026-01-02,Project Administration,2.0,93.32,2,0,1
A002481,P0002,E003,2025-09-16,Stakeholder Meeting,3.5,318.37,1,1,2
A002482,P0112,E018,2025-04-20,Data Collection,2.9,133.05,3,0,1
A002483,P0088,E017,2026-01-12,Kickoff,8.3,367.02,6,1,1
A002484,P0061,E045,2026-05-08,Data Collection,9.6,429.5,0,0,1
A002485,P0119,E045,2025-08-23,Quality Review,0.5,45.39,5,0,1
A002486,P0117,E022,2025-09-09,Stakeholder Meeting,9.4,824.63,6,0,0
A002487,P0117,E015,2025-09-12,Issue Resolution,5.7,210.8,5,0,0
A002488,P0032,E021,2026-03-29,Data Collection,8.0,628.78,5,0,1
A002489,P0106,E031,2026-01-31,Analysis,6.8,267.98,1,1,2
A002490,P0061,E020,2026-04-17,Project Administration,9.1,359.62,4,1,1
A002491,P0088,E038,2025-12-14,Kickoff,6.0,237.37,1,0,0
A002492,P0104,E049,2025-04-05,Stakeholder Meeting,2.1,178.03,1,1,2
A002493,P0020,E021,2026-04-25,Data Collection,5.2,315.36,6,0,1
A002494,P0054,E006,2025-08-29,Quality Review,6.8,465.27,4,0,1
A002495,P0016,E007,2026-05-22,Project Administration,5.0,184.24,7,0,0
A002496,P0034,E044,2025-04-02,Analysis,7.1,632.28,3,0,1
A002497,P0050,E021,2025-08-17,Stakeholder Meeting,5.3,497.78,2,0,1
A002498,P0103,E017,2026-02-05,Quality Review,4.0,196.44,7,1,2
A002499,P0104,E031,2025-05-22,Issue Resolution,2.8,208.29,4,0,0
A002500,P0047,E048,2025-09-25,Project Administration,4.5,340.78,6,2,3
A002501,P0040,E022,2026-06-09,Kickoff,6.0,557.86,0,0,1
A002502,P0064,E016,2025-08-24,Quality Review,0.6,38.42,4,0,1
A002503,P0110,E044,2026-06-09,Client Review,3.5,172.46,6,0,0
A002504,P0118,E005,2025-11-27,Kickoff,0.5,28.31,6,0,0
A002505,P0028,E043,2026-03-31,Issue Resolution,4.0,293.51,5,0,0
A002506,P0023,E027,2025-05-25,Analysis,8.5,538.47,1,1,2
A002507,P0085,E002,2025-10-31,Quality Review,2.5,99.41,4,1,2
A002508,P0037,E012,2025-08-05,Project Administration,7.3,609.13,0,0,1
A002509,P0024,E034,2026-10-05,Reporting,12.6,1094.39,6,0,0
A002510,P0004,E038,2025-05-30,Project Administration,9.1,579.67,5,0,0
A002511,P0049,E010,2025-05-31,Reporting,5.8,385.17,1,0,1
A002512,P0048,E033,2025-06-02,Data Collection,7.6,490.16,5,1,2
A002513,P0068,E050,2025-07-10,Client Review,2.1,140.25,5,0,1
A002514,P0025,E035,2025-09-22,Reporting,1.6,65.85,0,1,1
A002515,P0086,E036,2025-12-19,Analysis,5.6,341.7,0,2,3
A002516,P0082,E010,2026-02-18,Kickoff,6.5,402.17,1,0,1
A002517,P0056,E032,2025-05-31,Reporting,8.2,777.88,0,1,2
A002518,P0022,E036,2026-04-20,Reporting,4.1,155.47,4,1,2
A002519,P0061,E006,2026-06-18,Client Review,6.0,322.37,7,0,1
A002520,P0081,E016,2026-01-10,Data Collection,5.9,382.08,0,1,1
A002521,P0045,E045,2025-12-28,Quality Review,5.2,446.34,4,0,0
A002522,P0032,E050,2026-04-21,Issue Resolution,5.3,332.17,3,1,2
A002523,P0061,E009,2026-04-20,Project Administration,3.4,178.37,6,1,2
A002524,P0043,E037,2026-06-25,Project Administration,6.2,416.12,3,1,1
A002525,P0049,E026,2025-06-21,Data Collection,6.0,316.93,5,1,1
A002526,P0042,E030,2025-10-07,Data Collection,4.4,298.76,7,1,1
A002527,P0037,E026,2025-09-30,Reporting,7.2,550.02,1,0,0
A002528,P0087,E044,2026-05-02,Quality Review,8.1,541.46,2,2,2
A002529,P0056,E023,2025-07-10,Analysis,7.2,515.36,2,0,0
A002530,P0056,E030,2025-05-25,Kickoff,2.9,108.24,1,1,2
A002531,P0079,E034,2026-06-26,Data Collection,5.7,424.81,5,1,2
A002532,P0044,E028,2025-09-18,Stakeholder Meeting,3.2,298.18,0,0,1
A002533,P0013,E044,2025-02-25,Client Review,5.7,367.64,3,0,0
A002534,P0103,E012,2026-03-13,Kickoff,3.2,266.12,0,1,1
A002535,P0007,E048,2026-08-21,Kickoff,8.7,591.03,4,1,1
A002536,P0069,E034,2026-03-06,Analysis,7.5,579.3,6,1,2
A002537,P0032,E049,2026-04-28,Issue Resolution,8.4,450.2,3,0,1
A002538,P0026,E019,2026-04-18,Project Administration,8.1,753.4,3,0,0
A002539,P0006,E024,2025-07-22,Stakeholder Meeting,4.8,229.96,3,0,0
A002540,P0109,E003,2025-12-16,Kickoff,4.4,196.0,1,0,0
A002541,P0052,E047,2025-09-09,Kickoff,9.9,373.54,3,1,2
A002542,P0042,E041,2025-10-20,Issue Resolution,5.1,344.1,7,0,0
A002543,P0089,E015,2025-02-08,Quality Review,2.1,151.48,0,0,0
A002544,P0005,E003,2025-02-03,Kickoff,8.0,591.77,6,0,0
A002545,P0068,E035,2025-08-22,Issue Resolution,5.9,267.47,1,1,1
A002546,P0060,E034,2025-08-13,Quality Review,9.3,689.0,0,0,0
A002547,P0067,E027,2025-07-28,Stakeholder Meeting,6.1,273.93,2,0,1
A002548,P0015,E008,2025-09-09,Quality Review,5.4,433.62,2,0,1
A002549,P0115,E046,2025-08-15,Analysis,9.3,479.09,2,0,1
A002550,P0029,E022,2026-01-18,Project Administration,1.7,102.55,6,0,1
A002551,P0082,E037,2026-01-16,Issue Resolution,4.0,228.13,7,1,1
A002552,P0090,E043,2025-08-27,Data Collection,3.3,188.31,5,0,0
A002553,P0042,E028,2025-11-13,Client Review,0.5,39.13,1,0,1
A002554,P0016,E005,2026-05-30,Data Collection,7.7,730.47,7,0,0
A002555,P0036,E045,2025-11-07,Quality Review,4.1,273.22,6,0,0
A002556,P0097,E034,2025-09-19,Client Review,7.8,460.69,0,0,1
A002557,P0109,E045,2025-12-07,Kickoff,6.5,342.04,3,1,1
A002558,P0113,E031,2026-07-20,Client Review,7.0,507.28,6,0,1
A002559,P0028,E046,2026-04-29,Analysis,4.4,273.11,0,0,0
A002560,P0073,E044,2026-08-11,Client Review,3.6,292.93,0,1,1
A002561,P0019,E011,2026-04-03,Quality Review,5.7,406.99,4,1,2
A002562,P0086,E009,2025-12-22,Kickoff,7.8,465.78,2,0,1
A002563,P0050,E009,2025-08-03,Client Review,5.4,497.78,3,0,0
A002564,P0086,E040,2025-11-02,Analysis,3.7,132.0,6,1,1
A002565,P0083,E013,2025-05-11,Project Administration,2.5,190.92,4,0,1
A002566,P0120,E023,2026-04-04,Issue Resolution,6.0,357.88,5,2,2
A002567,P0059,E040,2025-11-03,Data Collection,4.1,173.42,1,1,1
A002568,P0041,E022,2026-05-20,Reporting,5.3,214.98,0,0,1
A002569,P0064,E004,2025-11-12,Stakeholder Meeting,4.9,362.4,2,0,1
A002570,P0020,E019,2026-06-07,Reporting,4.4,193.01,1,2,3
A002571,P0014,E005,2025-02-16,Reporting,6.2,535.46,2,0,1
A002572,P0063,E020,2025-08-21,Analysis,6.9,370.22,6,0,1
A002573,P0100,E037,2025-03-23,Reporting,10.4,578.56,1,0,0
A002574,P0064,E026,2025-10-30,Analysis,7.4,552.1,1,0,0
A002575,P0094,E034,2025-05-22,Project Administration,9.5,457.99,1,1,2
A002576,P0022,E006,2026-07-06,Project Administration,3.5,123.98,2,0,1
A002577,P0054,E038,2025-08-29,Data Collection,1.5,92.62,1,0,1
A002578,P0074,E022,2026-02-16,Client Review,5.5,366.7,1,0,0
A002579,P0042,E015,2025-09-05,Project Administration,7.6,469.33,4,0,0
A002580,P0002,E033,2025-08-22,Data Collection,7.3,456.1,0,0,0
A002581,P0009,E007,2026-04-10,Client Review,8.5,637.03,1,1,2
A002582,P0112,E025,2025-05-22,Project Administration,0.5,42.87,6,0,0
A002583,P0073,E022,2026-04-21,Analysis,8.6,489.6,0,0,0
A002584,P0032,E009,2026-05-23,Reporting,6.3,519.16,0,1,2
A002585,P0032,E048,2026-06-29,Issue Resolution,1.6,62.02,0,0,1
A002586,P0005,E019,2025-02-06,Stakeholder Meeting,7.3,465.85,4,0,1
A002587,P0114,E003,2026-10-21,Analysis,5.9,339.66,5,0,0
A002588,P0013,E023,2025-02-28,Stakeholder Meeting,6.5,409.22,5,0,1
A002589,P0092,E049,2026-03-10,Stakeholder Meeting,8.0,323.91,5,0,1
A002590,P0029,E034,2025-12-26,Client Review,6.6,285.98,0,0,1
A002591,P0041,E032,2026-06-16,Stakeholder Meeting,1.8,94.7,2,1,2
A002592,P0033,E046,2026-04-28,Stakeholder Meeting,5.1,262.2,5,0,0
A002593,P0099,E005,2026-06-25,Project Administration,1.5,87.16,5,0,1
A002594,P0004,E028,2025-03-20,Reporting,7.1,443.29,2,1,2
A002595,P0043,E017,2026-03-02,Project Administration,9.0,434.43,6,1,1
A002596,P0034,E034,2025-04-01,Client Review,2.4,173.17,6,0,0
A002597,P0033,E043,2026-03-02,Issue Resolution,3.8,218.69,6,2,3
A002598,P0024,E004,2026-08-13,Data Collection,3.3,127.41,6,0,1
A002599,P0110,E008,2026-07-18,Project Administration,4.4,218.34,7,0,1
A002600,P0046,E048,2026-02-09,Project Administration,6.5,445.96,6,0,1
A002601,P0051,E025,2025-11-11,Kickoff,4.4,314.22,4,0,0
A002602,P0047,E016,2025-05-15,Stakeholder Meeting,7.1,589.16,3,0,0
A002603,P0118,E008,2025-12-05,Stakeholder Meeting,8.2,407.78,2,0,1
A002604,P0041,E018,2026-05-10,Stakeholder Meeting,8.3,570.48,6,0,1
A002605,P0042,E001,2025-09-09,Issue Resolution,2.7,171.63,2,1,2
A002606,P0040,E012,2026-04-18,Client Review,9.0,773.2,5,1,1
A002607,P0040,E010,2026-07-01,Data Collection,9.2,724.96,4,1,2
A002608,P0011,E005,2025-05-28,Reporting,9.4,403.44,3,0,1
A002609,P0073,E049,2026-06-17,Project Administration,5.1,471.88,3,1,2
A002610,P0004,E040,2025-07-13,Stakeholder Meeting,3.6,202.73,0,0,0
A002611,P0028,E048,2026-02-28,Project Administration,3.0,276.83,5,0,0
A002612,P0025,E013,2025-08-05,Reporting,2.7,140.71,0,0,1
A002613,P0035,E015,2026-07-22,Project Administration,5.5,347.25,0,0,0
A002614,P0091,E015,2025-04-30,Project Administration,7.6,517.01,2,0,0
A002615,P0072,E028,2026-07-06,Kickoff,8.8,341.58,4,0,1
A002616,P0119,E010,2025-09-08,Issue Resolution,4.3,335.14,2,0,0
A002617,P0043,E012,2026-04-09,Data Collection,5.4,222.93,7,0,0
A002618,P0112,E049,2025-04-18,Issue Resolution,5.2,233.22,7,1,2
A002619,P0006,E018,2025-08-07,Issue Resolution,3.9,204.42,3,0,0
A002620,P0061,E040,2026-06-21,Analysis,7.3,676.31,7,0,1
A002621,P0096,E012,2026-04-22,Kickoff,6.4,597.68,0,0,1
A002622,P0064,E047,2025-10-11,Stakeholder Meeting,5.9,379.72,1,0,1
A002623,P0112,E035,2025-04-21,Analysis,6.4,428.8,2,1,1
A002624,P0038,E044,2025-09-27,Quality Review,7.0,333.97,7,0,0
A002625,P0004,E026,2025-03-07,Kickoff,7.0,420.58,4,0,1
A002626,P0093,E046,2025-01-20,Kickoff,3.4,319.82,5,2,3
A002627,P0009,E019,2026-05-12,Stakeholder Meeting,7.7,634.85,5,0,1
A002628,P0092,E024,2026-02-15,Client Review,6.1,468.75,3,0,0
A002629,P0089,E004,2025-03-03,Analysis,4.4,227.5,7,0,1
A002630,P0102,E009,2026-02-07,Analysis,6.1,492.78,7,0,0
A002631,P0058,E039,2025-09-04,Data Collection,6.4,595.16,3,0,1
A002632,P0108,E017,2025-04-16,Analysis,8.2,773.07,5,0,1
A002633,P0021,E006,2026-02-26,Analysis,2.9,205.86,4,0,1
A002634,P0053,E015,2025-06-05,Analysis,8.8,392.87,4,0,1
A002635,P0015,E018,2025-08-27,Stakeholder Meeting,5.6,519.93,0,0,1
A002636,P0093,E036,2025-02-03,Analysis,4.2,283.43,1,0,0
A002637,P0086,E005,2026-02-11,Client Review,4.2,156.66,7,0,1
A002638,P0097,E002,2025-10-21,Stakeholder Meeting,3.0,119.67,1,0,1
A002639,P0092,E037,2026-02-19,Client Review,1.1,76.6,5,0,0
A002640,P0038,E008,2025-10-09,Reporting,7.2,612.85,7,0,1
A002641,P0009,E021,2026-04-22,Reporting,10.5,960.66,4,0,0
A002642,P0112,E035,2025-05-15,Reporting,1.5,137.5,1,1,1
A002643,P0060,E026,2025-07-14,Project Administration,3.1,216.12,6,1,1
A002644,P0012,E007,2026-06-29,Analysis,7.4,694.75,0,0,0
A002645,P0112,E037,2025-05-10,Project Administration,5.4,237.47,5,1,2
A002646,P0120,E003,2026-05-09,Data Collection,7.6,309.17,2,0,1
A002647,P0054,E012,2025-09-15,Data Collection,5.2,191.45,5,0,1
A002648,P0093,E006,2025-03-03,Issue Resolution,4.0,325.79,3,0,1
A002649,P0005,E026,2025-02-06,Project Administration,4.9,440.98,4,0,1
A002650,P0012,E035,2026-04-13,Kickoff,0.5,42.7,3,1,2
A002651,P0034,E033,2025-03-13,Reporting,2.6,237.58,4,0,0
A002652,P0079,E007,2026-06-18,Quality Review,7.9,536.28,7,0,0
A002653,P0017,E018,2025-12-29,Data Collection,8.5,686.65,6,1,2
A002654,P0005,E008,2025-01-07,Quality Review,9.0,496.82,3,0,0
A002655,P0081,E018,2026-01-16,Client Review,6.6,534.57,7,0,0
A002656,P0093,E012,2025-02-11,Reporting,0.5,40.09,7,0,1
A002657,P0089,E038,2025-03-25,Quality Review,3.9,238.43,5,1,1
A002658,P0096,E038,2026-01-22,Issue Resolution,8.8,331.11,4,0,0
A002659,P0097,E041,2025-09-22,Analysis,9.6,489.37,0,1,1
A002660,P0073,E011,2026-03-31,Reporting,8.9,784.19,4,0,0
A002661,P0063,E001,2025-08-29,Analysis,4.9,344.16,1,2,3
A002662,P0103,E002,2025-11-27,Project Administration,2.2,130.47,1,2,2
A002663,P0042,E043,2025-10-07,Analysis,5.4,495.96,6,1,1
A002664,P0012,E046,2026-04-19,Issue Resolution,5.5,313.43,2,0,0
A002665,P0091,E011,2025-06-26,Reporting,9.4,514.04,4,0,1
A002666,P0034,E044,2025-04-08,Data Collection,6.1,495.5,6,1,1
A002667,P0118,E027,2025-11-19,Client Review,5.5,309.75,4,0,0
A002668,P0050,E010,2025-05-28,Analysis,5.7,352.11,6,1,1
A002669,P0103,E016,2025-12-07,Analysis,6.5,509.26,6,1,2
A002670,P0006,E014,2025-08-03,Stakeholder Meeting,7.1,431.73,3,0,1
A002671,P0080,E039,2026-06-11,Client Review,3.7,201.05,7,0,1
A002672,P0054,E010,2025-10-14,Stakeholder Meeting,2.9,104.18,7,0,0
A002673,P0056,E010,2025-06-11,Reporting,8.9,771.04,2,1,2
A002674,P0032,E036,2026-07-20,Quality Review,1.4,93.24,6,0,0
A002675,P0117,E016,2025-09-25,Data Collection,9.6,826.37,1,0,0
A002676,P0048,E013,2025-05-29,Analysis,0.7,50.45,0,1,2
A002677,P0103,E041,2026-03-28,Analysis,4.0,188.16,4,0,0
A002678,P0052,E047,2025-11-05,Analysis,7.9,448.64,4,0,1
A002679,P0006,E028,2025-08-25,Project Administration,5.5,330.2,4,0,1
A002680,P0106,E042,2026-03-02,Stakeholder Meeting,2.2,174.64,6,0,1
A002681,P0023,E043,2025-06-17,Stakeholder Meeting,6.6,448.08,3,0,0
A002682,P0033,E030,2026-05-15,Client Review,5.7,417.18,6,1,1
A002683,P0104,E042,2025-05-07,Issue Resolution,5.0,400.92,7,1,2
A002684,P0108,E001,2025-03-21,Client Review,3.9,200.58,0,1,1
A002685,P0111,E002,2026-01-21,Quality Review,5.4,474.77,3,1,2
A002686,P0052,E045,2025-12-23,Project Administration,4.0,248.79,1,0,1
A002687,P0091,E008,2025-05-12,Project Administration,11.6,866.14,5,0,0
A002688,P0040,E037,2026-04-07,Data Collection,4.9,235.65,3,0,0
A002689,P0089,E022,2025-04-10,Data Collection,4.6,225.41,2,1,1
A002690,P0061,E040,2026-03-18,Stakeholder Meeting,4.1,324.31,2,0,0
A002691,P0007,E034,2026-07-25,Issue Resolution,9.9,554.64,2,1,2
A002692,P0051,E004,2025-12-02,Project Administration,1.4,122.58,0,0,1
A002693,P0057,E017,2025-09-26,Client Review,6.4,479.26,0,1,2
A002694,P0031,E036,2025-12-19,Client Review,4.9,367.14,5,0,0
A002695,P0045,E047,2026-02-04,Analysis,1.9,109.85,7,1,1
A002696,P0061,E041,2026-06-15,Reporting,3.5,312.06,4,0,1
A002697,P0006,E045,2025-09-17,Data Collection,6.3,577.57,7,0,1
A002698,P0019,E048,2026-03-16,Quality Review,3.3,166.57,1,1,2
A002699,P0093,E045,2025-02-24,Data Collection,6.1,401.83,7,0,0
A002700,P0043,E030,2026-03-13,Kickoff,9.8,876.28,4,1,2
A002701,P0074,E017,2026-02-08,Project Administration,5.9,242.35,5,1,1
A002702,P0068,E026,2025-06-08,Project Administration,1.9,100.42,0,1,2
A002703,P0067,E040,2025-06-07,Client Review,3.4,313.7,4,0,0
A002704,P0050,E022,2025-04-14,Reporting,4.8,307.67,3,0,1
A002705,P0058,E042,2025-08-27,Analysis,4.6,423.62,7,0,1
A002706,P0099,E036,2026-04-23,Reporting,5.9,341.08,6,0,1
A002707,P0116,E011,2026-02-23,Client Review,6.3,419.89,6,0,1
A002708,P0031,E047,2025-12-13,Quality Review,9.8,610.02,7,2,2
A002709,P0081,E043,2026-01-15,Analysis,5.5,343.38,5,1,1
A002710,P0117,E030,2025-09-28,Stakeholder Meeting,2.6,234.16,1,0,1
A002711,P0001,E010,2026-07-28,Issue Resolution,8.4,644.1,2,1,2
A002712,P0095,E012,2026-01-13,Analysis,8.7,798.17,6,0,1
A002713,P0060,E042,2025-08-08,Project Administration,6.1,334.11,4,0,0
A002714,P0117,E001,2025-09-12,Client Review,4.9,463.7,7,0,1
A002715,P0070,E025,2026-07-30,Project Administration,7.1,549.97,6,1,2
A002716,P0101,E031,2026-05-11,Quality Review,5.0,214.39,4,1,2
A002717,P0020,E012,2026-04-08,Analysis,0.5,29.89,1,0,0
A002718,P0018,E044,2025-05-10,Kickoff,6.9,344.45,7,0,1
A002719,P0112,E027,2025-04-07,Quality Review,7.7,378.28,1,0,0
A002720,P0064,E004,2025-07-26,Stakeholder Meeting,9.1,826.04,1,0,0
A002721,P0068,E017,2025-06-14,Data Collection,3.7,342.61,1,0,1
A002722,P0021,E020,2026-06-16,Project Administration,6.1,218.69,0,1,2
A002723,P0028,E012,2026-03-16,Project Administration,6.1,264.02,3,1,2
A002724,P0099,E048,2026-04-25,Stakeholder Meeting,5.7,294.52,6,0,0
A002725,P0037,E019,2025-09-27,Client Review,5.8,498.01,6,1,2
A002726,P0071,E026,2026-01-14,Stakeholder Meeting,5.6,401.33,3,1,2
A002727,P0038,E027,2025-10-14,Quality Review,6.0,413.55,2,0,1
A002728,P0032,E012,2026-07-13,Reporting,7.4,524.63,2,1,1
A002729,P0020,E029,2026-04-15,Stakeholder Meeting,8.6,791.5,7,0,0
A002730,P0112,E018,2025-04-25,Issue Resolution,3.6,185.57,0,0,1
A002731,P0113,E001,2026-08-03,Data Collection,5.1,216.24,0,0,0
A002732,P0014,E021,2025-03-03,Client Review,4.4,314.46,0,1,2
A002733,P0043,E030,2026-03-19,Project Administration,4.1,381.84,7,0,1
A002734,P0068,E006,2025-08-02,Issue Resolution,1.5,116.4,0,0,1
A002735,P0046,E039,2026-03-07,Kickoff,5.6,495.75,7,0,0
A002736,P0087,E034,2026-02-14,Data Collection,6.7,594.77,1,0,0
A002737,P0032,E016,2026-03-10,Reporting,5.1,245.59,4,0,1
A002738,P0008,E030,2025-12-19,Project Administration,5.5,418.75,7,0,1
A002739,P0041,E016,2026-03-26,Issue Resolution,6.5,563.77,0,1,2
A002740,P0072,E033,2026-07-31,Project Administration,9.0,369.72,2,0,1
A002741,P0022,E008,2026-04-26,Data Collection,4.5,333.4,5,0,1
A002742,P0098,E031,2026-08-01,Quality Review,2.6,133.43,6,1,2
A002743,P0002,E003,2025-11-14,Client Review,5.3,446.79,7,1,2
A002744,P0009,E001,2026-04-26,Reporting,10.2,493.6,0,0,1
A002745,P0062,E013,2025-07-04,Client Review,2.6,149.25,6,0,1
A002746,P0062,E009,2025-07-08,Data Collection,7.1,536.79,2,0,1
A002747,P0036,E025,2025-11-10,Quality Review,8.4,574.14,4,0,0
A002748,P0032,E009,2026-06-18,Quality Review,0.5,21.1,7,1,2
A002749,P0009,E013,2026-04-17,Project Administration,6.5,315.37,7,0,0
A002750,P0080,E005,2026-05-04,Data Collection,7.0,617.05,1,0,1
A002751,P0046,E045,2026-04-09,Analysis,4.8,452.77,3,0,1
A002752,P0015,E037,2025-08-11,Kickoff,3.9,298.89,2,0,1
A002753,P0048,E011,2025-07-14,Data Collection,4.0,142.34,4,0,1
A002754,P0113,E007,2026-06-02,Project Administration,4.7,374.14,6,1,1
A002755,P0032,E043,2026-07-02,Issue Resolution,4.7,345.78,2,0,1
A002756,P0108,E034,2025-03-02,Analysis,4.3,256.75,0,0,1
A002757,P0032,E045,2026-04-01,Client Review,4.6,223.94,0,1,2
A002758,P0023,E009,2025-07-08,Reporting,8.5,382.01,0,0,1
A002759,P0032,E018,2026-04-14,Project Administration,2.5,100.03,2,0,0
A002760,P0039,E006,2026-06-04,Analysis,1.1,80.69,7,0,0
A002761,P0015,E022,2025-08-31,Project Administration,8.5,469.51,2,0,1
A002762,P0071,E009,2025-12-16,Stakeholder Meeting,5.0,330.4,3,0,1
A002763,P0041,E001,2026-07-26,Client Review,4.5,299.31,5,0,1
A002764,P0087,E026,2026-02-07,Stakeholder Meeting,5.2,371.48,5,1,2
A002765,P0059,E049,2025-10-16,Client Review,6.0,424.04,2,1,2
A002766,P0054,E033,2025-10-10,Stakeholder Meeting,4.2,277.81,1,0,1
A002767,P0057,E038,2025-07-12,Issue Resolution,6.8,301.29,1,0,1
A002768,P0019,E041,2026-03-19,Reporting,3.1,113.53,1,1,2
A002769,P0086,E049,2026-02-11,Analysis,4.7,326.98,0,0,1
A002770,P0013,E007,2025-03-01,Project Administration,0.5,30.2,3,0,0
A002771,P0087,E013,2026-04-28,Client Review,8.4,500.7,5,1,1
A002772,P0120,E031,2026-05-03,Stakeholder Meeting,5.1,310.1,5,0,1
A002773,P0092,E042,2026-05-08,Data Collection,7.2,301.05,7,1,1
A002774,P0055,E039,2025-12-18,Project Administration,6.7,306.57,2,0,1
A002775,P0038,E037,2025-10-01,Client Review,6.9,515.63,5,1,2
A002776,P0105,E016,2026-02-20,Client Review,5.5,362.05,7,0,0
A002777,P0031,E019,2025-12-26,Issue Resolution,6.5,465.27,0,0,1
A002778,P0058,E004,2025-09-20,Reporting,3.1,132.56,6,0,0
A002779,P0093,E016,2025-02-03,Analysis,2.6,218.01,0,2,2
A002780,P0111,E008,2026-01-24,Analysis,5.2,298.26,4,0,1
A002781,P0111,E047,2026-01-30,Kickoff,3.8,272.78,6,0,1
A002782,P0011,E005,2025-04-07,Kickoff,9.1,572.75,3,1,2
A002783,P0108,E019,2025-03-09,Client Review,6.4,403.84,4,0,0
A002784,P0014,E045,2025-02-18,Issue Resolution,3.7,302.34,4,0,1
A002785,P0071,E048,2026-01-18,Data Collection,4.8,199.78,4,0,0
A002786,P0112,E019,2025-03-15,Reporting,5.8,229.03,5,1,2
A002787,P0079,E024,2026-06-01,Data Collection,5.3,217.64,6,0,0
A002788,P0114,E027,2026-07-02,Stakeholder Meeting,6.2,587.25,1,0,1
A002789,P0042,E042,2025-09-04,Issue Resolution,5.7,516.58,3,1,1
A002790,P0038,E039,2025-09-30,Issue Resolution,2.0,154.07,6,0,0
A002791,P0040,E027,2026-05-25,Project Administration,0.5,30.93,3,0,1
A002792,P0043,E019,2026-03-01,Analysis,4.6,184.48,3,0,1
A002793,P0082,E019,2026-02-05,Project Administration,6.9,581.35,5,0,1
A002794,P0055,E033,2026-02-03,Issue Resolution,4.6,213.29,7,0,1
A002795,P0089,E042,2025-04-10,Stakeholder Meeting,8.6,441.79,2,0,0
A002796,P0050,E004,2025-03-30,Analysis,5.4,461.42,7,0,1
A002797,P0037,E039,2025-08-17,Kickoff,8.9,448.92,5,1,1
A002798,P0023,E025,2025-05-19,Project Administration,8.4,719.67,0,0,1
A002799,P0067,E008,2025-07-02,Data Collection,8.1,665.47,6,0,0
A002800,P0108,E005,2025-04-02,Analysis,2.5,213.09,3,0,0
A002801,P0104,E017,2025-06-22,Stakeholder Meeting,5.5,415.02,2,1,1
A002802,P0031,E013,2025-12-09,Data Collection,8.6,482.7,4,1,1
A002803,P0058,E006,2025-09-21,Issue Resolution,6.2,459.98,4,1,2
A002804,P0085,E015,2025-11-05,Client Review,6.9,584.75,4,2,2
A002805,P0074,E042,2025-09-17,Data Collection,2.0,159.93,0,1,2
A002806,P0009,E036,2026-04-10,Data Collection,10.3,893.23,6,2,3
A002807,P0071,E011,2026-01-04,Kickoff,3.5,329.04,2,0,0
A002808,P0005,E034,2025-01-12,Project Administration,0.5,38.2,1,0,0
A002809,P0014,E023,2025-02-02,Stakeholder Meeting,4.6,417.16,4,0,0
A002810,P0079,E038,2026-05-27,Reporting,0.5,25.65,4,0,0
A002811,P0013,E013,2025-04-20,Data Collection,2.8,261.55,0,0,0
A002812,P0041,E004,2026-06-30,Analysis,11.9,1066.47,7,0,0
A002813,P0071,E016,2025-12-16,Quality Review,4.5,168.64,4,0,0
A002814,P0079,E050,2026-07-01,Data Collection,1.9,133.81,7,1,2
A002815,P0054,E028,2025-08-19,Reporting,5.6,365.0,5,0,1
A002816,P0012,E003,2026-04-29,Project Administration,3.3,276.99,0,0,1
A002817,P0096,E049,2026-02-04,Analysis,7.7,327.87,1,1,1
A002818,P0114,E042,2026-07-21,Reporting,3.3,219.97,7,0,0
A002819,P0107,E028,2026-03-13,Project Administration,6.2,403.47,4,0,0
A002820,P0090,E038,2025-09-20,Project Administration,2.6,152.7,0,0,0
A002821,P0049,E010,2025-04-26,Kickoff,12.0,1134.37,0,0,0
A002822,P0106,E030,2026-03-01,Kickoff,6.8,458.13,4,1,1
A002823,P0059,E046,2025-11-15,Project Administration,5.1,304.95,4,0,0
A002824,P0017,E022,2025-12-30,Project Administration,4.8,414.64,1,1,1
A002825,P0103,E002,2026-01-21,Analysis,4.1,177.71,1,0,1
A002826,P0039,E038,2026-05-29,Quality Review,3.6,188.11,4,1,1
A002827,P0113,E037,2026-07-30,Reporting,3.5,181.07,3,0,0
A002828,P0045,E037,2026-01-19,Client Review,9.7,882.91,0,0,0
A002829,P0105,E033,2026-01-20,Client Review,4.1,360.06,0,0,1
A002830,P0065,E007,2025-06-09,Stakeholder Meeting,0.5,35.7,1,0,1
A002831,P0057,E006,2025-07-25,Project Administration,2.6,140.86,4,2,2
A002832,P0036,E040,2025-10-12,Kickoff,7.8,492.07,2,1,1
A002833,P0101,E043,2026-06-23,Kickoff,4.9,339.42,0,0,0
A002834,P0008,E004,2025-11-04,Project Administration,5.2,350.51,7,1,1
A002835,P0057,E030,2025-07-07,Data Collection,8.4,422.99,5,0,0
A002836,P0045,E026,2026-01-10,Project Administration,3.6,154.19,4,1,2
A002837,P0066,E018,2026-03-20,Analysis,7.1,635.15,1,0,0
A002838,P0031,E033,2025-11-30,Stakeholder Meeting,3.8,279.11,5,0,1
A002839,P0080,E046,2026-06-11,Kickoff,6.9,301.57,7,0,0
A002840,P0047,E042,2025-07-13,Project Administration,4.5,424.76,5,0,1
A002841,P0023,E008,2025-09-02,Stakeholder Meeting,4.9,292.42,2,1,1
A002842,P0024,E024,2026-08-28,Data Collection,7.6,600.23,3,0,1
A002843,P0084,E047,2026-03-01,Quality Review,7.4,337.46,7,0,1
A002844,P0032,E012,2026-05-08,Data Collection,5.1,463.93,0,1,1
A002845,P0037,E043,2025-08-14,Issue Resolution,4.3,170.94,1,0,0
A002846,P0076,E025,2025-07-19,Kickoff,9.5,877.32,0,0,0
A002847,P0040,E027,2026-06-01,Quality Review,7.0,550.39,5,0,0
A002848,P0047,E013,2025-05-24,Stakeholder Meeting,4.5,218.86,3,0,0
A002849,P0030,E046,2026-02-23,Kickoff,3.9,178.83,1,1,2
A002850,P0042,E027,2025-11-14,Kickoff,8.1,690.33,7,0,0
A002851,P0084,E029,2026-03-07,Quality Review,5.8,216.89,4,0,0
A002852,P0065,E024,2025-05-30,Stakeholder Meeting,5.1,213.47,1,0,0
A002853,P0120,E005,2026-06-09,Data Collection,5.8,437.15,7,0,1
A002854,P0093,E040,2025-01-22,Data Collection,6.3,249.74,5,0,0
A002855,P0003,E017,2025-08-01,Issue Resolution,5.4,364.36,1,0,1
A002856,P0046,E013,2026-01-02,Client Review,8.5,590.27,6,1,1
A002857,P0035,E040,2026-03-11,Reporting,8.6,310.22,0,0,1
A002858,P0071,E010,2026-01-29,Issue Resolution,6.8,391.88,7,1,2
A002859,P0032,E035,2026-04-27,Kickoff,8.9,326.74,3,0,1
A002860,P0116,E024,2026-06-12,Client Review,5.5,511.57,2,1,1
A002861,P0036,E040,2025-11-03,Client Review,7.2,345.02,0,0,0
A002862,P0063,E003,2025-09-21,Data Collection,8.0,611.06,7,1,1
A002863,P0015,E039,2025-09-17,Quality Review,8.0,603.41,4,0,1
A002864,P0110,E012,2026-06-29,Client Review,7.8,634.4,4,0,0
A002865,P0110,E044,2026-06-05,Reporting,7.1,391.35,6,0,1
A002866,P0096,E018,2026-02-16,Analysis,10.4,479.06,4,1,2
A002867,P0043,E001,2026-07-02,Reporting,4.2,280.69,2,1,1
A002868,P0008,E025,2025-11-20,Client Review,5.1,390.97,6,1,2
A002869,P0086,E003,2026-01-03,Kickoff,5.0,401.59,4,0,0
A002870,P0052,E014,2025-10-04,Reporting,4.6,174.5,1,0,1
A002871,P0119,E036,2025-11-17,Quality Review,0.5,40.08,6,0,0
A002872,P0084,E029,2026-05-24,Stakeholder Meeting,8.9,371.54,6,0,1
A002873,P0065,E036,2025-05-13,Kickoff,2.9,192.79,1,0,1
A002874,P0119,E044,2025-10-11,Kickoff,5.9,403.12,5,1,2
A002875,P0097,E024,2025-10-03,Client Review,1.9,80.98,7,1,1
A002876,P0056,E028,2025-05-14,Issue Resolution,7.1,659.16,6,0,1
A002877,P0003,E003,2025-10-23,Stakeholder Meeting,3.5,256.48,1,0,1
A002878,P0012,E015,2026-06-27,Project Administration,2.7,130.77,6,0,1
A002879,P0054,E037,2025-10-03,Project Administration,6.0,228.32,0,0,1
A002880,P0068,E004,2025-07-06,Reporting,3.7,301.56,4,0,1
A002881,P0004,E018,2025-03-11,Reporting,4.1,350.46,4,0,0
A002882,P0016,E007,2026-05-01,Project Administration,5.9,238.58,0,0,1
A002883,P0085,E043,2026-02-07,Reporting,7.5,378.34,5,1,2
A002884,P0091,E029,2025-05-25,Project Administration,3.5,257.4,2,1,1
A002885,P0004,E033,2025-06-29,Project Administration,3.0,180.42,6,0,1
A002886,P0061,E035,2026-06-21,Data Collection,5.6,311.08,7,2,2
A002887,P0010,E012,2025-02-27,Reporting,6.8,411.18,4,1,1
A002888,P0087,E003,2026-04-30,Client Review,9.2,600.93,5,0,0
A002889,P0101,E020,2026-05-17,Issue Resolution,2.8,129.02,0,0,1
A002890,P0105,E010,2026-01-06,Stakeholder Meeting,4.7,273.93,7,1,2
A002891,P0072,E017,2026-06-15,Issue Resolution,8.4,329.19,5,0,1
A002892,P0076,E016,2025-11-08,Quality Review,10.4,367.78,3,0,1
A002893,P0112,E040,2025-05-01,Stakeholder Meeting,3.0,280.53,0,1,1
A002894,P0074,E016,2026-02-05,Data Collection,3.7,141.67,4,1,2
A002895,P0054,E008,2025-09-16,Analysis,6.5,244.46,7,1,2
A002896,P0091,E048,2025-08-14,Project Administration,4.1,362.43,6,1,1
A002897,P0071,E003,2026-02-01,Client Review,3.6,336.82,0,0,0
A002898,P0102,E011,2026-02-09,Client Review,6.1,522.6,6,1,1
A002899,P0063,E018,2025-09-01,Project Administration,9.4,407.71,0,1,2
A002900,P0105,E004,2025-12-26,Analysis,2.2,161.42,3,0,0
A002901,P0006,E045,2025-09-19,Reporting,9.2,706.7,3,0,0
A002902,P0005,E018,2025-02-06,Stakeholder Meeting,4.1,333.33,0,0,0
A002903,P0012,E040,2026-07-01,Issue Resolution,6.4,267.35,1,1,2
A002904,P0067,E007,2025-07-23,Stakeholder Meeting,9.5,555.23,7,1,2
A002905,P0086,E027,2026-03-15,Issue Resolution,6.3,324.86,5,1,2
A002906,P0026,E007,2026-06-10,Client Review,4.8,356.5,6,0,0
A002907,P0019,E012,2026-05-26,Client Review,7.3,406.0,4,0,1
A002908,P0104,E021,2025-03-18,Project Administration,5.1,334.2,3,0,1
A002909,P0091,E044,2025-07-03,Issue Resolution,6.8,493.59,0,1,2
A002910,P0078,E016,2025-12-20,Analysis,5.0,434.74,4,0,0
A002911,P0059,E038,2025-11-18,Quality Review,7.7,694.96,6,1,2
A002912,P0051,E005,2026-01-08,Quality Review,2.0,153.21,1,0,1
A002913,P0003,E013,2025-07-21,Kickoff,3.0,133.15,3,0,0
A002914,P0023,E031,2025-06-16,Reporting,2.0,176.67,3,0,0
A002915,P0108,E024,2025-05-20,Stakeholder Meeting,5.4,255.26,6,1,1
A002916,P0041,E026,2026-07-27,Stakeholder Meeting,1.7,64.93,1,0,1
A002917,P0085,E034,2025-11-12,Kickoff,3.8,232.7,0,1,2
A002918,P0085,E004,2025-12-13,Quality Review,2.7,205.41,1,0,1
A002919,P0038,E035,2025-11-05,Reporting,9.2,404.45,1,0,1
A002920,P0025,E044,2025-07-19,Kickoff,3.0,158.89,6,0,1
A002921,P0084,E039,2026-06-11,Reporting,2.3,91.55,2,0,1
A002922,P0012,E015,2026-03-23,Data Collection,6.1,439.76,2,0,1
A002923,P0060,E018,2025-07-19,Data Collection,9.7,751.69,2,0,1
A002924,P0107,E049,2026-03-17,Stakeholder Meeting,5.2,344.14,6,0,0
A002925,P0086,E040,2026-01-18,Stakeholder Meeting,5.4,333.0,5,0,1
A002926,P0092,E047,2026-03-29,Project Administration,8.7,747.0,3,0,0
A002927,P0010,E046,2025-04-01,Kickoff,7.7,463.16,6,0,0
A002928,P0024,E022,2026-07-08,Stakeholder Meeting,6.6,405.94,0,0,1
A002929,P0034,E007,2025-04-04,Client Review,4.0,278.56,5,0,1
A002930,P0036,E012,2025-11-04,Analysis,6.6,509.72,2,0,0
A002931,P0024,E015,2026-09-10,Project Administration,2.1,171.41,3,0,0
A002932,P0117,E042,2025-09-06,Client Review,3.9,146.05,1,0,1
A002933,P0020,E014,2026-05-17,Project Administration,9.1,783.23,0,0,1
A002934,P0085,E019,2025-12-24,Project Administration,8.8,546.3,5,0,0
A002935,P0071,E043,2026-01-14,Kickoff,6.6,589.73,6,0,0
A002936,P0074,E009,2026-02-03,Quality Review,0.7,47.03,7,1,1
A002937,P0026,E034,2026-04-22,Client Review,2.5,158.87,1,1,2
A002938,P0037,E028,2025-09-18,Kickoff,3.8,177.55,6,0,0
A002939,P0073,E050,2026-08-31,Quality Review,5.1,322.2,0,0,0
A002940,P0036,E025,2025-11-11,Client Review,2.4,154.98,6,0,1
A002941,P0084,E027,2026-07-10,Issue Resolution,4.9,434.48,4,0,0
A002942,P0005,E043,2025-01-29,Stakeholder Meeting,9.9,873.43,6,2,3
A002943,P0009,E050,2026-04-20,Issue Resolution,6.5,417.2,0,0,1
A002944,P0088,E037,2026-01-12,Client Review,6.0,522.32,6,0,0
A002945,P0075,E035,2026-03-31,Kickoff,3.0,258.79,3,1,1
A002946,P0006,E044,2025-07-30,Analysis,1.4,128.66,4,1,1
A002947,P0108,E049,2025-03-16,Project Administration,2.4,136.07,4,0,0
A002948,P0001,E037,2026-06-25,Kickoff,1.3,62.05,5,1,2
A002949,P0115,E015,2025-07-26,Kickoff,5.7,522.32,4,1,2
A002950,P0088,E033,2025-11-30,Stakeholder Meeting,6.5,455.6,3,1,2
A002951,P0119,E012,2025-10-25,Project Administration,3.1,195.3,3,0,1
A002952,P0114,E026,2026-08-15,Client Review,5.9,352.16,0,1,1
A002953,P0038,E023,2025-09-28,Data Collection,9.2,368.78,5,0,1
A002954,P0091,E050,2025-07-10,Stakeholder Meeting,10.4,491.35,5,0,1
A002955,P0026,E028,2026-06-15,Project Administration,7.4,388.46,4,0,1
A002956,P0057,E048,2025-09-13,Data Collection,5.1,347.2,5,0,1
A002957,P0029,E041,2025-12-27,Reporting,7.3,481.82,2,0,1
A002958,P0059,E043,2025-10-16,Quality Review,8.9,601.39,1,0,0
A002959,P0105,E009,2025-12-05,Client Review,0.5,19.79,7,0,1
A002960,P0053,E039,2025-03-28,Client Review,9.2,327.39,7,1,1
A002961,P0012,E013,2026-04-23,Issue Resolution,4.1,257.44,6,0,1
A002962,P0039,E029,2026-07-22,Data Collection,4.2,195.76,0,0,0
A002963,P0095,E025,2025-11-10,Quality Review,4.6,407.1,4,1,1
A002964,P0063,E013,2025-09-26,Client Review,6.3,383.38,5,0,0
A002965,P0068,E050,2025-07-25,Stakeholder Meeting,2.7,151.52,0,1,1
A002966,P0052,E044,2025-10-19,Client Review,4.8,324.67,7,0,1
A002967,P0036,E029,2025-11-21,Reporting,6.8,494.47,6,0,1
A002968,P0072,E001,2026-05-12,Stakeholder Meeting,6.0,239.51,2,0,0
A002969,P0076,E010,2025-11-08,Kickoff,6.5,516.62,4,0,1
A002970,P0108,E012,2025-03-13,Project Administration,4.7,203.3,7,0,0
A002971,P0075,E049,2026-03-09,Issue Resolution,7.2,419.07,6,0,0
A002972,P0120,E021,2026-04-29,Project Administration,8.1,456.94,6,0,1
A002973,P0100,E003,2025-04-10,Analysis,8.0,553.2,7,0,1
A002974,P0010,E030,2025-03-05,Analysis,6.6,504.03,5,1,1
A002975,P0048,E048,2025-08-05,Analysis,7.8,647.78,7,0,0
A002976,P0047,E029,2025-06-27,Kickoff,7.7,513.04,7,1,1
A002977,P0001,E023,2026-06-29,Data Collection,12.2,540.75,0,1,1
A002978,P0022,E009,2026-06-23,Analysis,8.5,652.44,5,0,1
A002979,P0092,E044,2026-04-16,Project Administration,5.3,337.76,2,1,2
A002980,P0043,E006,2026-04-11,Data Collection,3.2,225.08,3,1,2
A002981,P0018,E047,2025-03-08,Quality Review,4.8,295.79,1,0,1
A002982,P0035,E012,2026-05-04,Quality Review,4.7,281.89,5,0,0
A002983,P0033,E007,2026-04-15,Stakeholder Meeting,6.8,524.15,6,0,0
A002984,P0021,E018,2026-02-26,Project Administration,3.7,245.85,3,1,1
A002985,P0013,E001,2025-03-01,Kickoff,8.5,740.08,5,0,1
A002986,P0092,E001,2026-05-14,Issue Resolution,2.0,159.21,2,0,1
A002987,P0099,E010,2026-04-27,Client Review,1.4,89.01,5,1,2
A002988,P0060,E035,2025-07-31,Analysis,5.2,248.83,0,0,1
A002989,P0074,E041,2026-01-17,Client Review,3.4,122.59,7,0,1
A002990,P0111,E013,2026-01-22,Stakeholder Meeting,2.4,113.58,3,0,1
A002991,P0102,E033,2026-01-03,Project Administration,3.9,202.32,4,1,2
A002992,P0004,E018,2025-02-09,Kickoff,3.6,151.51,6,0,1
A002993,P0115,E022,2025-07-20,Kickoff,5.5,413.3,0,0,0
A002994,P0009,E017,2026-05-04,Quality Review,3.9,212.8,7,0,0
A002995,P0004,E045,2025-06-22,Project Administration,4.2,154.62,4,0,1
A002996,P0049,E026,2025-06-03,Kickoff,5.5,336.67,7,2,2
A002997,P0090,E026,2025-07-24,Issue Resolution,8.0,656.47,4,0,1
A002998,P0010,E043,2025-02-23,Project Administration,9.2,509.54,1,0,1
A002999,P0036,E033,2025-10-22,Quality Review,5.9,525.93,4,1,1
A003000,P0032,E008,2026-03-06,Issue Resolution,6.1,525.62,4,0,1
A003001,P0048,E010,2025-07-01,Client Review,5.0,441.81,7,0,0
A003002,P0119,E018,2025-09-02,Data Collection,6.7,502.95,4,2,3
A003003,P0040,E005,2026-07-19,Issue Resolution,6.5,542.07,3,1,2
A003004,P0026,E035,2026-05-23,Client Review,8.8,513.38,1,0,1
A003005,P0015,E025,2025-08-11,Kickoff,0.8,61.27,2,0,1
A003006,P0024,E003,2026-10-06,Reporting,4.9,237.33,4,0,1
A003007,P0016,E021,2026-07-24,Reporting,6.3,297.88,2,0,1
A003008,P0069,E042,2026-03-10,Issue Resolution,5.4,494.73,2,0,1
A003009,P0051,E046,2025-09-05,Client Review,3.2,217.37,0,0,1
A003010,P0060,E049,2025-07-28,Quality Review,2.3,90.39,7,0,0
A003011,P0100,E047,2025-03-28,Analysis,7.5,351.29,6,0,0
A003012,P0070,E031,2026-08-24,Data Collection,3.6,225.65,2,1,1
A003013,P0019,E047,2026-04-07,Kickoff,1.1,94.33,1,2,2
A003014,P0046,E048,2026-03-07,Reporting,7.6,674.55,6,1,1
A003015,P0038,E032,2025-10-07,Project Administration,6.6,275.93,6,0,0
A003016,P0100,E021,2025-03-17,Kickoff,5.2,201.35,7,0,0
A003017,P0037,E049,2025-08-19,Client Review,3.2,135.36,4,0,0
A003018,P0017,E021,2025-12-30,Reporting,5.2,391.48,5,0,0
A003019,P0089,E009,2025-03-07,Data Collection,8.5,569.24,5,1,1
A003020,P0052,E006,2025-10-28,Data Collection,1.5,118.91,1,1,1
A003021,P0012,E029,2026-04-13,Analysis,1.6,112.96,4,0,1
A003022,P0083,E002,2025-05-10,Client Review,3.9,158.94,2,0,0
A003023,P0026,E006,2026-04-13,Analysis,5.4,272.47,6,0,1
A003024,P0105,E013,2026-01-25,Issue Resolution,4.3,236.04,7,1,2
A003025,P0100,E027,2025-04-02,Stakeholder Meeting,7.1,549.98,0,0,1
A003026,P0045,E024,2026-02-02,Kickoff,8.2,580.65,0,0,0
A003027,P0067,E026,2025-06-10,Kickoff,6.2,569.22,2,0,1
A003028,P0069,E026,2026-03-30,Stakeholder Meeting,6.9,301.75,0,1,2
A003029,P0079,E050,2026-05-27,Stakeholder Meeting,6.2,566.17,0,0,1
A003030,P0009,E011,2026-04-20,Client Review,5.5,265.15,7,0,0
A003031,P0039,E024,2026-08-16,Quality Review,2.3,127.9,4,1,2
A003032,P0021,E031,2026-04-07,Data Collection,2.9,107.52,6,1,1
A003033,P0084,E014,2026-05-30,Data Collection,2.1,110.86,4,0,0
A003034,P0009,E010,2026-04-11,Reporting,5.1,239.61,5,1,1
A003035,P0063,E003,2025-09-10,Stakeholder Meeting,6.1,293.01,5,0,0
A003036,P0088,E017,2026-01-06,Client Review,1.9,131.73,1,1,2
A003037,P0114,E013,2026-09-10,Project Administration,5.7,466.53,1,0,0
A003038,P0035,E010,2026-05-31,Stakeholder Meeting,3.3,263.0,3,1,1
A003039,P0001,E014,2026-10-09,Quality Review,2.8,237.3,2,1,2
A003040,P0087,E035,2026-03-03,Issue Resolution,3.9,307.63,6,0,1
A003041,P0001,E042,2026-07-16,Data Collection,2.7,252.69,2,0,1
A003042,P0008,E026,2025-10-08,Quality Review,7.0,252.76,2,1,1
A003043,P0119,E004,2025-10-21,Analysis,5.1,480.8,4,0,0
A003044,P0104,E037,2025-06-11,Reporting,7.5,446.92,1,1,1
A003045,P0085,E008,2026-02-10,Client Review,4.4,280.14,6,0,0
A003046,P0101,E003,2026-06-13,Data Collection,4.5,313.38,0,0,0
A003047,P0010,E029,2025-02-27,Data Collection,10.2,362.22,6,1,2
A003048,P0011,E022,2025-05-01,Kickoff,1.4,64.26,4,0,1
A003049,P0037,E016,2025-10-02,Kickoff,8.7,537.3,7,1,2
A003050,P0003,E049,2025-06-30,Kickoff,9.6,779.24,2,0,1
A003051,P0107,E005,2026-01-22,Client Review,7.4,645.32,7,0,1
A003052,P0007,E003,2026-09-01,Project Administration,4.7,206.16,6,0,1
A003053,P0066,E030,2026-02-01,Stakeholder Meeting,9.1,462.09,3,0,0
A003054,P0103,E021,2026-03-12,Issue Resolution,4.7,335.78,2,0,1
A003055,P0089,E041,2025-03-16,Client Review,3.7,209.64,1,0,0
A003056,P0029,E003,2026-01-05,Issue Resolution,4.5,237.94,1,0,0
A003057,P0057,E021,2025-09-02,Client Review,4.1,237.8,4,2,3
A003058,P0066,E008,2026-02-24,Data Collection,3.1,239.0,7,0,1
A003059,P0093,E003,2025-02-26,Quality Review,8.3,389.4,4,0,1
A003060,P0052,E024,2026-01-16,Quality Review,3.6,139.37,7,1,1
A003061,P0035,E037,2026-04-19,Reporting,5.4,190.12,6,0,0
A003062,P0096,E008,2026-04-17,Issue Resolution,1.9,126.54,5,0,1
A003063,P0107,E043,2026-02-18,Data Collection,5.6,280.01,5,2,2
A003064,P0059,E026,2025-11-05,Client Review,2.6,178.62,7,0,0
A003065,P0004,E025,2025-03-23,Issue Resolution,2.5,219.65,6,0,1
A003066,P0061,E047,2026-04-02,Data Collection,5.2,273.62,1,0,0
A003067,P0107,E017,2026-02-22,Stakeholder Meeting,8.1,372.72,4,1,2
A003068,P0119,E011,2025-09-21,Project Administration,6.6,231.62,3,0,1
A003069,P0049,E040,2025-03-13,Kickoff,6.8,638.39,7,1,1
A003070,P0019,E006,2026-06-03,Data Collection,5.2,343.25,1,0,1
A003071,P0069,E044,2026-03-09,Issue Resolution,4.7,390.69,6,0,0
A003072,P0100,E042,2025-03-30,Data Collection,7.5,648.64,3,1,1
A003073,P0114,E049,2026-05-19,Client Review,4.1,388.32,7,2,3
A003074,P0007,E024,2026-05-07,Project Administration,7.6,657.99,6,0,0
A003075,P0035,E032,2026-07-10,Quality Review,8.6,452.73,2,0,1
A003076,P0058,E045,2025-07-22,Quality Review,3.4,234.13,6,1,2
A003077,P0012,E007,2026-06-16,Stakeholder Meeting,3.8,352.5,1,0,1
A003078,P0107,E016,2026-04-07,Stakeholder Meeting,4.1,299.31,0,0,0
A003079,P0014,E024,2025-02-23,Stakeholder Meeting,1.8,146.06,4,0,0
A003080,P0080,E032,2026-06-02,Quality Review,4.3,384.42,3,1,2
A003081,P0111,E034,2026-01-25,Project Administration,8.8,632.01,1,0,1
A003082,P0083,E047,2025-05-15,Project Administration,2.9,221.99,7,0,0
A003083,P0092,E025,2026-02-17,Issue Resolution,8.8,618.61,0,0,0
A003084,P0032,E009,2026-04-24,Data Collection,4.4,243.4,4,0,1
A003085,P0100,E010,2025-03-22,Analysis,10.8,539.22,2,0,1
A003086,P0051,E041,2025-12-12,Client Review,3.8,277.45,2,0,1
A003087,P0008,E024,2025-10-05,Quality Review,5.1,478.72,1,0,1
A003088,P0044,E032,2025-11-18,Stakeholder Meeting,3.2,287.9,3,0,1
A003089,P0042,E029,2025-08-31,Analysis,3.8,180.85,5,0,0
A003090,P0063,E041,2025-08-27,Data Collection,8.8,752.98,2,1,1
A003091,P0032,E011,2026-05-22,Analysis,6.7,242.99,5,0,1
A003092,P0056,E009,2025-05-13,Stakeholder Meeting,8.1,569.97,3,0,0
A003093,P0052,E037,2025-11-16,Stakeholder Meeting,2.2,199.8,6,0,1
A003094,P0040,E022,2026-07-29,Quality Review,7.1,657.18,3,0,0
A003095,P0084,E041,2026-06-17,Analysis,3.1,220.67,2,1,2
A003096,P0037,E007,2025-06-22,Data Collection,2.2,160.27,4,0,1
A003097,P0092,E014,2026-04-03,Issue Resolution,6.1,356.21,5,1,2
A003098,P0031,E049,2025-12-18,Stakeholder Meeting,6.1,478.35,3,0,1
A003099,P0104,E043,2025-03-01,Analysis,5.6,278.56,7,2,2
A003100,P0044,E004,2025-10-23,Reporting,7.3,270.34,4,0,0
A003101,P0005,E041,2025-01-26,Quality Review,7.7,655.41,2,0,1
A003102,P0018,E004,2025-05-11,Reporting,9.2,355.32,0,0,1
A003103,P0097,E007,2025-09-29,Data Collection,2.5,187.21,3,0,0
A003104,P0105,E045,2025-12-14,Client Review,9.3,569.31,0,0,0
A003105,P0026,E007,2026-06-13,Data Collection,10.2,383.47,0,0,0
A003106,P0073,E016,2026-07-24,Issue Resolution,4.6,205.11,2,1,1
A003107,P0069,E007,2026-02-25,Stakeholder Meeting,1.3,53.36,2,1,1
A003108,P0017,E030,2025-12-31,Stakeholder Meeting,2.0,95.73,7,0,1
A003109,P0055,E003,2026-02-07,Stakeholder Meeting,4.3,314.4,5,0,0
A003110,P0084,E015,2026-06-18,Stakeholder Meeting,10.5,726.99,6,0,1
A003111,P0117,E017,2025-08-22,Reporting,5.5,335.37,4,1,1
A003112,P0102,E033,2025-12-07,Quality Review,4.0,342.33,0,0,0
A003113,P0012,E025,2026-06-18,Data Collection,3.8,304.7,6,0,1
A003114,P0029,E010,2026-01-07,Reporting,2.2,167.12,3,0,1
A003115,P0053,E024,2025-07-18,Analysis,7.7,546.18,3,0,1
A003116,P0019,E023,2026-05-30,Kickoff,5.3,406.86,4,0,0
A003117,P0069,E018,2026-04-05,Issue Resolution,10.7,519.97,1,1,2
A003118,P0002,E027,2025-09-02,Analysis,7.1,359.18,3,1,1
A003119,P0014,E017,2025-02-12,Reporting,7.6,401.94,4,2,3
A003120,P0006,E017,2025-07-30,Data Collection,4.9,389.37,5,0,1
A003121,P0036,E040,2025-10-08,Stakeholder Meeting,2.8,170.62,4,0,1
A003122,P0092,E013,2026-04-26,Stakeholder Meeting,3.3,305.48,7,1,1
A003123,P0022,E017,2026-06-26,Data Collection,2.1,78.57,7,0,1
A003124,P0119,E008,2025-08-27,Project Administration,7.8,452.32,0,0,0
A003125,P0033,E035,2026-02-20,Analysis,4.5,199.28,0,1,1
A003126,P0006,E036,2025-07-27,Reporting,7.9,663.44,4,0,0
A003127,P0041,E034,2026-05-05,Reporting,5.8,369.9,6,0,1
A003128,P0090,E009,2025-08-10,Stakeholder Meeting,4.8,346.56,4,0,1
A003129,P0013,E023,2025-03-13,Reporting,2.6,184.28,1,0,1
A003130,P0009,E015,2026-05-15,Reporting,6.3,250.39,4,0,1
A003131,P0102,E039,2025-12-07,Kickoff,5.0,410.12,7,0,0
A003132,P0072,E017,2026-06-25,Client Review,7.8,657.69,1,0,1
A003133,P0042,E021,2025-10-09,Data Collection,3.7,264.35,3,1,1
A003134,P0091,E023,2025-06-04,Stakeholder Meeting,7.0,363.0,5,1,2
A003135,P0102,E039,2026-02-05,Stakeholder Meeting,9.6,753.08,3,1,2
A003136,P0044,E036,2025-12-10,Quality Review,6.2,477.65,0,1,1
A003137,P0068,E041,2025-06-04,Kickoff,7.5,673.14,5,0,1
A003138,P0002,E022,2025-10-14,Client Review,6.9,290.08,5,0,1
A003139,P0037,E041,2025-07-04,Stakeholder Meeting,10.2,913.8,5,0,0
A003140,P0072,E044,2026-06-10,Kickoff,6.4,564.64,5,0,1
A003141,P0024,E027,2026-08-23,Kickoff,7.2,380.53,5,1,1
A003142,P0119,E034,2025-09-26,Quality Review,5.4,421.05,2,0,1
A003143,P0117,E046,2025-09-03,Reporting,3.6,182.96,0,1,2
A003144,P0031,E042,2025-12-03,Quality Review,2.5,122.76,7,0,1
A003145,P0048,E014,2025-06-12,Client Review,8.7,639.38,1,0,0
A003146,P0023,E036,2025-06-19,Client Review,3.0,114.01,6,1,2
A003147,P0061,E023,2026-03-25,Issue Resolution,7.4,301.84,4,0,1
A003148,P0015,E008,2025-09-02,Project Administration,6.5,484.96,4,1,2
A003149,P0047,E019,2025-05-23,Issue Resolution,7.8,718.47,0,1,1
A003150,P0067,E049,2025-05-08,Issue Resolution,4.2,155.58,7,1,2
A003151,P0074,E048,2025-12-05,Stakeholder Meeting,3.5,127.31,4,1,1
A003152,P0072,E040,2026-07-08,Quality Review,6.4,252.71,6,0,1
A003153,P0027,E050,2025-11-26,Reporting,4.8,168.48,6,0,1
A003154,P0096,E029,2026-01-20,Data Collection,2.4,217.68,1,1,2
A003155,P0084,E038,2026-05-20,Client Review,10.3,653.46,7,0,1
A003156,P0091,E009,2025-06-03,Reporting,3.5,267.84,4,0,1
A003157,P0057,E015,2025-09-14,Quality Review,3.0,179.95,1,0,1
A003158,P0108,E009,2025-02-27,Issue Resolution,4.9,464.69,4,0,0
A003159,P0047,E047,2025-05-27,Client Review,8.6,548.64,4,0,1
A003160,P0097,E031,2025-10-08,Project Administration,0.5,45.68,5,2,3
A003161,P0025,E047,2025-08-21,Project Administration,8.4,621.4,2,0,1
A003162,P0030,E021,2026-02-27,Issue Resolution,3.2,293.97,7,0,1
A003163,P0064,E021,2025-10-12,Analysis,6.2,401.19,1,0,1
A003164,P0067,E034,2025-06-22,Data Collection,3.8,333.38,3,0,1
A003165,P0090,E029,2025-06-24,Analysis,10.5,577.85,6,0,1
A003166,P0036,E019,2025-10-13,Client Review,5.8,433.1,0,1,2
A003167,P0105,E016,2026-01-31,Issue Resolution,3.7,266.52,3,0,1
A003168,P0040,E026,2026-04-20,Issue Resolution,4.7,301.79,3,0,1
A003169,P0065,E004,2025-06-02,Client Review,5.7,371.01,6,0,1
A003170,P0112,E010,2025-05-14,Client Review,5.9,266.72,6,0,1
A003171,P0065,E003,2025-07-17,Project Administration,6.6,589.79,6,1,2
A003172,P0082,E008,2026-01-22,Client Review,5.5,342.39,2,1,2
A003173,P0110,E010,2026-05-12,Data Collection,2.1,92.59,3,1,2
A003174,P0117,E004,2025-10-26,Quality Review,4.6,355.39,0,1,1
A003175,P0060,E003,2025-08-16,Stakeholder Meeting,7.0,550.41,6,0,1
A003176,P0051,E041,2025-10-04,Reporting,3.8,143.29,2,1,2
A003177,P0024,E010,2026-08-19,Reporting,7.2,395.78,3,0,0
A003178,P0065,E028,2025-04-27,Analysis,5.6,392.31,5,1,2
A003179,P0111,E005,2026-02-03,Analysis,5.0,421.47,6,0,1
A003180,P0059,E048,2025-11-15,Kickoff,8.5,455.91,0,0,0
A003181,P0042,E012,2025-09-26,Analysis,1.2,63.58,6,0,1
A003182,P0013,E038,2025-03-23,Issue Resolution,3.8,300.94,3,0,0
A003183,P0047,E033,2025-06-26,Reporting,8.6,414.11,3,0,1
A003184,P0029,E039,2025-11-25,Project Administration,10.1,896.48,1,0,1
A003185,P0118,E032,2025-11-10,Project Administration,11.2,923.16,5,2,3
A003186,P0064,E026,2025-12-29,Issue Resolution,5.6,496.07,3,0,0
A003187,P0017,E039,2026-01-08,Data Collection,6.6,371.08,0,0,1
A003188,P0009,E041,2026-04-15,Stakeholder Meeting,7.5,337.08,1,0,0
A003189,P0103,E019,2025-12-03,Kickoff,8.7,609.9,5,0,0
A003190,P0112,E048,2025-04-08,Kickoff,6.3,292.31,0,0,0
A003191,P0092,E050,2026-05-22,Analysis,7.8,397.54,4,0,1
A003192,P0015,E037,2025-08-18,Analysis,6.6,389.62,5,0,0
A003193,P0012,E047,2026-07-11,Kickoff,6.8,426.79,7,0,0
A003194,P0024,E006,2026-08-04,Issue Resolution,3.2,173.9,1,0,0
A003195,P0091,E028,2025-08-04,Quality Review,4.7,244.79,2,0,0
A003196,P0092,E033,2026-04-27,Reporting,4.2,209.18,1,1,1
A003197,P0101,E047,2026-05-12,Reporting,2.5,191.02,7,1,1
A003198,P0012,E007,2026-03-10,Project Administration,1.4,74.69,4,0,1
A003199,P0019,E041,2026-06-14,Data Collection,4.4,337.32,7,0,1
A003200,P0109,E004,2025-12-11,Stakeholder Meeting,4.8,381.95,0,1,1
A003201,P0112,E018,2025-03-23,Analysis,5.8,451.55,5,0,0
A003202,P0088,E035,2025-12-27,Quality Review,6.9,620.08,0,0,0
A003203,P0013,E015,2025-04-17,Quality Review,6.0,553.61,0,0,1
A003204,P0009,E042,2026-05-16,Issue Resolution,4.9,214.68,3,0,1
A003205,P0007,E047,2026-06-07,Reporting,3.2,173.55,2,1,1
A003206,P0084,E008,2026-06-16,Analysis,7.7,633.4,2,1,2
A003207,P0102,E013,2026-01-18,Reporting,5.2,425.92,0,0,0
A003208,P0076,E004,2025-11-04,Project Administration,4.4,172.73,4,0,0
A003209,P0032,E036,2026-03-07,Reporting,5.0,463.61,2,1,2
A003210,P0091,E045,2025-07-08,Reporting,3.7,319.58,7,0,1
A003211,P0008,E031,2025-10-02,Data Collection,4.2,373.6,6,0,1
A003212,P0100,E007,2025-03-21,Kickoff,4.1,193.78,3,0,0
A003213,P0108,E009,2025-02-14,Data Collection,4.8,312.26,6,1,2
A003214,P0087,E002,2026-03-16,Kickoff,7.1,436.17,4,1,1
A003215,P0106,E025,2026-03-14,Quality Review,6.5,368.02,3,0,0
A003216,P0071,E037,2026-01-21,Issue Resolution,9.4,457.23,7,1,2
A003217,P0057,E008,2025-07-30,Quality Review,8.5,368.7,4,0,1
A003218,P0039,E043,2026-07-01,Reporting,10.4,907.2,3,0,1
A003219,P0111,E013,2026-01-23,Issue Resolution,6.9,461.1,4,1,2
A003220,P0084,E026,2026-06-04,Client Review,6.9,490.24,6,1,2
A003221,P0023,E034,2025-06-11,Reporting,4.3,217.99,5,0,1
A003222,P0115,E027,2025-04-12,Issue Resolution,7.6,692.38,4,0,0
A003223,P0008,E024,2025-11-29,Analysis,3.9,355.61,1,2,2
A003224,P0071,E017,2026-01-31,Stakeholder Meeting,1.8,135.52,5,0,0
A003225,P0023,E022,2025-07-10,Stakeholder Meeting,9.3,504.37,3,0,0
A003226,P0080,E012,2026-04-04,Issue Resolution,2.4,117.53,7,0,0
A003227,P0050,E015,2025-03-21,Stakeholder Meeting,6.6,466.73,7,0,0
A003228,P0053,E038,2025-07-23,Project Administration,3.3,280.41,0,0,1
A003229,P0081,E045,2025-12-19,Data Collection,8.3,772.06,7,0,0
A003230,P0091,E043,2025-04-27,Data Collection,8.7,340.1,7,0,0
A003231,P0046,E017,2025-12-08,Client Review,6.8,374.35,7,0,0
A003232,P0120,E017,2026-03-06,Client Review,8.6,502.83,3,0,1
A003233,P0060,E003,2025-07-30,Client Review,5.5,314.28,2,0,0
A003234,P0020,E014,2026-06-04,Analysis,11.1,833.24,4,0,1
A003235,P0001,E030,2026-06-06,Kickoff,7.4,501.96,7,0,1
A003236,P0025,E014,2025-11-01,Analysis,3.2,283.14,3,1,2
A003237,P0083,E037,2025-04-16,Quality Review,5.7,275.61,7,2,3
A003238,P0065,E003,2025-06-29,Stakeholder Meeting,5.1,300.7,2,0,1
A003239,P0041,E021,2026-04-18,Project Administration,4.9,330.6,6,1,2
A003240,P0058,E015,2025-09-23,Issue Resolution,1.4,117.61,0,1,2
A003241,P0101,E025,2026-06-01,Client Review,6.5,548.56,6,0,0
A003242,P0069,E002,2026-03-02,Kickoff,2.0,173.12,7,1,1
A003243,P0007,E021,2026-05-31,Data Collection,0.5,33.07,5,0,0
A003244,P0006,E040,2025-09-09,Stakeholder Meeting,4.6,227.68,4,0,0
A003245,P0058,E043,2025-08-11,Reporting,3.6,282.87,3,0,0
A003246,P0049,E013,2025-03-22,Client Review,3.3,304.53,6,0,1
A003247,P0103,E022,2026-03-09,Analysis,0.5,26.06,1,1,2
A003248,P0070,E035,2026-07-23,Kickoff,3.4,159.47,2,1,2
A003249,P0091,E024,2025-07-19,Analysis,5.1,185.38,1,0,1
A003250,P0071,E028,2026-01-09,Issue Resolution,3.9,292.45,2,0,0
A003251,P0042,E018,2025-09-04,Project Administration,6.5,440.06,4,1,2
A003252,P0079,E042,2026-05-15,Project Administration,9.0,387.75,2,1,1
A003253,P0075,E032,2026-02-08,Reporting,6.8,319.4,3,0,1
A003254,P0087,E049,2026-03-28,Kickoff,8.1,605.34,1,0,1
A003255,P0023,E039,2025-07-15,Project Administration,8.3,507.64,2,0,1
A003256,P0077,E019,2025-11-27,Data Collection,3.0,146.98,3,0,1
A003257,P0035,E017,2026-07-17,Analysis,6.6,470.91,1,1,1
A003258,P0095,E005,2025-11-24,Project Administration,8.0,305.28,7,1,1
A003259,P0096,E032,2026-04-20,Quality Review,4.4,158.28,7,1,2
A003260,P0075,E038,2026-04-25,Data Collection,3.5,177.28,7,0,0
A003261,P0114,E018,2026-08-26,Quality Review,6.8,356.12,0,1,2
A003262,P0065,E002,2025-06-05,Kickoff,1.8,74.27,3,1,2
A003263,P0004,E042,2025-02-25,Analysis,2.8,117.3,6,1,2
A003264,P0073,E012,2026-04-21,Project Administration,3.8,171.26,2,1,2
A003265,P0094,E030,2025-04-16,Analysis,6.6,517.95,1,0,0
A003266,P0013,E003,2025-04-02,Project Administration,6.0,500.22,4,0,0
A003267,P0013,E004,2025-03-21,Quality Review,8.1,371.76,0,0,1
A003268,P0033,E045,2026-02-19,Reporting,3.2,238.1,4,0,0
A003269,P0102,E034,2025-11-29,Client Review,3.1,151.96,3,0,0
A003270,P0064,E001,2025-07-27,Quality Review,6.8,597.06,5,1,2
A003271,P0118,E006,2025-12-05,Kickoff,3.5,178.97,5,0,1
A003272,P0105,E025,2026-01-24,Project Administration,4.0,171.15,4,0,1
A003273,P0067,E035,2025-07-31,Quality Review,0.9,55.21,4,0,1
A003274,P0082,E022,2025-12-25,Reporting,6.2,274.37,0,0,1
A003275,P0040,E044,2026-03-27,Quality Review,9.4,440.88,7,1,2
A003276,P0011,E033,2025-03-01,Reporting,2.9,160.5,0,0,1
A003277,P0048,E031,2025-07-18,Stakeholder Meeting,8.1,604.61,7,1,1
A003278,P0072,E015,2026-07-15,Issue Resolution,5.4,226.86,7,2,3
A003279,P0022,E035,2026-05-17,Analysis,1.1,57.25,5,1,1
A003280,P0027,E044,2025-11-04,Reporting,3.3,285.46,5,1,2
A003281,P0002,E003,2025-09-22,Reporting,3.1,159.42,0,0,1
A003282,P0089,E037,2025-04-05,Quality Review,4.7,212.0,7,2,2
A003283,P0108,E044,2025-02-27,Kickoff,6.5,435.61,4,0,1
A003284,P0100,E022,2025-04-04,Stakeholder Meeting,10.1,373.69,2,1,1
A003285,P0046,E039,2026-01-29,Kickoff,1.9,158.15,5,0,1
A003286,P0072,E018,2026-05-08,Quality Review,4.3,207.9,4,0,1
A003287,P0116,E010,2026-07-09,Client Review,3.3,141.81,2,1,1
A003288,P0071,E041,2026-01-13,Quality Review,2.3,192.03,2,1,1
A003289,P0036,E016,2025-11-07,Client Review,5.7,487.72,0,1,1
A003290,P0041,E038,2026-03-23,Stakeholder Meeting,5.5,434.96,7,1,1
A003291,P0088,E016,2025-12-13,Analysis,1.0,49.08,5,1,2
A003292,P0054,E020,2025-09-18,Quality Review,5.5,366.41,2,0,0
A003293,P0101,E035,2026-06-09,Analysis,2.5,232.86,5,1,1
A003294,P0104,E018,2025-02-28,Issue Resolution,5.5,350.16,5,0,0
A003295,P0005,E041,2025-01-30,Issue Resolution,8.7,800.21,1,0,1
A003296,P0087,E002,2026-05-02,Stakeholder Meeting,6.7,506.4,1,0,0
A003297,P0045,E001,2026-02-09,Issue Resolution,5.9,505.63,1,0,0
A003298,P0063,E005,2025-08-23,Kickoff,4.2,195.48,0,1,2
A003299,P0032,E013,2026-07-16,Data Collection,5.7,516.44,6,1,2
A003300,P0045,E003,2026-02-03,Analysis,6.9,594.78,1,0,0
A003301,P0040,E020,2026-03-29,Stakeholder Meeting,6.7,550.09,6,1,1
A003302,P0007,E002,2026-05-14,Analysis,5.3,484.81,4,0,1
A003303,P0094,E038,2025-05-31,Quality Review,6.0,494.0,0,1,1
A003304,P0018,E008,2025-03-17,Issue Resolution,2.2,153.13,6,0,1
A003305,P0046,E049,2025-12-11,Quality Review,3.7,273.51,1,0,1
A003306,P0024,E043,2026-07-29,Quality Review,7.3,615.05,7,1,1
A003307,P0020,E035,2026-05-07,Kickoff,7.6,607.62,0,0,1
A003308,P0045,E040,2026-01-27,Analysis,5.7,401.89,4,0,1
A003309,P0111,E039,2026-02-02,Issue Resolution,9.2,652.14,2,0,0
A003310,P0114,E043,2026-10-29,Issue Resolution,6.8,597.16,4,0,1
A003311,P0046,E028,2026-03-09,Kickoff,4.9,174.41,6,0,1
A003312,P0061,E032,2026-01-23,Kickoff,2.5,195.19,6,0,1
A003313,P0119,E024,2025-08-27,Issue Resolution,9.1,627.35,2,0,1
A003314,P0029,E032,2025-11-23,Data Collection,7.4,631.2,0,1,2
A003315,P0114,E020,2026-07-19,Reporting,10.0,473.26,2,0,1
A003316,P0013,E007,2025-03-16,Issue Resolution,10.9,725.07,6,0,0
A003317,P0028,E047,2026-05-19,Issue Resolution,2.3,98.11,4,1,1
A003318,P0041,E035,2026-04-30,Quality Review,2.3,171.49,6,1,1
A003319,P0005,E036,2025-01-05,Stakeholder Meeting,0.5,40.41,3,1,2
A003320,P0098,E015,2026-07-20,Client Review,7.8,564.81,4,1,2
A003321,P0103,E039,2026-01-02,Client Review,7.1,484.83,0,1,1
A003322,P0047,E026,2025-09-15,Issue Resolution,5.7,316.94,0,1,1
A003323,P0101,E004,2026-06-14,Quality Review,2.4,176.13,5,0,0
A003324,P0093,E048,2025-03-03,Project Administration,5.3,471.54,1,0,1
A003325,P0097,E050,2025-10-17,Client Review,6.0,469.71,2,0,0
A003326,P0097,E044,2025-09-24,Kickoff,7.5,272.83,2,0,1
A003327,P0069,E024,2026-03-20,Analysis,6.2,406.24,5,0,1
A003328,P0014,E012,2025-02-20,Issue Resolution,7.2,570.13,7,0,0
A003329,P0111,E001,2026-02-01,Data Collection,5.2,339.3,6,0,1
A003330,P0074,E037,2026-01-14,Client Review,8.5,599.09,5,1,2
A003331,P0109,E045,2025-11-08,Stakeholder Meeting,7.1,636.83,6,0,1
A003332,P0116,E006,2026-04-08,Data Collection,2.5,218.59,4,1,1
A003333,P0023,E035,2025-09-10,Quality Review,9.0,358.91,1,1,1
A003334,P0049,E002,2025-05-06,Project Administration,8.6,564.45,3,1,2
A003335,P0024,E039,2026-10-01,Project Administration,6.7,484.67,7,0,0
A003336,P0007,E002,2026-05-30,Stakeholder Meeting,6.2,533.96,6,1,2
A003337,P0116,E049,2026-06-25,Kickoff,9.6,488.93,2,0,0
A003338,P0111,E009,2026-01-22,Issue Resolution,1.4,60.75,2,0,0
A003339,P0112,E021,2025-04-16,Project Administration,8.6,609.13,7,0,0
A003340,P0107,E035,2026-03-31,Reporting,4.3,271.14,0,0,0
A003341,P0078,E043,2025-11-11,Reporting,8.2,413.79,7,1,2
A003342,P0063,E019,2025-08-25,Quality Review,5.8,531.14,5,1,2
A003343,P0119,E050,2025-11-10,Kickoff,2.4,129.73,6,0,0
A003344,P0067,E001,2025-09-16,Data Collection,4.3,164.76,2,1,1
A003345,P0078,E024,2025-11-07,Data Collection,8.1,312.08,5,0,0
A003346,P0026,E050,2026-04-09,Project Administration,5.0,235.32,2,1,1
A003347,P0090,E014,2025-07-05,Kickoff,3.9,163.82,0,1,2
A003348,P0099,E027,2026-04-25,Reporting,3.9,228.86,3,0,1
A003349,P0082,E023,2026-03-14,Stakeholder Meeting,7.1,282.78,7,1,2
A003350,P0060,E020,2025-07-23,Kickoff,9.9,679.83,1,1,1
A003351,P0024,E039,2026-09-25,Project Administration,0.5,29.75,1,0,0
A003352,P0005,E026,2025-01-11,Kickoff,12.5,885.94,7,1,1
A003353,P0076,E036,2025-09-22,Issue Resolution,6.0,566.13,7,0,0
A003354,P0082,E026,2026-03-06,Client Review,7.0,661.6,6,0,1
A003355,P0093,E050,2025-02-17,Issue Resolution,4.4,264.1,7,0,1
A003356,P0115,E024,2025-04-15,Data Collection,5.5,313.63,7,0,1
A003357,P0060,E040,2025-08-04,Issue Resolution,6.0,455.36,7,0,1
A003358,P0100,E031,2025-03-30,Reporting,2.9,165.48,7,0,0
A003359,P0086,E041,2025-12-03,Stakeholder Meeting,3.5,285.94,5,1,1
A003360,P0034,E045,2025-04-22,Client Review,8.5,604.34,2,0,0
A003361,P0102,E012,2026-01-07,Stakeholder Meeting,1.6,75.15,3,1,2
A003362,P0007,E016,2026-06-16,Analysis,6.6,395.27,3,0,0
A003363,P0072,E016,2026-04-25,Analysis,4.6,399.37,4,0,0
A003364,P0113,E025,2026-06-02,Reporting,3.1,211.42,5,1,2
A003365,P0080,E025,2026-04-28,Reporting,10.4,806.99,1,0,0
A003366,P0113,E001,2026-06-27,Analysis,3.1,240.53,0,0,0
A003367,P0007,E045,2026-08-27,Analysis,2.7,172.61,4,2,3
A003368,P0064,E043,2025-11-29,Project Administration,5.0,263.65,7,0,0
A003369,P0094,E031,2025-04-23,Quality Review,3.6,254.81,6,0,1
A003370,P0078,E016,2025-12-05,Issue Resolution,5.5,229.81,0,0,1
A003371,P0106,E042,2026-02-16,Analysis,5.9,417.97,4,0,1
A003372,P0056,E014,2025-05-09,Analysis,6.1,251.1,4,1,2
A003373,P0082,E016,2026-04-04,Analysis,5.2,463.36,3,0,0
A003374,P0051,E050,2025-11-04,Quality Review,3.7,294.64,5,0,1
A003375,P0105,E047,2025-11-28,Issue Resolution,7.1,325.7,3,0,0
A003376,P0015,E030,2025-08-22,Quality Review,5.2,426.81,7,0,0
A003377,P0031,E009,2025-12-25,Analysis,4.3,337.77,7,0,0
A003378,P0012,E007,2026-04-19,Project Administration,9.2,724.1,5,1,2
A003379,P0085,E049,2025-12-10,Reporting,5.2,286.61,3,1,2
A003380,P0028,E014,2026-02-21,Stakeholder Meeting,8.2,544.19,4,0,1
A003381,P0039,E035,2026-06-08,Kickoff,8.6,603.26,7,2,3
A003382,P0101,E018,2026-06-24,Reporting,8.7,501.28,2,1,2
A003383,P0044,E025,2025-10-19,Reporting,7.2,494.09,6,0,0
A003384,P0018,E050,2025-03-13,Project Administration,5.5,273.03,4,0,0
A003385,P0003,E030,2025-08-17,Analysis,5.3,463.71,0,0,1
A003386,P0028,E022,2026-03-02,Data Collection,4.9,453.84,5,0,1
A003387,P0110,E021,2026-06-13,Project Administration,0.5,27.3,1,0,0
A003388,P0066,E012,2026-01-06,Quality Review,7.3,405.47,4,0,0
A003389,P0120,E028,2026-06-03,Kickoff,6.1,292.63,7,2,2
A003390,P0026,E029,2026-05-19,Kickoff,7.6,660.34,6,0,0
A003391,P0043,E005,2026-05-30,Quality Review,5.2,232.97,5,0,0
A003392,P0020,E021,2026-04-28,Reporting,7.2,597.11,0,2,3
A003393,P0048,E033,2025-06-11,Analysis,2.1,178.37,6,0,0
A003394,P0068,E003,2025-06-25,Stakeholder Meeting,2.6,140.33,2,0,1
A003395,P0097,E049,2025-09-26,Client Review,0.5,40.8,0,0,0
A003396,P0045,E044,2026-01-18,Project Administration,5.2,323.33,7,1,2
A003397,P0093,E032,2025-02-10,Quality Review,3.6,201.27,1,0,0
A003398,P0076,E001,2025-09-27,Stakeholder Meeting,3.2,283.53,2,0,0
A003399,P0036,E026,2025-10-08,Stakeholder Meeting,6.3,391.93,1,1,1
A003400,P0110,E045,2026-05-29,Data Collection,4.4,168.58,4,1,2
A003401,P0053,E002,2025-07-12,Kickoff,1.9,138.84,6,1,1
A003402,P0019,E040,2026-06-13,Issue Resolution,11.9,886.31,4,1,1
A003403,P0116,E042,2026-07-08,Kickoff,5.4,394.63,6,1,1
A003404,P0110,E004,2026-05-31,Issue Resolution,2.8,158.53,7,0,1
A003405,P0006,E012,2025-07-23,Analysis,3.8,287.72,6,0,1
A003406,P0109,E037,2025-10-15,Client Review,5.1,267.57,1,0,0
A003407,P0114,E046,2026-06-05,Project Administration,5.1,320.59,1,0,1
A003408,P0100,E039,2025-04-09,Client Review,8.8,422.42,2,0,0
A003409,P0031,E027,2026-01-01,Client Review,5.3,380.51,5,0,1
A003410,P0076,E031,2025-10-17,Analysis,10.1,844.66,6,0,0
A003411,P0065,E027,2025-06-28,Reporting,4.4,179.78,2,0,1
A003412,P0075,E029,2026-03-06,Reporting,6.6,241.7,5,0,0
A003413,P0074,E039,2025-11-28,Stakeholder Meeting,8.1,653.41,1,1,2
A003414,P0077,E003,2025-12-09,Kickoff,8.5,462.17,4,0,1
A003415,P0062,E011,2025-08-02,Project Administration,8.8,478.98,6,1,2
A003416,P0083,E003,2025-05-02,Data Collection,4.8,330.64,3,0,0
A003417,P0064,E040,2025-12-08,Project Administration,5.5,353.12,1,0,1
A003418,P0002,E037,2025-09-26,Project Administration,0.5,21.15,3,1,2
A003419,P0005,E003,2025-01-22,Kickoff,5.0,403.13,6,1,2
A003420,P0115,E006,2025-07-27,Client Review,8.2,373.73,7,1,1
A003421,P0110,E014,2026-06-07,Reporting,7.7,651.13,4,1,2
A003422,P0071,E013,2026-01-26,Analysis,5.3,428.56,5,0,0
A003423,P0021,E026,2026-04-22,Issue Resolution,9.7,436.83,3,1,2
A003424,P0094,E025,2025-04-30,Data Collection,4.5,362.22,7,1,2
A003425,P0018,E018,2025-03-18,Analysis,3.7,276.23,6,1,2
A003426,P0046,E009,2026-02-17,Project Administration,4.3,403.81,7,1,1
A003427,P0040,E033,2026-05-23,Client Review,2.7,209.82,6,1,2
A003428,P0002,E040,2025-09-29,Data Collection,7.1,414.73,4,0,0
A003429,P0097,E033,2025-10-15,Data Collection,6.2,447.66,7,0,1
A003430,P0062,E041,2025-06-20,Analysis,7.0,522.99,4,0,0
A003431,P0038,E046,2025-09-29,Kickoff,4.5,358.83,4,0,1
A003432,P0061,E043,2026-07-07,Data Collection,5.4,340.83,5,0,1
A003433,P0001,E033,2026-09-06,Reporting,0.5,42.33,1,1,1
A003434,P0053,E003,2025-06-04,Kickoff,6.4,334.19,6,0,0
A003435,P0063,E017,2025-08-14,Analysis,5.7,528.96,2,0,0
A003436,P0041,E022,2026-06-02,Analysis,2.7,144.79,5,0,0
A003437,P0100,E036,2025-03-23,Project Administration,5.2,193.71,6,0,1
A003438,P0030,E043,2026-02-11,Project Administration,4.9,230.34,0,0,0
A003439,P0017,E033,2025-12-26,Issue Resolution,9.9,897.4,2,0,1
A003440,P0064,E019,2025-10-19,Stakeholder Meeting,2.8,230.73,7,0,0
A003441,P0107,E040,2026-02-09,Quality Review,6.3,386.58,2,0,0
A003442,P0046,E035,2026-01-06,Quality Review,2.8,250.07,5,0,1
A003443,P0006,E040,2025-07-17,Issue Resolution,4.1,204.17,4,0,0
A003444,P0117,E030,2025-11-17,Client Review,6.2,303.88,6,0,0
A003445,P0054,E033,2025-09-24,Project Administration,5.0,213.69,4,1,2
A003446,P0021,E018,2026-05-14,Quality Review,5.5,338.5,3,1,2
A003447,P0074,E020,2026-01-17,Project Administration,6.3,414.84,0,1,1
A003448,P0039,E014,2026-07-26,Client Review,4.3,187.95,3,0,1
A003449,P0113,E013,2026-05-29,Client Review,7.7,322.45,4,0,1
A003450,P0036,E033,2025-10-27,Reporting,4.7,274.61,5,0,0
A003451,P0067,E020,2025-09-06,Stakeholder Meeting,5.3,259.47,6,0,0
A003452,P0066,E007,2026-01-19,Reporting,6.4,444.52,6,0,1
A003453,P0030,E002,2026-03-28,Stakeholder Meeting,6.1,405.41,3,0,0
A003454,P0060,E044,2025-07-13,Reporting,7.1,317.72,0,0,1
A003455,P0014,E022,2025-02-15,Analysis,6.3,225.52,2,0,1
A003456,P0078,E029,2025-11-11,Issue Resolution,6.7,493.71,3,0,1
A003457,P0091,E046,2025-07-11,Reporting,4.7,382.45,7,0,1
A003458,P0115,E006,2025-04-24,Client Review,2.8,180.03,6,1,1
A003459,P0040,E047,2026-04-20,Data Collection,1.9,132.11,7,0,1
A003460,P0035,E036,2026-06-12,Issue Resolution,1.3,120.51,7,0,1
A003461,P0066,E033,2026-01-19,Issue Resolution,9.9,802.52,1,0,0
A003462,P0084,E022,2026-06-25,Data Collection,0.5,27.51,0,0,0
A003463,P0120,E036,2026-07-18,Stakeholder Meeting,8.5,731.15,4,0,0
A003464,P0004,E011,2025-03-19,Client Review,3.4,230.89,2,0,0
A003465,P0029,E016,2025-12-29,Issue Resolution,8.5,563.69,6,0,0
A003466,P0032,E049,2026-04-07,Client Review,0.5,38.26,3,0,0
A003467,P0031,E014,2025-12-04,Quality Review,4.9,297.77,0,1,1
A003468,P0056,E036,2025-06-26,Analysis,9.1,799.4,1,1,1
A003469,P0105,E047,2025-12-18,Project Administration,7.3,328.77,2,0,0
A003470,P0004,E030,2025-02-20,Issue Resolution,4.7,283.48,0,0,1
A003471,P0098,E015,2026-04-27,Project Administration,0.6,23.34,2,2,3
A003472,P0075,E043,2026-04-25,Analysis,2.2,170.11,4,0,1
A003473,P0074,E042,2025-10-22,Stakeholder Meeting,9.0,460.96,7,1,2
A003474,P0082,E028,2026-02-09,Analysis,4.6,278.42,5,0,0
A003475,P0014,E006,2025-03-04,Project Administration,5.3,467.36,0,1,2
A003476,P0090,E023,2025-06-15,Issue Resolution,6.2,286.3,3,0,0
A003477,P0030,E022,2026-01-02,Data Collection,2.2,77.3,6,0,0
A003478,P0062,E010,2025-06-29,Analysis,6.5,452.97,2,2,3
A003479,P0082,E021,2026-05-20,Quality Review,4.5,275.64,4,0,0
A003480,P0073,E008,2026-08-30,Stakeholder Meeting,6.2,237.45,7,0,0
A003481,P0039,E035,2026-08-04,Quality Review,4.1,216.38,1,1,1
A003482,P0048,E022,2025-06-08,Stakeholder Meeting,1.6,78.95,3,1,2
A003483,P0058,E037,2025-08-28,Client Review,4.4,222.8,4,0,0
A003484,P0005,E023,2025-02-02,Project Administration,7.1,584.9,6,0,1
A003485,P0088,E036,2026-01-06,Project Administration,6.5,346.35,6,0,0
A003486,P0012,E037,2026-03-29,Quality Review,5.6,360.51,2,1,2
A003487,P0056,E009,2025-07-02,Issue Resolution,7.7,392.17,3,0,1
A003488,P0079,E023,2026-05-25,Client Review,5.0,460.16,6,0,1
A003489,P0010,E038,2025-03-19,Data Collection,5.6,456.14,6,0,0
A003490,P0120,E030,2026-07-20,Issue Resolution,4.3,259.71,6,0,0
A003491,P0046,E012,2025-12-07,Stakeholder Meeting,7.9,621.09,5,0,0
A003492,P0002,E042,2025-08-27,Reporting,6.2,334.11,2,0,0
A003493,P0080,E010,2026-05-27,Client Review,4.1,163.73,2,0,1
A003494,P0067,E050,2025-05-05,Project Administration,1.8,109.5,5,0,0
A003495,P0077,E036,2025-11-20,Project Administration,8.3,571.66,2,0,1
A003496,P0091,E017,2025-06-22,Issue Resolution,3.6,201.46,5,0,0
A003497,P0058,E010,2025-08-07,Quality Review,5.7,336.83,4,0,0
A003498,P0100,E046,2025-04-06,Stakeholder Meeting,11.4,887.67,3,1,2
A003499,P0045,E027,2026-02-13,Stakeholder Meeting,7.5,665.45,2,0,1
A003500,P0066,E041,2026-01-23,Project Administration,9.5,842.14,6,0,0
A003501,P0020,E042,2026-03-15,Data Collection,4.2,292.07,3,0,0
A003502,P0075,E004,2026-02-15,Quality Review,8.2,596.71,2,1,1
A003503,P0032,E035,2026-02-28,Client Review,5.6,375.02,3,1,1
A003504,P0084,E017,2026-07-09,Kickoff,6.4,366.55,3,2,2
A003505,P0097,E046,2025-10-09,Reporting,10.6,840.47,4,0,1
A003506,P0104,E011,2025-06-03,Analysis,4.8,200.04,7,0,1
A003507,P0112,E002,2025-03-30,Analysis,5.5,487.52,2,0,0
A003508,P0015,E034,2025-09-10,Reporting,3.2,166.47,1,0,1
A003509,P0017,E028,2026-01-17,Kickoff,7.7,370.6,7,2,2
A003510,P0112,E028,2025-05-09,Data Collection,4.1,210.9,1,0,1
A003511,P0046,E014,2026-01-29,Quality Review,8.1,677.99,7,1,1
A003512,P0004,E025,2025-05-26,Reporting,1.4,71.59,1,2,3
A003513,P0035,E049,2026-05-26,Kickoff,6.9,493.85,2,1,1
A003514,P0101,E039,2026-05-28,Stakeholder Meeting,3.9,216.8,7,0,1
A003515,P0043,E050,2026-05-24,Analysis,7.3,543.0,1,1,1
A003516,P0010,E017,2025-03-08,Quality Review,5.5,387.74,1,0,1
A003517,P0087,E044,2026-05-03,Analysis,4.2,398.44,4,0,0
A003518,P0024,E020,2026-09-06,Kickoff,4.5,241.46,1,0,1
A003519,P0043,E047,2026-06-17,Quality Review,3.4,190.36,0,1,1
A003520,P0001,E044,2026-09-15,Issue Resolution,7.6,356.64,5,1,1
A003521,P0073,E009,2026-06-07,Reporting,2.9,182.22,7,0,1
A003522,P0054,E049,2025-10-11,Stakeholder Meeting,4.8,409.16,6,1,2
A003523,P0105,E031,2025-12-09,Quality Review,6.4,305.02,7,0,1
A003524,P0041,E039,2026-05-29,Data Collection,9.5,880.5,4,1,1
A003525,P0025,E029,2025-06-27,Analysis,5.5,196.84,4,0,1
A003526,P0020,E011,2026-04-13,Stakeholder Meeting,4.9,408.21,7,0,1
A003527,P0025,E050,2025-09-21,Reporting,6.2,474.28,4,0,1
A003528,P0055,E006,2026-01-23,Quality Review,0.5,44.66,0,1,2
A003529,P0011,E041,2025-05-31,Project Administration,2.5,165.77,1,2,3
A003530,P0049,E011,2025-04-29,Reporting,4.6,348.95,4,0,1
A003531,P0103,E040,2026-01-23,Kickoff,3.7,140.47,6,0,0
A003532,P0093,E022,2025-02-08,Quality Review,1.5,87.99,4,0,0
A003533,P0077,E012,2025-11-11,Reporting,7.6,617.44,3,1,2
A003534,P0108,E012,2025-05-03,Kickoff,6.1,253.39,2,0,0
A003535,P0094,E016,2025-04-29,Stakeholder Meeting,5.9,483.47,5,0,1
A003536,P0079,E046,2026-06-14,Issue Resolution,3.8,203.29,7,0,0
A003537,P0104,E039,2025-05-19,Stakeholder Meeting,5.7,320.22,2,0,0
A003538,P0015,E034,2025-07-30,Quality Review,6.8,502.13,4,1,2
A003539,P0099,E032,2026-08-04,Data Collection,4.8,190.51,3,0,0
A003540,P0036,E021,2025-11-02,Kickoff,6.6,478.35,1,0,1
A003541,P0088,E046,2025-12-07,Analysis,3.5,314.38,3,0,0
A003542,P0110,E014,2026-07-02,Client Review,5.7,231.57,0,0,0
A003543,P0060,E048,2025-08-15,Project Administration,8.4,421.51,4,0,1
A003544,P0011,E020,2025-05-28,Reporting,8.6,308.06,0,0,1
A003545,P0045,E018,2025-12-25,Issue Resolution,8.8,581.5,3,1,1
A003546,P0049,E024,2025-03-31,Reporting,6.2,488.92,7,0,1
A003547,P0113,E038,2026-06-03,Reporting,5.6,507.27,1,0,1
A003548,P0114,E036,2026-08-19,Stakeholder Meeting,4.4,251.16,2,0,0
A003549,P0069,E039,2026-03-14,Kickoff,1.0,43.93,5,0,1
A003550,P0115,E005,2025-06-05,Stakeholder Meeting,2.1,77.16,7,0,1
A003551,P0053,E009,2025-07-28,Issue Resolution,5.1,277.95,7,1,2
A003552,P0050,E043,2025-06-10,Quality Review,5.2,341.82,0,0,0
A003553,P0101,E050,2026-05-29,Client Review,9.0,801.42,1,1,1
A003554,P0081,E007,2025-09-20,Kickoff,8.8,422.29,7,0,0
A003555,P0063,E046,2025-08-26,Data Collection,3.8,311.14,4,0,0
A003556,P0055,E014,2026-03-26,Analysis,7.5,478.91,6,0,1
A003557,P0085,E049,2025-12-25,Stakeholder Meeting,4.3,374.32,0,1,2
A003558,P0091,E050,2025-08-28,Project Administration,7.2,624.84,0,0,1
A003559,P0059,E032,2025-10-31,Quality Review,7.5,648.46,1,1,2
A003560,P0004,E010,2025-04-30,Reporting,8.6,508.09,0,0,1
A003561,P0013,E040,2025-03-21,Reporting,4.3,239.82,7,0,1
A003562,P0018,E006,2025-04-27,Stakeholder Meeting,8.0,379.5,6,0,0
A003563,P0056,E017,2025-05-06,Project Administration,0.8,38.96,3,0,1
A003564,P0074,E032,2025-09-17,Analysis,8.7,626.17,0,0,0
A003565,P0097,E004,2025-10-05,Kickoff,5.4,500.67,0,0,0
A003566,P0028,E020,2026-04-13,Client Review,5.5,392.47,2,0,1
A003567,P0095,E040,2026-01-02,Reporting,0.5,29.87,5,0,0
A003568,P0080,E005,2026-04-24,Analysis,4.5,222.95,6,1,1
A003569,P0007,E019,2026-06-07,Issue Resolution,8.9,659.65,4,1,2
A003570,P0043,E001,2026-06-12,Data Collection,4.4,209.69,7,0,0
A003571,P0037,E033,2025-09-10,Analysis,7.3,296.4,7,0,1
A003572,P0107,E004,2025-11-07,Data Collection,5.6,227.43,6,0,1
A003573,P0111,E015,2026-01-26,Data Collection,8.2,705.43,0,0,0
A003574,P0099,E027,2026-07-12,Client Review,6.0,347.61,7,0,0
A003575,P0064,E011,2025-11-28,Client Review,3.2,292.55,7,0,1
A003576,P0060,E012,2025-07-25,Reporting,5.6,362.91,4,0,0
A003577,P0038,E042,2025-11-04,Issue Resolution,9.5,726.66,4,0,0
A003578,P0093,E039,2025-02-19,Kickoff,6.7,566.93,6,0,1
A003579,P0011,E005,2025-04-06,Reporting,5.2,454.84,4,0,1
A003580,P0033,E043,2026-04-29,Data Collection,11.1,496.76,2,0,1
A003581,P0017,E024,2026-01-21,Project Administration,8.4,403.2,5,0,0
A003582,P0060,E008,2025-07-22,Reporting,7.5,330.04,6,1,2
A003583,P0036,E046,2025-10-13,Client Review,6.3,388.92,1,0,1
A003584,P0024,E017,2026-07-28,Reporting,7.3,323.41,5,0,0
A003585,P0046,E017,2025-12-10,Stakeholder Meeting,7.4,547.98,1,1,2
A003586,P0104,E008,2025-06-28,Client Review,0.5,28.38,4,0,1
A003587,P0067,E045,2025-09-17,Issue Resolution,6.5,603.49,0,0,0
A003588,P0099,E015,2026-06-30,Data Collection,5.1,428.38,7,1,1
A003589,P0110,E030,2026-08-05,Issue Resolution,4.3,337.36,5,0,1
A003590,P0109,E012,2025-10-05,Client Review,5.0,381.61,3,1,1
A003591,P0043,E045,2026-05-30,Kickoff,1.6,59.8,4,1,2
A003592,P0106,E040,2026-02-15,Project Administration,1.0,40.02,4,1,2
A003593,P0110,E026,2026-05-28,Data Collection,8.6,523.97,0,0,1
A003594,P0116,E018,2026-04-08,Reporting,6.7,602.21,4,0,1
A003595,P0043,E033,2026-05-15,Data Collection,0.5,20.32,5,0,0
A003596,P0028,E025,2026-04-18,Data Collection,4.1,246.85,2,0,1
A003597,P0071,E048,2025-12-24,Reporting,7.7,636.29,3,1,2
A003598,P0112,E034,2025-04-28,Client Review,4.8,260.1,2,0,0
A003599,P0109,E002,2025-12-11,Client Review,8.6,780.56,1,1,2
A003600,P0069,E042,2026-02-17,Stakeholder Meeting,8.1,737.76,7,0,1
A003601,P0018,E010,2025-06-03,Issue Resolution,2.1,80.68,4,0,1
A003602,P0051,E016,2025-11-15,Kickoff,5.1,367.12,3,1,1
A003603,P0086,E022,2025-12-03,Issue Resolution,4.4,192.43,2,0,1
A003604,P0068,E011,2025-08-07,Analysis,2.0,122.92,5,0,1
A003605,P0042,E048,2025-10-26,Reporting,1.9,168.85,0,0,0
A003606,P0042,E049,2025-11-09,Project Administration,3.5,137.91,4,0,1
A003607,P0008,E008,2025-10-09,Analysis,3.9,355.84,1,0,0
A003608,P0035,E017,2026-03-14,Stakeholder Meeting,6.2,586.94,7,0,0
A003609,P0081,E019,2025-12-03,Issue Resolution,8.1,609.24,6,1,1
A003610,P0029,E034,2025-12-13,Issue Resolution,6.8,383.36,6,1,2
A003611,P0120,E030,2026-03-26,Analysis,7.4,370.45,1,1,1
A003612,P0010,E034,2025-03-12,Quality Review,4.8,292.59,0,1,2
A003613,P0071,E002,2026-01-25,Analysis,7.0,320.53,3,0,1
A003614,P0060,E026,2025-07-19,Quality Review,5.1,184.64,2,1,1
A003615,P0100,E011,2025-04-10,Stakeholder Meeting,4.4,170.56,5,1,2
A003616,P0107,E012,2026-01-12,Kickoff,10.2,763.1,5,0,1
A003617,P0066,E039,2026-01-06,Project Administration,0.5,18.12,3,0,0
A003618,P0076,E008,2025-06-30,Reporting,0.8,42.47,1,1,2
A003619,P0084,E002,2026-06-22,Quality Review,6.5,491.29,2,2,3
A003620,P0063,E025,2025-08-18,Kickoff,4.8,218.34,4,2,3
A003621,P0023,E037,2025-07-02,Kickoff,1.9,104.38,2,0,1
A003622,P0052,E026,2025-12-12,Quality Review,2.9,106.97,2,1,1
A003623,P0029,E009,2025-12-26,Reporting,3.2,133.59,1,0,0
A003624,P0056,E039,2025-05-23,Analysis,7.7,373.88,0,1,2
A003625,P0074,E020,2025-09-26,Client Review,8.5,361.85,4,0,1
A003626,P0026,E036,2026-06-09,Stakeholder Meeting,9.6,607.91,7,1,2
A003627,P0030,E011,2026-01-29,Kickoff,1.5,63.93,7,2,3
A003628,P0099,E046,2026-04-28,Quality Review,2.1,111.95,7,0,1
A003629,P0046,E015,2025-12-22,Data Collection,1.9,148.99,5,2,2
A003630,P0024,E049,2026-08-15,Kickoff,8.7,645.81,5,1,2
A003631,P0086,E019,2025-11-03,Data Collection,6.5,376.87,0,0,0
A003632,P0086,E037,2025-12-12,Analysis,5.7,517.93,1,0,1
A003633,P0100,E026,2025-03-13,Quality Review,6.1,501.62,5,1,2
A003634,P0092,E004,2026-04-29,Project Administration,5.4,385.73,7,0,1
A003635,P0120,E005,2026-06-05,Data Collection,2.7,165.26,7,0,1
A003636,P0069,E021,2026-03-28,Kickoff,6.8,262.49,5,0,0
A003637,P0035,E010,2026-03-13,Data Collection,5.0,298.86,0,0,0
A003638,P0104,E031,2025-04-18,Analysis,2.5,169.29,7,0,0
A003639,P0032,E007,2026-03-27,Data Collection,6.9,651.78,2,1,2
A003640,P0035,E030,2026-06-06,Analysis,4.4,405.22,0,0,1
A003641,P0100,E011,2025-04-05,Project Administration,6.1,254.57,6,0,0
A003642,P0106,E010,2026-01-30,Stakeholder Meeting,5.2,487.53,1,0,0
A003643,P0041,E019,2026-06-26,Reporting,7.7,618.13,2,1,2
A003644,P0088,E030,2025-12-23,Client Review,6.1,463.09,5,0,1
A003645,P0111,E020,2026-02-07,Data Collection,3.3,294.41,7,1,2
A003646,P0096,E018,2026-01-06,Analysis,6.3,343.37,7,1,2
A003647,P0001,E018,2026-11-04,Stakeholder Meeting,6.4,377.33,1,1,1
A003648,P0080,E017,2026-04-24,Quality Review,6.8,593.35,1,0,1
A003649,P0021,E021,2026-03-30,Kickoff,8.1,334.04,6,0,0
A003650,P0102,E042,2025-12-04,Reporting,4.0,310.2,2,0,1
A003651,P0009,E029,2026-05-17,Analysis,7.2,601.84,0,0,0
A003652,P0120,E022,2026-07-20,Analysis,1.2,105.72,4,0,1
A003653,P0022,E038,2026-04-29,Reporting,5.2,250.38,5,0,0
A003654,P0051,E027,2025-10-21,Project Administration,4.8,363.62,7,0,0
A003655,P0029,E048,2026-01-10,Issue Resolution,9.1,365.3,3,0,1
A003656,P0098,E029,2026-06-11,Project Administration,5.1,441.95,6,0,1
A003657,P0048,E011,2025-06-03,Stakeholder Meeting,7.0,447.36,4,0,1
A003658,P0090,E029,2025-07-26,Data Collection,1.1,79.69,7,0,1
A003659,P0009,E039,2026-04-23,Data Collection,4.6,395.98,3,0,0
A003660,P0055,E011,2025-12-24,Stakeholder Meeting,3.4,222.23,5,0,0
A003661,P0110,E011,2026-08-03,Analysis,11.7,766.58,7,0,0
A003662,P0112,E030,2025-03-28,Data Collection,3.8,238.94,7,1,2
A003663,P0026,E045,2026-06-08,Data Collection,5.7,404.94,3,1,1
A003664,P0048,E017,2025-07-31,Data Collection,5.8,452.63,4,0,0
A003665,P0050,E026,2025-07-23,Reporting,1.5,124.97,4,0,1
A003666,P0068,E033,2025-08-13,Quality Review,4.2,154.51,0,1,1
A003667,P0065,E034,2025-04-24,Kickoff,6.5,363.25,1,1,2
A003668,P0013,E008,2025-03-04,Reporting,5.7,347.42,5,0,1
A003669,P0092,E020,2026-04-27,Issue Resolution,0.5,20.46,0,0,0
A003670,P0028,E050,2026-04-29,Stakeholder Meeting,4.1,328.4,4,0,1
A003671,P0038,E045,2025-10-27,Analysis,8.1,537.62,3,1,2
A003672,P0101,E039,2026-05-29,Analysis,7.0,245.79,3,0,1
A003673,P0083,E002,2025-05-02,Stakeholder Meeting,8.5,619.5,6,1,1
A003674,P0048,E021,2025-05-20,Analysis,3.0,166.02,2,0,1
A003675,P0110,E003,2026-05-30,Project Administration,8.7,683.92,6,1,2
A003676,P0048,E016,2025-06-30,Project Administration,5.4,247.22,6,2,3
A003677,P0068,E044,2025-06-15,Stakeholder Meeting,9.5,333.19,7,0,1
A003678,P0030,E020,2025-12-16,Project Administration,5.5,221.15,6,1,2
A003679,P0022,E009,2026-04-19,Issue Resolution,0.5,30.71,4,1,1
A003680,P0059,E037,2025-10-06,Kickoff,7.6,607.09,2,1,1
A003681,P0068,E038,2025-08-30,Quality Review,4.4,313.43,6,0,0
A003682,P0097,E033,2025-10-13,Reporting,4.6,165.13,7,0,0
A003683,P0047,E041,2025-09-20,Stakeholder Meeting,1.9,133.94,2,2,3
A003684,P0108,E036,2025-03-10,Quality Review,9.6,613.73,2,0,1
A003685,P0073,E032,2026-07-03,Quality Review,4.2,347.73,3,1,2
A003686,P0009,E045,2026-05-13,Client Review,9.4,473.76,0,0,1
A003687,P0089,E017,2025-03-03,Analysis,4.4,343.8,2,0,0
A003688,P0069,E023,2026-03-21,Reporting,3.2,233.3,1,1,2
A003689,P0047,E029,2025-08-15,Analysis,8.8,636.94,6,1,1
A003690,P0057,E034,2025-09-25,Project Administration,5.3,314.47,3,0,1
A003691,P0037,E024,2025-10-30,Kickoff,5.3,189.59,4,0,1
A003692,P0074,E023,2025-12-22,Kickoff,2.3,106.39,0,0,0
A003693,P0069,E009,2026-03-18,Kickoff,4.4,376.88,4,0,1
A003694,P0054,E032,2025-10-05,Stakeholder Meeting,6.6,475.27,5,0,1
A003695,P0035,E007,2026-06-15,Reporting,2.3,160.28,5,0,1
A003696,P0048,E024,2025-06-17,Project Administration,4.2,279.47,6,0,1
A003697,P0060,E021,2025-08-13,Quality Review,4.4,174.31,0,0,1
A003698,P0057,E039,2025-08-24,Data Collection,5.7,318.4,4,1,1
A003699,P0038,E024,2025-10-05,Stakeholder Meeting,9.2,663.77,3,1,1
A003700,P0070,E001,2026-07-20,Data Collection,4.8,204.16,7,0,0
A003701,P0028,E026,2026-04-16,Quality Review,3.8,342.99,5,2,2
A003702,P0061,E011,2026-06-27,Client Review,12.4,488.05,7,0,1
A003703,P0015,E020,2025-08-28,Kickoff,4.4,333.46,0,0,0
A003704,P0057,E015,2025-07-13,Client Review,5.0,265.37,3,0,1
A003705,P0095,E009,2026-02-16,Analysis,4.6,399.37,5,1,2
A003706,P0099,E048,2026-06-27,Client Review,4.8,406.13,0,0,0
A003707,P0084,E013,2026-04-03,Issue Resolution,5.7,313.46,5,0,1
A003708,P0090,E026,2025-09-26,Client Review,7.8,489.27,1,1,2
A003709,P0008,E042,2025-11-15,Client Review,6.5,601.55,0,1,1
A003710,P0041,E019,2026-05-01,Client Review,8.2,586.09,5,1,2
A003711,P0079,E047,2026-06-27,Data Collection,8.1,286.42,3,1,2
A003712,P0097,E021,2025-10-19,Data Collection,6.0,489.81,3,1,2
A003713,P0070,E048,2026-07-21,Stakeholder Meeting,6.4,362.74,2,0,0
A003714,P0103,E023,2026-01-18,Reporting,8.3,427.87,5,1,2
A003715,P0033,E001,2026-06-05,Reporting,2.7,229.31,4,0,1
A003716,P0019,E044,2026-03-29,Client Review,11.7,1088.7,5,0,1
A003717,P0011,E044,2025-05-10,Analysis,4.2,162.63,6,2,3
A003718,P0070,E049,2026-07-30,Issue Resolution,4.6,268.74,4,0,1
A003719,P0080,E007,2026-05-31,Quality Review,2.5,129.46,0,0,1
A003720,P0035,E043,2026-05-07,Analysis,2.5,222.16,1,0,1
A003721,P0095,E018,2026-01-31,Client Review,7.9,687.79,7,1,2
A003722,P0089,E043,2025-02-08,Data Collection,11.2,997.55,2,2,3
A003723,P0044,E049,2025-11-08,Stakeholder Meeting,4.1,153.99,3,0,1
A003724,P0029,E010,2025-11-27,Issue Resolution,6.4,243.24,3,0,0
A003725,P0090,E019,2025-09-09,Client Review,6.1,415.31,7,1,2
A003726,P0081,E014,2025-10-07,Analysis,8.0,360.11,6,0,1
A003727,P0021,E016,2026-06-29,Data Collection,11.0,459.35,3,0,1
A003728,P0031,E030,2025-12-27,Kickoff,9.3,470.78,5,0,0
A003729,P0059,E021,2025-09-28,Kickoff,4.9,380.06,4,0,1
A003730,P0062,E033,2025-08-06,Issue Resolution,6.8,512.03,5,0,0
A003731,P0020,E034,2026-04-09,Issue Resolution,7.1,582.99,7,1,1
A003732,P0114,E011,2026-08-14,Quality Review,5.4,209.33,5,0,1
A003733,P0047,E003,2025-05-22,Reporting,2.8,226.76,0,1,2
A003734,P0046,E038,2025-12-12,Analysis,3.5,225.53,4,1,1
A003735,P0008,E010,2025-10-28,Data Collection,8.4,451.75,6,0,1
A003736,P0106,E010,2026-02-22,Kickoff,8.6,615.91,0,1,2
A003737,P0029,E031,2025-12-28,Client Review,5.0,414.86,2,0,1
A003738,P0119,E014,2025-11-05,Kickoff,6.2,255.64,1,0,1
A003739,P0060,E010,2025-07-18,Kickoff,8.5,709.22,5,0,0
A003740,P0105,E016,2026-01-30,Issue Resolution,1.2,83.0,1,1,2
A003741,P0022,E027,2026-04-15,Reporting,4.4,317.69,4,1,2
A003742,P0020,E043,2026-04-13,Quality Review,10.5,921.24,0,0,0
A003743,P0097,E050,2025-09-25,Data Collection,6.2,481.12,7,1,1
A003744,P0099,E037,2026-05-06,Data Collection,2.7,189.03,2,0,1
A003745,P0066,E045,2026-02-17,Quality Review,5.8,319.94,3,0,0
A003746,P0004,E027,2025-06-30,Stakeholder Meeting,8.1,531.51,6,0,1
A003747,P0114,E021,2026-09-03,Quality Review,0.5,42.6,3,1,1
A003748,P0048,E041,2025-07-27,Data Collection,5.9,558.94,0,0,1
A003749,P0113,E016,2026-07-17,Analysis,4.6,369.7,7,0,1
A003750,P0105,E041,2025-11-25,Data Collection,1.4,115.37,0,1,1
A003751,P0103,E050,2026-01-14,Stakeholder Meeting,5.7,438.7,3,0,0
A003752,P0083,E020,2025-05-11,Analysis,5.2,421.29,0,0,1
A003753,P0081,E032,2025-09-17,Analysis,5.4,267.79,5,0,0
A003754,P0064,E040,2025-08-02,Quality Review,4.6,277.98,2,0,1
A003755,P0003,E040,2025-10-16,Quality Review,2.9,198.24,7,0,0
A003756,P0047,E011,2025-05-18,Data Collection,1.9,129.14,1,0,0
A003757,P0088,E049,2026-01-11,Client Review,3.8,269.18,5,1,1
A003758,P0098,E026,2026-07-03,Stakeholder Meeting,7.6,709.93,0,1,2
A003759,P0068,E003,2025-08-01,Stakeholder Meeting,6.1,526.53,0,1,1
A003760,P0086,E006,2026-01-06,Quality Review,5.3,448.75,2,0,0
A003761,P0003,E037,2025-06-11,Data Collection,2.9,245.98,7,0,1
A003762,P0057,E022,2025-08-10,Stakeholder Meeting,4.6,379.96,7,0,0
A003763,P0061,E006,2026-06-10,Reporting,7.3,552.99,4,0,1
A003764,P0108,E027,2025-05-14,Data Collection,6.8,342.67,2,0,1
A003765,P0038,E030,2025-10-14,Reporting,4.3,371.29,2,0,0
A003766,P0028,E004,2026-05-09,Kickoff,0.5,25.89,1,1,2
A003767,P0043,E018,2026-06-24,Reporting,3.8,298.27,2,1,1
A003768,P0021,E024,2026-02-28,Kickoff,4.3,179.13,3,0,1
A003769,P0068,E040,2025-07-28,Data Collection,3.2,217.08,5,1,2
A003770,P0078,E033,2025-12-08,Stakeholder Meeting,4.5,243.58,1,0,0
A003771,P0097,E005,2025-10-08,Reporting,7.5,579.51,0,2,2
A003772,P0117,E031,2025-10-26,Client Review,5.4,466.11,4,0,0
A003773,P0009,E046,2026-05-13,Quality Review,8.0,287.45,1,0,1
A003774,P0030,E003,2026-02-05,Data Collection,1.7,71.16,3,0,1
A003775,P0037,E050,2025-08-01,Stakeholder Meeting,4.7,425.5,5,0,0
A003776,P0030,E005,2026-03-29,Issue Resolution,0.7,34.55,7,1,1
A003777,P0100,E032,2025-04-09,Kickoff,4.4,346.93,4,0,0
A003778,P0017,E018,2026-01-15,Client Review,2.9,242.88,7,1,1
A003779,P0004,E037,2025-05-16,Stakeholder Meeting,8.7,691.07,2,0,1
A003780,P0104,E043,2025-03-07,Kickoff,6.5,240.02,5,2,3
A003781,P0116,E043,2026-04-21,Client Review,8.0,633.0,7,0,1
A003782,P0028,E044,2026-03-02,Kickoff,4.4,407.85,1,1,2
A003783,P0040,E041,2026-05-27,Stakeholder Meeting,3.0,171.38,5,1,2
A003784,P0061,E016,2026-06-13,Data Collection,2.9,225.08,3,0,0
A003785,P0064,E024,2025-08-24,Reporting,6.2,319.85,7,0,1
A003786,P0119,E036,2025-11-17,Kickoff,10.0,948.47,2,0,1
A003787,P0049,E009,2025-02-19,Kickoff,6.5,308.75,7,1,1
A003788,P0002,E029,2025-08-19,Quality Review,4.6,245.34,6,1,2
A003789,P0051,E027,2026-01-11,Project Administration,5.0,225.37,5,0,0
A003790,P0067,E050,2025-05-17,Kickoff,5.4,498.48,0,1,1
A003791,P0063,E003,2025-09-15,Quality Review,10.6,734.43,0,1,1
A003792,P0062,E005,2025-07-30,Issue Resolution,8.6,428.44,5,1,1
A003793,P0111,E002,2026-01-22,Analysis,6.1,262.73,3,0,0
A003794,P0097,E028,2025-09-21,Quality Review,5.8,507.43,2,0,1
A003795,P0031,E028,2025-12-03,Issue Resolution,6.2,240.31,6,2,2
A003796,P0043,E030,2026-02-23,Client Review,6.7,493.09,3,1,1
A003797,P0081,E013,2025-12-07,Analysis,4.5,322.23,3,0,1
A003798,P0050,E016,2025-08-08,Client Review,3.4,276.45,2,1,1
A003799,P0052,E021,2026-01-29,Client Review,8.1,614.88,7,0,1
A003800,P0021,E003,2026-06-07,Quality Review,5.6,477.06,2,1,1
A003801,P0031,E038,2025-12-27,Stakeholder Meeting,7.9,294.53,2,0,1
A003802,P0089,E003,2025-04-10,Project Administration,9.6,583.85,5,1,1
A003803,P0102,E034,2026-01-31,Issue Resolution,6.8,271.03,0,1,2
A003804,P0095,E023,2026-01-13,Project Administration,6.4,379.6,4,0,1
A003805,P0037,E050,2025-11-03,Client Review,13.5,926.77,4,0,1
A003806,P0017,E035,2026-01-04,Stakeholder Meeting,6.0,423.76,1,1,1
A003807,P0020,E024,2026-04-25,Kickoff,2.8,253.36,6,1,1
A003808,P0048,E036,2025-07-31,Data Collection,4.8,433.46,0,0,1
A003809,P0063,E006,2025-08-27,Project Administration,9.4,503.72,7,2,3
A003810,P0108,E010,2025-03-14,Stakeholder Meeting,2.3,176.97,6,0,0
A003811,P0108,E025,2025-02-28,Kickoff,3.6,279.94,1,0,0
A003812,P0001,E043,2026-06-27,Analysis,8.3,767.16,3,2,3
A003813,P0085,E042,2026-01-16,Kickoff,4.8,192.17,1,0,0
A003814,P0036,E019,2025-11-17,Quality Review,5.2,374.55,4,1,1
A003815,P0024,E015,2026-06-13,Reporting,8.2,487.37,2,1,2
A003816,P0067,E049,2025-08-07,Stakeholder Meeting,3.7,206.61,3,0,1
A003817,P0005,E029,2025-02-06,Client Review,1.8,129.69,7,0,1
A003818,P0041,E006,2026-07-14,Quality Review,2.0,103.54,4,1,1
A003819,P0067,E012,2025-08-17,Project Administration,7.0,260.06,6,0,0
A003820,P0033,E042,2026-02-13,Client Review,6.1,498.17,5,0,1
A003821,P0072,E045,2026-06-16,Kickoff,3.8,152.79,3,0,0
A003822,P0056,E046,2025-07-20,Analysis,2.6,142.2,0,0,1
A003823,P0096,E001,2026-04-15,Client Review,4.8,339.34,0,0,0
A003824,P0022,E042,2026-06-20,Quality Review,8.3,601.12,4,0,0
A003825,P0007,E006,2026-09-08,Client Review,3.4,254.92,4,1,1
A003826,P0064,E041,2025-11-08,Stakeholder Meeting,3.8,359.75,4,0,0
A003827,P0031,E045,2025-11-20,Kickoff,2.5,147.71,6,0,1
A003828,P0085,E019,2026-03-08,Issue Resolution,4.6,198.95,0,0,1
A003829,P0012,E010,2026-03-30,Issue Resolution,6.3,272.64,5,1,2
A003830,P0070,E036,2026-07-01,Reporting,10.8,708.64,5,0,0
A003831,P0119,E004,2025-09-10,Stakeholder Meeting,6.0,348.15,5,0,1
A003832,P0012,E029,2026-06-07,Kickoff,5.4,484.87,1,1,2
A003833,P0037,E017,2025-06-22,Client Review,7.7,505.55,3,0,1
A003834,P0102,E022,2026-01-18,Reporting,7.2,447.24,0,0,1
A003835,P0065,E042,2025-07-13,Client Review,4.1,355.64,1,1,2
A003836,P0021,E050,2026-06-05,Data Collection,11.3,935.26,6,0,1
A003837,P0026,E021,2026-04-09,Client Review,5.4,420.3,4,0,1
A003838,P0092,E015,2026-05-11,Client Review,6.1,406.51,6,0,1
A003839,P0104,E042,2025-04-16,Issue Resolution,6.9,338.65,5,1,2
A003840,P0044,E021,2025-10-27,Reporting,6.4,441.91,1,1,1
A003841,P0057,E010,2025-08-20,Client Review,9.3,390.1,6,1,1
A003842,P0094,E046,2025-04-19,Stakeholder Meeting,4.0,268.83,5,2,2
A003843,P0022,E050,2026-04-15,Client Review,7.5,645.65,1,1,1
A003844,P0025,E015,2025-07-16,Client Review,5.9,388.81,0,0,0
A003845,P0093,E008,2025-03-05,Issue Resolution,8.0,312.87,6,0,0
A003846,P0023,E008,2025-09-15,Issue Resolution,5.0,184.4,5,0,1
A003847,P0093,E030,2025-02-08,Kickoff,4.6,398.49,0,1,2
A003848,P0060,E016,2025-08-31,Issue Resolution,7.3,353.74,3,0,1
A003849,P0119,E032,2025-08-24,Issue Resolution,6.4,425.87,7,0,0
A003850,P0004,E038,2025-07-12,Quality Review,3.4,277.46,6,0,1
A003851,P0114,E001,2026-06-22,Quality Review,8.9,446.71,6,0,1
A003852,P0028,E043,2026-02-13,Client Review,7.3,578.5,3,0,0
A003853,P0005,E002,2025-02-06,Quality Review,5.3,209.44,0,1,2
A003854,P0087,E006,2026-03-10,Stakeholder Meeting,4.3,343.64,2,1,1
A003855,P0064,E037,2025-09-05,Issue Resolution,6.4,248.57,5,0,0
A003856,P0101,E032,2026-06-14,Issue Resolution,7.2,371.72,6,1,2
A003857,P0014,E049,2025-02-15,Data Collection,1.5,75.6,5,0,1
A003858,P0010,E029,2025-03-27,Issue Resolution,6.4,566.3,0,0,1
A003859,P0069,E021,2026-02-26,Analysis,7.1,476.19,4,1,1
A003860,P0106,E034,2026-01-19,Data Collection,0.5,42.79,1,2,2
A003861,P0049,E039,2025-03-19,Issue Resolution,6.0,419.62,4,1,1
A003862,P0096,E034,2026-03-10,Analysis,7.2,600.58,3,0,1
A003863,P0109,E019,2025-10-17,Data Collection,7.0,476.56,4,0,1
A003864,P0105,E048,2025-12-03,Analysis,7.5,464.96,4,1,1
A003865,P0062,E016,2025-07-29,Quality Review,4.7,350.05,5,1,1
A003866,P0084,E018,2026-05-02,Data Collection,2.9,151.34,0,0,1
A003867,P0064,E014,2025-09-29,Data Collection,1.0,90.12,7,0,1
A003868,P0081,E015,2025-10-12,Stakeholder Meeting,8.2,733.8,4,0,1
A003869,P0069,E011,2026-02-17,Data Collection,7.3,287.36,4,0,1
A003870,P0064,E030,2025-07-26,Data Collection,8.4,756.06,3,0,0
A003871,P0053,E037,2025-06-20,Project Administration,3.7,169.87,0,0,0
A003872,P0079,E022,2026-05-19,Reporting,7.5,569.07,5,0,1
A003873,P0091,E047,2025-05-12,Kickoff,1.7,143.46,2,1,2
A003874,P0111,E024,2026-02-10,Kickoff,3.3,163.27,7,0,1
A003875,P0074,E024,2025-11-06,Issue Resolution,5.8,242.2,5,0,1
A003876,P0013,E004,2025-04-07,Analysis,7.2,578.67,3,0,1
A003877,P0071,E046,2026-01-03,Data Collection,9.7,596.99,0,1,2
A003878,P0038,E008,2025-11-05,Reporting,4.9,314.58,4,0,1
A003879,P0004,E009,2025-06-17,Issue Resolution,3.3,266.35,6,1,1
A003880,P0009,E047,2026-04-27,Stakeholder Meeting,3.2,160.73,3,0,0
A003881,P0071,E026,2026-01-23,Client Review,3.8,155.15,5,0,0
A003882,P0114,E004,2026-07-22,Stakeholder Meeting,11.1,1026.35,0,1,2
A003883,P0061,E023,2026-07-04,Kickoff,7.4,569.65,3,0,1
A003884,P0054,E030,2025-08-30,Issue Resolution,8.3,615.26,6,0,1
A003885,P0011,E001,2025-05-20,Project Administration,4.9,269.39,3,1,2
A003886,P0082,E038,2026-03-26,Project Administration,5.5,521.08,7,0,1
A003887,P0007,E034,2026-07-26,Kickoff,7.2,348.14,3,0,1
A003888,P0101,E001,2026-05-26,Reporting,4.2,191.88,6,2,2
A003889,P0098,E031,2026-07-13,Reporting,4.8,259.67,5,0,0
A003890,P0119,E012,2025-10-26,Kickoff,3.8,301.48,7,0,0
A003891,P0035,E037,2026-07-05,Project Administration,4.4,216.57,4,1,1
A003892,P0020,E019,2026-06-03,Kickoff,5.6,301.09,3,1,1
A003893,P0036,E011,2025-10-13,Analysis,3.4,227.04,2,0,0
A003894,P0096,E026,2026-04-11,Project Administration,6.2,458.78,5,0,0
A003895,P0027,E023,2026-01-28,Reporting,6.2,272.51,7,1,2
A003896,P0107,E018,2025-12-11,Client Review,5.1,378.82,1,1,1
A003897,P0019,E044,2026-06-20,Quality Review,3.4,196.74,7,0,0
A003898,P0006,E033,2025-08-19,Client Review,5.8,323.46,7,0,1
A003899,P0027,E025,2025-12-03,Kickoff,4.2,166.91,6,0,1
A003900,P0091,E012,2025-05-08,Client Review,5.6,523.25,4,0,0
A003901,P0073,E029,2026-05-23,Kickoff,8.2,628.02,6,1,1
A003902,P0043,E002,2026-02-18,Data Collection,2.4,98.38,2,1,2
A003903,P0079,E045,2026-06-19,Quality Review,10.9,621.02,5,0,1
A003904,P0078,E001,2025-12-17,Quality Review,5.3,210.96,6,1,2
A003905,P0067,E035,2025-08-05,Data Collection,6.5,438.7,6,1,2
A003906,P0062,E018,2025-07-19,Issue Resolution,3.6,277.23,4,1,2
A003907,P0013,E036,2025-03-17,Analysis,8.4,322.5,3,2,3
A003908,P0032,E019,2026-06-13,Issue Resolution,5.2,469.72,7,0,1
A003909,P0064,E002,2025-12-13,Kickoff,4.5,258.52,5,1,2
A003910,P0017,E048,2025-12-27,Analysis,4.1,201.26,6,0,0
A003911,P0058,E039,2025-08-09,Analysis,4.8,205.4,4,0,1
A003912,P0015,E003,2025-09-17,Reporting,6.5,284.29,7,0,1
A003913,P0095,E002,2026-02-03,Stakeholder Meeting,5.9,507.33,3,0,1
A003914,P0013,E027,2025-04-21,Data Collection,5.4,344.54,4,1,1
A003915,P0012,E048,2026-04-01,Reporting,3.7,306.76,6,0,1
A003916,P0077,E029,2025-10-24,Project Administration,3.6,175.05,4,0,0
A003917,P0027,E001,2025-11-12,Data Collection,4.3,232.53,1,0,1
A003918,P0043,E035,2026-07-09,Analysis,6.7,400.37,6,0,1
A003919,P0038,E022,2025-10-17,Quality Review,7.2,448.35,3,0,0
A003920,P0026,E032,2026-03-30,Client Review,7.5,306.46,0,0,1
A003921,P0092,E018,2026-01-29,Data Collection,5.5,207.35,2,1,2
A003922,P0084,E001,2026-06-05,Analysis,6.5,615.9,0,1,2
A003923,P0029,E001,2026-01-15,Analysis,5.1,382.46,7,0,1
A003924,P0083,E032,2025-05-13,Reporting,1.1,42.11,7,0,0
A003925,P0086,E032,2026-03-23,Kickoff,5.0,406.77,2,0,0
A003926,P0065,E017,2025-07-07,Reporting,4.6,260.67,7,0,0
A003927,P0070,E005,2026-08-27,Stakeholder Meeting,2.9,240.08,5,0,1
A003928,P0113,E039,2026-08-10,Analysis,4.1,377.15,7,0,1
A003929,P0055,E008,2026-04-10,Issue Resolution,5.8,212.25,1,0,0
A003930,P0047,E010,2025-07-14,Issue Resolution,2.7,250.72,0,1,2
A003931,P0065,E023,2025-07-01,Issue Resolution,3.7,166.3,7,0,0
A003932,P0101,E036,2026-06-16,Issue Resolution,9.4,496.64,2,0,0
A003933,P0086,E050,2025-10-25,Analysis,1.5,108.93,4,0,1
A003934,P0010,E032,2025-03-25,Issue Resolution,5.0,389.78,7,1,1
A003935,P0056,E049,2025-05-29,Data Collection,2.6,117.56,2,1,2
A003936,P0089,E033,2025-02-16,Analysis,3.6,155.55,0,0,0
A003937,P0027,E043,2025-11-16,Quality Review,5.0,260.96,6,0,1
A003938,P0119,E009,2025-08-30,Client Review,3.0,163.61,3,0,0
A003939,P0097,E003,2025-10-20,Reporting,6.9,373.24,0,0,1
A003940,P0102,E034,2026-01-31,Reporting,8.9,402.98,2,0,1
A003941,P0010,E049,2025-02-26,Stakeholder Meeting,7.6,708.69,4,0,0
A003942,P0070,E037,2026-08-05,Reporting,8.1,671.36,7,0,1
A003943,P0064,E018,2025-11-07,Quality Review,2.1,196.98,1,0,1
A003944,P0076,E025,2025-09-04,Quality Review,4.9,201.98,4,0,1
A003945,P0103,E006,2026-02-19,Reporting,6.7,264.88,1,0,0
A003946,P0043,E018,2026-07-16,Reporting,7.7,517.12,2,1,2
A003947,P0065,E035,2025-06-04,Analysis,9.9,711.49,2,0,0
A003948,P0082,E009,2026-04-03,Data Collection,8.2,599.5,4,0,0
A003949,P0091,E025,2025-07-04,Analysis,7.7,312.58,5,1,1
A003950,P0093,E015,2025-02-07,Stakeholder Meeting,12.1,1036.1,0,1,1
A003951,P0041,E025,2026-07-13,Data Collection,5.7,366.98,0,0,0
A003952,P0120,E039,2026-04-26,Data Collection,4.8,274.02,5,0,1
A003953,P0002,E045,2025-12-03,Project Administration,5.9,385.07,2,0,0
A003954,P0060,E021,2025-08-11,Analysis,3.2,119.77,4,0,1
A003955,P0074,E042,2026-01-03,Client Review,5.7,273.06,0,0,1
A003956,P0008,E036,2025-12-30,Data Collection,1.2,113.89,4,1,2
A003957,P0055,E047,2026-03-02,Project Administration,4.2,286.24,7,0,1
A003958,P0072,E038,2026-06-25,Data Collection,5.2,206.5,3,0,1
A003959,P0073,E028,2026-07-06,Stakeholder Meeting,7.9,415.3,4,0,1
A003960,P0015,E034,2025-08-24,Issue Resolution,8.3,382.52,2,0,0
A003961,P0034,E016,2025-03-27,Data Collection,3.1,280.49,2,0,0
A003962,P0030,E034,2026-02-26,Quality Review,10.7,892.09,0,0,1
A003963,P0077,E036,2025-12-14,Issue Resolution,5.9,400.1,3,1,2
A003964,P0040,E031,2026-06-21,Kickoff,6.1,561.85,7,1,2
A003965,P0069,E006,2026-03-27,Kickoff,1.5,86.06,0,0,1
A003966,P0088,E026,2026-01-04,Issue Resolution,3.9,338.9,3,0,0
A003967,P0096,E036,2026-02-09,Analysis,8.1,510.73,6,2,3
A003968,P0023,E010,2025-05-13,Project Administration,5.9,506.92,3,0,1
A003969,P0109,E040,2025-10-26,Project Administration,5.8,516.44,6,1,2
A003970,P0020,E043,2026-05-30,Issue Resolution,6.1,382.94,3,0,1
A003971,P0003,E027,2025-10-13,Project Administration,1.9,86.79,4,0,1
A003972,P0006,E049,2025-08-18,Issue Resolution,5.3,246.67,7,0,0
A003973,P0025,E043,2025-10-25,Stakeholder Meeting,9.0,470.99,4,1,1
A003974,P0105,E024,2025-11-27,Project Administration,8.2,396.69,6,1,2
A003975,P0025,E045,2025-10-02,Stakeholder Meeting,5.2,303.14,5,0,0
A003976,P0084,E047,2026-05-28,Reporting,9.4,614.77,0,1,1
A003977,P0051,E006,2025-10-31,Kickoff,2.4,96.54,1,1,2
A003978,P0005,E050,2025-02-04,Project Administration,3.1,277.69,4,1,1
A003979,P0054,E001,2025-09-08,Reporting,10.2,358.49,2,0,0
A003980,P0004,E025,2025-04-26,Project Administration,6.9,298.75,3,0,0
A003981,P0058,E047,2025-08-27,Stakeholder Meeting,4.8,170.42,3,1,2
A003982,P0068,E037,2025-08-12,Analysis,5.4,508.64,6,0,0
A003983,P0063,E014,2025-08-24,Quality Review,3.5,208.74,7,0,0
A003984,P0034,E033,2025-03-25,Issue Resolution,6.2,289.92,7,0,0
A003985,P0092,E011,2026-03-12,Quality Review,6.0,252.72,0,0,1
A003986,P0072,E012,2026-05-15,Issue Resolution,5.5,314.74,5,0,1
A003987,P0031,E046,2025-12-04,Data Collection,2.6,243.24,5,0,0
A003988,P0053,E003,2025-05-10,Client Review,6.2,421.13,6,1,1
A003989,P0014,E049,2025-02-14,Client Review,4.2,236.26,3,0,0
A003990,P0111,E023,2026-01-25,Project Administration,3.0,170.62,4,1,2
A003991,P0091,E004,2025-06-23,Kickoff,8.7,365.75,3,1,2
A003992,P0035,E040,2026-06-17,Stakeholder Meeting,10.9,719.62,2,1,1
A003993,P0081,E003,2025-10-21,Kickoff,10.4,628.7,1,0,0
A003994,P0082,E017,2026-05-06,Stakeholder Meeting,7.1,558.99,5,1,2
A003995,P0074,E013,2025-11-29,Client Review,4.8,223.28,0,0,0
A003996,P0007,E040,2026-08-05,Reporting,5.3,229.17,5,0,1
A003997,P0106,E020,2026-01-21,Client Review,6.5,454.27,6,1,2
A003998,P0115,E033,2025-04-23,Client Review,4.4,349.89,1,0,1
A003999,P0117,E004,2025-09-20,Project Administration,8.8,570.68,1,1,2
A004000,P0118,E035,2025-11-22,Issue Resolution,0.5,41.2,4,0,0
A004001,P0112,E036,2025-04-19,Reporting,4.8,410.23,6,0,1
A004002,P0089,E015,2025-02-18,Issue Resolution,7.5,674.98,0,1,1
A004003,P0007,E045,2026-07-02,Kickoff,3.4,196.15,3,0,1
A004004,P0056,E024,2025-06-28,Client Review,4.9,437.38,1,0,0
A004005,P0030,E034,2026-02-27,Quality Review,7.0,542.8,6,1,2
A004006,P0027,E010,2025-11-25,Project Administration,9.3,674.2,7,0,1
A004007,P0100,E047,2025-03-21,Quality Review,2.3,156.92,0,0,0
A004008,P0098,E013,2026-06-02,Data Collection,2.1,75.98,1,1,1
A004009,P0063,E032,2025-09-05,Client Review,3.1,212.72,1,0,0
A004010,P0089,E005,2025-04-04,Project Administration,1.7,138.96,6,0,1
A004011,P0016,E003,2026-06-10,Kickoff,1.8,169.74,7,0,1
A004012,P0027,E007,2026-01-10,Kickoff,3.1,189.06,2,0,1
A004013,P0104,E048,2025-07-05,Reporting,8.6,811.92,1,2,3
A004014,P0055,E011,2025-12-26,Reporting,4.7,212.75,5,0,1
A004015,P0066,E044,2026-03-12,Quality Review,5.6,517.96,7,1,1
A004016,P0056,E030,2025-05-29,Kickoff,3.1,218.18,7,0,0
A004017,P0025,E005,2025-08-11,Reporting,7.1,530.75,3,0,1
A004018,P0100,E023,2025-03-30,Reporting,10.2,708.09,6,1,1
A004019,P0091,E024,2025-07-12,Issue Resolution,3.3,310.1,7,0,0
A004020,P0083,E014,2025-05-03,Stakeholder Meeting,9.8,369.05,6,0,1
A004021,P0043,E031,2026-03-23,Stakeholder Meeting,6.4,381.62,3,1,1
A004022,P0078,E044,2025-10-15,Kickoff,5.5,481.33,2,1,1
A004023,P0115,E045,2025-08-06,Reporting,6.5,292.67,2,0,1
A004024,P0078,E027,2026-01-04,Reporting,6.5,449.64,2,1,2
A004025,P0060,E045,2025-08-26,Analysis,10.1,670.79,7,1,2
A004026,P0033,E047,2026-04-10,Client Review,6.8,567.43,5,0,1
A004027,P0063,E005,2025-09-21,Project Administration,6.9,621.66,6,0,0
A004028,P0045,E032,2026-01-21,Data Collection,4.4,222.33,6,0,1
A004029,P0074,E039,2025-09-20,Reporting,7.6,582.07,3,0,1
A004030,P0006,E001,2025-07-27,Client Review,3.1,210.37,6,0,0
A004031,P0023,E031,2025-06-12,Kickoff,5.8,433.65,5,0,0
A004032,P0095,E046,2025-12-15,Data Collection,12.7,597.19,5,1,1
A004033,P0046,E014,2026-04-01,Stakeholder Meeting,0.5,25.68,2,0,0
A004034,P0052,E043,2025-10-24,Data Collection,6.1,414.74,1,0,0
A004035,P0066,E047,2026-02-20,Stakeholder Meeting,6.2,218.1,1,0,0
A004036,P0053,E032,2025-04-30,Data Collection,4.9,382.13,2,0,1
A004037,P0092,E032,2026-04-09,Project Administration,5.0,223.47,7,0,1
A004038,P0030,E027,2026-02-07,Reporting,5.7,518.01,7,0,1
A004039,P0092,E021,2026-02-06,Analysis,4.9,424.52,1,0,1
A004040,P0026,E023,2026-05-02,Issue Resolution,6.1,441.65,4,0,1
A004041,P0045,E027,2025-12-29,Kickoff,4.3,380.39,7,0,1
A004042,P0071,E025,2026-02-03,Reporting,10.6,998.89,6,0,1
A004043,P0107,E042,2026-03-03,Client Review,4.9,399.34,4,0,0
A004044,P0028,E039,2026-05-19,Issue Resolution,6.9,500.93,4,1,2
A004045,P0071,E018,2026-02-02,Analysis,3.8,235.44,2,0,1
A004046,P0008,E026,2025-10-26,Reporting,7.8,653.75,7,0,0
A004047,P0010,E011,2025-03-25,Client Review,7.3,564.04,0,0,1
A004048,P0093,E009,2025-01-23,Issue Resolution,6.5,411.83,6,0,1
A004049,P0087,E019,2026-05-04,Data Collection,2.9,188.51,6,0,1
A004050,P0046,E003,2026-03-12,Project Administration,3.6,175.45,2,0,0
A004051,P0075,E043,2026-04-03,Analysis,9.7,798.46,4,1,1
A004052,P0046,E007,2026-04-09,Stakeholder Meeting,3.6,315.72,7,0,1
A004053,P0034,E017,2025-04-21,Data Collection,7.1,255.52,3,0,0
A004054,P0052,E013,2026-01-10,Data Collection,3.1,129.31,2,1,1
A004055,P0038,E011,2025-09-29,Analysis,8.0,755.79,0,1,1
A004056,P0098,E019,2026-03-27,Data Collection,3.8,173.61,3,0,0
A004057,P0050,E036,2025-08-20,Client Review,3.1,245.49,2,0,0
A004058,P0039,E045,2026-06-13,Reporting,3.7,236.25,6,0,1
A004059,P0065,E010,2025-05-24,Stakeholder Meeting,4.1,271.75,6,1,2
A004060,P0091,E012,2025-04-09,Quality Review,6.5,269.77,2,0,1
A004061,P0033,E024,2026-04-28,Reporting,5.7,246.64,1,0,1
A004062,P0113,E016,2026-08-11,Data Collection,2.8,195.09,2,0,0
A004063,P0056,E040,2025-07-11,Analysis,5.4,311.35,3,0,1
A004064,P0080,E012,2026-05-07,Issue Resolution,2.6,215.4,5,1,2
A004065,P0115,E021,2025-07-01,Kickoff,7.1,662.56,1,0,0
A004066,P0052,E028,2025-11-20,Project Administration,7.6,636.42,7,0,1
A004067,P0024,E020,2026-07-29,Project Administration,5.4,320.52,5,0,1
A004068,P0090,E031,2025-08-26,Analysis,6.2,396.37,1,1,2
A004069,P0001,E040,2026-10-25,Analysis,9.9,439.57,2,0,1
A004070,P0055,E027,2025-12-19,Data Collection,5.1,391.38,5,1,2
A004071,P0118,E023,2025-11-27,Reporting,3.1,191.71,4,0,1
A004072,P0050,E048,2025-06-21,Data Collection,6.9,596.46,4,0,0
A004073,P0083,E050,2025-05-03,Issue Resolution,2.7,200.13,0,0,1
A004074,P0064,E050,2025-07-22,Stakeholder Meeting,5.0,226.16,3,0,0
A004075,P0026,E001,2026-04-06,Project Administration,4.0,238.64,4,0,1
A004076,P0039,E042,2026-07-24,Issue Resolution,3.7,279.78,5,0,1
A004077,P0063,E045,2025-09-13,Stakeholder Meeting,4.9,423.73,3,0,1
A004078,P0013,E041,2025-04-07,Reporting,7.7,431.57,4,0,0
A004079,P0050,E038,2025-08-25,Kickoff,8.3,623.91,1,1,1
A004080,P0050,E019,2025-07-03,Kickoff,7.8,354.24,6,0,1
A004081,P0101,E037,2026-06-06,Quality Review,6.3,562.48,5,1,1
A004082,P0015,E029,2025-08-15,Quality Review,4.9,340.6,5,1,2
A004083,P0102,E042,2025-12-22,Stakeholder Meeting,0.5,40.56,5,0,0
A004084,P0050,E018,2025-07-29,Kickoff,6.4,376.39,7,0,0
A004085,P0079,E038,2026-06-08,Issue Resolution,0.5,45.72,7,0,1
A004086,P0067,E040,2025-08-12,Stakeholder Meeting,0.7,54.74,6,1,2
A004087,P0036,E042,2025-10-11,Quality Review,5.1,225.52,2,0,1
A004088,P0112,E009,2025-03-22,Stakeholder Meeting,6.2,421.67,0,0,0
A004089,P0027,E044,2025-11-21,Quality Review,4.4,225.74,0,0,1
A004090,P0005,E011,2025-01-12,Reporting,9.3,790.51,6,0,1
A004091,P0091,E047,2025-07-09,Client Review,6.7,549.2,7,0,0
A004092,P0075,E002,2026-03-31,Quality Review,4.9,316.9,5,0,1
A004093,P0107,E012,2026-02-05,Data Collection,9.0,478.04,5,0,0
A004094,P0055,E031,2025-12-24,Issue Resolution,9.4,809.92,0,0,1
A004095,P0003,E028,2025-09-02,Analysis,6.8,585.0,4,0,0
A004096,P0003,E035,2025-06-16,Kickoff,3.6,235.13,4,1,1
A004097,P0052,E021,2025-11-14,Kickoff,4.1,319.95,1,0,1
A004098,P0030,E001,2025-12-19,Client Review,1.9,99.05,6,0,1
A004099,P0111,E031,2026-01-14,Stakeholder Meeting,5.4,302.03,2,0,1
A004100,P0015,E026,2025-08-07,Kickoff,2.9,265.77,1,0,0
A004101,P0106,E026,2026-01-21,Issue Resolution,4.7,372.13,5,0,1
A004102,P0027,E019,2025-12-20,Analysis,6.2,243.83,3,0,0
A004103,P0015,E045,2025-08-26,Project Administration,0.5,31.23,4,1,1
A004104,P0033,E040,2026-04-25,Issue Resolution,2.3,135.11,4,1,1
A004105,P0018,E010,2025-04-13,Kickoff,4.2,205.21,4,0,1
A004106,P0049,E002,2025-02-26,Client Review,5.4,511.36,3,1,2
A004107,P0040,E010,2026-03-24,Reporting,4.3,185.53,6,0,1
A004108,P0064,E003,2025-11-16,Data Collection,4.8,258.51,7,1,2
A004109,P0065,E036,2025-07-27,Stakeholder Meeting,3.7,317.92,3,0,1
A004110,P0001,E032,2026-06-28,Quality Review,1.9,81.58,1,0,1
A004111,P0015,E024,2025-08-09,Data Collection,4.2,241.79,2,0,0
A004112,P0020,E030,2026-04-15,Client Review,5.0,365.26,6,0,1
A004113,P0024,E041,2026-06-25,Analysis,4.7,259.5,2,1,2
A004114,P0012,E042,2026-04-06,Project Administration,5.8,345.27,6,0,1
A004115,P0038,E022,2025-10-16,Issue Resolution,6.5,442.04,5,0,0
A004116,P0066,E030,2026-03-09,Reporting,7.2,663.56,3,0,0
A004117,P0038,E029,2025-10-26,Data Collection,3.9,340.29,1,1,1
A004118,P0040,E048,2026-07-24,Kickoff,1.6,66.75,4,0,1
A004119,P0057,E039,2025-08-03,Data Collection,8.7,601.74,5,0,0
A004120,P0066,E016,2026-02-08,Quality Review,6.5,482.29,1,0,0
A004121,P0040,E045,2026-05-10,Issue Resolution,3.1,169.09,6,0,1
A004122,P0027,E020,2025-11-02,Data Collection,6.2,315.28,1,0,1
A004123,P0050,E038,2025-05-17,Client Review,8.2,581.08,3,1,1
A004124,P0003,E049,2025-07-10,Kickoff,9.8,587.01,4,1,2
A004125,P0060,E041,2025-08-04,Analysis,6.1,544.75,5,1,2
A004126,P0113,E006,2026-06-01,Reporting,8.1,362.99,1,0,1
A004127,P0048,E011,2025-07-18,Issue Resolution,2.5,93.66,2,0,0
A004128,P0013,E040,2025-04-13,Client Review,5.4,480.48,6,1,2
A004129,P0085,E007,2026-03-15,Quality Review,4.7,417.21,2,0,0
A004130,P0016,E001,2026-05-05,Kickoff,6.4,384.04,4,1,1
A004131,P0024,E013,2026-06-11,Analysis,9.5,762.22,3,0,0
A004132,P0018,E025,2025-06-14,Issue Resolution,6.1,523.03,0,1,2
A004133,P0107,E007,2026-03-29,Kickoff,3.2,160.94,4,0,1
A004134,P0118,E008,2025-12-02,Client Review,2.3,170.81,2,1,1
A004135,P0069,E017,2026-03-05,Client Review,9.6,760.6,2,0,0
A004136,P0075,E030,2026-03-21,Client Review,6.8,383.86,6,1,1
A004137,P0078,E028,2025-11-30,Data Collection,6.6,605.61,6,0,0
A004138,P0074,E040,2026-01-31,Analysis,4.6,427.93,2,0,0
A004139,P0066,E050,2026-02-12,Data Collection,6.2,398.06,4,0,1
A004140,P0119,E002,2025-08-22,Stakeholder Meeting,3.0,118.68,5,0,1
A004141,P0088,E035,2025-12-29,Quality Review,6.5,585.9,0,0,1
A004142,P0011,E009,2025-05-13,Data Collection,2.6,172.58,0,0,1
A004143,P0048,E019,2025-06-12,Reporting,4.6,199.32,4,1,2
A004144,P0117,E018,2025-08-13,Analysis,3.9,307.81,7,1,2
A004145,P0049,E036,2025-02-21,Reporting,0.5,38.11,7,1,2
A004146,P0025,E013,2025-11-05,Analysis,4.6,199.6,3,0,1
A004147,P0105,E045,2026-01-01,Project Administration,3.3,169.92,5,0,0
A004148,P0075,E020,2026-03-21,Analysis,5.0,434.28,3,0,0
A004149,P0068,E041,2025-08-27,Issue Resolution,5.5,512.46,7,0,0
A004150,P0051,E048,2025-08-23,Data Collection,9.9,587.22,4,0,0
A004151,P0015,E026,2025-08-09,Kickoff,6.3,271.37,7,1,2
A004152,P0047,E006,2025-09-04,Data Collection,6.3,353.55,2,0,1
A004153,P0053,E036,2025-06-03,Stakeholder Meeting,6.7,438.56,7,0,1
A004154,P0112,E022,2025-03-15,Project Administration,7.7,408.3,5,0,1
A004155,P0037,E017,2025-09-23,Data Collection,6.6,473.07,6,0,0
A004156,P0018,E023,2025-03-09,Issue Resolution,6.2,219.95,0,0,0
A004157,P0052,E015,2025-12-29,Client Review,7.3,613.12,6,0,1
A004158,P0120,E015,2026-07-05,Stakeholder Meeting,0.5,42.84,1,0,0
A004159,P0058,E050,2025-09-13,Stakeholder Meeting,10.7,877.51,7,0,1
A004160,P0046,E014,2026-01-29,Project Administration,9.5,505.46,1,1,2
A004161,P0081,E023,2025-10-16,Client Review,6.0,437.65,6,2,2
A004162,P0078,E036,2026-01-04,Analysis,2.0,113.83,5,0,0
A004163,P0036,E012,2025-11-01,Project Administration,8.5,496.03,3,0,0
A004164,P0117,E031,2025-10-10,Stakeholder Meeting,3.8,294.67,7,0,0
A004165,P0072,E045,2026-05-07,Kickoff,6.8,582.16,3,1,2
A004166,P0007,E041,2026-07-23,Issue Resolution,2.3,195.18,0,0,0
A004167,P0049,E002,2025-04-24,Issue Resolution,11.1,542.4,0,0,0
A004168,P0111,E021,2026-01-21,Stakeholder Meeting,1.9,141.52,6,0,1
A004169,P0048,E001,2025-07-20,Client Review,5.7,290.84,3,1,2
A004170,P0069,E031,2026-02-23,Analysis,0.5,36.35,6,0,0
A004171,P0074,E017,2026-01-09,Issue Resolution,5.4,307.97,0,0,1
A004172,P0085,E045,2026-03-15,Stakeholder Meeting,4.4,362.55,0,0,0
A004173,P0105,E009,2026-01-13,Analysis,8.3,757.36,7,0,1
A004174,P0018,E043,2025-03-05,Quality Review,4.4,230.56,1,0,1
A004175,P0063,E018,2025-09-07,Analysis,8.3,723.17,5,1,1
A004176,P0065,E047,2025-06-05,Reporting,2.9,230.26,2,1,1
A004177,P0019,E010,2026-05-07,Client Review,4.8,331.01,4,1,2
A004178,P0081,E014,2025-10-17,Stakeholder Meeting,4.8,319.19,0,1,2
A004179,P0015,E018,2025-08-30,Issue Resolution,6.7,362.86,2,0,1
A004180,P0055,E050,2025-12-20,Stakeholder Meeting,6.4,302.06,6,1,1
A004181,P0040,E037,2026-06-02,Project Administration,7.3,292.02,4,1,2
A004182,P0019,E041,2026-05-11,Analysis,6.2,482.03,4,0,1
A004183,P0099,E028,2026-07-04,Client Review,7.2,348.09,7,0,1
A004184,P0030,E040,2026-03-07,Quality Review,3.3,213.59,3,1,2
A004185,P0031,E032,2026-01-01,Project Administration,6.5,574.53,6,1,2
A004186,P0103,E034,2026-03-15,Data Collection,9.5,715.03,5,1,2
A004187,P0106,E042,2026-03-13,Data Collection,1.3,58.7,3,0,0
A004188,P0005,E050,2025-02-11,Issue Resolution,6.7,529.75,2,1,1
A004189,P0034,E029,2025-03-22,Project Administration,7.2,344.81,2,0,1
A004190,P0086,E023,2025-11-24,Client Review,9.2,752.51,6,0,1
A004191,P0094,E033,2025-05-12,Quality Review,7.3,289.54,2,1,1
A004192,P0120,E038,2026-05-06,Stakeholder Meeting,5.8,252.31,5,0,1
A004193,P0067,E050,2025-08-10,Reporting,6.6,600.94,0,0,1
A004194,P0001,E035,2026-05-10,Client Review,3.7,191.72,2,1,1
A004195,P0105,E048,2025-12-03,Analysis,4.5,198.17,7,0,1
A004196,P0020,E037,2026-05-29,Kickoff,2.2,105.37,4,0,1
A004197,P0015,E048,2025-09-09,Kickoff,9.2,521.33,6,0,0
A004198,P0081,E038,2025-10-21,Stakeholder Meeting,6.6,562.7,2,0,0
A004199,P0073,E045,2026-05-14,Client Review,3.2,141.28,6,0,0
A004200,P0008,E010,2025-12-06,Stakeholder Meeting,6.2,222.86,7,0,1
A004201,P0021,E050,2026-04-25,Reporting,8.4,729.96,7,1,2
A004202,P0071,E018,2025-12-24,Quality Review,8.0,423.84,3,0,0
A004203,P0031,E040,2025-12-13,Analysis,3.2,126.77,5,1,1
A004204,P0083,E020,2025-05-11,Client Review,0.5,18.33,7,0,0
A004205,P0050,E023,2025-07-13,Client Review,6.5,578.34,6,0,1
A004206,P0071,E038,2026-01-30,Project Administration,3.3,219.08,7,1,1
A004207,P0057,E028,2025-09-04,Issue Resolution,7.1,508.57,0,0,1
A004208,P0044,E036,2025-11-25,Stakeholder Meeting,7.9,568.51,4,1,1
A004209,P0042,E004,2025-09-21,Client Review,8.3,550.55,6,0,0
A004210,P0084,E042,2026-03-01,Stakeholder Meeting,9.9,803.44,5,1,2
A004211,P0062,E021,2025-06-26,Issue Resolution,8.6,768.54,1,0,1
A004212,P0072,E040,2026-08-13,Reporting,9.9,727.3,4,1,1
A004213,P0070,E015,2026-08-07,Issue Resolution,8.9,762.13,1,0,0
A004214,P0025,E030,2025-07-27,Analysis,9.2,327.31,0,0,1
A004215,P0110,E030,2026-07-23,Kickoff,5.4,344.58,0,0,1
A004216,P0068,E007,2025-07-01,Data Collection,2.3,163.86,7,1,1
A004217,P0087,E024,2026-03-31,Quality Review,11.7,550.76,2,0,1
A004218,P0106,E032,2026-01-31,Project Administration,5.7,254.32,3,0,1
A004219,P0111,E042,2026-01-15,Reporting,8.6,371.3,2,0,1
A004220,P0081,E045,2025-10-16,Issue Resolution,4.1,213.57,7,0,1
A004221,P0095,E020,2025-11-30,Quality Review,7.9,666.8,7,1,2
A004222,P0057,E033,2025-08-25,Project Administration,0.5,18.33,5,1,1
A004223,P0089,E009,2025-02-08,Project Administration,4.5,320.16,6,0,0
A004224,P0039,E045,2026-06-11,Data Collection,5.3,207.17,0,1,2
A004225,P0086,E044,2026-01-11,Issue Resolution,6.7,472.96,7,0,1
A004226,P0011,E050,2025-04-01,Kickoff,8.2,411.09,3,0,0
A004227,P0110,E025,2026-07-02,Reporting,2.8,124.43,3,0,1
A004228,P0030,E018,2026-02-18,Stakeholder Meeting,7.1,446.94,1,0,0
A004229,P0079,E038,2026-07-04,Analysis,8.6,420.25,7,1,2
A004230,P0002,E037,2025-12-09,Project Administration,11.4,657.73,1,1,1
A004231,P0019,E011,2026-04-04,Reporting,7.3,532.78,6,1,2
A004232,P0119,E027,2025-10-21,Data Collection,4.4,401.16,5,1,1
A004233,P0101,E033,2026-06-08,Data Collection,2.3,165.76,6,0,0
A004234,P0027,E023,2026-01-01,Data Collection,10.1,660.78,0,0,1
A004235,P0016,E019,2026-07-27,Analysis,7.3,499.47,5,0,0
A004236,P0098,E012,2026-04-12,Kickoff,5.4,341.96,7,1,2
A004237,P0119,E021,2025-09-22,Analysis,1.5,103.15,3,0,1
A004238,P0021,E013,2026-06-09,Client Review,3.2,221.47,3,2,2
A004239,P0080,E016,2026-06-03,Issue Resolution,7.1,458.18,0,0,0
A004240,P0035,E010,2026-03-11,Issue Resolution,6.4,526.73,3,0,1
A004241,P0090,E019,2025-08-12,Quality Review,0.6,35.07,5,1,2
A004242,P0051,E032,2025-09-23,Client Review,7.1,294.74,2,0,1
A004243,P0016,E019,2026-05-15,Project Administration,1.6,117.73,5,0,1
A004244,P0039,E008,2026-05-23,Kickoff,8.9,736.62,0,0,1
A004245,P0065,E041,2025-06-06,Project Administration,6.0,490.81,5,2,3
A004246,P0096,E022,2026-03-17,Client Review,4.3,215.55,4,0,1
A004247,P0003,E030,2025-08-25,Stakeholder Meeting,8.0,590.57,1,0,0
A004248,P0115,E027,2025-05-21,Quality Review,6.4,607.46,2,0,0
A004249,P0078,E026,2025-12-24,Stakeholder Meeting,8.8,363.21,1,0,0
A004250,P0106,E022,2026-03-02,Data Collection,5.7,378.28,4,0,1
A004251,P0112,E038,2025-05-21,Analysis,5.8,309.27,5,0,1
A004252,P0019,E043,2026-04-16,Analysis,4.8,395.87,4,0,1
A004253,P0012,E046,2026-04-08,Kickoff,6.2,337.8,1,1,2
A004254,P0094,E023,2025-05-08,Quality Review,9.7,766.45,1,0,1
A004255,P0023,E018,2025-07-14,Quality Review,4.2,187.43,6,1,2
A004256,P0018,E005,2025-04-15,Analysis,7.1,277.03,3,0,0
A004257,P0057,E023,2025-09-25,Data Collection,3.3,136.11,3,0,0
A004258,P0110,E050,2026-05-06,Project Administration,0.5,25.31,2,0,1
A004259,P0096,E014,2026-02-28,Client Review,6.0,515.83,7,0,1
A004260,P0063,E043,2025-09-01,Quality Review,6.4,281.77,1,0,0
A004261,P0024,E038,2026-06-24,Client Review,5.2,192.42,6,0,0
A004262,P0041,E034,2026-06-08,Stakeholder Meeting,1.8,155.17,6,0,1
A004263,P0083,E029,2025-05-10,Data Collection,6.3,362.21,1,0,0
A004264,P0019,E038,2026-05-06,Client Review,6.2,436.01,0,0,1
A004265,P0063,E005,2025-08-17,Client Review,3.3,132.09,1,0,0
A004266,P0002,E007,2025-08-16,Reporting,2.1,187.83,2,1,1
A004267,P0040,E010,2026-05-15,Reporting,4.9,319.81,5,0,1
A004268,P0030,E039,2026-02-19,Kickoff,7.1,286.66,4,1,2
A004269,P0082,E022,2026-01-31,Reporting,6.5,474.69,3,0,0
A004270,P0110,E011,2026-05-31,Reporting,3.3,187.88,3,2,2
A004271,P0018,E003,2025-06-01,Stakeholder Meeting,5.8,325.99,7,0,0
A004272,P0096,E025,2025-12-29,Analysis,7.7,458.1,7,0,1
A004273,P0079,E020,2026-05-19,Project Administration,2.6,170.27,0,0,0
A004274,P0117,E009,2025-08-17,Stakeholder Meeting,5.7,411.31,6,0,0
A004275,P0110,E002,2026-08-05,Analysis,8.8,385.31,2,0,0
A004276,P0013,E038,2025-03-24,Client Review,2.3,184.6,6,0,1
A004277,P0090,E039,2025-06-24,Quality Review,8.4,307.68,7,2,3
A004278,P0072,E013,2026-05-27,Reporting,9.5,731.03,4,1,1
A004279,P0014,E025,2025-03-23,Reporting,4.9,225.39,4,0,1
A004280,P0031,E013,2025-12-23,Stakeholder Meeting,4.6,284.32,3,1,2
A004281,P0112,E021,2025-03-30,Data Collection,8.1,556.41,0,0,1
A004282,P0066,E006,2026-01-15,Data Collection,5.0,369.21,0,0,0
A004283,P0041,E048,2026-03-20,Project Administration,0.5,41.23,2,0,0
A004284,P0039,E037,2026-08-06,Quality Review,5.3,349.65,6,0,0
A004285,P0101,E046,2026-05-17,Stakeholder Meeting,6.7,588.31,2,1,1
A004286,P0035,E015,2026-04-17,Analysis,7.4,683.04,3,1,1
A004287,P0020,E044,2026-04-19,Client Review,3.3,308.76,4,1,2
A004288,P0069,E026,2026-03-20,Project Administration,4.8,260.03,2,0,1
A004289,P0120,E010,2026-05-31,Client Review,7.9,291.75,3,0,0
A004290,P0022,E017,2026-07-11,Quality Review,5.4,420.92,4,1,1
A004291,P0031,E041,2025-12-02,Quality Review,1.7,85.19,6,0,0
A004292,P0057,E039,2025-08-06,Issue Resolution,8.6,697.13,6,1,2
A004293,P0024,E037,2026-07-20,Issue Resolution,5.0,176.5,6,0,0
A004294,P0079,E012,2026-05-17,Stakeholder Meeting,8.2,669.37,4,1,2
A004295,P0031,E033,2025-12-25,Project Administration,2.0,78.42,5,1,2
A004296,P0016,E048,2026-06-27,Issue Resolution,5.2,456.36,1,0,1
A004297,P0032,E003,2026-05-02,Issue Resolution,6.8,503.74,1,0,1
A004298,P0112,E017,2025-05-27,Kickoff,5.3,236.92,7,0,1
A004299,P0113,E005,2026-06-03,Data Collection,2.5,163.67,4,0,0
A004300,P0061,E006,2026-07-08,Analysis,0.5,32.66,0,1,2
A004301,P0049,E050,2025-05-08,Client Review,9.3,816.0,3,0,0
A004302,P0099,E013,2026-05-17,Kickoff,6.1,408.34,7,0,1
A004303,P0024,E009,2026-09-01,Kickoff,8.4,571.44,0,0,1
A004304,P0079,E004,2026-06-23,Kickoff,7.8,422.29,3,0,1
A004305,P0082,E050,2026-02-08,Data Collection,7.0,550.97,6,0,1
A004306,P0086,E024,2025-12-04,Project Administration,4.7,178.68,7,1,2
A004307,P0027,E040,2026-01-28,Client Review,6.7,623.62,2,1,2
A004308,P0086,E013,2025-11-01,Client Review,9.1,649.51,7,1,2
A004309,P0074,E033,2025-09-10,Analysis,5.7,488.72,5,0,1
A004310,P0106,E045,2026-03-03,Reporting,10.3,843.2,3,0,0
A004311,P0021,E034,2026-06-21,Issue Resolution,1.8,86.56,6,0,1
A004312,P0074,E026,2025-12-03,Quality Review,1.5,78.52,6,0,1
A004313,P0100,E011,2025-03-14,Issue Resolution,8.0,413.45,2,0,1
A004314,P0034,E012,2025-04-06,Reporting,3.5,169.86,0,0,1
A004315,P0090,E030,2025-07-09,Analysis,10.6,381.12,6,0,0
A004316,P0012,E023,2026-06-20,Reporting,8.8,744.63,0,0,1
A004317,P0087,E003,2026-04-01,Project Administration,9.5,639.08,6,0,0
A004318,P0073,E010,2026-05-18,Issue Resolution,7.7,542.63,2,0,0
A004319,P0024,E022,2026-08-24,Quality Review,3.2,206.41,5,1,2
A004320,P0008,E009,2025-12-19,Reporting,1.4,59.45,4,0,0
A004321,P0090,E028,2025-09-14,Project Administration,9.2,562.73,0,1,1
A004322,P0029,E016,2025-12-17,Client Review,1.8,94.71,0,0,0
A004323,P0060,E015,2025-08-09,Quality Review,9.5,840.97,5,0,0
A004324,P0008,E006,2025-10-05,Analysis,7.2,554.92,4,0,1
A004325,P0116,E026,2026-04-21,Project Administration,5.3,237.23,0,0,1
A004326,P0066,E010,2026-01-28,Project Administration,6.6,508.96,7,0,1
A004327,P0112,E032,2025-04-22,Kickoff,6.7,454.94,1,1,1
A004328,P0020,E047,2026-06-18,Kickoff,5.0,199.5,6,1,2
A004329,P0025,E046,2025-11-24,Data Collection,9.1,356.47,0,0,1
A004330,P0074,E034,2025-11-30,Stakeholder Meeting,9.0,394.62,1,0,0
A004331,P0073,E041,2026-07-11,Data Collection,5.9,493.42,4,0,1
A004332,P0095,E047,2025-11-18,Issue Resolution,4.0,339.19,4,2,3
A004333,P0112,E035,2025-04-18,Project Administration,8.8,629.12,4,0,1
A004334,P0099,E013,2026-07-09,Data Collection,0.5,17.97,1,0,0
A004335,P0017,E026,2026-01-15,Issue Resolution,6.6,356.58,2,0,1
A004336,P0038,E043,2025-11-06,Data Collection,7.3,431.1,2,1,2
A004337,P0110,E034,2026-06-16,Issue Resolution,3.4,177.01,3,0,0
A004338,P0066,E019,2026-03-21,Stakeholder Meeting,7.9,551.95,7,0,1
A004339,P0105,E009,2026-02-21,Kickoff,5.4,209.16,3,0,1
A004340,P0068,E008,2025-07-24,Stakeholder Meeting,4.1,148.41,7,1,1
A004341,P0006,E019,2025-07-20,Issue Resolution,7.9,555.15,2,0,1
A004342,P0057,E041,2025-08-05,Project Administration,2.8,142.44,1,2,3
A004343,P0099,E028,2026-07-18,Data Collection,7.7,586.68,0,1,1
A004344,P0079,E003,2026-06-14,Issue Resolution,0.5,40.83,1,0,0
A004345,P0016,E046,2026-08-12,Analysis,6.2,444.31,2,1,2
A004346,P0026,E021,2026-06-25,Quality Review,5.6,528.54,3,1,1
A004347,P0103,E020,2025-12-05,Kickoff,4.2,309.02,5,0,0
A004348,P0118,E041,2025-12-15,Project Administration,6.5,528.87,3,1,1
A004349,P0091,E019,2025-05-30,Issue Resolution,5.3,389.34,5,0,0
A004350,P0012,E031,2026-06-19,Reporting,8.1,674.94,0,0,0
A004351,P0075,E047,2026-03-20,Client Review,6.9,403.21,7,0,1
A004352,P0100,E026,2025-03-24,Issue Resolution,6.6,403.01,1,1,2
A004353,P0077,E031,2025-09-05,Data Collection,6.2,341.69,0,1,2
A004354,P0072,E018,2026-05-05,Analysis,4.3,299.23,3,0,1
A004355,P0057,E045,2025-08-30,Kickoff,4.7,270.15,5,0,0
A004356,P0030,E004,2026-02-07,Quality Review,6.1,575.06,1,0,1
A004357,P0034,E014,2025-04-07,Quality Review,5.1,363.02,1,1,2
A004358,P0090,E050,2025-06-23,Kickoff,8.3,457.68,6,0,1
A004359,P0009,E025,2026-04-29,Reporting,5.7,373.29,6,0,0
A004360,P0011,E009,2025-02-24,Kickoff,6.4,523.76,6,0,0
A004361,P0048,E021,2025-05-30,Issue Resolution,2.0,166.73,1,0,1
A004362,P0093,E013,2025-02-12,Client Review,7.9,578.49,4,0,0
A004363,P0079,E027,2026-06-16,Issue Resolution,4.0,140.56,5,0,1
A004364,P0071,E012,2026-01-21,Data Collection,2.9,252.64,3,0,0
A004365,P0065,E020,2025-07-26,Issue Resolution,9.6,860.05,1,1,1
A004366,P0014,E046,2025-03-16,Quality Review,7.2,628.55,6,0,1
A004367,P0040,E005,2026-05-10,Issue Resolution,7.9,594.61,7,0,0
A004368,P0010,E039,2025-03-29,Client Review,6.6,241.73,1,1,2
A004369,P0091,E004,2025-04-17,Reporting,5.3,487.85,5,0,1
A004370,P0091,E023,2025-08-19,Kickoff,4.8,187.53,7,1,2
A004371,P0031,E034,2025-12-07,Client Review,7.4,325.37,4,1,2
A004372,P0036,E048,2025-11-11,Quality Review,8.3,603.19,0,0,0
A004373,P0039,E013,2026-08-26,Issue Resolution,5.3,332.36,5,0,0
A004374,P0107,E003,2026-03-03,Client Review,10.7,859.05,7,0,0
A004375,P0059,E038,2025-11-30,Kickoff,5.0,364.94,2,0,0
A004376,P0092,E045,2026-01-19,Project Administration,2.0,70.5,1,0,1
A004377,P0054,E029,2025-08-17,Kickoff,1.2,88.28,2,0,1
A004378,P0084,E004,2026-05-21,Analysis,1.3,112.44,6,0,0
A004379,P0064,E026,2025-10-17,Data Collection,4.5,387.58,4,0,1
A004380,P0034,E020,2025-03-16,Project Administration,4.9,217.78,0,0,0
A004381,P0106,E023,2026-03-07,Data Collection,7.2,402.06,4,0,1
A004382,P0086,E003,2025-10-15,Issue Resolution,5.4,227.73,6,0,1
A004383,P0093,E016,2025-03-08,Data Collection,7.6,608.68,1,0,1
A004384,P0114,E050,2026-06-09,Reporting,5.6,406.86,4,1,2
A004385,P0030,E003,2026-01-23,Kickoff,5.5,352.36,1,1,2
A004386,P0011,E046,2025-05-18,Stakeholder Meeting,4.1,217.24,0,1,2
A004387,P0070,E026,2026-07-20,Reporting,9.1,748.26,3,0,1
A004388,P0040,E030,2026-06-26,Client Review,1.7,140.23,6,0,0
A004389,P0053,E047,2025-06-23,Issue Resolution,6.3,406.17,5,0,1
A004390,P0029,E011,2026-01-24,Issue Resolution,5.0,212.33,0,1,2
A004391,P0048,E050,2025-06-25,Quality Review,7.5,471.91,1,2,3
A004392,P0048,E014,2025-08-06,Analysis,5.4,479.33,4,0,1
A004393,P0043,E018,2026-05-10,Analysis,5.5,385.25,2,0,1
A004394,P0090,E023,2025-10-19,Project Administration,4.8,385.15,2,0,1
A004395,P0072,E031,2026-07-14,Reporting,9.0,474.12,3,1,2
A004396,P0057,E017,2025-07-09,Project Administration,5.5,305.74,6,0,0
A004397,P0014,E040,2025-03-05,Stakeholder Meeting,10.4,437.08,4,1,2
A004398,P0069,E002,2026-04-01,Quality Review,6.2,344.52,6,1,2
A004399,P0022,E034,2026-04-28,Issue Resolution,5.6,252.99,0,1,1
A004400,P0038,E033,2025-10-31,Client Review,5.1,343.43,3,0,1
A004401,P0050,E027,2025-03-31,Data Collection,6.9,404.54,4,1,2
A004402,P0017,E031,2026-01-21,Quality Review,4.0,340.58,6,1,2
A004403,P0047,E038,2025-08-29,Data Collection,5.9,341.99,4,1,1
A004404,P0033,E046,2026-02-12,Client Review,5.5,262.57,7,1,1
A004405,P0102,E011,2026-01-26,Kickoff,6.3,252.34,6,0,1
A004406,P0104,E024,2025-03-09,Issue Resolution,6.4,320.99,5,1,1
A004407,P0001,E029,2026-08-19,Project Administration,6.5,499.47,3,0,1
A004408,P0073,E018,2026-08-28,Kickoff,5.7,413.67,2,1,1
A004409,P0077,E049,2025-09-22,Reporting,9.4,678.65,4,1,2
A004410,P0046,E026,2025-12-21,Kickoff,6.6,570.84,3,1,1
A004411,P0057,E030,2025-08-10,Stakeholder Meeting,12.0,602.02,0,0,1
A004412,P0095,E010,2025-12-14,Stakeholder Meeting,5.6,354.19,1,1,2
A004413,P0046,E021,2025-12-05,Quality Review,7.9,356.22,6,1,2
A004414,P0008,E032,2025-11-23,Project Administration,3.7,178.07,3,0,0
A004415,P0045,E022,2026-01-08,Quality Review,9.0,515.3,7,0,1
A004416,P0031,E039,2025-11-23,Stakeholder Meeting,3.7,286.47,1,1,2
A004417,P0046,E007,2026-01-04,Kickoff,6.6,561.15,7,1,1
A004418,P0028,E008,2026-02-12,Issue Resolution,4.8,256.48,6,0,0
A004419,P0018,E017,2025-06-08,Analysis,6.6,388.51,2,0,0
A004420,P0119,E016,2025-11-17,Quality Review,4.9,432.47,4,1,2
A004421,P0016,E041,2026-06-07,Kickoff,3.5,286.35,7,1,2
A004422,P0085,E044,2026-03-02,Analysis,4.8,366.82,5,0,0
A004423,P0087,E024,2026-03-18,Quality Review,9.4,558.63,7,0,1
A004424,P0075,E026,2026-04-23,Project Administration,6.7,371.61,0,1,1
A004425,P0110,E015,2026-05-18,Analysis,2.3,180.33,1,1,1
A004426,P0001,E027,2026-06-29,Reporting,8.2,332.92,0,0,0
A004427,P0037,E036,2025-09-28,Issue Resolution,3.3,223.11,2,1,1
A004428,P0023,E037,2025-06-04,Stakeholder Meeting,7.4,286.0,6,0,1
A004429,P0070,E049,2026-09-02,Analysis,6.9,499.56,7,0,0
A004430,P0077,E029,2025-10-19,Kickoff,7.0,483.73,4,1,1
A004431,P0108,E018,2025-03-25,Project Administration,10.1,389.73,3,0,0
A004432,P0046,E004,2026-01-27,Kickoff,3.4,204.65,7,0,1
A004433,P0029,E035,2026-01-14,Data Collection,7.0,325.83,4,1,2
A004434,P0111,E041,2026-01-12,Data Collection,8.6,712.83,4,0,0
A004435,P0081,E028,2025-12-17,Client Review,3.9,350.21,0,0,0
A004436,P0092,E047,2026-04-26,Stakeholder Meeting,3.6,193.97,1,0,1
A004437,P0054,E016,2025-10-02,Client Review,4.8,176.44,5,0,1
A004438,P0054,E003,2025-10-14,Reporting,6.3,559.81,5,0,1
A004439,P0047,E032,2025-08-28,Kickoff,2.0,171.34,3,0,1
A004440,P0090,E007,2025-08-22,Analysis,6.9,571.4,5,0,1
A004441,P0026,E005,2026-05-03,Kickoff,2.0,112.77,5,0,0
A004442,P0118,E036,2025-11-23,Kickoff,8.7,346.11,0,0,0
A004443,P0022,E022,2026-07-14,Quality Review,6.8,635.75,6,1,2
A004444,P0056,E031,2025-06-03,Analysis,10.3,665.43,5,0,0
A004445,P0038,E038,2025-10-20,Kickoff,7.2,406.06,1,1,2
A004446,P0078,E020,2025-10-15,Stakeholder Meeting,4.7,383.67,1,2,2
A004447,P0082,E031,2026-01-31,Quality Review,3.5,263.35,7,0,0
A004448,P0111,E027,2026-01-20,Project Administration,6.1,228.82,2,0,1
A004449,P0095,E030,2025-12-21,Reporting,5.4,499.52,0,0,0
A004450,P0030,E036,2026-01-30,Stakeholder Meeting,8.5,581.09,0,1,2
A004451,P0025,E020,2025-10-15,Quality Review,3.2,148.14,1,0,0
A004452,P0107,E026,2026-01-14,Kickoff,10.6,381.16,5,0,0
A004453,P0059,E030,2025-10-01,Stakeholder Meeting,8.7,592.77,3,1,1
A004454,P0012,E008,2026-05-16,Reporting,5.0,353.21,5,1,2
A004455,P0099,E011,2026-04-29,Kickoff,10.0,409.77,1,0,1
A004456,P0078,E005,2026-01-01,Project Administration,3.5,236.93,1,0,1
A004457,P0004,E010,2025-06-08,Quality Review,6.0,365.42,3,0,1
A004458,P0094,E022,2025-04-27,Issue Resolution,2.3,140.89,6,1,2
A004459,P0073,E047,2026-05-05,Analysis,10.1,944.51,4,1,2
A004460,P0074,E047,2025-09-12,Issue Resolution,1.4,73.85,6,0,0
A004461,P0104,E039,2025-04-16,Stakeholder Meeting,1.9,167.29,0,1,2
A004462,P0060,E028,2025-07-12,Project Administration,3.9,217.12,3,0,1
A004463,P0056,E011,2025-07-19,Quality Review,8.8,402.78,3,1,1
A004464,P0075,E018,2026-02-16,Reporting,7.9,348.67,0,0,1
A004465,P0024,E039,2026-08-29,Data Collection,5.8,530.34,2,0,0
A004466,P0019,E046,2026-05-09,Project Administration,8.0,291.18,2,0,0
A004467,P0102,E049,2025-12-09,Data Collection,5.2,250.38,3,0,1
A004468,P0026,E020,2026-06-24,Kickoff,6.6,365.83,1,1,2
A004469,P0061,E025,2026-02-07,Stakeholder Meeting,9.6,714.32,2,0,0
A004470,P0033,E026,2026-06-09,Issue Resolution,4.9,281.99,7,0,1
A004471,P0028,E003,2026-04-28,Project Administration,3.6,130.41,1,1,2
A004472,P0072,E006,2026-07-03,Issue Resolution,6.7,442.32,6,0,0
A004473,P0097,E003,2025-10-19,Quality Review,7.4,651.7,4,0,0
A004474,P0054,E037,2025-09-02,Project Administration,5.8,511.53,0,0,1
A004475,P0017,E012,2026-01-03,Quality Review,8.0,755.97,3,2,3
A004476,P0030,E036,2025-12-19,Quality Review,5.0,277.72,4,0,0
A004477,P0020,E019,2026-06-16,Data Collection,5.8,245.62,2,1,2
A004478,P0106,E040,2026-02-12,Issue Resolution,6.4,250.7,2,1,1
A004479,P0039,E006,2026-08-12,Analysis,6.2,539.56,5,0,1
A004480,P0045,E017,2026-01-12,Data Collection,9.5,758.98,0,0,1
A004481,P0009,E011,2026-05-16,Stakeholder Meeting,6.4,464.99,7,0,1
A004482,P0054,E022,2025-10-05,Reporting,4.7,304.59,2,0,0
A004483,P0110,E029,2026-05-31,Analysis,6.8,424.59,3,1,2
A004484,P0050,E009,2025-06-02,Stakeholder Meeting,8.0,517.1,1,0,0
A004485,P0079,E034,2026-06-25,Analysis,7.4,420.55,7,0,0
A004486,P0022,E049,2026-05-09,Reporting,7.3,463.41,1,0,0
A004487,P0018,E003,2025-02-23,Client Review,1.8,85.72,6,0,0
A004488,P0088,E005,2025-12-09,Client Review,0.5,21.03,2,0,1
A004489,P0008,E048,2025-12-09,Data Collection,8.7,414.8,0,1,2
A004490,P0054,E033,2025-08-14,Stakeholder Meeting,6.6,615.5,3,1,2
A004491,P0039,E046,2026-06-21,Reporting,5.4,509.98,4,1,2
A004492,P0002,E036,2025-12-21,Data Collection,7.2,576.65,3,0,1
A004493,P0064,E036,2025-07-29,Kickoff,10.3,877.88,7,0,0
A004494,P0116,E008,2026-02-28,Analysis,9.0,370.93,4,1,1
A004495,P0009,E026,2026-04-26,Client Review,7.9,334.81,6,0,1
A004496,P0098,E019,2026-03-25,Reporting,3.3,133.85,2,0,1
A004497,P0065,E042,2025-04-09,Data Collection,3.6,139.65,1,0,0
A004498,P0087,E003,2026-02-20,Client Review,0.5,39.92,3,1,1
A004499,P0012,E001,2026-03-22,Data Collection,7.1,272.53,4,1,1
A004500,P0105,E028,2026-02-05,Client Review,8.3,763.12,3,0,1
A004501,P0002,E049,2025-08-23,Reporting,8.5,631.06,6,0,1
A004502,P0109,E050,2025-11-09,Data Collection,7.2,325.82,7,0,0
A004503,P0079,E030,2026-06-20,Stakeholder Meeting,5.1,428.66,0,0,1
A004504,P0041,E022,2026-06-06,Issue Resolution,4.1,346.13,0,0,0
A004505,P0001,E014,2026-09-04,Stakeholder Meeting,3.4,234.03,2,1,2
A004506,P0074,E050,2025-11-08,Client Review,5.1,206.34,4,1,2
A004507,P0011,E010,2025-05-25,Client Review,3.1,183.04,0,1,1
A004508,P0074,E007,2025-09-19,Kickoff,9.9,672.33,1,1,1
A004509,P0093,E026,2025-01-24,Project Administration,2.2,175.18,3,2,3
A004510,P0033,E020,2026-06-04,Stakeholder Meeting,5.0,264.55,3,1,1
A004511,P0029,E025,2025-11-27,Issue Resolution,0.7,61.17,6,0,0
A004512,P0027,E046,2025-11-18,Quality Review,6.2,310.27,4,1,1
A004513,P0027,E014,2025-11-16,Reporting,5.5,521.91,6,0,0
A004514,P0014,E044,2025-01-29,Stakeholder Meeting,4.6,192.76,6,0,0
A004515,P0030,E011,2025-12-15,Issue Resolution,3.2,271.93,3,0,0
A004516,P0080,E017,2026-05-06,Data Collection,5.5,236.13,7,0,0
A004517,P0037,E001,2025-09-17,Project Administration,4.1,330.29,6,1,1
A004518,P0094,E034,2025-04-20,Data Collection,5.2,451.04,3,1,1
A004519,P0099,E043,2026-08-07,Issue Resolution,10.4,559.26,6,0,0
A004520,P0092,E045,2026-01-30,Kickoff,5.9,242.37,2,0,1
A004521,P0065,E009,2025-06-23,Kickoff,6.8,645.96,1,1,2
A004522,P0038,E039,2025-10-30,Kickoff,4.3,401.03,6,1,1
A004523,P0112,E008,2025-04-21,Quality Review,3.5,281.43,6,0,0
A004524,P0025,E032,2025-09-07,Analysis,5.4,314.22,1,0,1
A004525,P0056,E036,2025-05-10,Reporting,11.8,508.16,6,0,0
A004526,P0055,E008,2025-12-17,Issue Resolution,4.8,288.4,4,1,2
A004527,P0090,E006,2025-10-12,Kickoff,6.4,500.61,4,0,1
A004528,P0066,E004,2026-01-25,Quality Review,3.4,150.08,6,1,1
A004529,P0096,E036,2026-01-01,Client Review,0.5,18.0,1,0,0
A004530,P0111,E031,2026-02-04,Stakeholder Meeting,3.5,312.35,3,2,2
A004531,P0047,E006,2025-08-14,Project Administration,11.5,885.49,2,0,0
A004532,P0105,E026,2025-11-26,Reporting,7.0,536.41,4,1,1
A004533,P0021,E040,2026-02-27,Kickoff,9.6,881.58,1,1,1
A004534,P0110,E012,2026-05-13,Quality Review,4.6,304.71,0,1,1
A004535,P0022,E031,2026-04-20,Stakeholder Meeting,0.5,27.04,5,1,2
A004536,P0103,E015,2026-02-21,Data Collection,2.7,241.83,0,0,1
A004537,P0047,E014,2025-05-28,Project Administration,6.5,611.97,3,0,1
A004538,P0116,E020,2026-05-21,Analysis,6.1,220.99,7,0,1
A004539,P0016,E018,2026-05-16,Kickoff,5.5,301.62,7,1,2
A004540,P0056,E025,2025-07-22,Analysis,4.2,238.33,1,1,2
A004541,P0109,E011,2025-11-25,Issue Resolution,7.8,325.05,7,0,1
A004542,P0006,E020,2025-08-08,Reporting,4.2,202.84,2,1,1
A004543,P0032,E032,2026-04-24,Issue Resolution,6.3,229.74,1,0,1
A004544,P0011,E020,2025-02-25,Quality Review,6.0,460.71,4,0,1
A004545,P0039,E033,2026-05-23,Data Collection,4.6,190.51,3,0,1
A004546,P0047,E006,2025-07-24,Stakeholder Meeting,3.3,291.25,2,1,2
A004547,P0075,E007,2026-02-06,Data Collection,4.4,308.17,3,0,0
A004548,P0031,E044,2025-12-20,Reporting,10.2,574.97,0,1,1
A004549,P0020,E024,2026-04-22,Analysis,8.3,693.33,2,1,1
A004550,P0021,E031,2026-03-11,Project Administration,8.1,599.73,1,0,0
A004551,P0113,E037,2026-07-11,Stakeholder Meeting,3.5,280.63,7,0,0
A004552,P0115,E008,2025-06-16,Analysis,1.9,166.57,3,1,1
A004553,P0027,E049,2026-01-18,Project Administration,8.2,684.37,4,1,2
A004554,P0024,E022,2026-06-22,Quality Review,7.8,637.64,3,0,1
A004555,P0007,E045,2026-07-12,Data Collection,5.8,456.99,7,0,0
A004556,P0116,E021,2026-06-26,Quality Review,4.6,265.19,6,0,0
A004557,P0085,E021,2025-11-26,Analysis,1.8,133.4,5,0,0
A004558,P0092,E031,2026-05-04,Client Review,7.7,530.85,2,0,1
A004559,P0035,E010,2026-06-21,Reporting,8.5,788.86,2,1,1
A004560,P0077,E031,2025-10-19,Client Review,3.8,247.21,7,0,1
A004561,P0008,E050,2026-01-13,Project Administration,3.6,173.91,7,1,1
A004562,P0082,E033,2026-05-28,Client Review,8.6,537.19,2,0,1
A004563,P0070,E004,2026-06-11,Stakeholder Meeting,3.9,233.53,2,0,1
A004564,P0040,E035,2026-07-27,Data Collection,9.9,624.8,2,1,2
A004565,P0086,E002,2025-10-05,Quality Review,5.2,363.28,6,0,1
A004566,P0078,E006,2025-10-19,Quality Review,4.5,413.47,7,0,1
A004567,P0053,E015,2025-04-01,Analysis,5.6,290.44,7,0,0
A004568,P0023,E016,2025-06-25,Issue Resolution,4.5,419.16,6,0,1
A004569,P0003,E001,2025-11-03,Project Administration,8.3,678.73,2,1,2
A004570,P0113,E001,2026-07-18,Stakeholder Meeting,7.7,354.01,2,1,2
A004571,P0034,E040,2025-04-10,Client Review,8.2,424.98,7,1,1
A004572,P0037,E023,2025-06-29,Project Administration,6.0,537.36,3,2,3
A004573,P0082,E010,2026-03-08,Kickoff,4.4,365.55,1,0,1
A004574,P0031,E022,2025-12-06,Stakeholder Meeting,5.5,239.81,6,0,0
A004575,P0046,E035,2026-01-31,Client Review,4.4,308.33,3,0,1
A004576,P0086,E037,2025-11-19,Quality Review,9.2,474.9,0,0,0
A004577,P0072,E015,2026-05-14,Issue Resolution,8.0,582.28,7,0,1
A004578,P0079,E009,2026-07-03,Quality Review,5.3,240.7,2,0,0
A004579,P0001,E048,2026-08-18,Kickoff,3.2,179.57,2,2,2
A004580,P0055,E032,2026-01-12,Stakeholder Meeting,9.4,548.13,4,0,1
A004581,P0058,E050,2025-07-16,Stakeholder Meeting,5.8,390.12,2,0,0
A004582,P0076,E016,2025-10-10,Issue Resolution,5.2,256.67,6,0,1
A004583,P0019,E006,2026-04-29,Data Collection,9.4,739.45,5,0,1
A004584,P0020,E020,2026-04-23,Data Collection,4.2,350.94,4,0,0
A004585,P0092,E017,2026-04-12,Data Collection,4.7,344.98,1,0,0
A004586,P0081,E036,2025-09-29,Reporting,4.9,437.01,3,0,1
A004587,P0098,E036,2026-06-03,Project Administration,2.2,181.35,2,1,1
A004588,P0033,E004,2026-06-05,Reporting,6.3,237.14,7,0,1
A004589,P0120,E030,2026-05-05,Issue Resolution,3.6,144.3,6,1,2
A004590,P0033,E018,2026-01-20,Issue Resolution,4.1,305.85,0,1,2
A004591,P0079,E031,2026-05-26,Reporting,3.7,289.76,4,1,1
A004592,P0020,E020,2026-03-20,Reporting,4.0,372.3,6,1,1
A004593,P0111,E027,2026-01-28,Analysis,3.4,119.68,4,0,1
A004594,P0040,E036,2026-05-08,Project Administration,6.1,300.23,1,0,0
A004595,P0097,E015,2025-09-23,Issue Resolution,5.1,433.02,1,0,0
A004596,P0040,E010,2026-06-19,Issue Resolution,5.6,495.56,5,0,1
A004597,P0095,E036,2025-11-25,Project Administration,11.4,716.67,4,1,2
A004598,P0055,E048,2026-01-01,Stakeholder Meeting,5.1,326.53,4,0,0
A004599,P0008,E023,2026-01-26,Data Collection,7.0,603.52,2,0,1
A004600,P0023,E050,2025-05-14,Issue Resolution,7.3,456.97,2,0,1
A004601,P0083,E010,2025-04-23,Quality Review,5.3,435.9,3,1,2
A004602,P0024,E041,2026-07-10,Project Administration,6.2,569.93,4,0,1
A004603,P0034,E050,2025-04-04,Client Review,5.6,283.98,3,0,1
A004604,P0066,E015,2026-01-15,Analysis,6.0,308.78,7,1,1
A004605,P0031,E008,2026-01-06,Stakeholder Meeting,4.0,365.26,1,1,1
A004606,P0016,E034,2026-04-26,Reporting,4.3,259.97,3,0,0
A004607,P0075,E044,2026-04-26,Stakeholder Meeting,5.5,197.69,1,0,0
A004608,P0083,E005,2025-05-02,Analysis,0.6,39.09,0,1,2
A004609,P0088,E033,2025-11-27,Data Collection,9.2,662.45,3,0,1
A004610,P0114,E044,2026-06-02,Reporting,10.9,541.56,0,2,3
A004611,P0015,E002,2025-08-04,Kickoff,5.9,464.0,2,1,1
A004612,P0052,E026,2025-10-17,Kickoff,7.2,352.63,5,0,1
A004613,P0029,E004,2025-12-14,Kickoff,8.2,345.87,3,1,2
A004614,P0109,E009,2025-11-19,Client Review,2.2,109.92,5,2,2
A004615,P0065,E025,2025-05-11,Kickoff,7.8,522.87,2,0,1
A004616,P0012,E017,2026-06-07,Stakeholder Meeting,4.4,379.93,3,0,0
A004617,P0084,E005,2026-04-04,Data Collection,11.2,747.71,7,1,2
A004618,P0006,E041,2025-08-01,Reporting,5.0,429.7,1,0,1
A004619,P0033,E011,2026-03-04,Kickoff,7.8,303.04,4,1,1
A004620,P0087,E044,2026-03-05,Kickoff,5.1,292.51,5,0,1
A004621,P0061,E009,2026-06-15,Stakeholder Meeting,11.0,672.22,2,0,1
A004622,P0092,E026,2026-02-18,Client Review,4.2,349.03,2,0,0
A004623,P0069,E037,2026-03-02,Kickoff,8.4,601.77,5,1,1
A004624,P0102,E025,2026-02-18,Quality Review,7.1,582.93,0,0,1
A004625,P0068,E021,2025-07-31,Issue Resolution,6.5,359.54,2,0,1
A004626,P0007,E038,2026-05-23,Reporting,6.1,555.36,3,0,1
A004627,P0009,E001,2026-05-12,Client Review,3.8,318.51,1,0,1
A004628,P0094,E042,2025-04-24,Analysis,0.5,44.96,4,0,1
A004629,P0005,E035,2025-01-11,Project Administration,8.2,416.3,4,2,3
A004630,P0046,E039,2026-01-26,Data Collection,4.3,152.19,7,1,1
A004631,P0002,E022,2025-11-17,Reporting,8.4,604.2,4,0,0
A004632,P0037,E020,2025-07-14,Stakeholder Meeting,6.4,413.15,4,0,1
A004633,P0072,E029,2026-07-16,Kickoff,8.5,694.77,5,2,3
A004634,P0021,E033,2026-03-13,Project Administration,7.5,306.37,1,1,2
A004635,P0056,E047,2025-07-06,Client Review,0.5,35.36,3,1,2
A004636,P0120,E043,2026-02-28,Analysis,7.0,328.54,6,0,0
A004637,P0009,E003,2026-04-27,Kickoff,4.6,303.03,1,0,1
A004638,P0008,E008,2025-12-15,Client Review,8.4,373.79,2,0,0
A004639,P0033,E048,2026-03-02,Quality Review,7.0,628.18,1,0,0
A004640,P0100,E020,2025-03-29,Kickoff,7.0,321.98,7,0,0
A004641,P0049,E030,2025-05-09,Project Administration,4.8,333.62,2,1,1
A004642,P0077,E003,2025-11-15,Client Review,3.2,113.08,2,0,0
A004643,P0005,E006,2025-01-21,Quality Review,4.4,195.3,6,0,0
A004644,P0089,E021,2025-04-02,Analysis,1.0,64.96,7,1,2
A004645,P0009,E036,2026-05-07,Analysis,4.0,149.83,0,1,1
A004646,P0086,E039,2025-11-30,Quality Review,1.8,121.62,7,0,1
A004647,P0018,E045,2025-05-17,Kickoff,1.9,87.51,5,0,1
A004648,P0104,E010,2025-07-11,Stakeholder Meeting,5.8,455.84,6,1,1
A004649,P0036,E011,2025-11-14,Data Collection,6.8,592.26,0,2,2
A004650,P0023,E028,2025-08-15,Data Collection,5.4,434.77,0,0,1
A004651,P0041,E028,2026-06-26,Data Collection,4.3,166.85,2,0,0
A004652,P0001,E002,2026-10-01,Stakeholder Meeting,3.1,200.82,6,1,2
A004653,P0020,E023,2026-04-13,Stakeholder Meeting,4.7,195.85,3,1,1
A004654,P0072,E045,2026-07-13,Stakeholder Meeting,3.4,202.45,5,0,0
A004655,P0037,E009,2025-07-15,Client Review,5.3,452.48,1,0,1
A004656,P0043,E042,2026-04-13,Quality Review,1.7,63.7,2,1,2
A004657,P0097,E023,2025-10-21,Data Collection,7.3,365.72,7,1,1
A004658,P0015,E027,2025-08-13,Project Administration,4.1,346.84,3,0,1
A004659,P0048,E033,2025-07-26,Client Review,6.4,379.88,6,1,1
A004660,P0023,E036,2025-07-03,Quality Review,7.7,378.23,5,0,1
A004661,P0058,E032,2025-07-27,Kickoff,6.3,579.38,1,0,1
A004662,P0040,E006,2026-04-03,Project Administration,7.5,332.58,7,0,0
A004663,P0006,E015,2025-08-20,Client Review,0.5,41.16,7,0,1
A004664,P0009,E043,2026-04-27,Quality Review,4.3,196.44,6,2,3
A004665,P0103,E003,2026-02-06,Data Collection,8.3,770.1,3,0,0
A004666,P0007,E036,2026-05-03,Kickoff,6.8,558.72,3,1,2
A004667,P0094,E027,2025-04-29,Analysis,10.1,521.02,2,0,1
A004668,P0110,E006,2026-05-02,Analysis,9.8,921.37,5,1,1
A004669,P0056,E007,2025-05-26,Data Collection,6.2,259.58,2,2,3
A004670,P0038,E050,2025-11-04,Stakeholder Meeting,4.9,424.22,1,1,1
A004671,P0094,E002,2025-04-23,Kickoff,3.1,238.59,0,1,1
A004672,P0118,E002,2025-12-07,Analysis,4.3,195.36,3,0,0
A004673,P0015,E001,2025-07-30,Issue Resolution,4.5,305.02,6,0,1
A004674,P0116,E032,2026-05-15,Issue Resolution,4.0,142.86,6,0,0
A004675,P0114,E047,2026-10-16,Kickoff,3.2,222.04,6,0,1
A004676,P0018,E009,2025-04-01,Client Review,6.5,454.56,4,0,0
A004677,P0007,E040,2026-05-24,Project Administration,9.7,577.26,6,0,0
A004678,P0086,E036,2026-01-12,Reporting,7.8,658.83,6,0,0
A004679,P0010,E012,2025-03-06,Stakeholder Meeting,4.7,426.97,6,1,2
A004680,P0073,E004,2026-08-23,Quality Review,8.0,536.21,4,0,1
A004681,P0008,E025,2026-01-09,Data Collection,6.4,482.8,0,0,1
A004682,P0083,E005,2025-05-06,Stakeholder Meeting,5.4,236.26,3,0,0
A004683,P0028,E006,2026-04-18,Project Administration,5.2,493.41,6,0,1
A004684,P0012,E024,2026-05-23,Reporting,5.0,432.37,5,1,2
A004685,P0008,E041,2025-12-27,Stakeholder Meeting,7.1,652.79,0,0,1
A004686,P0023,E050,2025-07-08,Data Collection,5.8,473.77,0,1,2
A004687,P0065,E032,2025-07-25,Project Administration,3.7,201.19,5,0,1
A004688,P0010,E014,2025-03-09,Data Collection,3.6,173.88,7,0,1
A004689,P0097,E017,2025-09-19,Client Review,6.3,413.68,5,1,2
A004690,P0073,E031,2026-07-20,Analysis,6.6,263.71,7,0,1
A004691,P0036,E009,2025-11-06,Analysis,4.7,320.11,0,1,2
A004692,P0119,E026,2025-11-16,Data Collection,2.7,154.43,7,1,1
A004693,P0080,E039,2026-04-21,Stakeholder Meeting,8.6,676.61,1,0,0
A004694,P0081,E043,2025-11-05,Client Review,8.1,587.59,7,1,2
A004695,P0021,E003,2026-05-06,Stakeholder Meeting,0.5,24.9,7,0,0
A004696,P0086,E015,2025-12-12,Kickoff,8.8,695.26,4,0,1
A004697,P0068,E013,2025-08-12,Analysis,5.0,268.33,4,0,0
A004698,P0119,E028,2025-09-27,Data Collection,6.0,299.49,3,0,1
A004699,P0058,E010,2025-09-10,Stakeholder Meeting,8.3,498.94,4,2,2
A004700,P0082,E048,2026-02-20,Project Administration,9.6,426.92,6,0,0
A004701,P0041,E046,2026-04-10,Project Administration,8.0,436.08,2,1,1
A004702,P0005,E017,2025-02-16,Project Administration,6.1,308.6,2,0,1
A004703,P0016,E021,2026-06-26,Data Collection,2.1,76.24,7,0,0
A004704,P0105,E022,2026-01-26,Quality Review,0.5,26.53,6,0,1
A004705,P0089,E003,2025-03-20,Kickoff,7.7,485.18,4,1,2
A004706,P0044,E045,2025-09-10,Quality Review,8.9,754.58,1,1,1
A004707,P0084,E039,2026-07-08,Reporting,3.5,160.4,7,1,1
A004708,P0001,E017,2026-07-15,Client Review,4.8,262.29,7,0,0
A004709,P0005,E028,2025-02-16,Stakeholder Meeting,4.1,150.73,2,0,0
A004710,P0061,E020,2026-04-04,Kickoff,4.0,158.03,4,0,0
A004711,P0075,E012,2026-02-06,Quality Review,8.2,462.21,3,1,2
A004712,P0113,E016,2026-05-18,Stakeholder Meeting,6.0,389.97,6,0,1
A004713,P0092,E006,2026-05-21,Reporting,4.9,391.49,5,0,1
A004714,P0031,E041,2025-12-14,Kickoff,12.1,977.57,3,1,1
A004715,P0098,E033,2026-05-14,Reporting,1.9,170.69,7,0,0
A004716,P0059,E047,2025-11-22,Stakeholder Meeting,6.9,617.33,4,1,1
A004717,P0100,E001,2025-03-29,Client Review,2.9,119.16,3,2,2
A004718,P0021,E032,2026-05-19,Project Administration,5.1,212.79,7,0,1
A004719,P0004,E029,2025-05-24,Analysis,5.9,382.36,3,0,1
A004720,P0007,E032,2026-05-24,Client Review,7.6,534.8,3,2,2
A004721,P0119,E050,2025-08-27,Data Collection,4.8,340.19,3,1,2
A004722,P0010,E020,2025-03-26,Project Administration,4.6,295.21,1,0,1
A004723,P0113,E008,2026-05-17,Quality Review,4.8,450.59,2,1,1
A004724,P0088,E001,2025-12-30,Client Review,2.8,183.5,0,0,1
A004725,P0018,E025,2025-03-08,Client Review,7.1,646.94,5,1,2
A004726,P0104,E009,2025-03-31,Reporting,6.2,584.61,4,0,0
A004727,P0018,E008,2025-05-14,Stakeholder Meeting,6.6,406.83,7,0,1
A004728,P0018,E008,2025-05-04,Client Review,5.3,228.04,4,1,1
A004729,P0070,E014,2026-08-27,Quality Review,5.0,272.78,0,0,0
A004730,P0035,E006,2026-06-05,Reporting,8.4,474.7,4,1,2
A004731,P0035,E025,2026-03-13,Reporting,8.1,715.23,1,1,1
A004732,P0024,E033,2026-09-24,Quality Review,9.0,834.32,0,2,3
A004733,P0073,E015,2026-04-27,Data Collection,6.4,289.15,5,0,1
A004734,P0004,E007,2025-02-18,Analysis,8.9,322.22,0,0,0
A004735,P0030,E029,2026-03-17,Project Administration,4.5,381.78,3,0,0
A004736,P0067,E005,2025-05-30,Quality Review,5.0,342.59,7,0,1
A004737,P0059,E037,2025-10-31,Reporting,8.5,680.6,2,0,1
A004738,P0084,E020,2026-05-01,Analysis,7.6,417.24,5,0,1
A004739,P0026,E021,2026-06-18,Client Review,4.8,213.65,3,0,1
A004740,P0078,E013,2025-10-10,Quality Review,2.9,147.55,0,1,2
A004741,P0092,E015,2026-01-31,Data Collection,5.0,189.54,1,0,0
A004742,P0047,E008,2025-07-07,Data Collection,3.8,220.97,0,0,0
A004743,P0031,E028,2025-12-11,Stakeholder Meeting,9.8,401.35,1,1,2
A004744,P0067,E008,2025-08-22,Reporting,7.4,464.91,1,0,1
A004745,P0070,E035,2026-08-02,Analysis,3.6,298.63,7,1,2
A004746,P0012,E013,2026-03-28,Analysis,2.9,109.79,6,1,2
A004747,P0068,E029,2025-08-29,Analysis,3.6,319.69,2,1,1
A004748,P0019,E027,2026-04-27,Analysis,4.1,173.8,5,1,1
A004749,P0069,E032,2026-04-06,Client Review,5.1,379.23,1,1,2
A004750,P0112,E038,2025-05-27,Quality Review,8.3,410.29,5,2,2
A004751,P0065,E029,2025-04-11,Quality Review,3.1,265.65,1,0,0
A004752,P0092,E043,2026-03-23,Data Collection,11.2,398.96,5,0,1
A004753,P0038,E013,2025-10-13,Quality Review,3.1,186.88,2,1,1
A004754,P0111,E038,2026-01-27,Project Administration,2.0,185.43,6,0,1
A004755,P0098,E018,2026-05-04,Client Review,9.7,405.2,6,0,0
A004756,P0111,E032,2026-01-29,Quality Review,8.8,709.62,2,0,0
A004757,P0089,E025,2025-03-13,Analysis,5.0,392.99,0,0,1
A004758,P0078,E046,2025-10-25,Stakeholder Meeting,6.5,351.98,2,0,1
A004759,P0064,E014,2025-09-04,Kickoff,6.5,251.08,2,1,1
A004760,P0112,E026,2025-03-24,Kickoff,5.8,492.92,3,0,0
A004761,P0102,E009,2026-02-07,Client Review,2.3,205.37,4,0,0
A004762,P0051,E032,2025-11-26,Issue Resolution,0.5,21.33,7,1,2
A004763,P0011,E002,2025-04-01,Project Administration,3.4,291.96,0,1,1
A004764,P0001,E021,2026-07-19,Reporting,10.0,849.93,4,0,1
A004765,P0029,E001,2025-11-28,Project Administration,10.1,703.18,1,0,1
A004766,P0008,E017,2025-11-03,Stakeholder Meeting,4.8,393.66,4,0,1
A004767,P0026,E025,2026-07-11,Analysis,3.1,115.84,5,1,1
A004768,P0014,E017,2025-01-29,Analysis,6.2,401.58,6,0,0
A004769,P0118,E020,2025-11-11,Analysis,6.6,613.93,4,1,2
A004770,P0012,E008,2026-06-22,Client Review,7.0,570.59,1,1,1
A004771,P0076,E036,2025-09-05,Kickoff,0.5,25.54,7,0,0
A004772,P0043,E040,2026-02-17,Project Administration,13.4,970.32,3,0,1
A004773,P0021,E023,2026-04-27,Client Review,8.3,396.35,3,1,2
A004774,P0085,E003,2026-02-10,Stakeholder Meeting,5.0,241.64,5,1,2
A004775,P0117,E004,2025-09-07,Client Review,3.7,171.53,2,0,1
A004776,P0095,E034,2025-12-16,Data Collection,8.0,371.19,7,0,1
A004777,P0118,E047,2025-12-04,Stakeholder Meeting,6.7,435.22,0,1,1
A004778,P0071,E044,2026-01-18,Kickoff,5.7,305.45,1,0,1
A004779,P0081,E021,2026-01-06,Data Collection,6.6,539.07,7,0,0
A004780,P0018,E025,2025-03-21,Kickoff,5.2,460.96,3,0,0
A004781,P0103,E009,2026-01-04,Issue Resolution,6.5,417.66,7,1,2
A004782,P0090,E004,2025-06-23,Client Review,7.3,339.3,7,0,1
A004783,P0031,E039,2025-12-21,Project Administration,6.4,607.23,7,0,1
A004784,P0043,E022,2026-05-13,Project Administration,6.2,234.5,5,0,0
A004785,P0074,E025,2025-11-06,Project Administration,9.0,611.81,5,0,1
A004786,P0002,E018,2025-11-18,Project Administration,1.5,72.27,4,0,0
A004787,P0099,E016,2026-06-04,Kickoff,3.5,319.41,5,0,0
A004788,P0034,E050,2025-03-20,Issue Resolution,5.6,305.19,2,0,0
A004789,P0009,E041,2026-04-30,Client Review,3.7,342.19,6,0,1
A004790,P0040,E035,2026-05-17,Data Collection,4.5,420.16,1,0,0
A004791,P0101,E020,2026-05-29,Data Collection,8.7,796.73,3,0,0
A004792,P0033,E037,2026-03-31,Project Administration,5.1,421.07,2,0,0
A004793,P0065,E017,2025-07-19,Issue Resolution,0.9,71.53,6,0,1
A004794,P0098,E026,2026-04-21,Analysis,4.4,405.53,2,0,0
A004795,P0005,E008,2025-01-16,Kickoff,5.6,271.15,1,1,1
A004796,P0092,E036,2026-03-30,Stakeholder Meeting,5.6,468.13,6,0,0
A004797,P0035,E004,2026-03-12,Kickoff,6.9,288.48,3,1,1
A004798,P0084,E037,2026-03-15,Client Review,6.7,379.97,5,0,1
A004799,P0023,E031,2025-07-23,Stakeholder Meeting,5.2,307.37,7,0,1
A004800,P0017,E004,2026-01-10,Kickoff,2.5,236.8,6,0,0
A004801,P0095,E026,2026-01-13,Project Administration,4.4,238.74,3,0,0
A004802,P0097,E012,2025-09-22,Issue Resolution,3.9,266.31,1,0,1
A004803,P0118,E024,2025-12-15,Project Administration,4.8,350.45,7,1,2
A004804,P0082,E001,2026-03-02,Project Administration,7.2,544.83,2,0,1
A004805,P0056,E037,2025-05-14,Kickoff,6.5,274.36,6,0,1
A004806,P0024,E026,2026-07-09,Client Review,7.6,520.96,6,0,0
A004807,P0036,E019,2025-10-16,Issue Resolution,4.5,328.87,3,1,2
A004808,P0078,E044,2025-11-21,Issue Resolution,9.3,829.57,1,0,0
A004809,P0042,E033,2025-10-12,Analysis,7.2,665.55,3,0,1
A004810,P0059,E031,2025-10-23,Stakeholder Meeting,5.8,284.79,1,0,0
A004811,P0021,E008,2026-04-23,Project Administration,7.0,333.42,2,2,3
A004812,P0053,E026,2025-07-19,Kickoff,3.8,288.89,3,1,1
A004813,P0029,E036,2026-01-25,Reporting,0.5,32.18,4,0,1
A004814,P0014,E047,2025-02-24,Issue Resolution,4.0,318.46,1,0,1
A004815,P0016,E031,2026-08-15,Issue Resolution,7.4,635.72,6,1,1
A004816,P0063,E009,2025-09-19,Reporting,5.7,203.15,0,0,1
A004817,P0044,E034,2025-11-17,Client Review,5.2,456.16,7,0,1
A004818,P0012,E004,2026-04-06,Project Administration,3.4,173.15,2,0,0
A004819,P0062,E016,2025-07-13,Client Review,0.6,55.9,3,0,0
A004820,P0020,E046,2026-04-19,Data Collection,9.1,553.42,7,0,1
A004821,P0002,E041,2025-08-19,Analysis,5.0,430.73,5,0,0
A004822,P0016,E046,2026-05-04,Analysis,4.4,206.78,0,1,2
A004823,P0054,E018,2025-09-18,Stakeholder Meeting,3.8,252.74,4,0,1
A004824,P0115,E035,2025-05-28,Stakeholder Meeting,8.6,333.66,4,0,1
A004825,P0030,E036,2026-03-10,Data Collection,7.7,609.0,7,0,1
A004826,P0035,E013,2026-06-13,Client Review,3.1,283.73,4,1,2
A004827,P0030,E048,2025-12-11,Kickoff,8.4,718.93,7,0,0
A004828,P0043,E049,2026-07-04,Issue Resolution,5.1,386.69,4,0,1
A004829,P0087,E006,2026-03-21,Reporting,4.0,168.55,1,0,1
A004830,P0039,E039,2026-07-15,Project Administration,4.8,451.38,4,0,1
A004831,P0079,E023,2026-07-04,Kickoff,3.5,194.73,7,0,1
A004832,P0108,E034,2025-04-18,Analysis,2.2,160.53,0,0,0
A004833,P0114,E028,2026-05-17,Project Administration,7.4,380.2,3,0,1
A004834,P0068,E012,2025-06-19,Quality Review,4.9,414.73,0,0,1
A004835,P0086,E005,2025-12-18,Reporting,7.0,403.94,6,1,2
A004836,P0111,E026,2026-01-13,Kickoff,6.2,362.33,4,0,1
A004837,P0095,E042,2025-11-24,Client Review,6.9,243.35,5,0,0
A004838,P0036,E042,2025-11-13,Analysis,0.5,34.76,7,1,1
A004839,P0016,E014,2026-05-12,Project Administration,3.3,165.14,6,1,1
A004840,P0014,E044,2025-02-06,Stakeholder Meeting,6.9,623.15,3,0,1
A004841,P0106,E018,2026-02-19,Data Collection,2.3,188.57,7,0,1
A004842,P0067,E029,2025-05-15,Reporting,6.4,589.6,3,0,0
A004843,P0036,E017,2025-10-18,Quality Review,2.0,116.77,7,0,0
A004844,P0042,E027,2025-11-25,Quality Review,5.5,410.87,7,0,1
A004845,P0034,E027,2025-04-10,Project Administration,9.5,590.03,1,0,0
A004846,P0097,E035,2025-10-22,Stakeholder Meeting,7.4,662.75,6,0,1
A004847,P0074,E024,2025-11-07,Stakeholder Meeting,0.9,49.01,5,0,0
A004848,P0106,E027,2026-02-28,Reporting,7.6,415.81,6,0,1
A004849,P0037,E033,2025-07-21,Data Collection,10.1,575.26,1,1,2
A004850,P0057,E021,2025-08-06,Issue Resolution,12.5,810.84,4,0,1
A004851,P0015,E027,2025-08-07,Analysis,6.7,591.36,1,0,0
A004852,P0117,E005,2025-11-02,Analysis,2.1,99.64,7,0,0
A004853,P0062,E044,2025-06-29,Kickoff,6.6,488.92,6,0,0
A004854,P0067,E007,2025-06-01,Stakeholder Meeting,9.5,506.9,4,1,1
A004855,P0050,E044,2025-05-29,Reporting,5.0,199.8,1,1,2
A004856,P0033,E039,2026-03-28,Client Review,8.1,746.98,5,0,1
A004857,P0114,E048,2026-07-06,Project Administration,3.4,279.3,3,0,0
A004858,P0059,E002,2025-10-17,Issue Resolution,6.4,589.58,6,0,1
A004859,P0081,E011,2025-10-20,Analysis,0.5,29.51,0,2,3
A004860,P0005,E003,2025-02-13,Issue Resolution,3.1,249.3,3,0,1
A004861,P0034,E021,2025-04-08,Data Collection,5.5,407.38,2,0,1
A004862,P0097,E046,2025-10-21,Data Collection,4.6,331.85,7,0,1
A004863,P0011,E039,2025-06-05,Stakeholder Meeting,2.2,82.32,2,0,0
A004864,P0013,E036,2025-04-02,Quality Review,4.3,169.01,7,0,0
A004865,P0098,E043,2026-07-12,Data Collection,6.3,294.31,7,1,2
A004866,P0038,E001,2025-09-29,Project Administration,5.3,423.89,4,0,1
A004867,P0033,E040,2026-06-19,Analysis,5.7,472.53,1,0,0
A004868,P0068,E016,2025-07-16,Stakeholder Meeting,7.3,538.98,1,0,0
A004869,P0024,E035,2026-09-06,Reporting,4.6,214.01,0,0,0
A004870,P0006,E039,2025-07-30,Stakeholder Meeting,8.9,726.75,6,1,2
A004871,P0001,E035,2026-05-26,Stakeholder Meeting,3.0,125.42,5,1,1
A004872,P0010,E021,2025-04-02,Project Administration,10.3,913.01,2,1,1
A004873,P0020,E031,2026-04-29,Stakeholder Meeting,8.3,482.12,5,1,2
A004874,P0084,E024,2026-03-14,Data Collection,4.6,361.68,4,0,0
A004875,P0036,E032,2025-11-06,Client Review,4.8,216.81,6,0,1
A004876,P0009,E023,2026-04-12,Client Review,6.0,323.14,0,0,0
A004877,P0002,E020,2025-10-12,Data Collection,7.0,453.01,1,1,1
A004878,P0058,E011,2025-09-03,Issue Resolution,8.2,531.21,6,1,2
A004879,P0101,E020,2026-06-12,Stakeholder Meeting,2.1,85.75,2,0,1
A004880,P0041,E037,2026-05-12,Data Collection,6.6,448.13,7,0,1
A004881,P0008,E044,2025-11-13,Data Collection,0.5,19.75,7,1,1
A004882,P0028,E006,2026-05-09,Client Review,5.1,461.15,0,0,0
A004883,P0060,E010,2025-07-19,Data Collection,9.1,548.79,3,0,1
A004884,P0023,E026,2025-05-15,Quality Review,2.0,122.69,5,0,0
A004885,P0118,E036,2025-11-12,Client Review,1.5,104.43,1,0,1
A004886,P0092,E009,2026-04-29,Issue Resolution,6.1,499.59,6,0,1
A004887,P0042,E017,2025-10-12,Quality Review,9.0,352.55,0,1,2
A004888,P0115,E003,2025-04-04,Project Administration,6.3,486.23,0,1,1
A004889,P0040,E003,2026-04-12,Analysis,0.7,62.74,4,0,0
A004890,P0017,E008,2025-12-25,Issue Resolution,1.3,79.76,1,0,0
A004891,P0113,E037,2026-08-10,Analysis,5.7,204.04,5,0,0
A004892,P0116,E044,2026-04-30,Kickoff,2.6,129.59,3,0,1
A004893,P0038,E025,2025-09-27,Client Review,5.8,530.48,2,0,1
A004894,P0072,E009,2026-05-17,Client Review,6.0,252.49,6,1,1
A004895,P0021,E047,2026-05-13,Project Administration,4.3,154.01,1,1,2
A004896,P0077,E014,2025-11-09,Project Administration,10.0,911.52,3,0,1
A004897,P0083,E008,2025-05-11,Kickoff,7.0,607.47,1,1,2
A004898,P0086,E007,2025-10-09,Reporting,8.5,532.3,1,0,1
A004899,P0069,E018,2026-02-20,Client Review,7.8,275.52,1,1,2
A004900,P0085,E037,2025-10-20,Reporting,5.1,357.13,2,0,1
A004901,P0067,E020,2025-06-27,Kickoff,5.0,420.03,3,1,1
A004902,P0099,E023,2026-07-14,Kickoff,4.8,250.39,3,0,1
A004903,P0022,E018,2026-06-26,Client Review,7.2,326.62,1,0,0
A004904,P0059,E048,2025-10-06,Issue Resolution,3.9,348.19,0,0,1
A004905,P0050,E035,2025-07-01,Data Collection,9.8,794.54,0,1,1
A004906,P0065,E034,2025-06-19,Kickoff,3.6,222.79,5,1,2
A004907,P0018,E022,2025-03-15,Stakeholder Meeting,6.0,535.81,7,0,1
A004908,P0039,E027,2026-08-03,Analysis,4.9,350.3,0,1,2
A004909,P0115,E045,2025-05-28,Project Administration,4.4,403.24,0,0,1
A004910,P0013,E033,2025-02-28,Project Administration,10.9,448.97,6,1,1
A004911,P0077,E041,2025-10-15,Reporting,4.4,269.21,5,1,2
A004912,P0080,E003,2026-05-23,Project Administration,4.7,356.04,5,0,1
A004913,P0057,E043,2025-09-10,Analysis,3.8,226.0,1,0,0
A004914,P0005,E048,2025-01-15,Project Administration,5.6,313.52,6,0,0
A004915,P0005,E034,2025-02-06,Quality Review,5.2,398.97,4,0,1
A004916,P0034,E048,2025-03-30,Quality Review,2.7,192.62,1,0,1
A004917,P0013,E029,2025-03-22,Kickoff,4.4,228.59,0,1,1
A004918,P0012,E014,2026-03-20,Data Collection,7.0,431.48,4,1,2
A004919,P0020,E031,2026-06-23,Data Collection,8.1,627.05,6,0,0
A004920,P0023,E032,2025-08-30,Quality Review,5.6,406.64,6,1,2
A004921,P0101,E008,2026-05-19,Data Collection,5.6,348.22,4,1,1
A004922,P0077,E011,2025-11-04,Kickoff,4.6,232.76,4,0,0
A004923,P0004,E015,2025-06-10,Reporting,4.2,175.88,5,2,2
A004924,P0076,E028,2025-09-02,Issue Resolution,3.2,273.31,1,1,1
A004925,P0017,E008,2025-12-31,Kickoff,1.6,134.75,2,0,0
A004926,P0051,E039,2026-01-10,Reporting,3.7,265.65,0,1,1
A004927,P0005,E006,2025-01-15,Project Administration,7.8,540.39,6,0,0
A004928,P0011,E047,2025-03-26,Stakeholder Meeting,4.4,189.99,4,0,0
A004929,P0016,E034,2026-06-08,Data Collection,4.6,284.3,6,0,1
A004930,P0053,E017,2025-07-17,Kickoff,4.6,294.55,3,1,1
A004931,P0056,E019,2025-06-12,Project Administration,8.6,539.09,7,2,2
A004932,P0043,E035,2026-06-14,Stakeholder Meeting,3.2,158.48,7,0,0
A004933,P0075,E005,2026-04-22,Kickoff,6.2,263.06,4,0,0
A004934,P0087,E036,2026-05-01,Issue Resolution,5.3,481.68,6,0,0
A004935,P0088,E028,2026-01-06,Issue Resolution,5.7,389.77,5,1,1
A004936,P0070,E012,2026-09-14,Client Review,6.1,529.2,5,0,0
A004937,P0066,E045,2026-03-24,Kickoff,5.6,421.79,1,0,0
A004938,P0059,E032,2025-12-06,Kickoff,7.5,631.64,7,0,1
A004939,P0029,E009,2026-01-04,Data Collection,5.4,258.98,1,0,1
A004940,P0059,E033,2025-09-30,Data Collection,9.9,409.48,5,1,2
A004941,P0002,E021,2025-08-22,Quality Review,5.6,402.26,4,2,3
A004942,P0116,E039,2026-06-18,Stakeholder Meeting,1.2,81.55,0,0,0
A004943,P0045,E025,2026-01-11,Client Review,7.1,289.59,6,1,1
A004944,P0091,E050,2025-08-11,Kickoff,6.5,465.91,0,1,2
A004945,P0115,E047,2025-08-09,Client Review,5.6,257.12,4,0,0
A004946,P0060,E003,2025-08-13,Project Administration,4.9,203.3,6,0,0
A004947,P0104,E021,2025-06-17,Data Collection,0.5,47.06,1,1,1
A004948,P0058,E011,2025-08-01,Reporting,0.6,41.01,2,0,1
A004949,P0016,E023,2026-06-15,Quality Review,9.6,525.95,4,1,2
A004950,P0004,E008,2025-07-11,Kickoff,4.0,163.53,7,0,0
A004951,P0017,E027,2026-01-20,Analysis,7.9,711.03,3,1,1
A004952,P0114,E008,2026-06-17,Issue Resolution,1.5,137.33,0,0,0
A004953,P0058,E032,2025-09-22,Issue Resolution,2.9,146.21,1,0,0
A004954,P0039,E023,2026-07-08,Stakeholder Meeting,7.2,439.93,1,0,1
A004955,P0054,E050,2025-10-03,Kickoff,5.2,383.41,6,0,1
A004956,P0031,E044,2025-12-14,Analysis,6.8,283.35,6,1,1
A004957,P0105,E031,2026-01-16,Issue Resolution,5.5,369.7,3,1,2
A004958,P0120,E023,2026-03-12,Reporting,5.0,240.59,6,0,0
A004959,P0011,E036,2025-03-26,Stakeholder Meeting,3.8,184.36,7,0,0
A004960,P0087,E034,2026-04-11,Kickoff,2.5,177.96,6,0,0
A004961,P0041,E007,2026-07-06,Issue Resolution,9.0,482.44,0,0,0
A004962,P0006,E019,2025-07-20,Quality Review,9.4,639.4,0,1,2
A004963,P0111,E050,2026-01-14,Quality Review,2.9,147.14,5,0,1
A004964,P0008,E016,2025-12-22,Issue Resolution,2.7,173.51,3,1,1
A004965,P0025,E001,2025-08-30,Reporting,4.6,418.3,1,0,0
A004966,P0004,E042,2025-06-21,Project Administration,6.4,410.13,5,0,0
A004967,P0057,E047,2025-07-02,Reporting,5.0,325.41,2,0,1
A004968,P0072,E033,2026-05-31,Stakeholder Meeting,6.7,432.62,7,1,1
A004969,P0039,E032,2026-05-21,Project Administration,5.4,466.53,4,0,1
A004970,P0009,E018,2026-05-06,Reporting,5.2,394.7,1,1,2
A004971,P0014,E018,2025-03-17,Client Review,11.5,423.63,7,1,1
A004972,P0113,E046,2026-05-31,Analysis,4.2,176.72,4,0,1
A004973,P0097,E043,2025-09-30,Client Review,9.6,668.86,2,0,1
A004974,P0113,E025,2026-08-14,Reporting,9.1,733.56,1,0,1
A004975,P0064,E016,2025-07-24,Kickoff,6.8,285.74,4,0,0
A004976,P0066,E010,2026-03-25,Analysis,0.7,45.62,5,0,1
A004977,P0095,E001,2026-02-06,Project Administration,5.6,411.88,6,0,1
A004978,P0074,E025,2025-10-04,Reporting,4.2,248.0,1,0,1
A004979,P0053,E028,2025-04-13,Client Review,5.6,429.02,3,0,0
A004980,P0036,E034,2025-11-08,Data Collection,2.8,155.56,7,0,1
A004981,P0059,E041,2025-09-20,Data Collection,7.4,535.62,5,0,0
A004982,P0008,E019,2025-11-29,Project Administration,8.0,647.54,0,1,1
A004983,P0024,E009,2026-06-03,Stakeholder Meeting,8.4,775.73,7,1,2
A004984,P0089,E043,2025-03-16,Issue Resolution,4.5,330.0,5,2,3
A004985,P0105,E039,2025-12-23,Issue Resolution,2.9,162.67,3,0,1
A004986,P0013,E027,2025-04-05,Stakeholder Meeting,6.4,500.96,6,0,1
A004987,P0012,E002,2026-06-27,Project Administration,9.9,824.36,5,1,2
A004988,P0011,E024,2025-04-12,Client Review,5.7,341.31,2,1,1
A004989,P0095,E031,2026-01-12,Data Collection,6.6,374.58,6,0,1
A004990,P0038,E043,2025-10-21,Kickoff,4.9,216.33,2,0,1
A004991,P0040,E026,2026-07-28,Data Collection,4.2,317.58,1,0,1
A004992,P0002,E024,2025-09-08,Client Review,7.1,438.01,4,0,1
A004993,P0117,E019,2025-08-26,Data Collection,5.2,223.47,0,0,1
A004994,P0053,E021,2025-05-13,Analysis,6.5,446.47,5,0,1
A004995,P0096,E001,2026-03-25,Stakeholder Meeting,6.8,641.87,4,0,0
A004996,P0085,E006,2026-02-28,Data Collection,6.4,243.71,5,1,2
A004997,P0018,E038,2025-03-25,Analysis,6.9,454.92,1,0,1
A004998,P0097,E019,2025-09-22,Client Review,3.4,309.91,4,0,0
A004999,P0067,E043,2025-07-28,Project Administration,3.2,296.15,3,1,1
A005000,P0073,E020,2026-07-02,Quality Review,5.4,299.72,1,1,1
A005001,P0025,E050,2025-08-18,Client Review,5.5,249.13,3,0,1
A005002,P0102,E010,2025-12-04,Quality Review,4.2,253.02,7,0,1
A005003,P0112,E010,2025-05-16,Quality Review,6.1,330.08,6,0,1
A005004,P0049,E030,2025-06-01,Quality Review,7.8,498.85,1,0,0
A005005,P0012,E041,2026-06-10,Project Administration,8.5,601.44,6,1,1
A005006,P0102,E008,2026-01-12,Kickoff,9.0,729.85,4,0,1
A005007,P0107,E026,2025-12-15,Quality Review,2.2,160.71,0,1,2
A005008,P0061,E012,2026-03-30,Kickoff,2.6,230.16,7,0,1
A005009,P0070,E037,2026-05-18,Issue Resolution,4.8,379.88,4,1,2
A005010,P0027,E029,2025-11-25,Reporting,5.7,376.88,7,0,1
A005011,P0009,E033,2026-04-27,Kickoff,4.9,206.57,0,1,1
A005012,P0114,E014,2026-07-26,Reporting,4.1,341.22,1,0,1
A005013,P0058,E015,2025-07-17,Stakeholder Meeting,4.7,365.89,7,0,1
A005014,P0033,E032,2026-06-20,Kickoff,6.7,369.64,1,0,0
A005015,P0084,E018,2026-04-01,Project Administration,2.2,107.62,4,0,1
A005016,P0004,E035,2025-04-24,Stakeholder Meeting,11.4,849.13,4,0,0
A005017,P0010,E008,2025-03-14,Kickoff,5.6,224.3,7,0,1
A005018,P0030,E016,2026-01-26,Reporting,8.1,666.1,2,0,0
A005019,P0055,E006,2026-03-18,Stakeholder Meeting,4.0,194.45,6,0,1
A005020,P0045,E005,2026-02-07,Reporting,6.9,487.2,5,0,1
A005021,P0023,E014,2025-09-03,Data Collection,5.8,308.64,5,1,2
A005022,P0043,E025,2026-04-17,Issue Resolution,7.6,483.62,4,0,0
A005023,P0041,E008,2026-04-16,Stakeholder Meeting,5.0,415.19,0,0,1
A005024,P0063,E005,2025-09-01,Stakeholder Meeting,9.4,490.88,2,0,1
A005025,P0068,E044,2025-07-23,Issue Resolution,1.8,66.57,4,0,1
A005026,P0106,E026,2026-02-07,Quality Review,7.9,313.18,3,1,2
A005027,P0097,E036,2025-10-05,Kickoff,5.8,228.92,1,0,0
A005028,P0036,E037,2025-10-13,Reporting,3.0,187.62,5,1,1
A005029,P0109,E006,2025-11-14,Reporting,10.4,415.97,3,1,1
A005030,P0063,E032,2025-09-14,Analysis,10.1,603.58,6,1,2
A005031,P0023,E044,2025-07-17,Data Collection,0.5,38.44,4,0,0
A005032,P0041,E023,2026-07-11,Kickoff,5.9,517.97,2,0,0
A005033,P0090,E044,2025-11-04,Issue Resolution,7.3,352.49,0,1,2
A005034,P0099,E048,2026-08-03,Kickoff,6.6,578.16,0,1,2
A005035,P0045,E028,2025-12-28,Reporting,9.3,871.27,4,1,1
A005036,P0019,E006,2026-06-09,Issue Resolution,8.8,638.37,2,1,1
A005037,P0024,E031,2026-07-12,Stakeholder Meeting,6.2,491.25,5,1,2
A005038,P0013,E045,2025-03-22,Data Collection,11.2,716.6,5,1,1
A005039,P0084,E029,2026-04-21,Client Review,7.8,308.03,2,0,0
A005040,P0061,E041,2026-03-09,Reporting,4.6,425.94,6,0,0
A005041,P0055,E027,2026-03-23,Kickoff,4.1,376.04,4,0,0
A005042,P0081,E021,2025-12-03,Reporting,8.6,467.55,7,1,2
A005043,P0100,E048,2025-04-09,Kickoff,3.5,163.61,7,0,1
A005044,P0096,E008,2026-04-20,Stakeholder Meeting,4.5,175.18,7,0,0
A005045,P0017,E023,2026-01-07,Analysis,4.9,317.86,1,2,2
A005046,P0071,E008,2026-01-25,Issue Resolution,6.4,579.11,4,0,1
A005047,P0106,E033,2026-02-19,Project Administration,5.0,187.28,0,0,0
A005048,P0093,E047,2025-02-12,Client Review,2.2,157.72,7,1,1
A005049,P0040,E050,2026-06-26,Client Review,8.4,715.12,5,0,1
A005050,P0048,E012,2025-07-13,Kickoff,4.5,260.02,2,0,1
A005051,P0107,E037,2026-04-09,Kickoff,10.5,753.05,4,0,1
A005052,P0004,E044,2025-06-08,Client Review,6.3,388.26,4,1,2
A005053,P0064,E042,2025-11-01,Stakeholder Meeting,8.7,338.64,4,0,0
A005054,P0014,E026,2025-03-20,Quality Review,7.1,463.4,4,0,1
A005055,P0108,E009,2025-02-23,Client Review,8.8,355.02,7,0,0
A005056,P0005,E024,2025-02-06,Stakeholder Meeting,6.9,525.08,6,1,2
A005057,P0003,E039,2025-08-02,Client Review,6.1,327.0,3,0,0
A005058,P0040,E031,2026-05-17,Client Review,8.2,681.83,6,0,1
A005059,P0025,E020,2025-10-26,Analysis,11.7,821.6,1,1,1
A005060,P0060,E011,2025-07-24,Client Review,4.8,437.29,2,2,3
A005061,P0036,E033,2025-11-17,Data Collection,7.5,594.48,0,0,0
A005062,P0043,E022,2026-05-07,Analysis,5.5,431.7,7,0,1
A005063,P0068,E024,2025-07-04,Issue Resolution,6.8,362.28,0,1,2
A005064,P0068,E047,2025-07-02,Project Administration,5.6,344.48,7,0,1
A005065,P0113,E001,2026-06-29,Kickoff,0.5,39.87,6,1,2
A005066,P0058,E012,2025-09-22,Reporting,5.0,391.6,7,0,0
A005067,P0068,E046,2025-06-13,Reporting,8.0,612.3,6,0,1
A005068,P0082,E047,2026-03-06,Reporting,3.6,127.72,3,0,0
A005069,P0021,E016,2026-06-12,Issue Resolution,7.8,281.11,6,0,1
A005070,P0081,E050,2025-11-11,Kickoff,6.0,234.29,7,1,2
A005071,P0104,E011,2025-05-17,Client Review,5.0,184.48,7,1,1
A005072,P0039,E003,2026-06-23,Analysis,7.8,634.69,6,1,2
A005073,P0022,E016,2026-04-29,Data Collection,7.2,488.26,6,1,1
A005074,P0042,E027,2025-10-28,Quality Review,6.6,430.94,5,0,1
A005075,P0034,E001,2025-04-25,Kickoff,8.0,321.09,7,1,1
A005076,P0071,E009,2026-01-13,Reporting,6.0,488.86,3,1,1
A005077,P0104,E040,2025-04-26,Reporting,1.4,56.8,4,0,1
A005078,P0072,E032,2026-05-06,Quality Review,4.6,222.22,6,1,1
A005079,P0016,E031,2026-08-13,Kickoff,1.0,84.13,2,1,2
A005080,P0038,E050,2025-11-02,Client Review,7.1,543.54,6,0,0
A005081,P0083,E012,2025-05-13,Kickoff,7.7,312.29,0,0,1
A005082,P0040,E045,2026-05-07,Analysis,7.9,311.53,4,0,1
A005083,P0071,E018,2026-01-19,Stakeholder Meeting,6.7,397.91,0,2,3
A005084,P0084,E047,2026-04-24,Client Review,7.9,562.51,7,1,1
A005085,P0040,E040,2026-04-21,Stakeholder Meeting,1.6,79.69,6,1,1
A005086,P0078,E011,2025-10-27,Issue Resolution,5.2,364.57,1,1,1
A005087,P0048,E011,2025-06-19,Project Administration,2.0,113.13,1,0,0
A005088,P0017,E028,2026-01-11,Client Review,4.6,323.46,5,2,2
A005089,P0045,E026,2025-12-30,Kickoff,9.5,746.04,7,0,0
A005090,P0053,E012,2025-06-23,Client Review,8.2,701.84,2,1,2
A005091,P0001,E014,2026-07-30,Data Collection,7.2,336.61,7,0,1
A005092,P0108,E045,2025-05-12,Issue Resolution,5.0,200.54,3,0,0
A005093,P0064,E038,2025-09-02,Project Administration,3.0,126.31,3,0,1
A005094,P0005,E010,2025-01-06,Kickoff,6.0,269.54,2,0,0
A005095,P0105,E037,2025-12-19,Kickoff,8.3,452.03,2,0,1
A005096,P0103,E008,2026-04-12,Client Review,6.5,238.67,2,0,1
A005097,P0002,E023,2025-09-22,Data Collection,1.5,127.43,1,0,0
A005098,P0020,E001,2026-05-25,Project Administration,5.8,498.47,3,1,2
A005099,P0044,E033,2025-11-20,Quality Review,0.7,54.45,2,0,0
A005100,P0061,E010,2026-03-10,Reporting,7.5,422.92,0,0,0
A005101,P0088,E012,2025-12-26,Issue Resolution,3.8,294.14,2,0,0
A005102,P0051,E010,2025-09-14,Data Collection,2.4,166.74,0,1,1
A005103,P0074,E010,2025-11-09,Reporting,7.5,560.56,1,0,1
A005104,P0002,E004,2025-09-18,Project Administration,6.9,277.88,5,2,3
A005105,P0080,E028,2026-05-15,Kickoff,6.1,533.65,0,0,0
A005106,P0110,E044,2026-07-25,Data Collection,11.0,615.13,2,0,1
A005107,P0064,E016,2025-08-29,Data Collection,7.1,363.19,5,1,2
A005108,P0055,E039,2025-12-24,Stakeholder Meeting,3.9,227.95,0,0,1
A005109,P0036,E028,2025-11-14,Data Collection,6.8,338.9,5,0,0
A005110,P0115,E013,2025-06-03,Data Collection,4.8,454.32,0,1,1
A005111,P0004,E004,2025-04-24,Issue Resolution,8.7,641.82,0,0,1
A005112,P0035,E040,2026-06-19,Quality Review,6.2,550.47,1,0,1
A005113,P0017,E002,2025-12-29,Stakeholder Meeting,6.4,589.19,6,0,0
A005114,P0104,E022,2025-07-04,Stakeholder Meeting,1.9,132.76,0,1,2
A005115,P0058,E002,2025-08-08,Project Administration,5.7,473.28,0,1,2
A005116,P0111,E039,2026-02-02,Quality Review,5.4,482.31,7,0,1
A005117,P0080,E050,2026-04-24,Quality Review,2.9,127.6,4,0,0
A005118,P0067,E017,2025-08-17,Project Administration,4.9,250.63,4,0,1
A005119,P0063,E016,2025-09-09,Kickoff,6.6,390.04,0,0,1
A005120,P0025,E029,2025-07-15,Quality Review,5.5,398.04,3,1,2
A005121,P0068,E026,2025-06-20,Client Review,2.0,162.2,4,0,1
A005122,P0083,E020,2025-05-13,Quality Review,4.8,267.36,4,1,1
A005123,P0116,E019,2026-05-08,Issue Resolution,4.3,367.91,4,1,1
A005124,P0066,E010,2026-01-18,Issue Resolution,6.0,445.57,0,0,0
A005125,P0113,E013,2026-05-30,Stakeholder Meeting,5.7,326.73,7,1,2
A005126,P0114,E030,2026-06-04,Issue Resolution,4.5,341.29,5,1,2
A005127,P0063,E037,2025-09-23,Analysis,4.4,378.94,1,0,0
A005128,P0053,E038,2025-07-28,Analysis,5.7,314.4,7,0,1
A005129,P0018,E026,2025-04-08,Project Administration,7.9,459.93,2,1,1
A005130,P0033,E038,2026-02-20,Kickoff,6.2,474.36,1,1,2
A005131,P0106,E030,2026-02-13,Stakeholder Meeting,9.1,553.18,7,1,1
A005132,P0017,E018,2025-12-29,Reporting,8.3,378.98,1,0,1
A005133,P0048,E018,2025-07-02,Stakeholder Meeting,9.2,793.5,0,1,2
A005134,P0084,E026,2026-05-21,Issue Resolution,8.9,419.12,5,1,2
A005135,P0029,E016,2026-01-27,Analysis,9.4,467.94,2,0,1
A005136,P0117,E039,2025-09-05,Quality Review,2.6,226.38,1,0,1
A005137,P0078,E010,2025-10-26,Data Collection,7.1,521.97,0,0,1
A005138,P0004,E003,2025-02-18,Data Collection,8.5,517.62,1,1,1
A005139,P0030,E025,2026-01-15,Data Collection,9.0,521.18,7,0,1
A005140,P0089,E004,2025-03-21,Client Review,3.6,165.58,5,1,2
A005141,P0104,E010,2025-03-01,Data Collection,7.1,277.43,6,0,1
A005142,P0112,E019,2025-05-09,Client Review,5.7,510.52,4,1,2
A005143,P0103,E001,2026-01-30,Stakeholder Meeting,10.1,380.61,4,0,0
A005144,P0009,E012,2026-05-10,Reporting,2.0,77.4,1,1,2
A005145,P0088,E028,2025-12-18,Issue Resolution,3.6,288.45,7,0,0
A005146,P0014,E019,2025-02-05,Issue Resolution,1.0,88.62,6,0,0
A005147,P0010,E045,2025-02-22,Kickoff,5.9,457.74,4,2,3
A005148,P0084,E005,2026-05-11,Issue Resolution,11.2,554.68,0,0,1
A005149,P0058,E036,2025-08-22,Project Administration,5.4,276.69,6,0,1
A005150,P0078,E030,2025-12-28,Client Review,5.8,537.56,2,0,1
A005151,P0103,E033,2026-03-29,Data Collection,6.9,531.33,1,0,1
A005152,P0009,E034,2026-04-16,Reporting,5.2,440.28,5,1,1
A005153,P0064,E003,2025-09-09,Reporting,6.4,395.41,6,0,0
A005154,P0101,E040,2026-05-20,Reporting,6.5,530.34,4,1,2
A005155,P0053,E017,2025-04-09,Stakeholder Meeting,3.4,319.08,0,0,0
A005156,P0063,E033,2025-08-14,Quality Review,5.3,298.94,4,1,1
A005157,P0060,E015,2025-07-14,Reporting,7.4,401.31,7,0,1
A005158,P0109,E020,2025-11-09,Quality Review,7.8,293.1,5,2,3
A005159,P0006,E036,2025-07-24,Client Review,8.7,689.23,2,0,1
A005160,P0106,E047,2026-01-27,Client Review,6.3,311.47,5,2,3
A005161,P0098,E044,2026-04-08,Analysis,6.4,321.5,1,0,1
A005162,P0098,E037,2026-06-29,Reporting,7.4,539.61,6,0,1
A005163,P0050,E027,2025-06-27,Client Review,4.0,317.32,6,1,1
A005164,P0062,E027,2025-08-09,Quality Review,3.9,231.85,4,0,1
A005165,P0045,E049,2025-12-29,Client Review,5.2,476.7,1,0,0
A005166,P0031,E011,2025-11-27,Data Collection,2.3,102.82,3,0,1
A005167,P0106,E048,2026-02-16,Stakeholder Meeting,6.5,433.17,0,1,2
A005168,P0061,E033,2026-05-13,Client Review,8.1,583.52,6,1,2
A005169,P0087,E031,2026-02-15,Project Administration,3.7,266.56,5,0,1
A005170,P0013,E030,2025-03-08,Reporting,6.6,491.11,2,1,2
A005171,P0095,E041,2025-12-20,Reporting,3.9,284.83,6,0,1
A005172,P0080,E035,2026-03-19,Stakeholder Meeting,3.0,247.51,6,0,0
A005173,P0120,E005,2026-04-23,Client Review,10.6,888.76,7,0,1
A005174,P0017,E040,2026-01-18,Stakeholder Meeting,3.0,280.94,2,0,1
A005175,P0065,E037,2025-06-05,Kickoff,2.3,210.18,1,1,2
A005176,P0062,E046,2025-07-13,Analysis,6.0,397.17,3,0,1
A005177,P0065,E047,2025-05-31,Reporting,6.2,479.61,2,0,1
A005178,P0007,E048,2026-09-06,Project Administration,7.2,425.85,5,0,1
A005179,P0057,E003,2025-08-21,Quality Review,10.5,777.41,3,1,2
A005180,P0036,E032,2025-10-31,Issue Resolution,3.6,127.61,5,0,1
A005181,P0075,E047,2026-04-25,Issue Resolution,4.1,233.93,1,0,0
A005182,P0028,E049,2026-02-26,Reporting,9.5,853.79,0,1,1
A005183,P0053,E028,2025-04-08,Issue Resolution,7.8,588.9,7,0,1
A005184,P0075,E046,2026-03-15,Stakeholder Meeting,7.5,270.28,3,1,2
A005185,P0008,E045,2025-11-07,Stakeholder Meeting,4.0,265.44,1,0,0
A005186,P0095,E001,2025-11-27,Client Review,8.3,472.71,6,0,1
A005187,P0086,E045,2025-10-25,Reporting,7.5,626.45,1,0,1
A005188,P0007,E032,2026-08-27,Quality Review,6.0,251.34,7,0,0
A005189,P0008,E029,2025-12-12,Stakeholder Meeting,4.0,284.98,3,0,1
A005190,P0103,E009,2026-03-03,Project Administration,5.8,450.8,3,1,2
A005191,P0034,E046,2025-03-16,Kickoff,9.6,678.98,2,0,1
A005192,P0104,E015,2025-04-12,Kickoff,2.8,144.11,0,0,1
A005193,P0060,E021,2025-08-12,Quality Review,3.5,289.07,3,0,1
A005194,P0042,E015,2025-10-17,Kickoff,3.9,322.2,2,1,2
A005195,P0033,E049,2026-05-09,Stakeholder Meeting,4.5,254.95,3,1,1
A005196,P0080,E025,2026-05-15,Reporting,5.5,280.5,3,0,1
A005197,P0014,E006,2025-02-20,Stakeholder Meeting,7.9,591.19,5,1,2
A005198,P0049,E001,2025-05-23,Data Collection,6.7,382.36,0,1,2
A005199,P0042,E050,2025-09-22,Analysis,5.7,317.61,2,0,0
A005200,P0019,E012,2026-03-20,Reporting,6.2,384.61,6,0,1
A005201,P0043,E039,2026-07-17,Project Administration,7.1,443.65,7,0,1
A005202,P0064,E002,2025-07-20,Issue Resolution,1.3,110.21,4,0,0
A005203,P0082,E045,2026-01-25,Quality Review,8.2,755.79,2,1,2
A005204,P0011,E033,2025-03-02,Data Collection,3.4,264.55,3,1,2
A005205,P0105,E012,2025-12-12,Analysis,4.4,177.29,6,0,1
A005206,P0106,E045,2026-02-11,Stakeholder Meeting,6.4,353.71,3,0,0
A005207,P0084,E015,2026-03-13,Analysis,5.3,245.8,7,1,1
A005208,P0111,E050,2026-01-26,Client Review,6.7,501.13,0,0,1
A005209,P0052,E030,2026-01-19,Stakeholder Meeting,5.9,418.24,4,0,0
A005210,P0099,E023,2026-05-08,Issue Resolution,4.8,450.95,4,1,1
A005211,P0088,E003,2026-01-09,Analysis,9.3,575.31,3,0,1
A005212,P0068,E014,2025-07-10,Quality Review,7.3,301.69,3,0,1
A005213,P0022,E003,2026-06-18,Client Review,6.3,446.69,1,1,2
A005214,P0067,E043,2025-07-04,Data Collection,7.2,410.52,2,0,1
A005215,P0109,E006,2025-10-24,Client Review,3.7,169.01,2,0,0
A005216,P0119,E006,2025-08-29,Reporting,10.9,624.13,5,1,2
A005217,P0054,E007,2025-09-16,Reporting,2.8,138.01,4,0,1
A005218,P0030,E049,2026-03-21,Quality Review,5.8,271.63,3,0,1
A005219,P0090,E049,2025-08-20,Project Administration,4.8,307.29,4,0,1
A005220,P0010,E036,2025-03-20,Client Review,4.7,392.92,4,1,1
A005221,P0019,E004,2026-05-16,Data Collection,4.4,387.82,0,0,1
A005222,P0068,E026,2025-07-08,Reporting,3.6,182.23,7,0,1
A005223,P0119,E048,2025-08-30,Project Administration,8.5,526.19,7,0,0
A005224,P0040,E005,2026-05-26,Analysis,2.5,213.93,2,0,0
A005225,P0054,E040,2025-10-05,Quality Review,8.0,754.57,6,1,2
A005226,P0039,E001,2026-06-19,Client Review,7.1,610.57,3,1,2
A005227,P0053,E041,2025-07-14,Analysis,4.5,290.89,0,0,0
A005228,P0001,E028,2026-10-10,Quality Review,6.8,593.02,6,1,2
A005229,P0072,E045,2026-05-19,Quality Review,5.1,394.73,2,1,1
A005230,P0072,E021,2026-06-26,Data Collection,2.7,112.89,2,1,1
A005231,P0038,E040,2025-10-27,Data Collection,2.8,112.14,4,0,0
A005232,P0032,E043,2026-05-05,Reporting,7.1,647.35,3,0,0
A005233,P0092,E017,2026-04-16,Data Collection,7.0,633.27,2,0,0
A005234,P0023,E033,2025-09-09,Project Administration,6.1,381.26,6,0,1
A005235,P0006,E024,2025-08-26,Quality Review,4.5,336.19,2,0,0
A005236,P0005,E022,2025-02-09,Client Review,5.0,266.44,4,0,0
A005237,P0106,E040,2026-03-14,Stakeholder Meeting,4.7,362.29,5,0,1
A005238,P0044,E012,2025-11-16,Analysis,1.1,67.95,7,0,0
A005239,P0013,E006,2025-04-13,Quality Review,5.7,318.68,3,0,0
A005240,P0106,E025,2026-01-29,Client Review,6.8,417.77,3,0,0
A005241,P0018,E042,2025-02-23,Stakeholder Meeting,5.7,355.3,7,0,1
A005242,P0041,E009,2026-03-31,Analysis,9.9,906.5,3,0,1
A005243,P0003,E018,2025-07-08,Data Collection,3.0,264.3,2,0,0
A005244,P0082,E034,2026-04-08,Quality Review,3.8,177.33,0,2,2
A005245,P0084,E024,2026-05-04,Client Review,5.8,299.91,2,0,1
A005246,P0091,E031,2025-06-17,Quality Review,6.1,323.07,1,0,1
A005247,P0032,E027,2026-02-11,Analysis,0.7,24.99,2,1,1
A005248,P0040,E041,2026-06-18,Analysis,7.0,467.78,4,0,1
A005249,P0113,E044,2026-06-23,Stakeholder Meeting,6.1,390.17,4,0,0
A005250,P0099,E023,2026-07-17,Stakeholder Meeting,0.5,21.24,1,0,0
A005251,P0005,E022,2025-01-08,Data Collection,5.2,490.95,3,0,1
A005252,P0084,E014,2026-04-05,Project Administration,3.5,282.37,3,0,0
A005253,P0098,E023,2026-03-31,Analysis,4.4,202.33,0,0,1
A005254,P0068,E042,2025-06-29,Analysis,2.2,170.1,2,0,1
A005255,P0077,E026,2025-12-19,Reporting,6.5,360.35,5,0,1
A005256,P0001,E035,2026-08-05,Issue Resolution,9.9,722.41,0,0,0
A005257,P0004,E021,2025-04-12,Quality Review,6.2,392.02,2,1,1
A005258,P0005,E036,2025-01-16,Client Review,0.5,21.67,3,0,1
A005259,P0020,E036,2026-04-10,Kickoff,6.2,388.15,1,0,0
A005260,P0119,E027,2025-10-19,Quality Review,5.0,463.51,5,0,1
A005261,P0077,E047,2025-12-27,Kickoff,2.7,215.7,5,1,1
A005262,P0094,E044,2025-05-22,Data Collection,6.4,464.61,2,0,0
A005263,P0036,E008,2025-11-10,Reporting,7.7,659.21,1,1,2
A005264,P0113,E012,2026-07-04,Data Collection,3.8,321.95,6,0,1
A005265,P0024,E048,2026-06-08,Kickoff,1.4,123.61,1,2,3
A005266,P0109,E021,2025-11-25,Data Collection,0.5,20.77,1,0,1
A005267,P0004,E016,2025-06-14,Client Review,3.8,162.51,0,1,1
A005268,P0003,E040,2025-08-22,Reporting,5.1,422.96,0,0,0
A005269,P0010,E031,2025-02-26,Stakeholder Meeting,4.2,397.83,6,0,1
A005270,P0096,E007,2026-03-22,Project Administration,3.8,261.26,7,1,2
A005271,P0031,E005,2026-01-03,Stakeholder Meeting,6.9,640.71,4,1,2
A005272,P0055,E041,2025-12-14,Issue Resolution,6.7,500.95,7,1,1
A005273,P0057,E039,2025-07-12,Stakeholder Meeting,6.0,240.71,5,0,0
A005274,P0095,E018,2026-01-22,Kickoff,7.5,679.31,3,0,1
A005275,P0042,E044,2025-09-29,Kickoff,3.9,332.88,5,0,1
A005276,P0001,E007,2026-09-15,Analysis,2.8,188.02,3,0,1
A005277,P0047,E044,2025-08-17,Data Collection,4.2,334.46,7,0,1
A005278,P0035,E004,2026-04-14,Data Collection,4.0,224.37,6,0,1
A005279,P0088,E032,2025-11-28,Stakeholder Meeting,0.5,35.97,6,0,1
A005280,P0091,E043,2025-07-01,Project Administration,4.1,245.16,4,1,1
A005281,P0012,E031,2026-04-29,Data Collection,8.3,553.01,4,0,1
A005282,P0096,E039,2026-04-08,Analysis,7.5,548.95,0,0,0
A005283,P0009,E018,2026-04-23,Project Administration,6.8,259.98,5,0,0
A005284,P0075,E015,2026-02-26,Data Collection,5.8,236.42,0,0,1
A005285,P0047,E014,2025-09-08,Issue Resolution,9.1,363.5,4,0,1
A005286,P0037,E006,2025-09-28,Reporting,2.8,197.95,1,1,2
A005287,P0058,E014,2025-08-28,Project Administration,3.1,185.3,3,0,0
A005288,P0038,E013,2025-11-05,Reporting,8.3,539.53,6,0,1
A005289,P0096,E038,2026-03-31,Reporting,5.6,364.09,2,0,0
A005290,P0117,E011,2025-11-05,Analysis,3.8,142.23,4,0,0
A005291,P0098,E009,2026-07-09,Reporting,6.9,571.07,2,0,1
A005292,P0053,E037,2025-05-16,Client Review,4.4,338.98,2,0,1
A005293,P0061,E027,2026-01-29,Project Administration,3.4,259.33,1,1,2
A005294,P0054,E011,2025-09-17,Kickoff,3.3,122.28,1,0,1
A005295,P0096,E036,2026-03-29,Data Collection,6.3,466.85,2,0,1
A005296,P0067,E011,2025-09-20,Kickoff,6.0,390.16,0,0,0
A005297,P0057,E040,2025-09-08,Issue Resolution,9.3,749.9,7,0,1
A005298,P0050,E002,2025-06-16,Kickoff,4.8,195.9,5,0,1
A005299,P0046,E030,2026-02-12,Project Administration,4.7,375.07,1,0,0
A005300,P0067,E030,2025-05-19,Stakeholder Meeting,9.1,843.58,7,1,1
A005301,P0083,E019,2025-04-16,Analysis,8.0,688.47,2,0,1
A005302,P0052,E035,2025-09-12,Project Administration,5.9,523.04,4,0,1
A005303,P0097,E019,2025-10-20,Client Review,1.6,63.28,5,0,0
A005304,P0100,E033,2025-04-04,Quality Review,3.5,233.73,6,0,1
A005305,P0052,E012,2025-10-13,Project Administration,2.9,144.42,0,0,1
A005306,P0110,E029,2026-06-12,Client Review,5.6,379.09,2,0,0
A005307,P0021,E038,2026-04-26,Reporting,4.2,325.06,2,0,0
A005308,P0112,E049,2025-03-31,Analysis,9.5,758.19,4,0,1
A005309,P0036,E019,2025-10-26,Project Administration,1.6,151.19,6,0,1
A005310,P0068,E024,2025-07-04,Client Review,2.6,240.39,3,0,0
A005311,P0035,E024,2026-06-17,Project Administration,6.1,303.96,3,1,2
A005312,P0054,E044,2025-09-27,Project Administration,6.8,611.57,0,0,0
A005313,P0041,E049,2026-03-23,Quality Review,0.5,44.02,4,0,1
A005314,P0085,E033,2025-12-27,Stakeholder Meeting,1.2,94.09,3,0,0
A005315,P0010,E042,2025-04-07,Project Administration,4.8,242.21,5,0,0
A005316,P0101,E005,2026-06-19,Project Administration,8.9,412.03,6,0,1
A005317,P0109,E038,2025-11-30,Data Collection,10.2,623.59,4,0,0
A005318,P0068,E041,2025-08-07,Reporting,4.5,168.05,0,0,1
A005319,P0066,E036,2025-12-23,Reporting,5.1,265.38,6,0,0
A005320,P0084,E030,2026-07-08,Client Review,3.4,133.97,3,0,0
A005321,P0024,E045,2026-09-09,Project Administration,7.1,471.94,3,0,0
A005322,P0090,E033,2025-10-18,Analysis,9.3,669.53,6,0,1
A005323,P0027,E043,2026-02-05,Project Administration,8.6,358.43,4,0,0
A005324,P0082,E010,2026-01-20,Reporting,5.4,472.15,6,1,1
A005325,P0037,E034,2025-06-19,Kickoff,3.4,138.75,7,1,2
A005326,P0090,E022,2025-09-11,Quality Review,5.5,323.25,3,2,2
A005327,P0095,E044,2025-12-24,Data Collection,9.0,585.53,7,0,1
A005328,P0026,E045,2026-02-25,Project Administration,4.5,314.67,1,0,0
A005329,P0075,E043,2026-02-28,Client Review,1.0,54.15,6,1,1
A005330,P0060,E011,2025-09-01,Project Administration,4.6,357.81,6,1,2
A005331,P0036,E025,2025-10-23,Reporting,4.8,266.31,0,0,1
A005332,P0071,E001,2025-12-29,Stakeholder Meeting,0.9,45.15,1,1,1
A005333,P0120,E049,2026-06-09,Stakeholder Meeting,6.1,379.36,0,0,1
A005334,P0001,E013,2026-09-06,Project Administration,6.8,284.28,2,1,2
A005335,P0115,E032,2025-05-16,Data Collection,10.1,938.99,7,2,3
A005336,P0103,E025,2026-03-25,Issue Resolution,2.2,149.61,0,2,3
A005337,P0064,E046,2025-10-24,Stakeholder Meeting,7.3,318.6,0,0,1
A005338,P0074,E042,2025-10-05,Reporting,7.9,653.84,3,0,1
A005339,P0045,E039,2026-01-12,Client Review,6.8,531.91,2,0,0
A005340,P0016,E033,2026-08-02,Kickoff,3.0,182.49,5,0,0
A005341,P0069,E006,2026-02-21,Data Collection,2.8,263.26,4,0,0
A005342,P0098,E046,2026-03-25,Data Collection,5.7,370.71,6,0,1
A005343,P0028,E004,2026-04-19,Issue Resolution,5.7,272.26,3,0,0
A005344,P0087,E023,2026-03-16,Kickoff,4.1,338.15,3,0,1
A005345,P0090,E019,2025-07-09,Reporting,8.7,789.3,0,1,1
A005346,P0091,E020,2025-06-17,Kickoff,4.5,228.34,7,1,1
A005347,P0041,E049,2026-04-04,Client Review,0.8,28.32,1,0,1
A005348,P0048,E012,2025-06-18,Project Administration,4.9,350.63,4,0,0
A005349,P0050,E029,2025-04-21,Stakeholder Meeting,6.7,529.08,7,0,0
A005350,P0103,E011,2026-02-17,Data Collection,6.4,324.17,4,0,1
A005351,P0109,E046,2025-11-21,Quality Review,6.3,584.76,5,0,0
A005352,P0050,E037,2025-08-12,Client Review,9.2,414.54,1,1,1
A005353,P0117,E021,2025-08-07,Client Review,2.7,224.29,5,1,2
A005354,P0069,E005,2026-03-05,Reporting,4.4,385.35,1,0,1
A005355,P0047,E008,2025-06-16,Reporting,9.4,425.38,5,1,1
A005356,P0001,E013,2026-08-21,Reporting,0.6,39.05,4,2,2
A005357,P0074,E021,2025-12-08,Data Collection,5.4,198.09,3,1,2
A005358,P0078,E045,2026-01-04,Data Collection,8.6,632.21,5,1,2
A005359,P0117,E006,2025-11-11,Project Administration,8.5,576.2,5,0,1
A005360,P0087,E029,2026-04-16,Reporting,7.2,588.21,1,1,2
A005361,P0004,E018,2025-03-01,Issue Resolution,7.2,468.55,3,1,2
A005362,P0069,E003,2026-02-19,Reporting,2.9,163.08,3,0,1
A005363,P0090,E031,2025-10-19,Quality Review,8.9,384.48,1,0,0
A005364,P0060,E036,2025-08-29,Reporting,2.5,95.16,2,0,1
A005365,P0052,E048,2025-10-12,Client Review,2.6,173.5,0,0,0
A005366,P0098,E026,2026-03-30,Data Collection,6.5,585.86,3,1,1
A005367,P0074,E017,2026-01-03,Quality Review,4.3,348.13,1,0,0
A005368,P0082,E043,2026-03-21,Client Review,6.0,351.52,1,1,1
A005369,P0056,E013,2025-07-15,Kickoff,6.6,620.56,6,1,1
A005370,P0034,E035,2025-04-08,Kickoff,9.9,455.8,1,0,1
A005371,P0063,E048,2025-09-16,Data Collection,6.6,626.06,0,0,1
A005372,P0116,E001,2026-06-17,Reporting,4.0,195.23,2,1,2
A005373,P0073,E047,2026-03-22,Analysis,7.2,324.67,0,0,1
A005374,P0085,E011,2025-11-07,Stakeholder Meeting,3.4,294.1,6,1,2
A005375,P0015,E025,2025-09-07,Data Collection,7.8,492.42,7,1,2
A005376,P0119,E013,2025-09-05,Analysis,5.7,504.52,6,0,1
A005377,P0030,E008,2025-12-25,Kickoff,6.5,519.24,6,0,1
A005378,P0117,E036,2025-10-23,Issue Resolution,1.0,44.4,0,1,1
A005379,P0054,E025,2025-08-19,Quality Review,0.5,21.16,4,1,1
A005380,P0111,E026,2026-01-16,Data Collection,1.7,105.07,0,0,1
A005381,P0108,E025,2025-02-14,Quality Review,9.9,680.06,2,2,3
A005382,P0091,E038,2025-06-17,Project Administration,2.6,157.02,3,0,1
A005383,P0110,E049,2026-07-02,Issue Resolution,7.3,348.35,5,0,1
A005384,P0074,E026,2026-01-11,Issue Resolution,3.9,187.4,2,0,0
A005385,P0102,E008,2026-02-13,Stakeholder Meeting,4.9,321.41,2,1,2
A005386,P0021,E017,2026-05-18,Stakeholder Meeting,5.4,193.63,6,2,3
A005387,P0009,E025,2026-05-08,Analysis,9.6,588.83,1,0,0
A005388,P0066,E006,2026-01-12,Analysis,7.0,258.95,3,0,1
A005389,P0098,E012,2026-05-08,Project Administration,6.5,568.02,2,0,0
A005390,P0092,E011,2026-02-25,Data Collection,8.7,628.2,6,1,2
A005391,P0064,E049,2025-07-28,Issue Resolution,3.9,173.98,4,1,2
A005392,P0063,E021,2025-09-25,Project Administration,8.2,665.13,0,0,1
A005393,P0074,E044,2025-10-19,Issue Resolution,7.8,503.54,1,1,1
A005394,P0105,E028,2026-01-02,Reporting,7.7,505.45,7,0,1
A005395,P0102,E026,2025-12-21,Issue Resolution,5.1,256.87,7,1,2
A005396,P0014,E047,2025-01-30,Kickoff,4.4,257.95,6,1,1
A005397,P0072,E035,2026-08-02,Issue Resolution,3.3,289.37,0,0,0
A005398,P0046,E012,2025-12-27,Quality Review,3.5,153.41,5,1,2
A005399,P0096,E015,2026-01-08,Project Administration,3.2,231.75,5,0,0
A005400,P0061,E034,2026-03-20,Kickoff,6.4,307.29,7,2,2
A005401,P0119,E001,2025-09-01,Project Administration,4.9,302.27,3,0,0
A005402,P0052,E008,2026-01-29,Reporting,6.6,442.08,3,1,2
A005403,P0082,E004,2026-01-08,Kickoff,6.7,283.46,5,0,0
A005404,P0014,E036,2025-02-13,Quality Review,2.9,115.16,1,0,1
A005405,P0112,E023,2025-04-02,Kickoff,2.8,179.32,5,2,3
A005406,P0019,E001,2026-03-14,Kickoff,4.9,291.85,3,0,1
A005407,P0046,E038,2025-11-30,Quality Review,3.6,324.94,1,0,1
A005408,P0101,E033,2026-06-03,Issue Resolution,3.3,253.7,6,1,1
A005409,P0117,E036,2025-08-26,Kickoff,9.7,861.44,2,0,0
A005410,P0059,E009,2025-09-26,Analysis,1.7,154.19,6,0,1
A005411,P0059,E044,2025-10-12,Stakeholder Meeting,10.6,383.13,2,2,3
A005412,P0006,E010,2025-08-01,Quality Review,6.2,544.31,3,0,1
A005413,P0118,E029,2025-11-24,Kickoff,8.0,740.07,3,0,0
A005414,P0002,E028,2026-01-01,Reporting,7.7,478.62,5,1,2
A005415,P0004,E011,2025-03-20,Quality Review,7.0,512.11,1,1,1
A005416,P0057,E019,2025-09-11,Project Administration,9.7,540.86,1,0,1
A005417,P0001,E003,2026-09-25,Analysis,2.8,114.57,1,0,0
A005418,P0020,E024,2026-03-20,Quality Review,5.1,258.86,1,0,0
A005419,P0076,E034,2025-09-02,Kickoff,3.4,135.43,3,0,1
A005420,P0085,E016,2025-12-24,Project Administration,1.3,83.47,4,0,0
A005421,P0036,E027,2025-10-30,Issue Resolution,3.8,282.02,6,1,1
A005422,P0096,E048,2026-01-17,Stakeholder Meeting,10.2,360.2,3,0,1
A005423,P0073,E012,2026-06-09,Quality Review,5.1,248.53,3,0,1
A005424,P0028,E015,2026-02-22,Issue Resolution,10.5,413.97,1,1,1
A005425,P0086,E006,2026-03-18,Analysis,10.7,994.51,0,0,1
A005426,P0072,E028,2026-06-27,Analysis,13.0,1081.43,6,1,1
A005427,P0098,E011,2026-03-28,Analysis,10.3,379.65,5,1,2
A005428,P0019,E043,2026-05-02,Client Review,11.4,955.77,4,0,0
A005429,P0028,E015,2026-05-18,Data Collection,6.3,533.21,3,0,0
A005430,P0037,E034,2025-09-29,Kickoff,6.1,508.22,4,0,1
A005431,P0041,E010,2026-04-17,Data Collection,6.2,543.77,6,0,1
A005432,P0107,E017,2026-04-05,Project Administration,5.5,347.08,1,0,0
A005433,P0088,E009,2025-12-04,Issue Resolution,5.9,291.25,3,0,1
A005434,P0066,E028,2026-01-15,Project Administration,7.4,645.48,1,0,1
A005435,P0065,E002,2025-04-23,Analysis,4.3,365.84,0,1,1
A005436,P0107,E005,2026-04-11,Stakeholder Meeting,2.1,108.11,5,0,1
A005437,P0054,E026,2025-09-24,Quality Review,6.4,447.0,5,0,0
A005438,P0028,E028,2026-04-05,Quality Review,3.8,259.98,6,0,1
A005439,P0017,E017,2026-01-15,Kickoff,4.0,257.01,0,0,0
A005440,P0040,E022,2026-04-24,Reporting,5.1,364.74,1,1,1
A005441,P0079,E021,2026-05-18,Kickoff,4.6,184.18,4,1,2
A005442,P0057,E038,2025-09-26,Analysis,8.3,516.91,6,0,1
A005443,P0051,E023,2026-01-09,Analysis,5.1,264.14,7,0,1
A005444,P0058,E043,2025-07-13,Client Review,8.4,295.2,6,0,0
A005445,P0117,E011,2025-08-05,Project Administration,6.0,396.9,7,1,2
A005446,P0120,E010,2026-05-23,Client Review,5.3,301.48,6,0,1
A005447,P0020,E021,2026-03-19,Stakeholder Meeting,5.9,359.16,2,1,1
A005448,P0014,E005,2025-03-09,Quality Review,2.3,95.87,4,0,0
A005449,P0030,E034,2026-03-25,Quality Review,6.3,411.62,5,0,1
A005450,P0103,E020,2026-01-05,Data Collection,7.6,389.18,2,0,0
A005451,P0056,E019,2025-05-26,Project Administration,8.0,280.28,7,0,0
A005452,P0104,E027,2025-07-02,Project Administration,2.1,171.78,6,0,1
A005453,P0078,E005,2025-11-11,Analysis,1.7,123.54,4,0,0
A005454,P0067,E019,2025-06-06,Data Collection,4.2,280.03,3,0,0
A005455,P0034,E049,2025-03-15,Data Collection,9.0,650.91,6,2,2
A005456,P0042,E032,2025-11-15,Reporting,6.1,331.96,1,0,0
A005457,P0018,E029,2025-06-09,Kickoff,3.6,152.58,1,1,2
A005458,P0063,E026,2025-08-17,Kickoff,1.9,107.19,3,0,0
A005459,P0034,E024,2025-04-19,Reporting,3.8,312.86,1,0,0
A005460,P0036,E047,2025-10-13,Data Collection,3.6,257.39,3,0,1
A005461,P0005,E047,2025-01-10,Kickoff,7.8,643.3,3,1,2
A005462,P0096,E021,2026-02-11,Kickoff,8.0,713.1,4,1,1
A005463,P0113,E047,2026-07-01,Client Review,2.9,144.94,3,1,2
A005464,P0060,E005,2025-08-25,Stakeholder Meeting,7.4,665.01,7,0,1
A005465,P0065,E016,2025-06-24,Analysis,7.1,530.77,2,0,1
A005466,P0112,E016,2025-03-23,Reporting,2.6,178.48,3,1,2
A005467,P0062,E035,2025-07-20,Data Collection,5.3,345.52,5,1,2
A005468,P0075,E031,2026-04-20,Quality Review,6.4,403.99,2,0,1
A005469,P0052,E024,2025-12-11,Quality Review,5.9,232.66,5,1,2
A005470,P0062,E013,2025-07-02,Client Review,1.2,45.93,7,0,1
A005471,P0063,E026,2025-08-19,Reporting,5.8,318.18,3,0,0
A005472,P0086,E014,2025-12-22,Client Review,7.1,335.21,1,0,0
A005473,P0073,E025,2026-06-11,Data Collection,9.4,377.85,1,0,1
A005474,P0061,E017,2026-03-22,Data Collection,3.8,138.57,0,0,1
A005475,P0010,E045,2025-02-26,Quality Review,4.1,384.18,2,1,2
A005476,P0109,E038,2025-10-09,Kickoff,5.0,238.63,6,2,3
A005477,P0107,E009,2026-01-31,Quality Review,6.2,583.3,2,0,0
A005478,P0023,E048,2025-09-14,Reporting,5.7,385.72,7,0,0
A005479,P0036,E033,2025-11-03,Issue Resolution,7.0,325.57,7,0,1
A005480,P0117,E018,2025-09-18,Reporting,2.7,118.04,5,0,0
A005481,P0039,E027,2026-08-22,Project Administration,6.5,305.81,7,0,0
A005482,P0098,E010,2026-06-24,Reporting,3.6,204.58,3,0,1
A005483,P0095,E003,2026-01-19,Quality Review,5.1,241.23,7,0,0
A005484,P0104,E022,2025-05-19,Analysis,9.8,829.88,4,1,2
A005485,P0002,E040,2025-11-28,Client Review,2.0,114.04,0,0,0
A005486,P0058,E018,2025-08-19,Issue Resolution,4.8,319.76,6,0,1
A005487,P0068,E020,2025-07-28,Analysis,2.3,149.67,7,1,2
A005488,P0101,E050,2026-06-07,Kickoff,5.9,439.98,7,0,1
A005489,P0027,E050,2026-01-19,Kickoff,8.1,768.24,3,0,1
A005490,P0037,E024,2025-10-20,Reporting,5.9,363.52,0,0,1
A005491,P0022,E003,2026-05-17,Reporting,5.2,282.67,4,0,0
A005492,P0092,E034,2026-04-16,Data Collection,8.8,822.31,6,1,2
A005493,P0120,E036,2026-02-16,Kickoff,6.3,597.6,6,1,1
A005494,P0017,E046,2026-01-11,Reporting,7.5,613.92,4,0,1
A005495,P0028,E048,2026-05-15,Stakeholder Meeting,7.3,604.88,6,0,0
A005496,P0037,E032,2025-09-15,Stakeholder Meeting,0.5,29.72,0,0,1
A005497,P0107,E006,2025-12-16,Analysis,5.3,356.87,4,1,2
A005498,P0054,E013,2025-09-17,Client Review,2.8,157.1,0,1,2
A005499,P0034,E036,2025-03-28,Client Review,3.4,245.25,5,0,1
A005500,P0039,E031,2026-07-02,Kickoff,9.2,777.81,0,0,1
A005501,P0072,E022,2026-05-18,Kickoff,4.6,264.24,4,1,1
A005502,P0047,E021,2025-08-06,Quality Review,10.2,684.54,7,1,2
A005503,P0017,E036,2025-12-31,Reporting,2.0,163.0,0,0,1
A005504,P0099,E022,2026-06-12,Data Collection,2.8,133.09,3,0,1
A005505,P0051,E008,2026-01-05,Data Collection,7.4,530.0,0,0,0
A005506,P0031,E049,2025-12-26,Client Review,4.6,375.11,5,0,1
A005507,P0088,E018,2025-12-15,Quality Review,6.3,240.21,7,0,1
A005508,P0090,E014,2025-10-31,Data Collection,5.2,261.16,0,0,1
A005509,P0019,E004,2026-03-13,Reporting,5.1,186.23,4,0,0
A005510,P0009,E024,2026-05-16,Kickoff,4.7,166.31,6,1,1
A005511,P0006,E050,2025-08-07,Analysis,5.9,375.58,0,0,1
A005512,P0092,E008,2026-05-02,Client Review,7.1,546.99,3,0,1
A005513,P0076,E013,2025-11-07,Analysis,9.5,550.83,1,0,1
A005514,P0096,E009,2026-03-09,Kickoff,5.0,361.33,7,0,1
A005515,P0076,E005,2025-09-18,Project Administration,4.5,209.2,4,1,1
A005516,P0049,E031,2025-05-18,Analysis,4.2,357.78,4,0,0
A005517,P0071,E015,2025-12-28,Quality Review,9.2,522.15,7,1,2
A005518,P0087,E038,2026-02-19,Issue Resolution,7.2,557.51,6,1,1
A005519,P0048,E021,2025-06-15,Project Administration,0.8,34.24,2,1,2
A005520,P0110,E032,2026-06-17,Issue Resolution,0.6,50.45,5,0,0
A005521,P0108,E005,2025-04-28,Stakeholder Meeting,3.4,224.68,2,0,0
A005522,P0097,E017,2025-09-28,Issue Resolution,6.1,568.62,4,1,1
A005523,P0120,E021,2026-05-24,Kickoff,5.4,320.34,6,0,1
A005524,P0047,E003,2025-05-10,Analysis,6.8,594.18,7,1,2
A005525,P0014,E021,2025-01-29,Data Collection,5.1,304.6,7,0,1
A005526,P0059,E024,2025-12-04,Quality Review,9.0,373.26,3,0,1
A005527,P0090,E021,2025-10-12,Project Administration,7.4,564.31,7,0,1
A005528,P0094,E026,2025-05-28,Client Review,5.7,262.07,7,0,0
A005529,P0047,E040,2025-06-25,Project Administration,8.4,697.13,4,0,0
A005530,P0036,E039,2025-10-30,Data Collection,1.4,77.13,0,1,1
A005531,P0054,E001,2025-09-21,Client Review,5.3,426.04,0,1,1
A005532,P0097,E033,2025-09-27,Client Review,5.8,370.54,5,0,1
A005533,P0008,E046,2025-12-28,Quality Review,7.0,470.54,6,0,1
A005534,P0040,E044,2026-06-20,Kickoff,1.2,94.89,7,0,1
A005535,P0028,E017,2026-03-24,Kickoff,4.8,359.54,1,0,0
A005536,P0097,E040,2025-10-04,Project Administration,6.5,486.54,7,2,3
A005537,P0057,E041,2025-07-29,Analysis,6.7,499.4,6,1,2
A005538,P0011,E019,2025-05-16,Reporting,8.5,595.99,3,0,1
A005539,P0032,E044,2026-07-28,Project Administration,7.4,617.39,2,1,1
A005540,P0006,E032,2025-09-20,Quality Review,5.3,280.91,3,0,0
A005541,P0058,E038,2025-09-09,Data Collection,7.2,330.44,5,1,1
A005542,P0120,E038,2026-04-15,Quality Review,5.0,395.55,6,1,2
A005543,P0069,E040,2026-03-28,Analysis,5.9,397.6,1,0,1
A005544,P0105,E048,2025-12-13,Data Collection,7.5,667.78,2,1,2
A005545,P0090,E043,2025-10-19,Issue Resolution,5.4,501.69,0,0,0
A005546,P0106,E022,2026-02-02,Stakeholder Meeting,6.4,556.98,7,0,1
A005547,P0038,E029,2025-10-12,Client Review,7.9,536.04,3,0,1
A005548,P0115,E033,2025-04-12,Client Review,7.3,585.81,2,0,1
A005549,P0029,E043,2025-11-28,Quality Review,8.6,473.52,1,0,1
A005550,P0053,E020,2025-05-15,Quality Review,11.3,405.51,0,0,0
A005551,P0082,E016,2026-03-14,Data Collection,7.3,597.35,3,0,1
A005552,P0035,E037,2026-03-08,Quality Review,4.3,352.13,6,1,1
A005553,P0032,E048,2026-07-04,Client Review,6.8,241.28,2,0,1
A005554,P0016,E046,2026-05-09,Data Collection,6.7,581.67,3,0,1
A005555,P0001,E008,2026-11-05,Analysis,7.0,615.2,5,0,0
A005556,P0061,E046,2026-03-07,Client Review,9.2,499.0,2,0,1
A005557,P0119,E040,2025-09-23,Project Administration,1.3,46.85,5,2,2
A005558,P0027,E008,2025-11-15,Stakeholder Meeting,9.3,814.32,2,0,1
A005559,P0053,E001,2025-07-08,Issue Resolution,10.1,396.23,3,0,1
A005560,P0113,E011,2026-08-02,Data Collection,6.9,337.63,7,0,1
A005561,P0093,E047,2025-01-22,Reporting,7.0,472.88,6,0,0
A005562,P0001,E038,2026-05-28,Project Administration,4.9,411.56,4,0,0
A005563,P0061,E029,2026-05-06,Stakeholder Meeting,5.5,450.5,3,0,0
A005564,P0018,E032,2025-06-02,Quality Review,7.2,546.27,7,0,0
A005565,P0030,E021,2025-12-14,Data Collection,7.1,601.52,3,1,2
A005566,P0030,E046,2025-12-27,Quality Review,7.3,555.72,2,0,0
A005567,P0074,E008,2025-12-10,Reporting,7.1,520.16,4,0,1
A005568,P0024,E016,2026-06-09,Project Administration,7.7,346.98,3,0,0
A005569,P0031,E011,2025-12-02,Data Collection,7.5,460.46,7,0,0
A005570,P0028,E043,2026-02-11,Stakeholder Meeting,2.9,180.04,1,1,2
A005571,P0043,E028,2026-05-07,Reporting,7.6,274.44,0,0,0
A005572,P0079,E035,2026-06-21,Project Administration,10.1,599.24,3,0,0
A005573,P0048,E046,2025-06-21,Analysis,5.4,262.58,7,0,1
A005574,P0040,E010,2026-04-24,Client Review,9.2,371.5,0,0,0
A005575,P0063,E049,2025-09-01,Issue Resolution,3.2,216.89,6,0,1
A005576,P0074,E007,2025-12-04,Reporting,5.4,265.79,0,0,0
A005577,P0002,E038,2025-08-30,Stakeholder Meeting,3.9,181.05,4,0,0
A005578,P0107,E036,2025-11-18,Analysis,8.9,731.65,3,0,1
A005579,P0110,E042,2026-05-19,Analysis,9.6,802.61,1,0,1
A005580,P0073,E008,2026-09-08,Kickoff,5.3,395.65,5,0,1
A005581,P0069,E048,2026-03-25,Data Collection,8.4,389.59,1,0,0
A005582,P0084,E040,2026-03-12,Stakeholder Meeting,9.6,700.43,3,1,1
A005583,P0053,E006,2025-05-03,Data Collection,5.4,420.12,4,0,0
A005584,P0044,E028,2025-09-18,Kickoff,5.8,284.19,4,0,0
A005585,P0043,E041,2026-03-14,Client Review,7.3,313.73,0,0,0
A005586,P0020,E024,2026-06-09,Kickoff,3.4,207.44,3,0,1
A005587,P0101,E020,2026-06-22,Data Collection,5.8,350.66,5,1,1
A005588,P0039,E014,2026-06-12,Reporting,10.9,481.76,4,0,1
A005589,P0035,E026,2026-03-08,Project Administration,4.2,195.31,5,0,1
A005590,P0116,E050,2026-04-01,Client Review,7.6,493.83,6,0,1
A005591,P0061,E031,2026-05-01,Kickoff,6.8,453.19,1,1,2
A005592,P0075,E037,2026-04-14,Data Collection,5.1,343.08,6,2,2
A005593,P0030,E039,2026-01-11,Client Review,6.1,572.92,7,0,1
A005594,P0034,E039,2025-03-24,Client Review,9.9,370.03,6,0,1
A005595,P0088,E021,2025-12-07,Stakeholder Meeting,6.9,567.02,6,0,1
A005596,P0055,E039,2025-11-11,Project Administration,7.3,409.59,1,2,3
A005597,P0018,E017,2025-02-22,Issue Resolution,9.5,761.66,5,1,2
A005598,P0101,E030,2026-05-30,Client Review,4.8,379.81,3,0,0
A005599,P0049,E016,2025-04-29,Client Review,2.9,209.35,7,0,1
A005600,P0081,E047,2025-09-13,Issue Resolution,9.9,721.41,6,0,0
A005601,P0041,E037,2026-04-07,Data Collection,5.8,433.93,1,0,1
A005602,P0068,E030,2025-08-23,Client Review,7.7,614.89,7,1,2
A005603,P0094,E023,2025-06-03,Project Administration,3.6,154.43,5,0,0
A005604,P0107,E027,2026-02-20,Analysis,6.5,368.23,4,0,1
A005605,P0025,E039,2025-09-12,Kickoff,2.8,239.46,3,2,3
A005606,P0081,E014,2025-11-26,Stakeholder Meeting,5.7,386.88,3,1,2
A005607,P0110,E042,2026-06-06,Analysis,3.9,168.54,6,0,0
A005608,P0078,E015,2025-10-26,Project Administration,3.3,305.91,6,0,0
A005609,P0018,E008,2025-04-05,Quality Review,4.7,443.07,4,1,2
A005610,P0023,E037,2025-08-10,Reporting,0.5,32.88,7,0,0
A005611,P0025,E036,2025-10-05,Project Administration,2.6,174.18,1,1,2
A005612,P0013,E017,2025-04-03,Issue Resolution,7.5,393.91,3,0,0
A005613,P0091,E033,2025-07-10,Client Review,6.4,422.21,4,1,1
A005614,P0116,E037,2026-03-01,Project Administration,2.8,260.76,1,0,1
A005615,P0063,E040,2025-09-10,Client Review,6.9,346.89,3,0,1
A005616,P0072,E048,2026-07-31,Analysis,3.3,175.81,6,1,1
A005617,P0093,E043,2025-02-19,Client Review,7.3,648.61,5,0,1
A005618,P0050,E022,2025-06-18,Analysis,5.2,301.93,5,0,0
A005619,P0057,E012,2025-07-19,Analysis,4.7,438.75,1,0,0
A005620,P0071,E005,2026-01-29,Reporting,5.3,296.67,1,0,0
A005621,P0037,E029,2025-08-19,Analysis,11.9,419.81,3,0,1
A005622,P0008,E034,2025-10-31,Kickoff,3.6,332.0,2,0,0
A005623,P0069,E035,2026-03-13,Project Administration,6.1,300.24,0,0,1
A005624,P0099,E001,2026-05-06,Reporting,7.5,574.85,4,0,0
A005625,P0009,E036,2026-05-15,Client Review,3.1,117.31,6,0,0
A005626,P0026,E040,2026-06-08,Issue Resolution,1.5,119.84,5,1,1
A005627,P0032,E037,2026-04-06,Reporting,4.0,192.82,0,0,0
A005628,P0097,E027,2025-10-16,Reporting,7.4,614.31,6,1,2
A005629,P0061,E001,2026-01-28,Issue Resolution,4.6,427.78,3,0,1
A005630,P0065,E025,2025-05-20,Analysis,4.9,184.8,1,0,0
A005631,P0078,E033,2025-12-12,Issue Resolution,7.8,445.22,3,0,1
A005632,P0034,E029,2025-03-12,Client Review,3.5,272.81,1,0,1
A005633,P0086,E029,2026-02-05,Data Collection,5.3,502.37,5,0,0
A005634,P0004,E026,2025-06-16,Data Collection,1.7,96.53,5,1,1
A005635,P0014,E028,2025-03-02,Issue Resolution,6.3,596.6,5,0,1
A005636,P0098,E017,2026-04-20,Project Administration,6.1,542.6,0,0,1
A005637,P0079,E031,2026-06-22,Project Administration,7.5,586.19,2,1,2
A005638,P0022,E015,2026-05-21,Kickoff,2.6,150.58,3,0,0
A005639,P0053,E025,2025-06-27,Project Administration,5.0,336.07,7,1,1
A005640,P0007,E021,2026-07-23,Issue Resolution,2.3,179.91,4,0,1
A005641,P0081,E036,2025-09-24,Client Review,4.9,373.1,5,0,1
A005642,P0091,E045,2025-04-18,Quality Review,9.2,481.2,2,0,0
A005643,P0034,E032,2025-03-11,Quality Review,4.7,321.64,2,0,1
A005644,P0043,E007,2026-02-24,Stakeholder Meeting,2.1,178.71,6,0,0
A005645,P0029,E034,2025-12-12,Kickoff,3.8,241.32,6,2,3
A005646,P0047,E017,2025-05-13,Quality Review,1.5,103.46,0,0,0
A005647,P0033,E003,2026-06-17,Analysis,2.3,125.7,4,1,1
A005648,P0030,E010,2026-03-21,Data Collection,7.2,321.16,6,0,1
A005649,P0052,E050,2025-10-01,Kickoff,1.9,74.02,1,0,1
A005650,P0104,E022,2025-04-08,Quality Review,6.3,373.99,5,0,1
A005651,P0092,E011,2026-04-22,Kickoff,5.6,408.27,3,2,3
A005652,P0036,E007,2025-11-06,Issue Resolution,4.2,338.52,4,0,1
A005653,P0114,E033,2026-08-20,Project Administration,6.1,244.26,4,1,2
A005654,P0026,E039,2026-07-21,Issue Resolution,3.2,173.15,6,0,0
A005655,P0110,E018,2026-07-02,Analysis,7.6,634.4,0,1,2
A005656,P0038,E006,2025-10-24,Data Collection,3.8,158.59,1,1,2
A005657,P0065,E018,2025-06-02,Quality Review,4.5,425.69,2,1,1
A005658,P0025,E034,2025-09-12,Client Review,4.2,306.44,6,0,1
A005659,P0092,E006,2026-02-23,Kickoff,7.2,658.09,4,0,1
A005660,P0039,E014,2026-07-11,Issue Resolution,6.9,543.84,1,1,1
A005661,P0105,E001,2026-02-16,Stakeholder Meeting,0.5,46.42,0,0,0
A005662,P0010,E024,2025-03-10,Issue Resolution,6.1,457.01,7,0,1
A005663,P0061,E009,2026-02-11,Kickoff,1.1,56.19,1,1,1
A005664,P0020,E010,2026-05-14,Stakeholder Meeting,4.6,381.87,0,0,1
A005665,P0107,E006,2026-03-17,Quality Review,5.2,252.53,3,0,1
A005666,P0051,E037,2026-01-08,Kickoff,4.6,316.94,4,1,2
A005667,P0081,E025,2025-11-20,Client Review,6.8,390.2,2,0,1
A005668,P0106,E048,2026-03-13,Project Administration,7.3,605.51,1,0,1
A005669,P0065,E020,2025-05-04,Quality Review,3.6,290.05,0,0,1
A005670,P0007,E012,2026-06-25,Stakeholder Meeting,3.5,303.92,3,1,1
A005671,P0027,E011,2025-12-13,Reporting,5.4,269.01,7,0,1
A005672,P0026,E048,2026-04-13,Stakeholder Meeting,1.6,151.77,1,1,1
A005673,P0110,E030,2026-07-10,Stakeholder Meeting,4.3,358.29,4,0,1
A005674,P0110,E017,2026-07-26,Client Review,8.9,518.0,1,2,2
A005675,P0058,E033,2025-08-05,Reporting,1.7,72.52,5,0,1
A005676,P0107,E028,2025-11-23,Analysis,4.6,257.44,0,0,1
A005677,P0030,E006,2026-03-10,Stakeholder Meeting,4.0,165.48,1,1,1
A005678,P0082,E036,2026-05-07,Issue Resolution,10.5,755.18,0,0,1
A005679,P0048,E006,2025-08-02,Quality Review,4.2,175.46,5,1,1
A005680,P0029,E010,2025-12-09,Kickoff,4.3,261.57,5,0,0
A005681,P0031,E036,2025-12-24,Issue Resolution,2.9,217.66,1,0,0
A005682,P0051,E023,2025-12-02,Client Review,5.5,342.01,3,0,0
A005683,P0041,E012,2026-06-29,Analysis,6.2,544.97,2,1,1
A005684,P0026,E004,2026-06-23,Project Administration,3.3,163.22,0,0,1
A005685,P0041,E030,2026-07-22,Project Administration,8.0,531.47,0,1,1
A005686,P0016,E035,2026-06-20,Project Administration,6.2,556.7,7,0,1
A005687,P0117,E011,2025-08-08,Stakeholder Meeting,7.6,427.06,5,0,1
A005688,P0046,E021,2025-12-24,Project Administration,4.7,297.8,5,1,1
A005689,P0013,E018,2025-04-15,Issue Resolution,6.1,554.92,2,1,2
A005690,P0070,E045,2026-09-05,Issue Resolution,5.0,324.79,2,0,0
A005691,P0106,E040,2026-01-13,Quality Review,9.1,790.38,6,0,0
A005692,P0044,E014,2025-09-12,Analysis,5.8,530.28,3,0,0
A005693,P0102,E026,2025-12-10,Analysis,5.5,277.01,0,0,1
A005694,P0074,E047,2025-11-02,Project Administration,4.4,361.46,3,1,1
A005695,P0089,E018,2025-03-24,Quality Review,4.2,311.75,4,0,1
A005696,P0036,E008,2025-10-30,Project Administration,6.1,574.64,4,0,1
A005697,P0005,E015,2025-01-25,Quality Review,7.5,526.01,4,1,1
A005698,P0042,E031,2025-10-08,Quality Review,3.8,313.75,6,1,1
A005699,P0111,E050,2026-02-01,Kickoff,5.8,323.3,1,0,0
A005700,P0095,E016,2026-01-16,Stakeholder Meeting,6.0,428.3,4,1,1
A005701,P0095,E003,2025-11-11,Reporting,6.4,522.97,7,0,0
A005702,P0106,E010,2026-01-23,Kickoff,1.2,111.62,7,0,1
A005703,P0045,E021,2026-01-13,Data Collection,3.2,160.35,7,1,2
A005704,P0039,E005,2026-07-02,Reporting,2.1,83.44,5,0,0
A005705,P0112,E002,2025-05-27,Analysis,5.6,524.04,0,2,2
A005706,P0069,E033,2026-04-02,Client Review,3.2,227.71,7,0,1
A005707,P0036,E042,2025-11-06,Quality Review,4.3,154.95,0,1,2
A005708,P0034,E012,2025-03-12,Stakeholder Meeting,2.5,165.5,4,0,1
A005709,P0106,E027,2026-01-20,Data Collection,4.5,410.23,3,0,0
A005710,P0007,E029,2026-06-30,Stakeholder Meeting,2.7,253.98,5,1,2
A005711,P0008,E034,2025-12-09,Quality Review,7.4,403.62,6,1,1
A005712,P0089,E049,2025-03-25,Reporting,6.7,548.83,5,1,1
A005713,P0001,E045,2026-06-03,Analysis,5.9,368.88,1,0,0
A005714,P0021,E016,2026-06-19,Kickoff,4.7,276.74,6,0,1
A005715,P0119,E049,2025-10-03,Project Administration,0.5,40.25,6,0,0
A005716,P0052,E002,2025-12-01,Project Administration,4.4,225.27,0,0,0
A005717,P0088,E049,2025-11-27,Project Administration,3.6,218.1,5,0,1
A005718,P0059,E008,2025-11-23,Analysis,6.1,303.73,1,1,2
A005719,P0011,E006,2025-04-18,Reporting,7.0,304.91,4,0,1
A005720,P0023,E006,2025-06-05,Data Collection,6.3,363.87,1,0,1
A005721,P0092,E007,2026-02-27,Project Administration,8.7,805.22,2,1,2
A005722,P0012,E024,2026-04-22,Kickoff,4.1,246.54,2,2,3
A005723,P0072,E033,2026-04-25,Quality Review,4.0,303.97,6,0,0
A005724,P0042,E038,2025-11-25,Issue Resolution,8.1,422.05,7,1,2
A005725,P0045,E001,2026-02-10,Client Review,5.9,512.84,6,1,2
A005726,P0115,E015,2025-08-02,Issue Resolution,4.9,355.22,5,0,0
A005727,P0073,E007,2026-05-21,Quality Review,10.1,929.48,2,1,1
A005728,P0074,E008,2025-12-12,Kickoff,6.9,376.44,1,1,1
A005729,P0043,E038,2026-04-30,Kickoff,5.0,336.41,4,1,1
A005730,P0046,E033,2026-01-30,Data Collection,3.8,176.56,3,0,0
A005731,P0083,E011,2025-05-04,Kickoff,8.8,379.75,2,0,1
A005732,P0005,E016,2025-01-23,Quality Review,6.0,420.73,1,1,2
A005733,P0029,E047,2026-01-13,Kickoff,5.6,465.95,1,0,1
A005734,P0073,E029,2026-03-31,Data Collection,7.2,338.31,6,0,0
A005735,P0075,E012,2026-02-21,Stakeholder Meeting,7.7,594.25,2,0,1
A005736,P0012,E047,2026-06-28,Client Review,6.9,519.52,7,1,1
A005737,P0095,E010,2026-02-05,Client Review,7.7,492.44,5,0,1
A005738,P0066,E015,2026-03-12,Kickoff,6.6,534.7,1,1,1
A005739,P0029,E035,2025-12-17,Project Administration,6.9,487.38,0,0,1
A005740,P0091,E026,2025-06-15,Quality Review,3.7,339.62,3,1,1
A005741,P0119,E004,2025-08-22,Stakeholder Meeting,10.0,808.22,0,0,0
A005742,P0051,E041,2025-09-26,Stakeholder Meeting,2.4,211.67,7,1,2
A005743,P0035,E012,2026-06-22,Issue Resolution,6.3,357.1,7,1,1
A005744,P0036,E035,2025-10-22,Quality Review,2.2,184.05,5,0,1
A005745,P0072,E017,2026-06-15,Analysis,5.3,500.96,2,0,1
A005746,P0006,E038,2025-07-22,Stakeholder Meeting,4.1,183.71,6,1,2
A005747,P0059,E045,2025-10-28,Kickoff,5.8,380.89,5,1,1
A005748,P0003,E039,2025-09-27,Data Collection,6.4,555.14,2,0,1
A005749,P0005,E047,2025-01-29,Analysis,3.1,182.27,7,0,0
A005750,P0052,E027,2025-11-26,Data Collection,5.4,353.67,1,1,1
A005751,P0090,E004,2025-10-22,Stakeholder Meeting,9.0,718.72,4,1,2
A005752,P0107,E027,2025-12-10,Kickoff,2.2,185.86,5,0,1
A005753,P0011,E024,2025-03-22,Reporting,3.4,159.7,7,0,1
A005754,P0030,E036,2026-02-14,Data Collection,7.7,450.19,1,0,1
A005755,P0051,E013,2025-10-26,Data Collection,5.7,334.42,2,1,1
A005756,P0069,E035,2026-04-06,Project Administration,5.9,260.6,6,1,2
A005757,P0119,E023,2025-08-25,Kickoff,8.1,327.8,3,0,0
A005758,P0083,E034,2025-04-19,Analysis,3.5,278.89,6,0,0
A005759,P0065,E021,2025-05-14,Quality Review,4.2,361.7,6,0,1
A005760,P0008,E020,2025-11-24,Analysis,3.9,359.25,2,0,0
A005761,P0010,E011,2025-04-03,Analysis,4.6,424.94,2,1,1
A005762,P0019,E042,2026-05-01,Data Collection,8.8,833.19,3,1,1
A005763,P0080,E004,2026-04-25,Stakeholder Meeting,1.2,47.98,0,0,1
A005764,P0040,E012,2026-04-12,Client Review,2.5,147.02,6,0,0
A005765,P0029,E022,2025-12-21,Reporting,2.1,83.85,0,0,0
A005766,P0081,E008,2025-11-19,Project Administration,9.0,681.06,7,1,1
A005767,P0098,E046,2026-06-10,Client Review,4.0,373.37,6,0,0
A005768,P0053,E018,2025-06-11,Issue Resolution,4.7,174.84,2,0,0
A005769,P0106,E013,2026-02-14,Stakeholder Meeting,1.5,99.87,0,1,1
A005770,P0089,E013,2025-02-18,Reporting,4.8,321.58,6,0,1
A005771,P0086,E010,2025-10-31,Reporting,7.7,344.93,3,1,1
A005772,P0105,E034,2025-12-04,Issue Resolution,6.1,518.55,1,0,1
A005773,P0023,E025,2025-07-30,Quality Review,5.2,305.15,3,0,0
A005774,P0092,E012,2026-05-06,Stakeholder Meeting,1.6,96.36,7,1,2
A005775,P0115,E044,2025-08-02,Kickoff,4.7,435.77,5,1,1
A005776,P0120,E033,2026-04-08,Issue Resolution,5.9,294.07,5,1,1
A005777,P0070,E021,2026-05-20,Stakeholder Meeting,3.0,174.38,4,0,0
A005778,P0091,E026,2025-07-13,Issue Resolution,7.1,576.58,1,0,1
A005779,P0107,E033,2025-11-05,Client Review,7.7,491.25,7,0,0
A005780,P0103,E008,2026-02-22,Kickoff,4.2,299.06,5,0,1
A005781,P0108,E041,2025-03-23,Reporting,7.3,464.78,4,0,1
A005782,P0100,E013,2025-04-05,Quality Review,5.2,270.4,5,0,1
A005783,P0046,E002,2026-02-19,Analysis,8.4,376.01,2,0,0
A005784,P0088,E027,2025-12-31,Analysis,10.6,911.69,5,0,0
A005785,P0050,E044,2025-05-20,Reporting,2.8,144.24,7,0,0
A005786,P0097,E037,2025-10-18,Kickoff,7.4,701.83,2,0,0
A005787,P0098,E016,2026-06-02,Reporting,8.8,313.31,0,1,2
A005788,P0113,E020,2026-07-21,Issue Resolution,3.1,272.54,5,1,2
A005789,P0071,E030,2026-01-04,Kickoff,4.1,376.55,6,0,0
A005790,P0058,E012,2025-08-15,Kickoff,4.0,154.09,6,0,0
A005791,P0020,E042,2026-06-07,Kickoff,5.2,377.8,7,1,1
A005792,P0077,E015,2025-10-15,Client Review,4.6,377.02,2,0,1
A005793,P0068,E011,2025-06-05,Issue Resolution,5.0,359.61,7,1,2
A005794,P0062,E005,2025-07-10,Project Administration,7.6,667.33,1,0,1
A005795,P0082,E035,2026-02-14,Kickoff,0.8,34.36,4,0,0
A005796,P0103,E002,2026-01-24,Quality Review,3.1,284.97,7,0,1
A005797,P0018,E041,2025-03-01,Kickoff,7.2,489.82,7,1,2
A005798,P0052,E049,2025-09-24,Stakeholder Meeting,6.9,384.07,4,0,0
A005799,P0087,E006,2026-03-05,Analysis,2.9,192.88,4,0,1
A005800,P0099,E005,2026-06-09,Reporting,6.9,381.98,3,0,1
A005801,P0094,E047,2025-04-17,Project Administration,8.8,548.47,6,0,0
A005802,P0096,E007,2026-02-12,Issue Resolution,5.4,239.69,7,2,3
A005803,P0103,E021,2026-01-10,Kickoff,3.0,257.04,1,0,0
A005804,P0116,E044,2026-02-26,Analysis,7.7,449.5,1,0,0
A005805,P0073,E007,2026-05-03,Analysis,9.8,617.6,6,0,1
A005806,P0030,E034,2026-01-03,Analysis,3.3,295.6,6,0,1
A005807,P0068,E020,2025-06-16,Stakeholder Meeting,5.6,500.75,0,1,1
A005808,P0086,E022,2026-02-12,Reporting,8.2,674.74,3,1,1
A005809,P0013,E047,2025-03-01,Client Review,5.8,213.45,4,0,0
A005810,P0091,E033,2025-07-05,Project Administration,1.1,98.32,0,0,1
A005811,P0066,E016,2026-02-25,Client Review,6.6,305.74,5,1,1
A005812,P0113,E047,2026-08-10,Analysis,3.1,190.02,7,0,1
A005813,P0026,E030,2026-05-15,Data Collection,2.3,205.11,1,0,1
A005814,P0109,E005,2025-11-11,Stakeholder Meeting,1.2,48.84,6,0,1
A005815,P0054,E020,2025-09-28,Issue Resolution,8.5,365.38,0,0,1
A005816,P0069,E013,2026-03-31,Project Administration,3.4,236.52,1,0,1
A005817,P0080,E033,2026-04-05,Stakeholder Meeting,6.3,397.3,4,0,1
A005818,P0070,E044,2026-08-29,Data Collection,6.9,402.83,7,1,2
A005819,P0109,E002,2025-11-05,Kickoff,5.9,493.12,7,0,0
A005820,P0021,E040,2026-03-06,Kickoff,6.2,549.82,7,1,2
A005821,P0088,E046,2025-12-25,Reporting,6.5,614.16,7,0,1
A005822,P0117,E050,2025-11-18,Reporting,5.8,245.79,6,0,1
A005823,P0027,E034,2025-11-13,Reporting,3.6,272.07,2,0,0
A005824,P0031,E016,2025-11-17,Kickoff,3.4,296.75,1,0,0
A005825,P0058,E008,2025-09-20,Stakeholder Meeting,5.2,257.04,6,0,1
A005826,P0087,E048,2026-03-31,Data Collection,5.2,331.77,1,0,0
A005827,P0116,E021,2026-03-25,Stakeholder Meeting,6.6,233.84,4,0,0
A005828,P0096,E018,2026-04-01,Reporting,8.3,357.54,6,0,0
A005829,P0096,E037,2026-02-12,Analysis,6.4,272.22,0,0,1
A005830,P0053,E036,2025-05-07,Reporting,3.5,271.09,7,0,1
A005831,P0078,E041,2025-11-04,Analysis,0.5,36.17,2,0,0
A005832,P0026,E045,2026-05-23,Quality Review,3.6,134.36,1,0,0
A005833,P0056,E044,2025-05-12,Quality Review,2.1,148.56,2,2,2
A005834,P0023,E009,2025-06-24,Stakeholder Meeting,3.7,144.63,3,1,1
A005835,P0004,E009,2025-03-19,Data Collection,6.1,287.51,3,2,3
A005836,P0103,E011,2025-12-05,Reporting,5.7,507.77,1,1,1
A005837,P0097,E032,2025-10-15,Project Administration,10.1,624.54,1,0,1
A005838,P0062,E030,2025-06-20,Reporting,6.7,548.6,3,0,0
A005839,P0002,E043,2025-12-27,Client Review,10.3,554.74,1,0,0
A005840,P0011,E043,2025-02-28,Issue Resolution,7.3,304.02,5,0,0
A005841,P0014,E041,2025-02-17,Kickoff,8.2,723.99,7,1,2
A005842,P0087,E004,2026-02-12,Issue Resolution,4.6,206.22,0,1,1
A005843,P0025,E035,2025-08-17,Analysis,2.8,156.74,0,0,1
A005844,P0031,E043,2025-12-18,Reporting,4.4,339.13,5,1,2
A005845,P0104,E050,2025-03-04,Project Administration,5.5,387.8,0,1,2
A005846,P0106,E018,2026-02-21,Project Administration,3.9,353.65,5,0,1
A005847,P0092,E039,2026-04-26,Stakeholder Meeting,3.0,282.78,3,0,1
A005848,P0038,E021,2025-10-15,Issue Resolution,6.5,284.69,3,1,2
A005849,P0070,E009,2026-05-24,Reporting,3.0,145.79,4,1,2
A005850,P0025,E017,2025-10-10,Data Collection,1.7,124.69,7,0,1
A005851,P0103,E013,2025-12-23,Analysis,2.7,118.27,1,0,1
A005852,P0011,E046,2025-02-19,Project Administration,4.9,330.91,1,1,1
A005853,P0090,E009,2025-08-07,Project Administration,3.0,172.11,5,1,2
A005854,P0062,E007,2025-07-04,Project Administration,4.9,432.61,0,0,1
A005855,P0091,E029,2025-04-06,Stakeholder Meeting,7.0,630.6,3,2,2
A005856,P0055,E029,2026-03-08,Analysis,6.9,348.66,3,0,0
A005857,P0019,E029,2026-05-12,Issue Resolution,3.8,154.81,3,1,2
A005858,P0091,E008,2025-08-28,Kickoff,2.2,207.82,4,0,1
A005859,P0076,E025,2025-08-30,Project Administration,4.1,180.37,0,1,1
A005860,P0056,E047,2025-06-07,Reporting,7.1,322.38,2,1,2
A005861,P0045,E005,2026-02-13,Reporting,7.7,386.0,0,1,2
A005862,P0042,E040,2025-09-05,Stakeholder Meeting,6.4,354.89,7,0,0
A005863,P0058,E007,2025-08-08,Project Administration,8.5,372.87,6,1,2
A005864,P0032,E012,2026-06-26,Client Review,9.8,532.47,2,0,1
A005865,P0034,E045,2025-03-25,Kickoff,4.3,156.18,0,0,1
A005866,P0034,E015,2025-04-23,Quality Review,9.2,764.14,2,1,1
A005867,P0002,E027,2025-09-16,Issue Resolution,4.8,243.9,7,0,1
A005868,P0112,E020,2025-04-13,Kickoff,8.0,672.54,6,0,1
A005869,P0029,E031,2026-01-21,Client Review,7.3,538.85,5,0,1
A005870,P0020,E021,2026-04-08,Analysis,0.6,38.3,7,0,1
A005871,P0019,E023,2026-06-18,Quality Review,3.1,289.35,1,0,1
A005872,P0119,E041,2025-08-23,Issue Resolution,2.4,139.68,4,1,2
A005873,P0058,E028,2025-07-31,Quality Review,1.0,45.7,6,0,1
A005874,P0040,E029,2026-06-06,Kickoff,7.7,536.28,0,0,1
A005875,P0049,E041,2025-04-26,Kickoff,10.7,464.48,3,0,0
A005876,P0011,E022,2025-05-28,Client Review,4.9,252.88,2,0,0
A005877,P0038,E042,2025-11-06,Project Administration,7.6,679.93,1,0,1
A005878,P0030,E036,2026-02-21,Analysis,9.2,814.47,1,0,1
A005879,P0097,E045,2025-10-12,Project Administration,6.0,377.66,7,1,1
A005880,P0008,E023,2025-11-07,Quality Review,5.4,343.96,4,1,1
A005881,P0052,E028,2026-01-01,Kickoff,4.9,338.13,0,0,1
A005882,P0095,E007,2026-01-12,Quality Review,6.8,272.35,5,0,1
A005883,P0101,E006,2026-05-12,Project Administration,7.7,386.46,4,0,1
A005884,P0062,E006,2025-08-03,Analysis,6.7,467.65,3,0,1
A005885,P0027,E032,2025-12-07,Project Administration,6.6,358.18,3,0,1
A005886,P0041,E017,2026-05-16,Reporting,5.4,258.14,4,0,1
A005887,P0027,E015,2025-12-20,Stakeholder Meeting,1.5,110.76,7,0,0
A005888,P0080,E031,2026-05-28,Client Review,7.7,531.19,6,0,1
A005889,P0036,E020,2025-10-18,Stakeholder Meeting,2.3,125.64,3,1,2
A005890,P0076,E007,2025-08-17,Kickoff,7.0,638.7,1,0,1
A005891,P0079,E028,2026-05-17,Issue Resolution,7.4,604.29,0,0,0
A005892,P0113,E028,2026-06-21,Stakeholder Meeting,2.6,184.0,1,1,2
A005893,P0045,E007,2025-12-28,Reporting,4.0,190.27,1,0,0
A005894,P0116,E014,2026-05-18,Client Review,10.8,797.97,6,0,0
A005895,P0049,E012,2025-06-07,Kickoff,5.3,404.2,4,0,1
A005896,P0082,E035,2026-02-27,Client Review,2.4,167.7,0,1,2
A005897,P0080,E013,2026-06-05,Stakeholder Meeting,7.5,549.58,7,0,0
A005898,P0099,E002,2026-08-11,Quality Review,3.6,161.04,1,0,0
A005899,P0057,E014,2025-06-30,Quality Review,0.7,38.57,5,0,1
A005900,P0096,E024,2026-02-27,Client Review,6.8,601.42,0,0,0
A005901,P0043,E039,2026-05-12,Data Collection,3.2,138.33,4,0,1
A005902,P0059,E003,2025-10-20,Kickoff,6.3,443.4,4,0,1
A005903,P0060,E045,2025-08-23,Stakeholder Meeting,3.5,311.01,7,0,1
A005904,P0085,E017,2025-12-16,Data Collection,7.3,261.7,4,0,0
A005905,P0075,E018,2026-02-09,Analysis,6.0,558.16,3,1,1
A005906,P0010,E001,2025-03-18,Reporting,0.5,44.0,4,0,0
A005907,P0098,E014,2026-04-20,Issue Resolution,6.5,506.38,5,0,0
A005908,P0091,E024,2025-05-29,Client Review,4.8,372.23,3,0,1
A005909,P0013,E032,2025-03-25,Analysis,9.0,783.57,5,0,0
A005910,P0116,E039,2026-06-07,Issue Resolution,6.5,294.19,4,0,1
A005911,P0080,E027,2026-04-11,Stakeholder Meeting,7.4,569.77,7,0,0
A005912,P0011,E006,2025-03-31,Data Collection,3.7,205.74,1,1,2
A005913,P0059,E020,2025-09-25,Client Review,3.5,306.38,5,0,1
A005914,P0101,E037,2026-05-28,Quality Review,5.4,361.8,6,0,0
A005915,P0034,E032,2025-04-08,Stakeholder Meeting,4.6,372.37,5,1,2
A005916,P0112,E030,2025-04-28,Reporting,8.8,396.19,7,0,1
A005917,P0051,E026,2025-09-28,Client Review,5.1,252.56,3,0,0
A005918,P0028,E026,2026-02-16,Analysis,2.4,204.7,4,1,1
A005919,P0043,E050,2026-05-21,Data Collection,3.4,199.63,1,0,1
A005920,P0063,E030,2025-09-11,Quality Review,7.9,526.69,2,0,1
A005921,P0083,E030,2025-04-18,Kickoff,5.1,400.51,1,0,0
A005922,P0112,E017,2025-04-20,Reporting,4.9,221.39,6,0,1
A005923,P0024,E025,2026-06-07,Stakeholder Meeting,8.2,435.84,6,0,1
A005924,P0116,E036,2026-04-29,Data Collection,3.2,174.52,1,1,1
A005925,P0064,E043,2025-11-04,Reporting,0.5,45.0,6,1,1
A005926,P0016,E039,2026-07-18,Stakeholder Meeting,3.4,147.07,2,0,1
A005927,P0112,E034,2025-05-06,Stakeholder Meeting,6.1,349.4,5,1,1
A005928,P0042,E039,2025-11-08,Data Collection,4.9,453.54,7,1,2
A005929,P0075,E002,2026-02-25,Client Review,1.6,136.15,6,0,0
A005930,P0084,E014,2026-06-20,Project Administration,8.0,601.82,1,0,0
A005931,P0002,E013,2025-09-26,Reporting,5.9,400.82,1,0,1
A005932,P0027,E033,2025-12-08,Analysis,6.5,554.6,0,0,1
A005933,P0083,E038,2025-05-10,Issue Resolution,6.5,596.59,6,1,1
A005934,P0039,E008,2026-06-21,Data Collection,2.3,208.02,4,1,1
A005935,P0002,E010,2025-08-16,Analysis,6.3,462.09,1,1,1
A005936,P0003,E025,2025-09-26,Kickoff,7.8,613.65,4,0,1
A005937,P0100,E049,2025-03-31,Issue Resolution,8.4,684.75,4,0,1
A005938,P0019,E001,2026-05-10,Kickoff,7.3,609.99,4,0,1
A005939,P0013,E044,2025-03-05,Quality Review,6.8,537.09,5,0,1
A005940,P0068,E010,2025-07-29,Data Collection,1.2,54.96,1,0,1
A005941,P0015,E014,2025-08-08,Data Collection,5.5,443.16,3,0,1
A005942,P0079,E032,2026-06-12,Reporting,3.1,181.11,5,0,0
A005943,P0066,E037,2026-02-10,Issue Resolution,8.7,408.79,7,0,1
A005944,P0078,E044,2025-12-24,Kickoff,8.3,341.56,1,0,0
A005945,P0059,E001,2025-12-05,Data Collection,3.1,153.2,4,0,1
A005946,P0094,E003,2025-04-25,Analysis,5.4,353.51,7,1,2
A005947,P0078,E024,2025-10-17,Project Administration,6.1,303.86,4,0,1
A005948,P0050,E028,2025-06-14,Kickoff,7.8,584.65,1,0,0
A005949,P0002,E014,2025-12-26,Data Collection,1.3,120.72,4,0,0
A005950,P0033,E032,2026-02-13,Stakeholder Meeting,0.5,18.82,0,0,1
A005951,P0016,E014,2026-06-21,Analysis,5.6,239.9,3,0,0
A005952,P0002,E047,2025-10-05,Kickoff,0.5,24.92,4,1,2
A005953,P0033,E009,2026-03-11,Quality Review,5.9,491.24,0,0,1
A005954,P0025,E033,2025-10-06,Reporting,7.0,358.93,1,0,0
A005955,P0010,E027,2025-03-07,Data Collection,8.6,399.83,7,0,1
A005956,P0038,E006,2025-10-16,Client Review,3.9,172.27,5,0,0
A005957,P0061,E031,2026-06-16,Kickoff,5.9,259.57,3,1,1
A005958,P0022,E008,2026-05-26,Client Review,7.1,555.14,1,1,1
A005959,P0033,E027,2026-01-23,Analysis,2.6,201.47,0,0,1
A005960,P0003,E032,2025-10-25,Analysis,7.8,418.61,3,0,1
A005961,P0007,E004,2026-06-04,Data Collection,6.2,384.19,4,0,0
A005962,P0019,E011,2026-05-29,Issue Resolution,4.0,290.77,1,0,1
A005963,P0055,E015,2026-03-06,Quality Review,5.9,551.67,6,0,1
A005964,P0080,E047,2026-05-02,Client Review,5.2,413.86,3,1,1
A005965,P0095,E012,2025-11-16,Data Collection,7.5,623.86,0,1,1
A005966,P0076,E047,2025-11-07,Kickoff,4.6,430.85,1,0,1
A005967,P0075,E027,2026-04-03,Kickoff,6.1,352.98,6,1,1
A005968,P0113,E048,2026-06-29,Stakeholder Meeting,3.9,152.67,2,0,1
A005969,P0031,E042,2025-12-31,Analysis,3.2,255.4,2,0,0
A005970,P0096,E015,2026-03-31,Client Review,5.9,249.37,1,0,0
A005971,P0113,E028,2026-08-05,Issue Resolution,3.3,202.34,6,0,1
A005972,P0069,E036,2026-02-25,Analysis,7.5,594.77,6,0,1
A005973,P0101,E004,2026-06-08,Stakeholder Meeting,7.0,479.51,1,1,2
A005974,P0017,E034,2026-01-03,Stakeholder Meeting,3.6,205.3,5,0,1
A005975,P0106,E023,2026-01-18,Client Review,6.0,395.17,3,0,0
A005976,P0068,E002,2025-07-03,Reporting,3.6,178.97,1,0,1
A005977,P0027,E044,2025-11-09,Reporting,1.5,59.17,6,0,0
A005978,P0008,E014,2025-10-12,Kickoff,4.0,239.0,0,0,1
A005979,P0087,E044,2026-04-12,Stakeholder Meeting,5.4,207.89,6,0,1
A005980,P0052,E011,2025-11-18,Project Administration,6.8,637.7,0,0,0
A005981,P0038,E028,2025-10-12,Stakeholder Meeting,5.9,364.96,2,0,0
A005982,P0047,E019,2025-06-06,Data Collection,7.8,685.95,1,0,1
A005983,P0119,E045,2025-10-28,Data Collection,3.0,276.32,1,0,1
A005984,P0052,E048,2025-12-07,Kickoff,4.6,285.03,3,1,2
A005985,P0010,E039,2025-03-20,Issue Resolution,9.6,578.13,6,0,0
A005986,P0034,E043,2025-03-20,Kickoff,0.7,62.02,3,1,1
A005987,P0018,E039,2025-03-07,Reporting,4.4,163.16,4,0,0
A005988,P0083,E015,2025-04-19,Stakeholder Meeting,2.8,179.85,7,0,0
A005989,P0097,E047,2025-09-19,Kickoff,5.0,255.58,3,1,1
A005990,P0101,E027,2026-06-23,Issue Resolution,4.4,352.73,6,0,0
A005991,P0076,E018,2025-08-13,Client Review,7.0,596.42,3,1,1
A005992,P0093,E010,2025-02-20,Issue Resolution,6.1,440.42,0,0,1
A005993,P0051,E036,2026-01-12,Project Administration,2.2,130.72,2,0,1
A005994,P0076,E014,2025-11-05,Project Administration,4.0,273.2,1,0,0
A005995,P0013,E033,2025-03-14,Client Review,5.5,381.97,7,1,1
A005996,P0065,E004,2025-05-31,Quality Review,7.3,533.69,0,0,0
A005997,P0067,E032,2025-07-07,Client Review,11.6,1047.85,6,2,3
A005998,P0004,E033,2025-01-31,Quality Review,7.3,364.62,1,0,0
A005999,P0066,E027,2026-03-07,Data Collection,3.0,141.28,1,1,2
A006000,P0087,E033,2026-03-28,Stakeholder Meeting,5.3,245.99,4,1,2
