Response_ID,Project_ID,Response_Date,HCP_ID,Therapeutic_Area,Drug_Category,Adoption_Likelihood,Effectiveness_Rating,Safety_Rating,Administrative_Burden
R000001,P0079,2026-06-05,HCP00235,Oncology,Digital Therapeutic,3.7,3.3,4.8,1.4
R000002,P0084,2026-03-28,HCP01255,Immunology,Combination Therapy,2.8,3.1,3.2,1.7
R000003,P0078,2026-01-06,HCP00829,Cardiology,Digital Therapeutic,4.6,3.3,4.2,3.8
R000004,P0109,2025-12-16,HCP00947,Diabetes,Combination Therapy,1.3,3.2,4.0,1.8
R000005,P0103,2025-12-06,HCP00454,Respiratory,Infusion,5.0,3.8,3.8,2.0
R000006,P0040,2026-07-21,HCP01992,Neurology,Oral Therapy,3.5,5.0,5.0,3.1
R000007,P0023,2025-08-28,HCP00702,Respiratory,Injectable,3.7,5.0,4.4,3.4
R000008,P0051,2025-12-26,HCP01504,Rare Disease,Oral Therapy,3.8,5.0,4.7,2.0
R000009,P0112,2025-04-15,HCP01613,Respiratory,Oral Therapy,4.8,3.7,3.3,3.6
R000010,P0117,2025-09-14,HCP01709,Immunology,Combination Therapy,3.8,4.3,4.7,1.5
R000011,P0025,2025-09-27,HCP00018,Respiratory,Infusion,3.7,3.9,5.0,3.0
R000012,P0018,2025-05-17,HCP02053,Immunology,Digital Therapeutic,2.9,3.2,4.2,2.4
R000013,P0089,2025-04-14,HCP01630,Neurology,Infusion,3.1,2.5,3.7,2.8
R000014,P0106,2026-02-01,HCP01991,Respiratory,Digital Therapeutic,4.2,2.6,3.5,3.0
R000015,P0115,2025-08-14,HCP01849,Neurology,Injectable,3.9,3.9,4.1,2.4
R000016,P0116,2026-04-19,HCP01274,Rare Disease,Infusion,5.0,2.8,3.9,2.9
R000017,P0034,2025-04-12,HCP01858,Respiratory,Infusion,3.0,3.2,3.6,3.1
R000018,P0096,2026-04-02,HCP00636,Neurology,Oral Therapy,2.7,4.1,4.3,1.0
R000019,P0081,2025-12-05,HCP00852,Oncology,Infusion,4.0,2.2,4.2,1.6
R000020,P0041,2026-03-17,HCP00909,Respiratory,Injectable,3.6,4.8,3.8,3.2
R000021,P0002,2025-12-15,HCP00974,Cardiology,Infusion,2.7,3.8,3.8,1.0
R000022,P0079,2026-05-17,HCP01381,Oncology,Infusion,3.3,3.5,2.9,1.4
R000023,P0044,2025-10-07,HCP01839,Immunology,Injectable,4.3,3.4,3.9,3.8
R000024,P0035,2026-06-12,HCP00597,Cardiology,Infusion,2.6,4.1,3.2,2.1
R000025,P0002,2025-09-11,HCP00820,Cardiology,Oral Therapy,2.7,3.1,3.8,2.6
R000026,P0015,2025-09-06,HCP01953,Oncology,Combination Therapy,3.1,4.7,4.2,2.8
R000027,P0023,2025-07-27,HCP01953,Respiratory,Infusion,3.1,4.4,2.8,2.8
R000028,P0013,2025-03-18,HCP00574,Respiratory,Oral Therapy,4.4,3.3,3.8,2.0
R000029,P0114,2026-06-09,HCP00259,Cardiology,Oral Therapy,3.2,3.7,4.2,2.1
R000030,P0002,2025-11-14,HCP00839,Cardiology,Oral Therapy,5.0,4.6,3.0,4.4
R000031,P0047,2025-05-24,HCP00298,Respiratory,Injectable,2.8,4.1,3.6,1.2
R000032,P0118,2025-12-17,HCP01582,Immunology,Combination Therapy,4.0,3.6,3.1,1.8
R000033,P0015,2025-08-04,HCP01801,Oncology,Digital Therapeutic,3.7,3.3,4.6,1.4
R000034,P0079,2026-05-20,HCP01745,Oncology,Combination Therapy,3.7,3.7,3.6,2.3
R000035,P0031,2025-11-27,HCP00850,Rare Disease,Infusion,1.6,3.5,3.6,1.6
R000036,P0039,2026-08-12,HCP00987,Respiratory,Injectable,2.8,4.0,4.6,3.6
R000037,P0054,2025-10-04,HCP01213,Neurology,Injectable,3.6,3.6,3.8,3.9
R000038,P0070,2026-07-30,HCP01890,Immunology,Injectable,2.0,3.1,5.0,2.4
R000039,P0092,2026-04-28,HCP02379,Cardiology,Combination Therapy,1.2,4.6,4.4,1.5
R000040,P0075,2026-03-12,HCP02255,Neurology,Infusion,2.7,4.2,4.3,4.1
R000041,P0003,2025-11-13,HCP00848,Respiratory,Combination Therapy,4.0,3.1,4.3,1.7
R000042,P0022,2026-04-20,HCP00411,Cardiology,Injectable,4.1,3.4,4.9,2.6
R000043,P0076,2025-09-18,HCP00131,Cardiology,Combination Therapy,2.7,4.3,2.0,2.8
R000044,P0035,2026-05-02,HCP02290,Cardiology,Combination Therapy,3.5,3.2,4.5,1.5
R000045,P0008,2025-11-11,HCP02357,Neurology,Infusion,4.1,3.7,3.5,2.1
R000046,P0066,2026-03-10,HCP01346,Diabetes,Injectable,4.8,3.6,3.2,4.1
R000047,P0039,2026-08-05,HCP00172,Respiratory,Infusion,4.8,3.3,3.9,2.7
R000048,P0101,2026-06-04,HCP01123,Cardiology,Oral Therapy,4.5,3.1,3.9,2.9
R000049,P0107,2026-04-02,HCP01807,Diabetes,Oral Therapy,3.2,3.8,2.9,3.2
R000050,P0016,2026-05-16,HCP01990,Cardiology,Infusion,3.7,3.1,3.2,2.8
R000051,P0094,2025-04-19,HCP01953,Cardiology,Combination Therapy,3.8,3.4,3.1,3.3
R000052,P0104,2025-03-26,HCP01961,Cardiology,Digital Therapeutic,3.5,4.4,3.5,2.9
R000053,P0077,2025-09-08,HCP00239,Neurology,Injectable,2.5,3.3,4.3,2.3
R000054,P0074,2026-01-31,HCP01707,Immunology,Combination Therapy,4.9,4.1,3.8,5.0
R000055,P0056,2025-06-13,HCP02481,Immunology,Infusion,4.1,4.5,4.2,1.9
R000056,P0059,2025-10-23,HCP01022,Cardiology,Digital Therapeutic,4.4,3.7,3.5,2.1
R000057,P0010,2025-03-16,HCP01283,Diabetes,Combination Therapy,4.3,4.2,4.9,3.7
R000058,P0018,2025-03-04,HCP00669,Immunology,Oral Therapy,3.3,3.2,3.7,3.1
R000059,P0083,2025-05-06,HCP02004,Immunology,Oral Therapy,2.4,4.3,4.6,2.1
R000060,P0066,2026-03-27,HCP00901,Diabetes,Digital Therapeutic,4.3,4.3,4.0,2.0
R000061,P0021,2026-03-11,HCP02469,Rare Disease,Infusion,4.3,4.8,3.5,2.4
R000062,P0043,2026-03-27,HCP01434,Immunology,Oral Therapy,3.9,4.6,5.0,2.7
R000063,P0078,2025-12-25,HCP00854,Cardiology,Oral Therapy,5.0,4.0,4.8,2.5
R000064,P0023,2025-08-24,HCP01410,Respiratory,Oral Therapy,3.2,5.0,3.9,2.0
R000065,P0026,2026-04-05,HCP00100,Diabetes,Infusion,3.4,4.4,4.6,3.1
R000066,P0106,2026-01-13,HCP02310,Respiratory,Injectable,3.9,4.7,4.0,2.5
R000067,P0055,2026-02-27,HCP01145,Diabetes,Combination Therapy,3.3,3.5,3.8,3.2
R000068,P0056,2025-05-22,HCP01142,Immunology,Oral Therapy,3.5,3.5,3.5,2.6
R000069,P0009,2026-05-10,HCP01025,Immunology,Infusion,4.6,3.9,4.0,1.1
R000070,P0010,2025-03-09,HCP01667,Diabetes,Injectable,3.1,3.1,4.2,2.9
R000071,P0078,2026-01-14,HCP01953,Cardiology,Oral Therapy,3.2,3.8,4.1,3.3
R000072,P0037,2025-10-15,HCP01651,Neurology,Digital Therapeutic,4.2,3.8,4.4,2.8
R000073,P0034,2025-03-14,HCP00316,Respiratory,Digital Therapeutic,2.6,4.6,4.0,1.0
R000074,P0022,2026-07-05,HCP01830,Cardiology,Oral Therapy,3.6,4.6,3.2,2.7
R000075,P0091,2025-07-28,HCP01611,Rare Disease,Infusion,3.6,3.9,4.3,2.1
R000076,P0113,2026-06-17,HCP02479,Neurology,Infusion,4.2,3.5,3.5,2.5
R000077,P0032,2026-07-16,HCP00665,Rare Disease,Oral Therapy,4.4,5.0,2.9,2.9
R000078,P0030,2026-03-06,HCP02006,Cardiology,Injectable,3.6,2.7,3.8,2.3
R000079,P0094,2025-04-29,HCP02191,Cardiology,Injectable,3.6,2.7,3.6,3.0
R000080,P0061,2026-06-10,HCP00100,Immunology,Infusion,3.7,4.1,3.4,2.9
R000081,P0096,2026-03-22,HCP02292,Neurology,Infusion,3.4,3.8,3.1,2.8
R000082,P0090,2025-08-19,HCP02030,Neurology,Infusion,4.8,3.6,4.2,2.2
R000083,P0096,2026-04-12,HCP02008,Neurology,Digital Therapeutic,4.1,2.5,3.5,3.4
R000084,P0020,2026-05-05,HCP02500,Cardiology,Oral Therapy,4.8,3.2,3.4,3.8
R000085,P0065,2025-05-06,HCP00503,Immunology,Oral Therapy,3.0,4.8,4.2,2.5
R000086,P0053,2025-05-30,HCP00095,Respiratory,Combination Therapy,4.8,4.7,3.8,2.1
R000087,P0105,2026-01-05,HCP01536,Neurology,Injectable,3.8,4.4,4.2,2.1
R000088,P0079,2026-05-23,HCP01493,Oncology,Infusion,4.3,3.2,3.9,3.2
R000089,P0090,2025-08-29,HCP02141,Neurology,Oral Therapy,2.1,3.6,4.2,2.6
R000090,P0106,2026-03-14,HCP01499,Respiratory,Combination Therapy,5.0,3.5,3.0,2.3
R000091,P0083,2025-05-13,HCP00279,Immunology,Digital Therapeutic,4.1,3.3,4.9,1.8
R000092,P0079,2026-06-21,HCP01313,Oncology,Combination Therapy,5.0,3.4,2.8,2.8
R000093,P0064,2025-10-09,HCP00966,Cardiology,Combination Therapy,4.6,3.7,4.5,3.0
R000094,P0010,2025-04-01,HCP02189,Diabetes,Injectable,2.0,2.8,3.9,2.4
R000095,P0087,2026-05-01,HCP01764,Oncology,Infusion,5.0,4.6,5.0,2.7
R000096,P0039,2026-08-10,HCP02036,Respiratory,Combination Therapy,3.9,3.7,4.0,2.9
R000097,P0015,2025-09-07,HCP01833,Oncology,Infusion,4.2,3.4,4.4,3.3
R000098,P0043,2026-06-25,HCP00431,Immunology,Digital Therapeutic,4.2,2.7,2.6,1.7
R000099,P0042,2025-10-13,HCP02149,Rare Disease,Infusion,3.6,4.3,4.8,1.9
R000100,P0047,2025-08-28,HCP00258,Respiratory,Infusion,3.4,3.1,4.3,2.1
R000101,P0034,2025-03-29,HCP00662,Respiratory,Infusion,4.3,4.1,2.8,2.5
R000102,P0113,2026-08-25,HCP00417,Neurology,Combination Therapy,3.0,3.2,3.5,2.1
R000103,P0107,2026-04-04,HCP00225,Diabetes,Infusion,3.7,3.9,3.8,2.2
R000104,P0005,2025-01-30,HCP02217,Immunology,Infusion,4.9,2.9,4.7,3.1
R000105,P0060,2025-08-17,HCP00335,Cardiology,Infusion,2.7,3.7,3.8,1.2
R000106,P0037,2025-10-11,HCP00247,Neurology,Infusion,3.5,3.7,3.1,1.8
R000107,P0102,2026-01-12,HCP00236,Cardiology,Injectable,4.7,3.9,3.7,1.9
R000108,P0060,2025-08-22,HCP01616,Cardiology,Injectable,3.0,4.4,4.3,3.6
R000109,P0077,2025-11-26,HCP00574,Neurology,Digital Therapeutic,2.1,4.2,3.9,2.6
R000110,P0011,2025-03-19,HCP01709,Respiratory,Combination Therapy,2.0,4.9,4.4,2.7
R000111,P0086,2025-10-31,HCP00663,Diabetes,Infusion,3.3,2.8,2.4,1.7
R000112,P0059,2025-11-03,HCP00546,Cardiology,Combination Therapy,5.0,5.0,5.0,2.0
R000113,P0106,2026-01-13,HCP00416,Respiratory,Combination Therapy,3.1,4.5,4.0,1.0
R000114,P0013,2025-04-06,HCP00575,Respiratory,Oral Therapy,3.5,3.5,4.2,2.5
R000115,P0037,2025-09-21,HCP00590,Neurology,Injectable,3.7,4.5,4.5,1.9
R000116,P0101,2026-05-15,HCP02090,Cardiology,Infusion,4.6,5.0,4.8,1.0
R000117,P0029,2025-12-13,HCP01331,Neurology,Injectable,4.4,4.6,4.7,2.8
R000118,P0033,2026-04-13,HCP01051,Oncology,Oral Therapy,3.6,3.1,3.5,1.6
R000119,P0037,2025-09-26,HCP02254,Neurology,Digital Therapeutic,4.2,3.8,2.9,2.6
R000120,P0063,2025-08-14,HCP01249,Rare Disease,Combination Therapy,4.6,4.3,4.3,2.7
R000121,P0007,2026-07-13,HCP02190,Diabetes,Injectable,2.3,3.8,4.8,5.0
R000122,P0075,2026-02-25,HCP00993,Neurology,Injectable,3.4,4.1,4.3,2.1
R000123,P0098,2026-05-16,HCP02454,Cardiology,Combination Therapy,2.7,4.2,2.6,2.7
R000124,P0037,2025-08-24,HCP00458,Neurology,Oral Therapy,3.1,3.1,5.0,2.4
R000125,P0021,2026-03-19,HCP01289,Rare Disease,Oral Therapy,4.3,4.7,3.6,1.8
R000126,P0043,2026-04-05,HCP01099,Immunology,Digital Therapeutic,2.7,3.9,4.5,2.7
R000127,P0078,2025-11-17,HCP02223,Cardiology,Oral Therapy,5.0,3.8,2.8,3.2
R000128,P0062,2025-07-30,HCP00674,Immunology,Digital Therapeutic,4.3,3.2,4.9,3.0
R000129,P0073,2026-05-09,HCP00859,Immunology,Infusion,3.2,3.6,4.6,3.1
R000130,P0097,2025-10-11,HCP00751,Cardiology,Infusion,3.6,4.5,3.7,1.8
R000131,P0114,2026-07-14,HCP01552,Cardiology,Combination Therapy,2.6,4.0,4.8,2.5
R000132,P0055,2025-12-21,HCP00505,Diabetes,Digital Therapeutic,2.4,4.3,4.1,1.0
R000133,P0092,2026-02-01,HCP01193,Cardiology,Injectable,3.4,3.8,4.5,1.0
R000134,P0059,2025-09-21,HCP01567,Cardiology,Digital Therapeutic,4.8,3.9,3.9,4.0
R000135,P0017,2026-01-05,HCP00539,Immunology,Oral Therapy,2.5,2.7,3.5,2.6
R000136,P0072,2026-05-21,HCP00718,Immunology,Oral Therapy,4.7,4.1,5.0,3.0
R000137,P0115,2025-07-14,HCP00351,Neurology,Injectable,3.5,3.7,4.3,3.1
R000138,P0052,2025-11-20,HCP00415,Oncology,Injectable,3.9,4.0,3.1,2.5
R000139,P0065,2025-04-12,HCP02309,Immunology,Combination Therapy,3.8,2.3,4.1,3.7
R000140,P0088,2026-01-01,HCP02022,Respiratory,Infusion,4.4,5.0,4.5,2.4
R000141,P0100,2025-03-22,HCP00484,Neurology,Infusion,4.6,3.9,4.7,1.0
R000142,P0001,2026-08-26,HCP01440,Respiratory,Digital Therapeutic,3.5,4.1,5.0,2.6
R000143,P0007,2026-05-14,HCP00265,Diabetes,Infusion,4.1,4.1,4.4,3.3
R000144,P0058,2025-07-15,HCP02148,Respiratory,Digital Therapeutic,4.8,3.6,3.5,1.2
R000145,P0014,2025-02-02,HCP01903,Cardiology,Infusion,4.4,4.1,3.9,2.2
R000146,P0111,2026-01-26,HCP01954,Immunology,Infusion,3.3,4.6,4.8,3.5
R000147,P0085,2026-03-03,HCP00783,Respiratory,Combination Therapy,3.5,3.9,3.5,3.3
R000148,P0074,2026-02-20,HCP00930,Immunology,Digital Therapeutic,2.9,4.4,4.1,2.4
R000149,P0071,2026-01-29,HCP02187,Immunology,Oral Therapy,5.0,4.3,3.7,1.8
R000150,P0059,2025-11-29,HCP01405,Cardiology,Oral Therapy,4.0,4.3,3.8,2.5
R000151,P0006,2025-09-05,HCP01455,Cardiology,Infusion,2.5,5.0,3.9,2.7
R000152,P0093,2025-02-24,HCP02468,Respiratory,Injectable,3.0,4.0,4.1,3.1
R000153,P0058,2025-08-12,HCP02056,Respiratory,Infusion,3.6,3.7,3.9,2.4
R000154,P0048,2025-06-10,HCP00896,Oncology,Infusion,4.8,3.8,3.0,3.9
R000155,P0053,2025-06-14,HCP00126,Respiratory,Combination Therapy,3.5,4.1,4.8,2.7
R000156,P0057,2025-06-27,HCP00599,Immunology,Injectable,4.2,2.9,4.7,2.2
R000157,P0113,2026-06-03,HCP01891,Neurology,Digital Therapeutic,3.1,4.8,4.1,2.0
R000158,P0024,2026-07-30,HCP00408,Diabetes,Combination Therapy,4.2,3.6,4.8,1.7
R000159,P0022,2026-06-22,HCP00761,Cardiology,Injectable,4.8,3.7,4.5,3.4
R000160,P0015,2025-08-17,HCP02350,Oncology,Combination Therapy,4.4,2.9,4.5,2.3
R000161,P0075,2026-04-11,HCP01098,Neurology,Combination Therapy,1.6,3.9,4.2,1.0
R000162,P0004,2025-05-22,HCP00624,Diabetes,Injectable,3.6,2.9,4.5,2.1
R000163,P0096,2026-01-27,HCP01371,Neurology,Digital Therapeutic,2.8,2.6,3.3,3.6
R000164,P0088,2025-11-29,HCP02320,Respiratory,Injectable,4.3,3.3,3.8,2.1
R000165,P0086,2025-11-21,HCP00539,Diabetes,Oral Therapy,3.8,3.6,3.1,1.3
R000166,P0057,2025-10-05,HCP01480,Immunology,Injectable,5.0,3.2,3.2,2.0
R000167,P0050,2025-04-21,HCP01987,Diabetes,Oral Therapy,3.4,4.0,4.8,3.0
R000168,P0113,2026-08-02,HCP01476,Neurology,Infusion,3.8,4.7,4.3,2.3
R000169,P0100,2025-03-31,HCP02201,Neurology,Injectable,3.6,4.0,3.7,1.6
R000170,P0022,2026-07-29,HCP01001,Cardiology,Combination Therapy,4.3,2.2,3.4,3.0
R000171,P0032,2026-07-17,HCP01980,Rare Disease,Infusion,2.9,3.8,3.1,3.5
R000172,P0030,2026-03-15,HCP00990,Cardiology,Injectable,2.8,4.2,3.2,3.8
R000173,P0057,2025-07-29,HCP00151,Immunology,Injectable,3.2,3.5,3.6,2.7
R000174,P0077,2025-10-19,HCP00802,Neurology,Injectable,4.2,4.0,2.2,2.3
R000175,P0027,2025-12-21,HCP00358,Cardiology,Oral Therapy,4.6,4.0,4.6,2.9
R000176,P0007,2026-07-28,HCP01824,Diabetes,Infusion,3.6,3.0,4.2,3.6
R000177,P0047,2025-05-30,HCP01003,Respiratory,Oral Therapy,4.2,4.6,4.3,3.4
R000178,P0061,2026-06-16,HCP01847,Immunology,Infusion,4.1,3.6,4.4,2.4
R000179,P0081,2025-12-03,HCP01870,Oncology,Digital Therapeutic,3.7,3.6,4.0,1.6
R000180,P0015,2025-08-09,HCP01329,Oncology,Digital Therapeutic,3.6,4.1,4.1,2.7
R000181,P0083,2025-04-17,HCP02321,Immunology,Oral Therapy,4.3,2.7,4.0,2.5
R000182,P0020,2026-03-15,HCP01123,Cardiology,Digital Therapeutic,5.0,4.7,4.9,2.9
R000183,P0036,2025-10-23,HCP01728,Respiratory,Infusion,4.5,3.1,3.4,1.5
R000184,P0062,2025-07-06,HCP01590,Immunology,Digital Therapeutic,4.7,5.0,4.5,1.9
R000185,P0013,2025-03-05,HCP01778,Respiratory,Infusion,5.0,4.6,3.3,3.3
R000186,P0069,2026-03-10,HCP01229,Immunology,Infusion,3.1,3.1,3.2,2.6
R000187,P0005,2025-01-05,HCP01070,Immunology,Infusion,4.3,4.0,3.0,1.4
R000188,P0026,2026-05-27,HCP02061,Diabetes,Oral Therapy,4.9,3.1,2.7,3.7
R000189,P0068,2025-07-12,HCP02253,Immunology,Infusion,4.5,3.0,4.2,2.2
R000190,P0033,2026-03-02,HCP00163,Oncology,Digital Therapeutic,3.2,2.1,3.3,2.8
R000191,P0052,2025-11-11,HCP02445,Oncology,Combination Therapy,3.0,4.2,4.2,2.0
R000192,P0035,2026-05-10,HCP02257,Cardiology,Infusion,5.0,3.5,5.0,2.7
R000193,P0061,2026-06-16,HCP01461,Immunology,Injectable,4.1,4.3,3.7,3.7
R000194,P0018,2025-05-07,HCP01312,Immunology,Injectable,4.0,4.0,4.2,3.7
R000195,P0019,2026-04-04,HCP01144,Respiratory,Combination Therapy,3.7,2.9,4.7,3.9
R000196,P0116,2026-06-23,HCP01274,Rare Disease,Combination Therapy,5.0,4.4,4.2,2.1
R000197,P0040,2026-05-04,HCP00441,Neurology,Injectable,4.5,4.2,4.1,3.1
R000198,P0084,2026-03-26,HCP00978,Immunology,Digital Therapeutic,3.5,3.5,2.9,1.0
R000199,P0002,2025-11-22,HCP02367,Cardiology,Combination Therapy,4.5,4.5,4.1,2.8
R000200,P0014,2025-03-13,HCP01331,Cardiology,Infusion,3.9,3.6,4.4,4.1
R000201,P0095,2025-11-07,HCP00908,Cardiology,Infusion,4.4,3.2,5.0,1.4
R000202,P0043,2026-07-21,HCP00551,Immunology,Combination Therapy,4.9,3.7,3.8,1.7
R000203,P0037,2025-09-13,HCP01928,Neurology,Digital Therapeutic,4.8,3.5,4.8,2.4
R000204,P0021,2026-04-16,HCP01244,Rare Disease,Digital Therapeutic,2.2,2.8,3.6,2.3
R000205,P0032,2026-06-19,HCP01447,Rare Disease,Combination Therapy,4.1,2.0,4.6,3.2
R000206,P0029,2025-12-29,HCP00996,Neurology,Combination Therapy,5.0,5.0,3.5,3.2
R000207,P0096,2026-04-20,HCP00088,Neurology,Digital Therapeutic,3.1,4.6,4.1,1.0
R000208,P0113,2026-05-16,HCP00735,Neurology,Digital Therapeutic,5.0,4.8,3.6,1.5
R000209,P0005,2025-01-27,HCP01481,Immunology,Injectable,4.2,4.4,4.0,2.3
R000210,P0017,2026-01-16,HCP00531,Immunology,Digital Therapeutic,4.5,3.5,4.0,2.0
R000211,P0076,2025-06-24,HCP01266,Cardiology,Injectable,4.5,3.7,4.1,2.8
R000212,P0106,2026-03-19,HCP02151,Respiratory,Injectable,2.6,3.4,3.5,2.9
R000213,P0039,2026-06-23,HCP00473,Respiratory,Combination Therapy,4.5,4.2,4.0,1.0
R000214,P0102,2025-11-17,HCP02126,Cardiology,Infusion,4.1,4.1,4.2,2.2
R000215,P0001,2026-07-17,HCP00349,Respiratory,Digital Therapeutic,3.3,3.6,3.8,1.7
R000216,P0090,2025-10-11,HCP01213,Neurology,Digital Therapeutic,5.0,4.1,3.4,2.6
R000217,P0114,2026-10-23,HCP01624,Cardiology,Digital Therapeutic,2.1,4.6,3.5,3.1
R000218,P0060,2025-07-18,HCP00579,Cardiology,Combination Therapy,3.2,3.8,4.6,2.3
R000219,P0071,2026-01-06,HCP00576,Immunology,Combination Therapy,4.9,3.0,4.0,1.3
R000220,P0032,2026-07-03,HCP01126,Rare Disease,Combination Therapy,4.6,4.1,4.9,3.7
R000221,P0095,2025-11-09,HCP00052,Cardiology,Combination Therapy,3.2,2.9,3.8,1.8
R000222,P0100,2025-03-27,HCP02315,Neurology,Oral Therapy,3.1,3.2,3.9,2.0
R000223,P0100,2025-03-27,HCP00645,Neurology,Infusion,3.6,4.0,4.3,1.0
R000224,P0101,2026-05-27,HCP01949,Cardiology,Digital Therapeutic,4.0,4.2,4.4,3.0
R000225,P0010,2025-03-08,HCP00721,Diabetes,Combination Therapy,3.4,3.9,4.9,2.5
R000226,P0064,2025-12-25,HCP02019,Cardiology,Injectable,3.7,3.1,2.6,2.9
R000227,P0062,2025-07-08,HCP00460,Immunology,Combination Therapy,3.9,5.0,4.3,1.8
R000228,P0006,2025-08-25,HCP01757,Cardiology,Digital Therapeutic,3.5,3.4,3.3,3.1
R000229,P0097,2025-10-15,HCP01802,Cardiology,Infusion,3.4,4.1,3.9,3.8
R000230,P0024,2026-05-30,HCP01811,Diabetes,Injectable,2.8,3.4,3.3,1.0
R000231,P0051,2025-12-19,HCP00137,Rare Disease,Infusion,3.8,3.1,4.1,2.9
R000232,P0007,2026-08-12,HCP00375,Diabetes,Infusion,3.8,3.8,3.3,1.2
R000233,P0095,2025-11-26,HCP02176,Cardiology,Injectable,3.0,3.5,2.8,2.9
R000234,P0022,2026-05-04,HCP00868,Cardiology,Infusion,4.0,3.9,3.2,3.5
R000235,P0062,2025-07-20,HCP02007,Immunology,Infusion,4.8,3.3,4.7,1.6
R000236,P0062,2025-08-07,HCP02080,Immunology,Combination Therapy,3.9,3.9,4.4,1.8
R000237,P0012,2026-06-28,HCP01734,Oncology,Oral Therapy,4.2,3.3,4.8,2.6
R000238,P0103,2025-12-20,HCP00444,Respiratory,Digital Therapeutic,4.6,4.6,2.7,2.5
R000239,P0001,2026-08-25,HCP00837,Respiratory,Oral Therapy,3.8,4.0,5.0,1.3
R000240,P0079,2026-06-09,HCP00188,Oncology,Injectable,4.6,3.7,5.0,2.0
R000241,P0021,2026-05-23,HCP00015,Rare Disease,Combination Therapy,1.8,3.8,3.3,1.8
R000242,P0073,2026-06-19,HCP02117,Immunology,Digital Therapeutic,3.2,3.5,4.2,2.3
R000243,P0028,2026-04-11,HCP01192,Oncology,Injectable,2.9,3.9,3.6,4.1
R000244,P0090,2025-08-27,HCP01952,Neurology,Digital Therapeutic,5.0,4.8,4.5,2.6
R000245,P0068,2025-06-05,HCP00392,Immunology,Combination Therapy,4.3,3.4,5.0,1.5
R000246,P0077,2025-11-01,HCP00396,Neurology,Injectable,2.8,3.9,3.4,2.7
R000247,P0119,2025-09-02,HCP01409,Neurology,Digital Therapeutic,3.0,3.3,3.1,2.3
R000248,P0054,2025-09-05,HCP01321,Neurology,Injectable,2.6,2.1,3.8,3.8
R000249,P0092,2026-03-27,HCP01034,Cardiology,Injectable,4.1,4.2,5.0,2.1
R000250,P0098,2026-06-27,HCP00105,Cardiology,Combination Therapy,4.0,4.6,4.5,2.2
R000251,P0039,2026-08-14,HCP00659,Respiratory,Oral Therapy,3.4,4.1,4.3,3.5
R000252,P0038,2025-10-01,HCP00372,Diabetes,Oral Therapy,3.1,5.0,4.7,1.7
R000253,P0085,2026-01-15,HCP00416,Respiratory,Oral Therapy,3.8,3.5,4.8,1.4
R000254,P0112,2025-05-11,HCP00644,Respiratory,Oral Therapy,5.0,3.2,4.2,2.7
R000255,P0002,2025-09-23,HCP01667,Cardiology,Digital Therapeutic,3.5,4.6,4.0,2.7
R000256,P0014,2025-01-30,HCP01761,Cardiology,Infusion,4.8,4.7,3.6,1.3
R000257,P0021,2026-06-24,HCP02006,Rare Disease,Oral Therapy,3.6,4.6,4.1,1.0
R000258,P0077,2025-12-09,HCP00763,Neurology,Injectable,4.6,3.0,4.7,2.8
R000259,P0051,2025-12-01,HCP01352,Rare Disease,Combination Therapy,4.3,3.3,4.7,2.8
R000260,P0061,2026-05-30,HCP02027,Immunology,Infusion,3.8,2.7,3.6,3.0
R000261,P0039,2026-06-18,HCP01219,Respiratory,Digital Therapeutic,4.3,5.0,3.9,3.4
R000262,P0052,2025-12-31,HCP00059,Oncology,Injectable,4.8,3.2,3.2,2.6
R000263,P0093,2025-03-08,HCP01242,Respiratory,Combination Therapy,3.9,3.0,4.7,2.4
R000264,P0052,2025-10-19,HCP00011,Oncology,Injectable,3.7,3.7,4.3,3.1
R000265,P0048,2025-06-26,HCP00968,Oncology,Combination Therapy,4.4,3.9,3.8,2.6
R000266,P0006,2025-09-10,HCP00750,Cardiology,Infusion,5.0,4.3,3.7,1.2
R000267,P0046,2025-12-28,HCP02289,Immunology,Digital Therapeutic,2.6,3.7,3.4,2.7
R000268,P0091,2025-07-23,HCP01828,Rare Disease,Infusion,2.7,3.3,4.1,3.1
R000269,P0017,2025-12-25,HCP01647,Immunology,Digital Therapeutic,5.0,3.5,5.0,1.7
R000270,P0043,2026-07-26,HCP02379,Immunology,Oral Therapy,3.3,3.4,3.5,4.0
R000271,P0035,2026-03-16,HCP02356,Cardiology,Digital Therapeutic,4.9,4.8,3.1,2.2
R000272,P0058,2025-07-12,HCP00789,Respiratory,Infusion,3.2,3.8,4.1,3.5
R000273,P0099,2026-06-09,HCP01379,Rare Disease,Injectable,3.4,4.2,4.8,1.6
R000274,P0102,2026-02-02,HCP01393,Cardiology,Digital Therapeutic,4.7,3.7,4.6,3.2
R000275,P0047,2025-06-08,HCP00060,Respiratory,Digital Therapeutic,4.4,2.5,4.8,3.7
R000276,P0070,2026-08-04,HCP00104,Immunology,Digital Therapeutic,2.8,5.0,3.7,1.8
R000277,P0099,2026-05-31,HCP00848,Rare Disease,Combination Therapy,4.3,4.2,4.6,2.8
R000278,P0103,2026-04-14,HCP00004,Respiratory,Injectable,3.2,4.1,4.2,2.3
R000279,P0073,2026-06-11,HCP01725,Immunology,Oral Therapy,4.2,2.3,3.8,1.6
R000280,P0017,2026-01-08,HCP00040,Immunology,Infusion,3.9,3.7,4.0,2.6
R000281,P0046,2025-12-01,HCP00569,Immunology,Injectable,3.7,4.9,4.5,2.2
R000282,P0034,2025-03-24,HCP00244,Respiratory,Injectable,3.3,4.7,4.4,2.3
R000283,P0082,2025-12-09,HCP01250,Neurology,Digital Therapeutic,2.4,3.6,4.4,1.4
R000284,P0028,2026-05-13,HCP02186,Oncology,Oral Therapy,3.3,4.7,4.4,3.3
R000285,P0005,2025-01-25,HCP00136,Immunology,Infusion,4.4,4.9,3.7,2.1
R000286,P0107,2025-12-26,HCP01604,Diabetes,Infusion,4.2,3.7,3.1,2.2
R000287,P0014,2025-02-10,HCP01355,Cardiology,Oral Therapy,3.1,4.7,3.6,1.6
R000288,P0094,2025-05-20,HCP02246,Cardiology,Digital Therapeutic,4.7,4.7,4.6,3.5
R000289,P0115,2025-06-29,HCP01490,Neurology,Combination Therapy,4.1,4.4,3.1,1.3
R000290,P0101,2026-05-25,HCP02088,Cardiology,Combination Therapy,4.3,4.5,4.0,1.1
R000291,P0059,2025-10-12,HCP01729,Cardiology,Combination Therapy,2.9,3.2,4.1,2.6
R000292,P0069,2026-04-05,HCP01913,Immunology,Oral Therapy,5.0,4.3,4.5,2.1
R000293,P0087,2026-02-08,HCP01215,Oncology,Injectable,4.2,3.7,3.2,3.1
R000294,P0027,2025-12-25,HCP00885,Cardiology,Infusion,5.0,3.2,2.5,3.9
R000295,P0051,2026-01-09,HCP01280,Rare Disease,Infusion,3.3,4.9,3.6,3.7
R000296,P0046,2026-01-10,HCP00336,Immunology,Combination Therapy,2.3,3.7,4.4,3.4
R000297,P0033,2026-01-29,HCP01781,Oncology,Injectable,3.0,4.0,4.9,1.7
R000298,P0067,2025-08-27,HCP00259,Immunology,Infusion,4.7,3.9,3.6,3.4
R000299,P0051,2025-12-31,HCP02332,Rare Disease,Digital Therapeutic,2.9,2.7,3.5,2.1
R000300,P0003,2025-06-06,HCP00063,Respiratory,Combination Therapy,5.0,3.6,4.2,1.5
R000301,P0011,2025-03-31,HCP00281,Respiratory,Digital Therapeutic,3.2,4.3,5.0,3.0
R000302,P0077,2025-09-08,HCP00445,Neurology,Digital Therapeutic,4.2,3.8,4.3,2.1
R000303,P0067,2025-09-07,HCP00459,Immunology,Combination Therapy,4.0,3.6,4.3,2.4
R000304,P0103,2026-03-24,HCP00048,Respiratory,Combination Therapy,3.6,4.0,5.0,3.1
R000305,P0009,2026-05-10,HCP02463,Immunology,Combination Therapy,3.6,4.6,4.6,3.2
R000306,P0040,2026-05-03,HCP01720,Neurology,Digital Therapeutic,3.0,2.7,4.1,2.2
R000307,P0047,2025-08-18,HCP00752,Respiratory,Injectable,5.0,3.7,3.3,2.6
R000308,P0082,2026-01-06,HCP00973,Neurology,Oral Therapy,4.3,3.8,4.0,3.3
R000309,P0053,2025-04-14,HCP00567,Respiratory,Digital Therapeutic,2.4,5.0,4.5,1.8
R000310,P0059,2025-11-04,HCP01321,Cardiology,Digital Therapeutic,2.7,4.6,3.3,1.1
R000311,P0111,2026-02-11,HCP00991,Immunology,Digital Therapeutic,4.3,2.8,4.6,2.1
R000312,P0001,2026-06-24,HCP01198,Respiratory,Oral Therapy,3.8,4.7,3.9,2.2
R000313,P0108,2025-03-31,HCP01000,Diabetes,Combination Therapy,2.3,3.7,3.9,2.4
R000314,P0035,2026-07-31,HCP00709,Cardiology,Digital Therapeutic,5.0,2.7,3.4,4.5
R000315,P0005,2025-01-22,HCP01262,Immunology,Digital Therapeutic,1.5,2.9,4.2,1.8
R000316,P0064,2025-12-05,HCP00287,Cardiology,Infusion,3.4,4.8,4.4,2.4
R000317,P0026,2026-06-05,HCP01394,Diabetes,Oral Therapy,3.8,4.1,3.3,1.7
R000318,P0087,2026-04-27,HCP01356,Oncology,Digital Therapeutic,3.2,3.1,4.3,2.7
R000319,P0092,2026-03-01,HCP00300,Cardiology,Injectable,4.5,4.9,4.6,3.0
R000320,P0049,2025-05-30,HCP02160,Neurology,Oral Therapy,4.3,4.3,4.5,3.2
R000321,P0094,2025-05-26,HCP02379,Cardiology,Oral Therapy,3.9,3.6,4.1,2.7
R000322,P0023,2025-09-06,HCP01875,Respiratory,Oral Therapy,3.8,4.0,3.8,2.6
R000323,P0041,2026-07-15,HCP02374,Respiratory,Injectable,4.3,3.2,3.8,1.0
R000324,P0008,2025-11-09,HCP02329,Neurology,Oral Therapy,3.6,5.0,3.1,3.1
R000325,P0078,2025-12-30,HCP01848,Cardiology,Oral Therapy,2.5,3.0,3.6,3.7
R000326,P0086,2026-01-30,HCP00890,Diabetes,Injectable,4.6,2.9,3.8,1.8
R000327,P0092,2026-01-29,HCP00522,Cardiology,Oral Therapy,5.0,3.9,3.5,1.7
R000328,P0044,2025-11-30,HCP02115,Immunology,Oral Therapy,3.9,5.0,4.1,1.5
R000329,P0101,2026-06-12,HCP01220,Cardiology,Injectable,3.9,2.8,5.0,3.1
R000330,P0078,2025-12-15,HCP01807,Cardiology,Oral Therapy,3.8,4.4,5.0,1.5
R000331,P0070,2026-05-18,HCP02227,Immunology,Injectable,2.7,3.8,3.6,2.4
R000332,P0027,2026-02-14,HCP02358,Cardiology,Combination Therapy,3.4,4.1,5.0,1.2
R000333,P0102,2026-02-19,HCP01708,Cardiology,Infusion,4.5,4.6,4.7,2.9
R000334,P0091,2025-08-21,HCP00720,Rare Disease,Digital Therapeutic,4.0,3.3,3.5,2.1
R000335,P0106,2026-02-07,HCP00205,Respiratory,Infusion,5.0,3.6,4.3,2.7
R000336,P0042,2025-09-04,HCP02010,Rare Disease,Infusion,4.5,3.3,4.0,1.7
R000337,P0067,2025-08-16,HCP00061,Immunology,Oral Therapy,3.5,4.8,2.7,1.9
R000338,P0007,2026-07-06,HCP01271,Diabetes,Digital Therapeutic,4.4,4.7,3.2,2.0
R000339,P0072,2026-05-20,HCP00736,Immunology,Injectable,3.7,3.0,4.5,1.7
R000340,P0062,2025-07-04,HCP01092,Immunology,Injectable,2.4,4.1,3.0,1.7
R000341,P0099,2026-07-08,HCP02197,Rare Disease,Injectable,4.7,4.5,5.0,1.3
R000342,P0088,2026-01-07,HCP01165,Respiratory,Digital Therapeutic,4.3,2.7,4.7,2.9
R000343,P0119,2025-10-11,HCP00371,Neurology,Digital Therapeutic,5.0,4.8,4.4,2.8
R000344,P0112,2025-05-23,HCP01082,Respiratory,Infusion,3.4,3.8,3.0,2.1
R000345,P0021,2026-05-07,HCP00253,Rare Disease,Injectable,4.5,3.5,4.7,3.2
R000346,P0117,2025-10-03,HCP02193,Immunology,Oral Therapy,3.2,4.8,4.6,3.8
R000347,P0004,2025-03-29,HCP00099,Diabetes,Combination Therapy,3.1,4.6,4.6,1.9
R000348,P0055,2025-11-19,HCP02362,Diabetes,Digital Therapeutic,5.0,2.8,4.6,2.7
R000349,P0112,2025-04-01,HCP00554,Respiratory,Infusion,2.1,4.3,5.0,2.7
R000350,P0074,2025-11-06,HCP01658,Immunology,Combination Therapy,3.8,4.3,3.5,1.9
R000351,P0120,2026-06-03,HCP02208,Immunology,Oral Therapy,5.0,2.3,3.9,1.3
R000352,P0067,2025-05-29,HCP00482,Immunology,Injectable,2.5,4.2,3.4,4.7
R000353,P0082,2026-03-07,HCP02326,Neurology,Combination Therapy,3.4,3.5,4.5,2.8
R000354,P0065,2025-06-05,HCP01052,Immunology,Oral Therapy,4.6,4.6,3.8,2.5
R000355,P0112,2025-04-20,HCP01275,Respiratory,Injectable,2.8,3.2,3.1,2.8
R000356,P0014,2025-03-24,HCP00889,Cardiology,Digital Therapeutic,4.1,3.9,4.0,4.7
R000357,P0047,2025-06-05,HCP02467,Respiratory,Infusion,3.1,3.4,2.7,2.3
R000358,P0081,2025-10-26,HCP01678,Oncology,Injectable,5.0,3.4,4.0,2.5
R000359,P0060,2025-07-29,HCP00896,Cardiology,Injectable,4.9,2.3,4.1,2.6
R000360,P0116,2026-06-09,HCP00176,Rare Disease,Infusion,3.4,4.5,3.7,3.5
R000361,P0070,2026-08-10,HCP02232,Immunology,Injectable,1.4,4.6,4.7,2.7
R000362,P0016,2026-07-31,HCP01636,Cardiology,Oral Therapy,4.3,3.9,2.8,1.1
R000363,P0074,2025-12-08,HCP00315,Immunology,Digital Therapeutic,4.7,4.1,4.1,1.0
R000364,P0038,2025-10-31,HCP01168,Diabetes,Oral Therapy,4.3,3.3,4.1,3.4
R000365,P0057,2025-06-28,HCP00662,Immunology,Digital Therapeutic,4.2,4.6,4.0,2.7
R000366,P0010,2025-02-28,HCP00653,Diabetes,Digital Therapeutic,4.0,4.0,4.8,2.2
R000367,P0105,2026-01-17,HCP01198,Neurology,Combination Therapy,3.5,3.8,3.6,1.8
R000368,P0049,2025-03-06,HCP00159,Neurology,Combination Therapy,3.2,4.8,3.9,4.1
R000369,P0097,2025-09-29,HCP00615,Cardiology,Combination Therapy,3.8,2.9,4.1,2.7
R000370,P0058,2025-07-28,HCP00133,Respiratory,Infusion,3.6,2.4,3.7,3.0
R000371,P0114,2026-06-06,HCP02350,Cardiology,Oral Therapy,4.4,4.1,3.0,3.2
R000372,P0043,2026-04-03,HCP02231,Immunology,Combination Therapy,3.1,3.7,5.0,2.9
R000373,P0013,2025-04-17,HCP00407,Respiratory,Combination Therapy,3.4,3.0,3.5,2.1
R000374,P0058,2025-07-14,HCP01442,Respiratory,Injectable,3.9,3.9,3.5,2.3
R000375,P0005,2025-02-16,HCP00562,Immunology,Injectable,3.1,4.1,2.5,3.1
R000376,P0097,2025-10-07,HCP01379,Cardiology,Oral Therapy,2.6,4.4,4.0,3.3
R000377,P0111,2026-02-05,HCP01141,Immunology,Injectable,4.3,3.0,4.1,3.5
R000378,P0026,2026-06-13,HCP00044,Diabetes,Injectable,2.7,3.5,4.8,1.8
R000379,P0007,2026-05-05,HCP01984,Diabetes,Combination Therapy,3.9,4.0,3.8,2.7
R000380,P0091,2025-05-14,HCP01928,Rare Disease,Injectable,4.2,4.6,4.2,1.8
R000381,P0083,2025-05-12,HCP00150,Immunology,Oral Therapy,5.0,4.4,4.7,2.4
R000382,P0096,2026-03-14,HCP00527,Neurology,Digital Therapeutic,5.0,3.5,4.9,2.3
R000383,P0069,2026-03-07,HCP00288,Immunology,Digital Therapeutic,4.9,4.2,4.2,2.5
R000384,P0070,2026-07-24,HCP00959,Immunology,Combination Therapy,3.2,3.4,3.8,3.3
R000385,P0033,2026-03-29,HCP01120,Oncology,Digital Therapeutic,3.5,3.5,4.8,1.7
R000386,P0038,2025-09-29,HCP01617,Diabetes,Injectable,4.0,3.6,4.8,4.3
R000387,P0076,2025-11-05,HCP01583,Cardiology,Digital Therapeutic,3.7,3.4,2.9,3.6
R000388,P0113,2026-06-09,HCP00337,Neurology,Combination Therapy,3.9,4.3,4.2,1.0
R000389,P0038,2025-11-01,HCP01199,Diabetes,Combination Therapy,4.8,4.5,4.6,2.8
R000390,P0044,2025-08-24,HCP01992,Immunology,Infusion,3.9,3.5,4.5,1.5
R000391,P0071,2026-01-18,HCP02223,Immunology,Injectable,4.6,3.9,3.8,2.8
R000392,P0006,2025-08-16,HCP02089,Cardiology,Oral Therapy,2.8,3.5,3.7,1.2
R000393,P0079,2026-06-29,HCP00748,Oncology,Injectable,4.2,3.1,4.9,3.5
R000394,P0017,2026-01-14,HCP01299,Immunology,Infusion,2.4,3.0,4.2,3.6
R000395,P0082,2026-03-22,HCP00360,Neurology,Combination Therapy,4.7,5.0,3.9,2.1
R000396,P0107,2025-12-22,HCP00914,Diabetes,Infusion,3.6,3.3,3.9,2.6
R000397,P0110,2026-07-24,HCP00703,Rare Disease,Digital Therapeutic,2.6,4.2,4.0,1.3
R000398,P0018,2025-03-07,HCP00630,Immunology,Digital Therapeutic,3.5,4.1,3.9,2.0
R000399,P0072,2026-06-18,HCP02195,Immunology,Infusion,4.2,3.0,4.7,2.3
R000400,P0054,2025-08-24,HCP01810,Neurology,Digital Therapeutic,2.7,4.1,4.3,1.1
R000401,P0059,2025-10-25,HCP02126,Cardiology,Combination Therapy,3.0,4.0,4.2,4.0
R000402,P0084,2026-02-28,HCP00852,Immunology,Digital Therapeutic,3.4,3.8,3.9,2.6
R000403,P0119,2025-10-21,HCP00990,Neurology,Digital Therapeutic,4.5,3.5,4.4,3.6
R000404,P0069,2026-03-26,HCP02024,Immunology,Digital Therapeutic,2.1,3.8,3.4,2.3
R000405,P0067,2025-08-10,HCP00106,Immunology,Combination Therapy,4.2,4.1,4.1,1.9
R000406,P0079,2026-06-20,HCP01832,Oncology,Digital Therapeutic,3.6,3.2,2.9,2.6
R000407,P0061,2026-01-25,HCP01700,Immunology,Oral Therapy,4.7,4.8,3.8,3.3
R000408,P0042,2025-10-31,HCP00883,Rare Disease,Injectable,4.1,4.3,3.7,1.9
R000409,P0099,2026-05-30,HCP02356,Rare Disease,Injectable,4.9,2.1,4.0,2.7
R000410,P0080,2026-05-10,HCP00573,Neurology,Combination Therapy,4.1,3.6,3.7,1.9
R000411,P0068,2025-07-30,HCP00843,Immunology,Oral Therapy,2.7,5.0,4.3,1.0
R000412,P0002,2025-09-18,HCP00895,Cardiology,Injectable,4.1,4.1,3.6,2.2
R000413,P0034,2025-03-17,HCP00919,Respiratory,Digital Therapeutic,4.2,3.3,4.6,2.6
R000414,P0032,2026-03-01,HCP00856,Rare Disease,Infusion,3.2,4.2,5.0,2.5
R000415,P0078,2025-11-20,HCP01191,Cardiology,Oral Therapy,3.3,2.3,3.3,2.2
R000416,P0015,2025-08-28,HCP02392,Oncology,Digital Therapeutic,1.7,4.0,4.4,2.6
R000417,P0046,2025-11-30,HCP01209,Immunology,Oral Therapy,4.4,3.4,3.8,1.9
R000418,P0055,2026-03-01,HCP01569,Diabetes,Oral Therapy,3.6,3.8,4.6,2.9
R000419,P0089,2025-02-24,HCP01670,Neurology,Combination Therapy,3.3,2.9,3.3,2.1
R000420,P0018,2025-05-26,HCP01644,Immunology,Infusion,2.9,3.5,4.8,3.2
R000421,P0073,2026-07-20,HCP00829,Immunology,Infusion,3.3,2.0,3.8,1.2
R000422,P0066,2026-03-03,HCP00709,Diabetes,Oral Therapy,4.1,3.4,3.9,2.6
R000423,P0089,2025-02-21,HCP00913,Neurology,Oral Therapy,3.9,3.9,3.9,2.9
R000424,P0022,2026-06-25,HCP00911,Cardiology,Injectable,3.5,4.6,3.3,3.6
R000425,P0072,2026-07-08,HCP02063,Immunology,Injectable,2.7,5.0,4.5,2.0
R000426,P0050,2025-07-28,HCP01166,Diabetes,Digital Therapeutic,3.5,3.2,3.6,3.5
R000427,P0032,2026-05-18,HCP02329,Rare Disease,Injectable,3.0,4.2,4.3,2.9
R000428,P0009,2026-05-08,HCP02442,Immunology,Combination Therapy,3.6,3.6,3.8,4.0
R000429,P0046,2026-01-29,HCP01700,Immunology,Injectable,4.3,3.6,3.9,1.1
R000430,P0053,2025-07-24,HCP01669,Respiratory,Injectable,3.3,3.9,4.7,2.7
R000431,P0007,2026-08-04,HCP00313,Diabetes,Oral Therapy,5.0,3.7,3.0,2.4
R000432,P0097,2025-09-19,HCP00386,Cardiology,Combination Therapy,3.3,5.0,2.5,2.6
R000433,P0083,2025-05-10,HCP01777,Immunology,Digital Therapeutic,2.3,3.6,3.5,3.2
R000434,P0039,2026-06-02,HCP02478,Respiratory,Infusion,3.5,3.0,3.9,3.7
R000435,P0006,2025-07-18,HCP02009,Cardiology,Combination Therapy,3.2,3.9,3.8,2.8
R000436,P0085,2026-01-14,HCP00674,Respiratory,Digital Therapeutic,5.0,3.0,3.5,1.0
R000437,P0003,2025-08-19,HCP01696,Respiratory,Infusion,3.3,3.5,5.0,2.1
R000438,P0052,2025-11-03,HCP01555,Oncology,Combination Therapy,2.4,4.5,4.8,5.0
R000439,P0025,2025-08-25,HCP00136,Respiratory,Injectable,3.7,3.6,2.3,1.6
R000440,P0029,2025-12-15,HCP02188,Neurology,Digital Therapeutic,3.6,4.2,3.6,2.6
R000441,P0091,2025-08-29,HCP00868,Rare Disease,Infusion,2.7,3.7,4.3,3.1
R000442,P0037,2025-09-29,HCP01540,Neurology,Infusion,4.0,4.0,4.2,3.4
R000443,P0030,2026-03-06,HCP00847,Cardiology,Digital Therapeutic,4.2,3.3,3.5,1.9
R000444,P0037,2025-08-31,HCP02315,Neurology,Infusion,3.8,4.4,4.9,3.8
R000445,P0018,2025-05-19,HCP01172,Immunology,Combination Therapy,3.5,2.9,3.4,3.6
R000446,P0090,2025-08-21,HCP02121,Neurology,Digital Therapeutic,3.4,3.2,4.0,2.9
R000447,P0060,2025-08-27,HCP02350,Cardiology,Infusion,3.2,3.9,3.9,1.6
R000448,P0025,2025-06-24,HCP00088,Respiratory,Combination Therapy,2.6,4.4,4.2,2.0
R000449,P0037,2025-10-06,HCP01055,Neurology,Combination Therapy,5.0,3.9,3.6,1.9
R000450,P0118,2025-11-26,HCP01718,Immunology,Infusion,5.0,4.2,4.3,2.2
R000451,P0070,2026-06-23,HCP02107,Immunology,Injectable,2.8,2.9,3.5,3.7
R000452,P0083,2025-05-04,HCP01803,Immunology,Combination Therapy,3.2,3.6,4.2,2.7
R000453,P0103,2026-04-04,HCP01649,Respiratory,Digital Therapeutic,2.8,4.0,3.6,3.0
R000454,P0049,2025-03-12,HCP00930,Neurology,Injectable,4.5,3.8,4.9,2.6
R000455,P0042,2025-10-13,HCP00412,Rare Disease,Infusion,2.8,3.0,3.8,3.8
R000456,P0120,2026-03-26,HCP02274,Immunology,Digital Therapeutic,4.3,3.2,4.1,1.0
R000457,P0068,2025-08-14,HCP00111,Immunology,Digital Therapeutic,4.1,3.7,4.7,1.0
R000458,P0026,2026-05-16,HCP02003,Diabetes,Digital Therapeutic,3.6,4.3,4.1,2.4
R000459,P0104,2025-04-05,HCP00089,Cardiology,Digital Therapeutic,4.9,5.0,4.5,2.4
R000460,P0092,2026-05-13,HCP00918,Cardiology,Oral Therapy,3.4,3.0,3.2,2.4
R000461,P0049,2025-03-05,HCP02149,Neurology,Injectable,3.7,3.8,4.4,1.8
R000462,P0033,2026-02-07,HCP00558,Oncology,Infusion,2.7,3.1,3.9,1.3
R000463,P0079,2026-05-28,HCP00661,Oncology,Injectable,1.6,3.8,4.6,2.3
R000464,P0066,2026-01-21,HCP00532,Diabetes,Digital Therapeutic,4.6,3.5,4.3,2.1
R000465,P0029,2025-12-10,HCP01704,Neurology,Injectable,3.2,4.1,4.3,2.7
R000466,P0007,2026-05-05,HCP00552,Diabetes,Digital Therapeutic,4.7,2.4,4.5,3.1
R000467,P0099,2026-08-12,HCP01744,Rare Disease,Infusion,3.4,3.6,4.7,3.5
R000468,P0102,2025-12-18,HCP01474,Cardiology,Infusion,3.6,3.9,2.7,3.2
R000469,P0109,2025-12-13,HCP02233,Diabetes,Oral Therapy,3.9,3.9,3.5,2.4
R000470,P0044,2025-10-30,HCP01607,Immunology,Digital Therapeutic,3.2,4.0,4.0,2.9
R000471,P0085,2026-02-18,HCP01007,Respiratory,Injectable,2.3,3.9,3.2,1.4
R000472,P0071,2026-01-02,HCP00373,Immunology,Combination Therapy,3.0,4.7,3.8,1.7
R000473,P0032,2026-06-02,HCP01109,Rare Disease,Combination Therapy,2.9,4.7,4.1,4.0
R000474,P0112,2025-04-12,HCP01372,Respiratory,Oral Therapy,3.7,3.7,5.0,3.4
R000475,P0041,2026-04-30,HCP02332,Respiratory,Oral Therapy,4.6,3.4,4.5,1.1
R000476,P0004,2025-07-06,HCP00626,Diabetes,Injectable,3.1,3.9,4.5,1.8
R000477,P0020,2026-06-09,HCP00957,Cardiology,Injectable,3.6,4.4,4.0,4.1
R000478,P0117,2025-09-08,HCP02277,Immunology,Combination Therapy,3.9,3.8,2.9,1.8
R000479,P0009,2026-04-10,HCP02296,Immunology,Oral Therapy,3.0,3.0,3.5,1.0
R000480,P0064,2025-10-17,HCP02141,Cardiology,Injectable,4.0,4.5,2.9,2.0
R000481,P0059,2025-12-03,HCP00449,Cardiology,Oral Therapy,4.6,4.1,4.4,2.0
R000482,P0094,2025-05-31,HCP00290,Cardiology,Combination Therapy,4.0,5.0,4.1,3.5
R000483,P0099,2026-06-15,HCP00940,Rare Disease,Digital Therapeutic,3.7,3.3,4.1,3.2
R000484,P0057,2025-08-20,HCP00631,Immunology,Infusion,3.0,4.0,4.3,2.0
R000485,P0076,2025-10-25,HCP00784,Cardiology,Combination Therapy,3.6,4.1,3.7,2.4
R000486,P0098,2026-04-15,HCP02362,Cardiology,Injectable,3.1,3.6,3.2,2.8
R000487,P0098,2026-04-29,HCP01346,Cardiology,Injectable,3.2,3.1,3.7,3.1
R000488,P0106,2026-01-23,HCP00748,Respiratory,Digital Therapeutic,3.6,4.0,4.3,2.2
R000489,P0085,2026-01-16,HCP01821,Respiratory,Combination Therapy,3.5,3.5,2.9,2.8
R000490,P0046,2026-03-27,HCP02040,Immunology,Digital Therapeutic,4.6,3.8,4.1,3.8
R000491,P0068,2025-07-01,HCP01080,Immunology,Oral Therapy,3.2,3.8,3.2,2.4
R000492,P0087,2026-04-27,HCP00127,Oncology,Injectable,4.0,3.1,4.4,2.6
R000493,P0036,2025-10-30,HCP01168,Respiratory,Combination Therapy,3.3,3.5,3.2,3.0
R000494,P0120,2026-03-28,HCP00970,Immunology,Oral Therapy,2.9,3.5,4.5,2.0
R000495,P0054,2025-10-12,HCP00475,Neurology,Infusion,4.2,3.8,3.1,1.7
R000496,P0091,2025-07-12,HCP01537,Rare Disease,Digital Therapeutic,4.1,4.1,3.4,2.9
R000497,P0061,2026-04-25,HCP01841,Immunology,Combination Therapy,3.2,4.0,4.4,3.0
R000498,P0115,2025-04-22,HCP00999,Neurology,Digital Therapeutic,1.0,4.4,3.9,2.4
R000499,P0081,2025-11-22,HCP00956,Oncology,Combination Therapy,4.7,3.9,2.7,1.9
R000500,P0089,2025-02-23,HCP01977,Neurology,Oral Therapy,4.4,5.0,4.5,2.1
R000501,P0093,2025-02-08,HCP00447,Respiratory,Injectable,4.7,4.1,2.6,2.7
R000502,P0040,2026-07-19,HCP02450,Neurology,Oral Therapy,4.7,2.9,3.9,1.4
R000503,P0042,2025-11-30,HCP01048,Rare Disease,Combination Therapy,3.7,3.5,5.0,3.4
R000504,P0100,2025-03-22,HCP01284,Neurology,Digital Therapeutic,3.3,5.0,4.1,3.9
R000505,P0056,2025-05-28,HCP01479,Immunology,Combination Therapy,2.2,2.9,3.8,1.1
R000506,P0080,2026-04-05,HCP01160,Neurology,Digital Therapeutic,3.8,4.1,4.0,3.0
R000507,P0063,2025-08-23,HCP00122,Rare Disease,Digital Therapeutic,3.3,5.0,3.3,3.2
R000508,P0004,2025-04-26,HCP01762,Diabetes,Digital Therapeutic,3.0,2.9,4.1,3.3
R000509,P0057,2025-10-10,HCP02239,Immunology,Infusion,2.5,4.9,5.0,1.0
R000510,P0021,2026-06-14,HCP01885,Rare Disease,Combination Therapy,2.8,4.9,3.7,2.2
R000511,P0011,2025-03-21,HCP01721,Respiratory,Combination Therapy,2.6,3.6,3.5,2.0
R000512,P0032,2026-07-02,HCP00150,Rare Disease,Digital Therapeutic,4.5,2.5,4.3,2.3
R000513,P0036,2025-10-28,HCP01965,Respiratory,Injectable,4.6,4.2,4.5,1.4
R000514,P0090,2025-09-12,HCP01094,Neurology,Digital Therapeutic,3.1,3.8,4.1,4.1
R000515,P0031,2025-11-30,HCP00761,Rare Disease,Combination Therapy,4.7,3.7,3.8,2.9
R000516,P0096,2026-04-03,HCP01250,Neurology,Infusion,3.8,4.3,4.4,1.6
R000517,P0026,2026-05-03,HCP00571,Diabetes,Digital Therapeutic,4.9,3.8,3.0,2.0
R000518,P0100,2025-04-03,HCP00769,Neurology,Infusion,4.2,2.7,3.7,3.8
R000519,P0064,2025-08-28,HCP02028,Cardiology,Infusion,4.2,3.7,2.5,2.4
R000520,P0009,2026-05-16,HCP01898,Immunology,Combination Therapy,3.9,4.1,3.9,3.7
R000521,P0014,2025-02-20,HCP01400,Cardiology,Injectable,3.1,4.2,3.9,3.1
R000522,P0009,2026-05-04,HCP02218,Immunology,Oral Therapy,2.6,4.7,4.7,1.3
R000523,P0050,2025-06-10,HCP00391,Diabetes,Digital Therapeutic,3.9,2.5,3.4,1.6
R000524,P0036,2025-11-03,HCP02114,Respiratory,Infusion,3.6,4.5,4.7,1.4
R000525,P0006,2025-07-31,HCP01193,Cardiology,Oral Therapy,5.0,3.5,3.9,2.9
R000526,P0082,2026-05-17,HCP01585,Neurology,Injectable,4.3,3.9,4.4,4.2
R000527,P0103,2025-12-26,HCP02093,Respiratory,Digital Therapeutic,3.0,4.4,4.5,2.7
R000528,P0102,2025-12-21,HCP01986,Cardiology,Digital Therapeutic,3.6,3.3,4.0,2.4
R000529,P0019,2026-04-24,HCP02477,Respiratory,Infusion,3.4,3.5,4.2,3.0
R000530,P0105,2026-01-06,HCP00582,Neurology,Digital Therapeutic,3.7,4.2,3.6,2.4
R000531,P0052,2025-10-08,HCP00424,Oncology,Combination Therapy,2.6,3.4,4.8,2.2
R000532,P0025,2025-11-08,HCP00065,Respiratory,Injectable,4.5,4.0,5.0,2.7
R000533,P0017,2026-01-13,HCP01682,Immunology,Injectable,3.4,3.1,3.1,3.2
R000534,P0093,2025-03-07,HCP01284,Respiratory,Digital Therapeutic,4.3,4.7,4.0,2.0
R000535,P0031,2025-12-05,HCP01665,Rare Disease,Injectable,3.2,4.3,3.8,1.6
R000536,P0077,2025-10-18,HCP01025,Neurology,Digital Therapeutic,3.4,3.3,4.3,3.4
R000537,P0067,2025-07-22,HCP00874,Immunology,Infusion,4.2,4.6,3.0,1.0
R000538,P0112,2025-04-26,HCP02205,Respiratory,Combination Therapy,1.9,4.1,3.3,1.3
R000539,P0086,2025-11-04,HCP00455,Diabetes,Oral Therapy,4.5,3.1,5.0,2.5
R000540,P0093,2025-03-01,HCP01973,Respiratory,Combination Therapy,4.9,4.3,5.0,3.3
R000541,P0060,2025-09-01,HCP00266,Cardiology,Combination Therapy,4.9,4.3,3.0,2.7
R000542,P0064,2025-10-14,HCP00955,Cardiology,Digital Therapeutic,3.1,2.7,5.0,2.0
R000543,P0018,2025-04-06,HCP00119,Immunology,Combination Therapy,4.0,2.1,3.5,3.2
R000544,P0094,2025-05-05,HCP00044,Cardiology,Oral Therapy,3.3,3.5,4.5,1.8
R000545,P0091,2025-04-12,HCP00090,Rare Disease,Combination Therapy,2.4,3.3,3.9,3.1
R000546,P0037,2025-06-27,HCP00688,Neurology,Combination Therapy,3.8,4.3,4.2,2.1
R000547,P0017,2026-01-05,HCP02359,Immunology,Combination Therapy,2.5,3.3,4.1,1.4
R000548,P0095,2025-11-28,HCP00902,Cardiology,Digital Therapeutic,4.2,3.4,4.6,3.1
R000549,P0093,2025-02-02,HCP01536,Respiratory,Injectable,4.4,5.0,3.7,3.9
R000550,P0094,2025-05-02,HCP01690,Cardiology,Combination Therapy,4.8,4.7,5.0,2.1
R000551,P0004,2025-02-26,HCP02190,Diabetes,Oral Therapy,4.1,2.7,4.7,3.4
R000552,P0103,2026-01-22,HCP02259,Respiratory,Digital Therapeutic,3.3,4.8,3.8,1.0
R000553,P0044,2025-07-25,HCP00097,Immunology,Oral Therapy,3.5,4.9,4.0,1.3
R000554,P0030,2026-03-04,HCP00553,Cardiology,Combination Therapy,3.8,3.7,4.1,1.6
R000555,P0064,2025-11-13,HCP01922,Cardiology,Injectable,4.9,3.5,3.8,2.3
R000556,P0102,2025-12-02,HCP01965,Cardiology,Digital Therapeutic,5.0,2.5,3.8,2.9
R000557,P0098,2026-04-14,HCP02453,Cardiology,Oral Therapy,3.6,2.9,4.5,1.4
R000558,P0021,2026-03-02,HCP01822,Rare Disease,Oral Therapy,4.5,3.7,4.4,1.6
R000559,P0118,2025-11-13,HCP01341,Immunology,Oral Therapy,3.3,3.5,3.7,3.2
R000560,P0093,2025-02-16,HCP00883,Respiratory,Infusion,4.1,3.6,4.1,1.7
R000561,P0112,2025-03-18,HCP01178,Respiratory,Combination Therapy,3.4,4.1,3.4,3.7
R000562,P0112,2025-03-13,HCP00041,Respiratory,Injectable,3.9,5.0,5.0,1.8
R000563,P0064,2025-10-23,HCP01713,Cardiology,Injectable,3.0,3.4,4.5,3.5
R000564,P0005,2025-02-13,HCP00082,Immunology,Injectable,2.5,3.4,4.0,3.2
R000565,P0009,2026-04-27,HCP01620,Immunology,Oral Therapy,2.6,3.7,4.1,2.5
R000566,P0076,2025-07-27,HCP01549,Cardiology,Injectable,4.2,3.6,4.5,2.7
R000567,P0011,2025-05-19,HCP02463,Respiratory,Injectable,2.8,5.0,3.7,2.6
R000568,P0080,2026-05-29,HCP02118,Neurology,Digital Therapeutic,3.4,3.7,4.0,3.5
R000569,P0013,2025-04-12,HCP01823,Respiratory,Digital Therapeutic,4.5,4.5,4.5,1.0
R000570,P0098,2026-05-13,HCP01580,Cardiology,Digital Therapeutic,4.7,5.0,3.2,2.2
R000571,P0033,2026-01-26,HCP00743,Oncology,Injectable,2.9,5.0,4.4,2.6
R000572,P0013,2025-04-21,HCP01935,Respiratory,Combination Therapy,1.7,3.7,5.0,3.6
R000573,P0041,2026-07-14,HCP01384,Respiratory,Digital Therapeutic,3.0,3.5,2.9,2.0
R000574,P0110,2026-06-19,HCP01258,Rare Disease,Combination Therapy,3.9,3.1,4.6,1.0
R000575,P0067,2025-08-22,HCP01554,Immunology,Digital Therapeutic,4.3,3.9,3.2,1.0
R000576,P0120,2026-08-04,HCP00658,Immunology,Oral Therapy,2.7,2.7,3.1,2.5
R000577,P0032,2026-02-19,HCP00651,Rare Disease,Injectable,2.2,5.0,3.7,1.3
R000578,P0081,2025-11-11,HCP00100,Oncology,Digital Therapeutic,2.9,3.4,4.3,2.3
R000579,P0023,2025-09-02,HCP00968,Respiratory,Oral Therapy,3.3,3.8,4.4,1.3
R000580,P0052,2025-12-19,HCP02044,Oncology,Combination Therapy,5.0,4.0,3.9,2.1
R000581,P0046,2025-12-13,HCP00212,Immunology,Injectable,3.8,3.0,3.3,4.2
R000582,P0077,2025-09-04,HCP01186,Neurology,Digital Therapeutic,4.3,4.5,3.9,3.6
R000583,P0081,2025-10-23,HCP02126,Oncology,Injectable,4.6,4.1,2.8,2.5
R000584,P0007,2026-06-28,HCP02192,Diabetes,Oral Therapy,3.3,3.6,4.5,2.2
R000585,P0084,2026-03-12,HCP02329,Immunology,Injectable,3.8,4.1,3.7,1.7
R000586,P0091,2025-05-16,HCP00926,Rare Disease,Combination Therapy,3.9,3.8,4.7,3.0
R000587,P0046,2026-02-04,HCP00840,Immunology,Infusion,4.2,3.8,3.4,2.1
R000588,P0009,2026-05-10,HCP00690,Immunology,Infusion,3.6,3.3,4.3,3.7
R000589,P0051,2025-11-09,HCP01038,Rare Disease,Infusion,4.6,3.9,2.8,2.6
R000590,P0039,2026-07-12,HCP01668,Respiratory,Infusion,4.6,4.1,4.9,2.6
R000591,P0096,2026-03-26,HCP01699,Neurology,Digital Therapeutic,3.5,3.2,4.3,1.0
R000592,P0017,2026-01-14,HCP01511,Immunology,Injectable,4.3,4.0,3.8,2.0
R000593,P0036,2025-10-16,HCP01159,Respiratory,Oral Therapy,4.0,2.5,3.7,4.1
R000594,P0088,2025-12-08,HCP01761,Respiratory,Combination Therapy,5.0,4.7,3.8,1.1
R000595,P0113,2026-05-27,HCP00857,Neurology,Injectable,4.5,3.0,4.0,2.2
R000596,P0072,2026-05-05,HCP00228,Immunology,Combination Therapy,4.0,2.6,3.0,2.3
R000597,P0001,2026-10-06,HCP02405,Respiratory,Digital Therapeutic,3.2,3.5,3.8,2.7
R000598,P0084,2026-05-28,HCP00209,Immunology,Combination Therapy,2.8,4.0,3.8,2.8
R000599,P0004,2025-05-16,HCP02127,Diabetes,Digital Therapeutic,4.1,3.6,4.7,2.0
R000600,P0008,2025-11-22,HCP01428,Neurology,Injectable,2.2,4.4,3.7,3.2
R000601,P0081,2025-09-23,HCP02458,Oncology,Oral Therapy,5.0,3.7,3.3,1.9
R000602,P0045,2026-01-17,HCP01371,Neurology,Oral Therapy,1.9,3.7,4.0,3.0
R000603,P0004,2025-02-21,HCP00132,Diabetes,Injectable,2.8,3.7,4.4,1.1
R000604,P0049,2025-06-17,HCP00233,Neurology,Combination Therapy,4.6,5.0,4.1,1.8
R000605,P0046,2026-01-21,HCP00216,Immunology,Oral Therapy,3.7,3.5,4.0,1.1
R000606,P0073,2026-04-10,HCP01076,Immunology,Combination Therapy,3.9,5.0,4.0,2.7
R000607,P0114,2026-06-30,HCP01899,Cardiology,Infusion,3.1,5.0,3.9,2.7
R000608,P0013,2025-04-02,HCP01585,Respiratory,Combination Therapy,3.6,3.0,3.6,2.1
R000609,P0080,2026-04-26,HCP02036,Neurology,Combination Therapy,4.3,4.5,3.5,2.7
R000610,P0078,2025-10-12,HCP01356,Cardiology,Digital Therapeutic,3.0,3.4,4.0,1.4
R000611,P0118,2025-11-22,HCP00312,Immunology,Injectable,3.5,3.9,4.2,3.6
R000612,P0048,2025-07-13,HCP00467,Oncology,Oral Therapy,3.7,2.7,4.0,3.3
R000613,P0020,2026-05-07,HCP00401,Cardiology,Infusion,3.5,3.8,2.8,1.6
R000614,P0109,2025-11-12,HCP02320,Diabetes,Infusion,4.3,5.0,4.6,1.4
R000615,P0007,2026-07-28,HCP02006,Diabetes,Injectable,4.1,3.3,3.1,2.0
R000616,P0054,2025-09-25,HCP00086,Neurology,Oral Therapy,3.6,4.4,3.1,2.7
R000617,P0079,2026-06-06,HCP00544,Oncology,Infusion,2.2,4.0,3.3,2.6
R000618,P0013,2025-04-08,HCP00682,Respiratory,Infusion,4.7,3.5,3.7,1.5
R000619,P0036,2025-11-18,HCP01784,Respiratory,Oral Therapy,2.9,4.7,3.9,2.1
R000620,P0013,2025-03-04,HCP00169,Respiratory,Oral Therapy,5.0,3.5,4.6,2.7
R000621,P0102,2026-01-27,HCP02450,Cardiology,Infusion,3.0,3.8,4.6,2.1
R000622,P0031,2025-12-01,HCP00709,Rare Disease,Infusion,3.9,4.0,2.9,2.5
R000623,P0073,2026-04-08,HCP02132,Immunology,Infusion,4.2,4.7,2.8,3.3
R000624,P0029,2025-12-09,HCP01714,Neurology,Digital Therapeutic,3.5,3.6,4.7,1.9
R000625,P0084,2026-07-02,HCP00952,Immunology,Digital Therapeutic,4.0,5.0,3.9,3.3
R000626,P0096,2026-03-10,HCP00060,Neurology,Combination Therapy,3.5,2.6,3.3,2.4
R000627,P0005,2025-01-24,HCP01377,Immunology,Combination Therapy,5.0,3.4,4.4,2.3
R000628,P0087,2026-02-27,HCP00097,Oncology,Oral Therapy,3.9,4.7,4.7,1.2
R000629,P0080,2026-05-03,HCP01795,Neurology,Injectable,3.6,3.5,4.3,3.2
R000630,P0010,2025-03-17,HCP00515,Diabetes,Combination Therapy,3.9,4.0,3.5,4.2
R000631,P0032,2026-04-20,HCP02376,Rare Disease,Combination Therapy,4.7,3.2,2.6,1.5
R000632,P0103,2026-01-27,HCP00070,Respiratory,Oral Therapy,4.0,2.9,4.3,1.6
R000633,P0054,2025-09-25,HCP00872,Neurology,Injectable,3.9,3.5,3.9,3.9
R000634,P0012,2026-05-21,HCP00976,Oncology,Combination Therapy,2.5,4.4,3.5,3.1
R000635,P0078,2025-10-08,HCP01921,Cardiology,Oral Therapy,4.7,3.4,3.0,1.9
R000636,P0095,2025-12-13,HCP00576,Cardiology,Infusion,4.0,3.8,4.1,4.0
R000637,P0052,2025-09-15,HCP01950,Oncology,Combination Therapy,3.3,3.5,3.6,2.1
R000638,P0014,2025-03-20,HCP00806,Cardiology,Oral Therapy,4.0,4.3,4.1,2.5
R000639,P0016,2026-06-02,HCP00204,Cardiology,Combination Therapy,4.9,2.7,4.6,2.8
R000640,P0046,2026-04-05,HCP02094,Immunology,Digital Therapeutic,4.3,3.8,3.6,3.2
R000641,P0059,2025-10-09,HCP00482,Cardiology,Combination Therapy,5.0,3.6,5.0,2.9
R000642,P0091,2025-05-29,HCP01081,Rare Disease,Oral Therapy,4.4,3.2,3.9,4.4
R000643,P0082,2026-02-17,HCP01515,Neurology,Oral Therapy,2.1,4.7,4.5,3.7
R000644,P0031,2026-01-03,HCP00038,Rare Disease,Digital Therapeutic,4.8,2.7,3.7,3.9
R000645,P0083,2025-04-18,HCP01618,Immunology,Injectable,2.2,4.1,4.4,1.9
R000646,P0014,2025-03-13,HCP01368,Cardiology,Digital Therapeutic,4.8,4.2,3.4,2.8
R000647,P0023,2025-08-04,HCP01943,Respiratory,Oral Therapy,4.5,3.6,4.4,4.0
R000648,P0095,2025-11-30,HCP00274,Cardiology,Infusion,5.0,5.0,5.0,2.1
R000649,P0109,2025-12-04,HCP02200,Diabetes,Oral Therapy,4.1,4.2,3.3,2.1
R000650,P0083,2025-05-03,HCP00149,Immunology,Digital Therapeutic,3.9,3.4,2.5,3.3
R000651,P0055,2026-01-26,HCP02347,Diabetes,Digital Therapeutic,4.8,4.3,3.6,2.9
R000652,P0107,2026-01-04,HCP00819,Diabetes,Infusion,2.7,3.5,4.2,2.5
R000653,P0043,2026-04-24,HCP00182,Immunology,Infusion,3.7,3.6,4.1,2.7
R000654,P0077,2025-12-04,HCP00681,Neurology,Oral Therapy,3.5,4.7,3.7,1.0
R000655,P0083,2025-05-16,HCP01239,Immunology,Injectable,3.3,4.2,4.7,2.2
R000656,P0009,2026-05-13,HCP00280,Immunology,Digital Therapeutic,3.2,4.6,3.7,1.7
R000657,P0116,2026-04-11,HCP00748,Rare Disease,Injectable,3.8,2.1,4.6,3.9
R000658,P0077,2025-11-12,HCP00747,Neurology,Combination Therapy,4.3,4.1,3.8,2.3
R000659,P0029,2026-01-27,HCP00410,Neurology,Oral Therapy,5.0,4.9,3.4,2.6
R000660,P0099,2026-07-03,HCP01211,Rare Disease,Injectable,3.5,3.1,4.1,3.5
R000661,P0046,2025-11-29,HCP00061,Immunology,Injectable,3.4,4.0,4.1,3.9
R000662,P0011,2025-05-07,HCP00628,Respiratory,Oral Therapy,1.3,3.7,5.0,2.7
R000663,P0082,2026-03-18,HCP00360,Neurology,Combination Therapy,4.9,4.4,4.3,1.7
R000664,P0017,2026-01-09,HCP00081,Immunology,Injectable,2.5,3.5,4.2,2.0
R000665,P0072,2026-04-26,HCP01204,Immunology,Combination Therapy,4.1,4.4,4.1,2.8
R000666,P0082,2026-02-28,HCP02232,Neurology,Digital Therapeutic,3.9,3.7,3.6,2.8
R000667,P0019,2026-05-31,HCP00875,Respiratory,Infusion,4.5,5.0,3.8,1.8
R000668,P0095,2026-01-04,HCP01629,Cardiology,Combination Therapy,3.0,4.1,3.7,1.0
R000669,P0055,2025-12-21,HCP00373,Diabetes,Oral Therapy,4.2,5.0,4.1,1.0
R000670,P0043,2026-07-01,HCP01767,Immunology,Combination Therapy,5.0,4.3,3.0,1.4
R000671,P0013,2025-03-22,HCP01702,Respiratory,Combination Therapy,3.9,3.6,2.9,2.3
R000672,P0089,2025-03-24,HCP01021,Neurology,Digital Therapeutic,3.0,3.9,3.5,2.2
R000673,P0020,2026-03-16,HCP00680,Cardiology,Infusion,2.5,4.2,3.4,1.0
R000674,P0021,2026-03-12,HCP01434,Rare Disease,Injectable,5.0,2.3,4.2,2.3
R000675,P0032,2026-03-16,HCP01512,Rare Disease,Oral Therapy,3.3,4.6,3.6,4.0
R000676,P0054,2025-08-14,HCP01758,Neurology,Digital Therapeutic,3.5,4.0,4.3,2.8
R000677,P0106,2026-02-13,HCP00500,Respiratory,Infusion,5.0,4.3,3.6,4.3
R000678,P0090,2025-08-04,HCP00892,Neurology,Infusion,4.5,4.3,5.0,2.5
R000679,P0089,2025-02-12,HCP02063,Neurology,Combination Therapy,4.7,3.0,3.8,2.5
R000680,P0024,2026-08-29,HCP02079,Diabetes,Oral Therapy,5.0,3.9,4.3,2.8
R000681,P0078,2025-11-24,HCP02031,Cardiology,Injectable,2.4,3.9,3.6,4.1
R000682,P0042,2025-10-04,HCP01931,Rare Disease,Infusion,5.0,3.0,3.7,3.9
R000683,P0057,2025-07-21,HCP00208,Immunology,Combination Therapy,5.0,4.9,4.3,3.2
R000684,P0076,2025-08-15,HCP00718,Cardiology,Infusion,3.3,5.0,4.0,2.9
R000685,P0020,2026-03-31,HCP00707,Cardiology,Infusion,4.3,3.6,4.5,1.7
R000686,P0042,2025-11-21,HCP00832,Rare Disease,Combination Therapy,4.5,4.2,4.7,1.3
R000687,P0048,2025-06-29,HCP01220,Oncology,Digital Therapeutic,3.1,3.8,5.0,2.1
R000688,P0105,2026-02-11,HCP00460,Neurology,Digital Therapeutic,4.5,3.6,4.5,3.9
R000689,P0117,2025-11-04,HCP01971,Immunology,Digital Therapeutic,3.2,3.6,4.0,4.1
R000690,P0115,2025-06-05,HCP01257,Neurology,Infusion,5.0,3.0,3.7,1.1
R000691,P0064,2025-09-23,HCP00208,Cardiology,Infusion,3.8,4.1,3.5,3.7
R000692,P0078,2025-12-18,HCP02029,Cardiology,Infusion,4.2,3.4,3.7,4.1
R000693,P0086,2025-12-10,HCP00781,Diabetes,Infusion,2.3,4.3,4.1,3.6
R000694,P0094,2025-05-08,HCP01411,Cardiology,Digital Therapeutic,4.0,3.6,4.8,2.1
R000695,P0082,2026-02-17,HCP01048,Neurology,Infusion,4.7,3.0,4.2,3.2
R000696,P0109,2025-11-16,HCP00887,Diabetes,Injectable,2.9,3.4,3.8,1.1
R000697,P0046,2025-12-06,HCP00830,Immunology,Digital Therapeutic,3.3,4.1,3.2,1.2
R000698,P0085,2025-11-27,HCP01026,Respiratory,Injectable,3.1,3.6,3.5,4.8
R000699,P0074,2026-01-03,HCP00171,Immunology,Combination Therapy,2.7,3.2,4.1,2.1
R000700,P0093,2025-02-12,HCP01732,Respiratory,Combination Therapy,2.6,5.0,4.4,1.5
R000701,P0112,2025-05-04,HCP01620,Respiratory,Digital Therapeutic,4.6,2.9,4.6,2.2
R000702,P0010,2025-03-22,HCP01286,Diabetes,Digital Therapeutic,2.6,4.8,4.6,4.2
R000703,P0103,2026-01-12,HCP02217,Respiratory,Oral Therapy,2.2,4.6,3.3,3.6
R000704,P0099,2026-06-11,HCP01382,Rare Disease,Combination Therapy,3.2,4.5,3.5,1.9
R000705,P0105,2025-11-26,HCP00972,Neurology,Digital Therapeutic,3.7,4.4,4.6,2.4
R000706,P0033,2026-05-19,HCP01525,Oncology,Combination Therapy,4.2,3.3,4.7,3.0
R000707,P0070,2026-07-10,HCP01999,Immunology,Digital Therapeutic,2.9,3.5,4.0,3.1
R000708,P0009,2026-04-20,HCP01847,Immunology,Digital Therapeutic,3.2,5.0,5.0,3.0
R000709,P0008,2025-12-03,HCP01431,Neurology,Oral Therapy,4.2,4.6,4.7,1.7
R000710,P0071,2025-12-15,HCP01565,Immunology,Injectable,4.5,4.2,4.4,2.3
R000711,P0117,2025-09-15,HCP02458,Immunology,Injectable,4.8,3.5,4.2,1.5
R000712,P0028,2026-05-16,HCP01711,Oncology,Infusion,4.1,3.2,2.9,3.4
R000713,P0095,2025-12-16,HCP01760,Cardiology,Infusion,2.3,3.0,3.4,2.4
R000714,P0010,2025-03-10,HCP01666,Diabetes,Infusion,3.0,3.4,3.9,2.8
R000715,P0008,2025-11-22,HCP02389,Neurology,Infusion,4.8,3.7,5.0,1.9
R000716,P0074,2025-10-21,HCP02317,Immunology,Injectable,5.0,4.0,4.9,3.1
R000717,P0034,2025-03-21,HCP00862,Respiratory,Infusion,3.6,4.7,3.5,3.1
R000718,P0012,2026-05-08,HCP01842,Oncology,Digital Therapeutic,3.6,5.0,4.6,1.2
R000719,P0110,2026-07-05,HCP01632,Rare Disease,Digital Therapeutic,2.8,4.9,3.4,3.2
R000720,P0107,2025-12-13,HCP01367,Diabetes,Injectable,4.9,3.0,2.3,1.5
R000721,P0002,2025-09-06,HCP01289,Cardiology,Combination Therapy,2.8,3.3,5.0,1.9
R000722,P0117,2025-10-21,HCP02245,Immunology,Oral Therapy,5.0,3.2,2.6,3.3
R000723,P0003,2025-08-20,HCP02280,Respiratory,Oral Therapy,3.6,4.6,2.1,1.9
R000724,P0089,2025-02-28,HCP02251,Neurology,Injectable,3.0,4.4,4.2,2.6
R000725,P0095,2026-02-02,HCP00764,Cardiology,Infusion,2.2,3.5,3.8,2.4
R000726,P0035,2026-07-31,HCP00879,Cardiology,Combination Therapy,3.5,3.8,4.2,1.2
R000727,P0017,2026-01-21,HCP00224,Immunology,Infusion,3.6,4.0,5.0,3.8
R000728,P0068,2025-06-28,HCP02014,Immunology,Infusion,3.4,4.3,4.6,3.8
R000729,P0107,2026-04-20,HCP01719,Diabetes,Injectable,3.7,4.8,4.4,2.9
R000730,P0004,2025-03-29,HCP02457,Diabetes,Oral Therapy,4.9,4.0,3.4,2.2
R000731,P0103,2025-12-08,HCP01842,Respiratory,Injectable,4.2,3.7,3.7,2.6
R000732,P0075,2026-03-22,HCP00518,Neurology,Digital Therapeutic,3.9,4.2,4.4,3.7
R000733,P0119,2025-11-14,HCP00737,Neurology,Combination Therapy,4.7,3.7,3.7,2.1
R000734,P0032,2026-02-10,HCP00993,Rare Disease,Oral Therapy,2.9,4.2,4.5,2.1
R000735,P0078,2025-10-06,HCP01897,Cardiology,Injectable,4.3,3.8,4.1,2.3
R000736,P0055,2025-11-11,HCP01039,Diabetes,Oral Therapy,4.3,4.7,3.9,1.0
R000737,P0077,2025-12-09,HCP02419,Neurology,Digital Therapeutic,5.0,4.8,4.7,3.2
R000738,P0022,2026-05-10,HCP01527,Cardiology,Injectable,2.5,3.8,3.8,2.7
R000739,P0060,2025-08-05,HCP00919,Cardiology,Combination Therapy,3.0,5.0,3.1,3.3
R000740,P0119,2025-08-27,HCP02407,Neurology,Digital Therapeutic,3.0,4.0,4.8,2.1
R000741,P0102,2026-02-17,HCP01357,Cardiology,Combination Therapy,4.1,4.2,4.0,1.2
R000742,P0025,2025-10-22,HCP00765,Respiratory,Oral Therapy,3.9,4.9,3.9,2.7
R000743,P0008,2025-12-07,HCP00978,Neurology,Combination Therapy,4.2,5.0,3.9,1.5
R000744,P0051,2025-12-26,HCP01885,Rare Disease,Injectable,1.9,4.7,3.6,3.0
R000745,P0028,2026-03-03,HCP00212,Oncology,Infusion,5.0,4.1,5.0,3.1
R000746,P0031,2025-12-08,HCP01947,Rare Disease,Injectable,3.9,3.6,3.2,4.5
R000747,P0022,2026-07-29,HCP00274,Cardiology,Digital Therapeutic,4.2,4.1,4.2,3.8
R000748,P0065,2025-06-03,HCP01741,Immunology,Combination Therapy,4.0,4.3,4.1,2.8
R000749,P0012,2026-04-16,HCP01803,Oncology,Infusion,3.2,4.2,4.5,2.3
R000750,P0109,2025-11-16,HCP01471,Diabetes,Injectable,4.1,3.7,3.8,3.3
R000751,P0004,2025-07-06,HCP00463,Diabetes,Infusion,3.8,3.4,4.8,2.8
R000752,P0020,2026-03-24,HCP01430,Cardiology,Infusion,3.8,4.0,3.8,2.1
R000753,P0068,2025-08-30,HCP02074,Immunology,Digital Therapeutic,4.1,3.4,3.7,1.0
R000754,P0017,2026-01-09,HCP00706,Immunology,Oral Therapy,3.6,2.7,4.1,4.6
R000755,P0061,2026-02-03,HCP02299,Immunology,Oral Therapy,2.5,3.2,4.2,3.5
R000756,P0009,2026-05-16,HCP00344,Immunology,Digital Therapeutic,3.5,3.5,4.7,3.1
R000757,P0105,2026-01-13,HCP02233,Neurology,Oral Therapy,5.0,3.3,3.2,2.6
R000758,P0071,2025-12-26,HCP00836,Immunology,Injectable,3.2,4.0,4.6,4.2
R000759,P0037,2025-07-13,HCP01751,Neurology,Combination Therapy,3.8,3.0,4.6,3.3
R000760,P0073,2026-04-04,HCP00574,Immunology,Infusion,4.4,3.0,4.5,1.3
R000761,P0065,2025-06-05,HCP01551,Immunology,Oral Therapy,5.0,4.7,4.0,2.3
R000762,P0099,2026-05-24,HCP01632,Rare Disease,Injectable,3.5,4.5,3.7,3.2
R000763,P0088,2025-12-11,HCP01227,Respiratory,Combination Therapy,2.7,4.1,4.3,3.6
R000764,P0101,2026-06-04,HCP02133,Cardiology,Digital Therapeutic,4.3,4.8,4.2,2.3
R000765,P0104,2025-07-17,HCP02271,Cardiology,Digital Therapeutic,3.0,3.3,3.0,3.9
R000766,P0013,2025-04-14,HCP00397,Respiratory,Injectable,4.0,4.4,4.6,1.3
R000767,P0093,2025-01-24,HCP02041,Respiratory,Combination Therapy,4.2,3.7,3.6,2.3
R000768,P0110,2026-06-05,HCP01649,Rare Disease,Oral Therapy,3.3,4.9,3.6,2.3
R000769,P0024,2026-06-26,HCP01310,Diabetes,Oral Therapy,3.5,4.0,4.7,3.4
R000770,P0100,2025-03-21,HCP00305,Neurology,Infusion,4.4,3.2,4.1,3.7
R000771,P0074,2026-02-10,HCP01514,Immunology,Combination Therapy,4.6,4.8,3.9,3.7
R000772,P0078,2025-11-10,HCP00951,Cardiology,Combination Therapy,3.7,3.5,3.8,1.3
R000773,P0086,2026-01-25,HCP00095,Diabetes,Injectable,3.8,3.0,3.8,2.7
R000774,P0042,2025-11-16,HCP00433,Rare Disease,Combination Therapy,2.7,4.9,4.0,1.1
R000775,P0108,2025-03-12,HCP00224,Diabetes,Injectable,3.8,4.3,5.0,2.6
R000776,P0090,2025-08-12,HCP00749,Neurology,Combination Therapy,3.4,3.2,2.7,4.0
R000777,P0053,2025-07-07,HCP00439,Respiratory,Oral Therapy,3.8,3.8,5.0,4.4
R000778,P0075,2026-03-05,HCP02147,Neurology,Infusion,4.9,3.7,5.0,3.0
R000779,P0115,2025-07-02,HCP00717,Neurology,Oral Therapy,2.7,3.2,3.8,2.8
R000780,P0043,2026-03-14,HCP01050,Immunology,Infusion,4.7,3.2,4.1,2.4
R000781,P0108,2025-05-15,HCP01858,Diabetes,Infusion,3.9,3.8,4.1,2.5
R000782,P0002,2025-08-23,HCP00272,Cardiology,Digital Therapeutic,3.7,4.5,4.7,3.8
R000783,P0096,2026-03-20,HCP00888,Neurology,Digital Therapeutic,3.0,4.4,4.1,1.7
R000784,P0072,2026-08-11,HCP00498,Immunology,Injectable,3.9,3.4,4.3,2.3
R000785,P0086,2025-10-29,HCP01295,Diabetes,Combination Therapy,5.0,4.4,4.8,2.5
R000786,P0070,2026-07-16,HCP02110,Immunology,Oral Therapy,1.5,4.9,2.7,1.9
R000787,P0058,2025-09-23,HCP01365,Respiratory,Oral Therapy,2.0,3.2,3.9,3.0
R000788,P0019,2026-03-19,HCP01026,Respiratory,Oral Therapy,3.5,4.3,4.2,3.9
R000789,P0030,2026-01-07,HCP00216,Cardiology,Infusion,4.0,3.8,3.8,3.1
R000790,P0109,2025-12-09,HCP02340,Diabetes,Combination Therapy,4.5,3.6,2.9,1.9
R000791,P0049,2025-02-19,HCP01159,Neurology,Oral Therapy,4.1,3.8,4.0,1.8
R000792,P0020,2026-06-19,HCP01404,Cardiology,Digital Therapeutic,2.3,4.4,3.6,1.4
R000793,P0016,2026-07-21,HCP01255,Cardiology,Digital Therapeutic,4.2,2.9,3.7,2.4
R000794,P0035,2026-04-10,HCP01268,Cardiology,Injectable,3.6,3.8,4.0,1.8
R000795,P0088,2025-12-05,HCP00252,Respiratory,Oral Therapy,4.5,3.6,2.9,2.7
R000796,P0045,2026-01-11,HCP01141,Neurology,Digital Therapeutic,3.1,3.8,3.8,1.9
R000797,P0052,2025-11-22,HCP01051,Oncology,Digital Therapeutic,2.4,3.7,3.6,1.2
R000798,P0082,2026-05-26,HCP01934,Neurology,Digital Therapeutic,3.3,3.3,3.2,1.0
R000799,P0073,2026-08-05,HCP01070,Immunology,Digital Therapeutic,4.1,5.0,4.3,3.1
R000800,P0010,2025-02-22,HCP02090,Diabetes,Infusion,4.0,2.0,3.2,1.2
R000801,P0047,2025-08-01,HCP01639,Respiratory,Injectable,3.7,4.2,4.4,2.9
R000802,P0085,2025-12-05,HCP00318,Respiratory,Oral Therapy,3.2,4.2,4.6,1.9
R000803,P0086,2026-01-05,HCP02209,Diabetes,Infusion,3.6,3.9,3.9,2.7
R000804,P0050,2025-05-24,HCP01022,Diabetes,Digital Therapeutic,5.0,4.0,4.7,2.5
R000805,P0026,2026-05-21,HCP01764,Diabetes,Oral Therapy,5.0,4.3,5.0,2.6
R000806,P0022,2026-07-07,HCP00707,Cardiology,Injectable,4.1,3.5,4.4,3.4
R000807,P0011,2025-03-15,HCP01879,Respiratory,Infusion,4.6,3.6,3.8,1.9
R000808,P0014,2025-02-17,HCP02249,Cardiology,Injectable,3.1,3.6,4.8,3.8
R000809,P0117,2025-08-05,HCP00070,Immunology,Combination Therapy,4.9,4.2,2.7,3.2
R000810,P0050,2025-05-09,HCP01837,Diabetes,Infusion,3.4,4.2,5.0,2.2
R000811,P0039,2026-08-28,HCP01873,Respiratory,Infusion,2.6,3.1,4.1,2.3
R000812,P0054,2025-09-25,HCP00731,Neurology,Injectable,4.7,3.8,4.2,2.6
R000813,P0063,2025-09-12,HCP00992,Rare Disease,Combination Therapy,3.8,3.4,3.0,2.1
R000814,P0017,2026-01-21,HCP01021,Immunology,Digital Therapeutic,4.9,3.2,4.6,1.0
R000815,P0109,2025-11-13,HCP01118,Diabetes,Infusion,4.4,3.5,4.1,1.6
R000816,P0058,2025-07-18,HCP01049,Respiratory,Injectable,2.6,3.0,3.9,1.6
R000817,P0068,2025-07-31,HCP02260,Immunology,Oral Therapy,3.9,2.6,3.6,2.3
R000818,P0061,2026-02-13,HCP02330,Immunology,Combination Therapy,2.9,3.9,3.4,1.4
R000819,P0113,2026-06-05,HCP02360,Neurology,Oral Therapy,4.8,4.5,3.5,3.2
R000820,P0118,2025-12-06,HCP01185,Immunology,Infusion,3.8,3.6,2.9,2.6
R000821,P0016,2026-08-11,HCP01741,Cardiology,Infusion,3.1,4.5,4.1,2.1
R000822,P0086,2025-11-28,HCP00047,Diabetes,Infusion,2.0,4.4,5.0,1.8
R000823,P0020,2026-04-14,HCP00046,Cardiology,Digital Therapeutic,4.7,3.2,4.3,2.5
R000824,P0002,2025-11-13,HCP01826,Cardiology,Oral Therapy,3.4,3.3,3.5,3.3
R000825,P0067,2025-06-16,HCP01660,Immunology,Injectable,3.5,2.8,4.2,1.0
R000826,P0058,2025-07-24,HCP00242,Respiratory,Oral Therapy,4.1,4.0,2.3,1.1
R000827,P0060,2025-07-22,HCP01659,Cardiology,Injectable,2.9,4.2,5.0,1.6
R000828,P0003,2025-10-11,HCP01577,Respiratory,Injectable,2.4,3.8,3.6,1.3
R000829,P0078,2025-12-08,HCP01866,Cardiology,Combination Therapy,3.9,3.3,4.3,1.2
R000830,P0062,2025-07-07,HCP01284,Immunology,Injectable,2.9,3.8,4.0,2.5
R000831,P0007,2026-09-13,HCP01903,Diabetes,Infusion,3.6,4.3,4.4,2.5
R000832,P0041,2026-04-26,HCP01907,Respiratory,Oral Therapy,3.0,4.2,5.0,2.2
R000833,P0017,2026-01-15,HCP01487,Immunology,Digital Therapeutic,2.5,4.2,2.6,2.7
R000834,P0109,2025-10-13,HCP01376,Diabetes,Infusion,2.3,4.0,4.2,2.4
R000835,P0090,2025-10-26,HCP01994,Neurology,Combination Therapy,3.8,4.6,4.2,1.8
R000836,P0060,2025-07-21,HCP00439,Cardiology,Digital Therapeutic,4.6,3.1,3.8,2.1
R000837,P0011,2025-04-05,HCP02458,Respiratory,Digital Therapeutic,4.5,3.4,3.5,2.7
R000838,P0102,2026-01-14,HCP02235,Cardiology,Combination Therapy,3.7,3.2,4.6,1.4
R000839,P0043,2026-05-11,HCP01335,Immunology,Oral Therapy,4.9,3.5,4.0,2.8
R000840,P0071,2026-01-17,HCP02259,Immunology,Infusion,3.2,4.8,4.0,1.0
R000841,P0087,2026-04-16,HCP01805,Oncology,Injectable,4.4,3.3,3.8,2.5
R000842,P0048,2025-07-24,HCP01052,Oncology,Injectable,3.3,3.3,3.9,2.8
R000843,P0117,2025-09-07,HCP01080,Immunology,Injectable,3.1,2.6,4.4,1.6
R000844,P0028,2026-04-17,HCP01524,Oncology,Combination Therapy,4.4,4.3,4.4,3.5
R000845,P0042,2025-10-21,HCP00627,Rare Disease,Combination Therapy,4.1,3.8,3.5,3.5
R000846,P0022,2026-05-31,HCP01382,Cardiology,Infusion,4.2,4.8,3.8,2.7
R000847,P0042,2025-10-15,HCP01028,Rare Disease,Combination Therapy,2.4,4.8,4.7,4.0
R000848,P0096,2026-04-02,HCP01336,Neurology,Injectable,4.6,3.0,5.0,1.8
R000849,P0057,2025-09-08,HCP01015,Immunology,Digital Therapeutic,4.3,3.8,5.0,3.3
R000850,P0106,2026-01-14,HCP00226,Respiratory,Oral Therapy,3.4,4.7,5.0,3.8
R000851,P0107,2025-11-10,HCP01792,Diabetes,Oral Therapy,4.2,3.3,4.1,1.5
R000852,P0039,2026-07-29,HCP01235,Respiratory,Oral Therapy,4.6,4.5,4.7,2.6
R000853,P0096,2026-03-01,HCP00491,Neurology,Infusion,3.1,2.1,4.2,1.2
R000854,P0060,2025-08-08,HCP00563,Cardiology,Digital Therapeutic,3.1,3.8,3.5,3.3
R000855,P0051,2025-12-22,HCP01291,Rare Disease,Oral Therapy,3.5,3.4,3.9,4.0
R000856,P0035,2026-04-07,HCP01995,Cardiology,Oral Therapy,1.8,4.5,3.9,2.0
R000857,P0008,2025-10-30,HCP00637,Neurology,Combination Therapy,4.0,3.5,4.6,2.5
R000858,P0055,2026-02-15,HCP02123,Diabetes,Injectable,4.5,4.4,4.5,2.0
R000859,P0081,2025-12-21,HCP01994,Oncology,Digital Therapeutic,4.2,4.2,3.9,4.7
R000860,P0105,2026-02-22,HCP00047,Neurology,Oral Therapy,4.1,3.3,3.9,1.7
R000861,P0050,2025-08-15,HCP00345,Diabetes,Infusion,4.6,4.4,3.6,1.7
R000862,P0017,2026-01-05,HCP01842,Immunology,Injectable,3.6,4.2,3.8,3.0
R000863,P0057,2025-07-14,HCP01381,Immunology,Digital Therapeutic,2.4,2.7,3.9,2.4
R000864,P0035,2026-06-09,HCP00288,Cardiology,Digital Therapeutic,3.8,4.2,4.2,4.8
R000865,P0111,2026-01-17,HCP02477,Immunology,Oral Therapy,4.8,3.5,4.1,4.3
R000866,P0084,2026-04-25,HCP00025,Immunology,Injectable,4.0,4.1,3.5,3.1
R000867,P0109,2025-10-23,HCP01009,Diabetes,Infusion,3.4,4.0,3.7,3.3
R000868,P0038,2025-10-12,HCP00035,Diabetes,Oral Therapy,4.4,4.5,3.9,3.2
R000869,P0054,2025-10-06,HCP02267,Neurology,Oral Therapy,4.0,4.5,4.3,3.4
R000870,P0010,2025-03-07,HCP01166,Diabetes,Combination Therapy,3.5,3.3,3.7,3.0
R000871,P0017,2026-01-21,HCP01554,Immunology,Oral Therapy,3.8,3.4,3.0,1.6
R000872,P0045,2026-01-06,HCP02036,Neurology,Digital Therapeutic,3.4,3.6,3.3,1.8
R000873,P0048,2025-06-12,HCP00655,Oncology,Infusion,4.2,4.6,4.2,3.4
R000874,P0082,2026-01-17,HCP00779,Neurology,Combination Therapy,2.9,3.5,4.3,2.0
R000875,P0026,2026-06-14,HCP01572,Diabetes,Infusion,4.0,4.0,3.6,3.7
R000876,P0119,2025-10-28,HCP02312,Neurology,Oral Therapy,4.4,4.4,3.4,3.2
R000877,P0094,2025-04-17,HCP00468,Cardiology,Digital Therapeutic,3.9,3.8,3.1,1.4
R000878,P0108,2025-03-17,HCP01053,Diabetes,Digital Therapeutic,3.9,5.0,3.1,1.5
R000879,P0037,2025-10-26,HCP00664,Neurology,Injectable,3.8,3.4,3.7,1.3
R000880,P0068,2025-07-20,HCP00472,Immunology,Injectable,4.2,4.2,3.0,3.2
R000881,P0063,2025-08-21,HCP00497,Rare Disease,Infusion,3.4,4.1,4.1,3.5
R000882,P0094,2025-04-26,HCP01148,Cardiology,Infusion,3.6,3.9,4.3,2.1
R000883,P0102,2026-01-01,HCP00277,Cardiology,Injectable,2.9,2.3,3.1,2.5
R000884,P0069,2026-02-27,HCP01568,Immunology,Digital Therapeutic,3.5,3.6,3.3,2.8
R000885,P0117,2025-09-18,HCP00461,Immunology,Combination Therapy,2.0,2.6,3.9,3.3
R000886,P0060,2025-08-10,HCP01265,Cardiology,Oral Therapy,3.7,3.5,3.5,2.2
R000887,P0033,2026-04-03,HCP00584,Oncology,Digital Therapeutic,4.2,3.7,4.1,2.9
R000888,P0021,2026-05-09,HCP01102,Rare Disease,Infusion,3.6,5.0,4.6,2.4
R000889,P0046,2025-12-06,HCP00369,Immunology,Oral Therapy,4.5,4.3,3.9,1.1
R000890,P0036,2025-10-30,HCP00472,Respiratory,Injectable,4.8,3.1,2.9,3.7
R000891,P0025,2025-06-25,HCP00823,Respiratory,Combination Therapy,3.7,3.9,4.1,2.8
R000892,P0055,2026-02-23,HCP01749,Diabetes,Oral Therapy,2.9,4.1,3.8,2.3
R000893,P0032,2026-05-10,HCP01060,Rare Disease,Oral Therapy,4.6,3.9,4.3,1.8
R000894,P0119,2025-10-16,HCP00876,Neurology,Digital Therapeutic,4.5,3.8,5.0,1.9
R000895,P0037,2025-08-03,HCP01439,Neurology,Infusion,4.1,3.4,3.4,1.2
R000896,P0074,2025-10-12,HCP02427,Immunology,Injectable,3.3,4.1,3.5,1.5
R000897,P0091,2025-07-21,HCP02024,Rare Disease,Digital Therapeutic,4.0,4.0,4.2,1.7
R000898,P0114,2026-05-23,HCP01002,Cardiology,Infusion,3.4,4.3,4.6,2.0
R000899,P0083,2025-04-30,HCP01275,Immunology,Injectable,3.1,4.4,5.0,3.7
R000900,P0032,2026-03-28,HCP00554,Rare Disease,Digital Therapeutic,4.0,4.4,3.7,3.0
R000901,P0067,2025-06-22,HCP01823,Immunology,Combination Therapy,2.9,3.9,3.4,1.7
R000902,P0009,2026-04-26,HCP02150,Immunology,Infusion,4.3,3.7,3.5,1.1
R000903,P0033,2026-04-02,HCP02153,Oncology,Digital Therapeutic,3.9,4.3,3.7,1.7
R000904,P0118,2025-11-14,HCP00522,Immunology,Oral Therapy,3.6,3.2,3.8,3.8
R000905,P0001,2026-05-31,HCP01873,Respiratory,Oral Therapy,3.7,2.1,4.1,3.1
R000906,P0040,2026-05-23,HCP00421,Neurology,Oral Therapy,2.8,2.6,4.0,2.3
R000907,P0007,2026-06-05,HCP00025,Diabetes,Injectable,2.8,2.5,3.2,2.5
R000908,P0065,2025-04-10,HCP01797,Immunology,Injectable,5.0,4.2,3.0,3.5
R000909,P0091,2025-08-19,HCP01063,Rare Disease,Combination Therapy,3.6,3.9,3.9,2.5
R000910,P0009,2026-04-28,HCP00746,Immunology,Combination Therapy,2.5,4.4,3.5,4.5
R000911,P0016,2026-05-06,HCP01262,Cardiology,Digital Therapeutic,4.5,4.2,3.6,2.6
R000912,P0104,2025-04-14,HCP01044,Cardiology,Combination Therapy,2.8,4.5,4.6,1.7
R000913,P0034,2025-03-16,HCP00608,Respiratory,Combination Therapy,4.2,4.6,4.4,1.0
R000914,P0001,2026-10-29,HCP01128,Respiratory,Infusion,5.0,4.5,3.8,2.9
R000915,P0012,2026-05-08,HCP00089,Oncology,Injectable,3.5,4.5,4.7,2.3
R000916,P0109,2025-12-07,HCP01959,Diabetes,Infusion,4.7,4.9,4.7,1.7
R000917,P0111,2026-01-22,HCP02343,Immunology,Oral Therapy,4.3,5.0,4.9,3.1
R000918,P0020,2026-06-19,HCP01436,Cardiology,Digital Therapeutic,5.0,3.9,5.0,2.7
R000919,P0034,2025-04-25,HCP01553,Respiratory,Combination Therapy,4.2,4.9,3.9,2.1
R000920,P0023,2025-08-05,HCP01854,Respiratory,Combination Therapy,3.3,3.4,4.7,2.8
R000921,P0060,2025-08-01,HCP01215,Cardiology,Injectable,1.9,3.4,3.8,2.4
R000922,P0100,2025-04-10,HCP02469,Neurology,Infusion,3.0,5.0,4.8,3.3
R000923,P0092,2026-03-31,HCP00723,Cardiology,Combination Therapy,3.3,3.9,3.8,2.6
R000924,P0047,2025-06-05,HCP01778,Respiratory,Digital Therapeutic,4.5,2.6,4.0,2.2
R000925,P0084,2026-03-04,HCP00705,Immunology,Oral Therapy,4.7,3.0,3.3,3.6
R000926,P0031,2025-12-14,HCP00698,Rare Disease,Oral Therapy,2.8,3.3,3.3,1.5
R000927,P0110,2026-05-26,HCP01083,Rare Disease,Combination Therapy,4.7,3.0,4.3,1.2
R000928,P0072,2026-07-15,HCP01918,Immunology,Combination Therapy,3.0,4.2,4.6,2.0
R000929,P0111,2026-01-29,HCP01021,Immunology,Digital Therapeutic,3.0,3.2,3.3,1.0
R000930,P0031,2025-12-12,HCP02125,Rare Disease,Infusion,2.5,3.6,4.9,1.1
R000931,P0115,2025-05-09,HCP00958,Neurology,Combination Therapy,4.0,3.4,4.8,2.3
R000932,P0035,2026-04-06,HCP01077,Cardiology,Infusion,3.2,2.8,4.3,2.6
R000933,P0083,2025-04-22,HCP01301,Immunology,Digital Therapeutic,4.8,2.9,4.6,2.3
R000934,P0006,2025-08-28,HCP01649,Cardiology,Injectable,2.9,4.4,3.7,3.0
R000935,P0028,2026-05-03,HCP01091,Oncology,Injectable,4.3,4.0,3.1,2.1
R000936,P0065,2025-07-25,HCP01226,Immunology,Oral Therapy,2.7,1.6,3.7,1.0
R000937,P0061,2026-05-18,HCP00155,Immunology,Infusion,4.6,3.4,4.8,3.2
R000938,P0016,2026-06-25,HCP00319,Cardiology,Injectable,3.8,4.4,4.8,2.4
R000939,P0002,2025-11-17,HCP00351,Cardiology,Digital Therapeutic,3.9,4.2,3.2,3.1
R000940,P0101,2026-05-22,HCP01823,Cardiology,Combination Therapy,3.4,5.0,3.2,3.1
R000941,P0030,2026-03-17,HCP00921,Cardiology,Combination Therapy,3.3,3.6,3.4,3.5
R000942,P0091,2025-04-08,HCP01110,Rare Disease,Infusion,4.1,4.1,2.7,1.7
R000943,P0021,2026-06-21,HCP01345,Rare Disease,Digital Therapeutic,5.0,3.2,3.6,1.4
R000944,P0035,2026-03-21,HCP00867,Cardiology,Infusion,2.8,2.7,4.3,2.4
R000945,P0003,2025-11-04,HCP00313,Respiratory,Digital Therapeutic,3.4,4.1,2.0,2.4
R000946,P0065,2025-07-03,HCP01170,Immunology,Oral Therapy,3.2,3.5,4.0,3.6
R000947,P0063,2025-09-01,HCP00861,Rare Disease,Oral Therapy,2.4,5.0,4.9,3.0
R000948,P0070,2026-07-16,HCP01456,Immunology,Oral Therapy,2.4,3.4,4.6,2.6
R000949,P0090,2025-07-15,HCP01573,Neurology,Injectable,3.1,3.5,4.3,1.4
R000950,P0080,2026-04-05,HCP01893,Neurology,Digital Therapeutic,3.4,3.9,4.1,1.9
R000951,P0025,2025-08-07,HCP01285,Respiratory,Infusion,4.9,4.5,4.7,1.0
R000952,P0051,2025-12-24,HCP02272,Rare Disease,Combination Therapy,4.5,4.4,4.3,1.8
R000953,P0010,2025-03-05,HCP02497,Diabetes,Oral Therapy,3.0,2.6,3.8,2.7
R000954,P0079,2026-06-06,HCP01711,Oncology,Infusion,4.4,4.7,4.6,2.9
R000955,P0048,2025-07-13,HCP02330,Oncology,Injectable,3.0,3.7,3.1,3.1
R000956,P0021,2026-06-06,HCP02486,Rare Disease,Injectable,3.6,1.9,4.5,3.2
R000957,P0106,2026-02-04,HCP02089,Respiratory,Infusion,4.0,3.8,4.4,3.0
R000958,P0057,2025-09-23,HCP00394,Immunology,Injectable,5.0,3.1,4.1,2.0
R000959,P0007,2026-05-21,HCP01682,Diabetes,Injectable,3.9,4.6,4.1,1.8
R000960,P0012,2026-06-07,HCP00386,Oncology,Infusion,2.4,4.0,5.0,3.7
R000961,P0035,2026-03-22,HCP00736,Cardiology,Injectable,4.3,4.6,4.7,2.1
R000962,P0113,2026-08-28,HCP01977,Neurology,Digital Therapeutic,4.7,4.6,4.9,2.2
R000963,P0012,2026-03-22,HCP01353,Oncology,Injectable,4.5,3.5,4.3,2.4
R000964,P0049,2025-06-08,HCP01584,Neurology,Infusion,2.9,4.0,4.7,1.2
R000965,P0048,2025-07-19,HCP00993,Oncology,Oral Therapy,3.8,4.6,4.3,2.3
R000966,P0075,2026-02-15,HCP02156,Neurology,Combination Therapy,3.7,4.0,3.9,1.1
R000967,P0072,2026-07-19,HCP00869,Immunology,Oral Therapy,5.0,3.2,4.5,3.1
R000968,P0059,2025-10-16,HCP01698,Cardiology,Digital Therapeutic,4.2,4.8,3.8,2.1
R000969,P0097,2025-10-23,HCP01934,Cardiology,Digital Therapeutic,5.0,3.8,4.8,2.0
R000970,P0004,2025-07-10,HCP00032,Diabetes,Oral Therapy,3.1,3.2,3.2,1.0
R000971,P0048,2025-08-02,HCP02116,Oncology,Oral Therapy,3.5,5.0,3.8,2.8
R000972,P0008,2025-12-17,HCP01682,Neurology,Oral Therapy,3.2,2.5,3.6,4.7
R000973,P0037,2025-10-20,HCP00492,Neurology,Combination Therapy,4.5,3.3,5.0,2.0
R000974,P0032,2026-04-26,HCP00530,Rare Disease,Infusion,4.7,3.4,3.6,2.5
R000975,P0107,2025-11-09,HCP00175,Diabetes,Oral Therapy,4.0,4.4,4.0,3.9
R000976,P0081,2026-01-01,HCP01118,Oncology,Combination Therapy,3.8,3.6,2.7,4.6
R000977,P0029,2025-11-26,HCP00141,Neurology,Combination Therapy,4.1,3.3,5.0,1.4
R000978,P0077,2025-11-14,HCP01729,Neurology,Infusion,2.5,4.5,3.5,3.6
R000979,P0100,2025-03-27,HCP00183,Neurology,Infusion,3.4,4.3,5.0,1.0
R000980,P0023,2025-06-25,HCP01641,Respiratory,Combination Therapy,3.4,3.6,3.3,1.0
R000981,P0068,2025-08-08,HCP01831,Immunology,Infusion,3.7,4.0,3.4,1.0
R000982,P0059,2025-10-11,HCP00957,Cardiology,Oral Therapy,3.1,3.0,4.5,2.2
R000983,P0110,2026-07-31,HCP00875,Rare Disease,Digital Therapeutic,3.0,3.6,3.0,1.0
R000984,P0045,2026-02-13,HCP01783,Neurology,Injectable,2.3,3.8,4.3,3.7
R000985,P0082,2026-05-19,HCP02256,Neurology,Digital Therapeutic,4.1,2.9,3.5,2.5
R000986,P0069,2026-03-31,HCP02361,Immunology,Oral Therapy,2.5,2.6,5.0,3.1
R000987,P0039,2026-08-11,HCP01555,Respiratory,Injectable,4.5,3.5,5.0,2.2
R000988,P0041,2026-07-17,HCP00577,Respiratory,Injectable,4.0,4.5,4.8,2.0
R000989,P0104,2025-07-11,HCP00879,Cardiology,Injectable,4.5,4.2,5.0,2.4
R000990,P0108,2025-05-02,HCP00299,Diabetes,Infusion,2.9,3.4,3.6,4.3
R000991,P0032,2026-06-26,HCP00071,Rare Disease,Infusion,5.0,5.0,4.5,2.7
R000992,P0057,2025-07-15,HCP00338,Immunology,Combination Therapy,5.0,3.0,3.4,2.6
R000993,P0018,2025-03-13,HCP01929,Immunology,Digital Therapeutic,3.7,4.2,4.6,1.6
R000994,P0052,2025-11-01,HCP01145,Oncology,Infusion,4.0,3.4,4.2,1.6
R000995,P0105,2025-12-25,HCP01417,Neurology,Injectable,3.7,4.6,3.2,1.9
R000996,P0085,2025-12-05,HCP00746,Respiratory,Injectable,4.6,3.7,4.0,3.1
R000997,P0059,2025-10-13,HCP00151,Cardiology,Injectable,4.4,3.6,4.1,2.8
R000998,P0094,2025-04-28,HCP01169,Cardiology,Digital Therapeutic,2.2,4.5,4.0,1.0
R000999,P0067,2025-07-22,HCP01085,Immunology,Combination Therapy,3.0,3.7,5.0,2.9
R001000,P0053,2025-07-05,HCP00211,Respiratory,Digital Therapeutic,4.0,4.3,3.3,3.1
R001001,P0003,2025-10-12,HCP01659,Respiratory,Combination Therapy,4.4,3.7,3.6,3.0
R001002,P0014,2025-02-03,HCP00618,Cardiology,Oral Therapy,3.8,2.0,2.1,3.0
R001003,P0065,2025-06-06,HCP01264,Immunology,Oral Therapy,2.3,5.0,4.4,3.0
R001004,P0011,2025-04-11,HCP00868,Respiratory,Digital Therapeutic,4.2,4.2,4.5,2.8
R001005,P0002,2025-12-03,HCP00239,Cardiology,Combination Therapy,5.0,3.6,4.6,1.3
R001006,P0040,2026-07-12,HCP02335,Neurology,Infusion,1.7,4.8,4.0,3.4
R001007,P0067,2025-06-19,HCP01568,Immunology,Infusion,4.5,3.1,3.5,4.0
R001008,P0088,2026-01-02,HCP00743,Respiratory,Infusion,5.0,3.2,3.2,3.6
R001009,P0116,2026-05-20,HCP00570,Rare Disease,Oral Therapy,4.5,2.8,4.4,2.7
R001010,P0079,2026-05-28,HCP00121,Oncology,Combination Therapy,3.6,3.7,3.5,2.4
R001011,P0118,2025-12-01,HCP01941,Immunology,Oral Therapy,4.5,3.3,2.9,1.9
R001012,P0035,2026-03-11,HCP00778,Cardiology,Digital Therapeutic,3.6,3.6,4.7,1.0
R001013,P0079,2026-05-17,HCP00550,Oncology,Infusion,4.2,2.8,3.8,3.4
R001014,P0001,2026-07-22,HCP02343,Respiratory,Combination Therapy,3.8,3.3,4.1,1.2
R001015,P0017,2026-01-24,HCP02497,Immunology,Digital Therapeutic,3.8,4.1,1.8,2.2
R001016,P0078,2025-12-06,HCP01069,Cardiology,Combination Therapy,3.1,4.8,4.0,2.2
R001017,P0038,2025-10-24,HCP01498,Diabetes,Digital Therapeutic,3.3,3.8,3.8,3.6
R001018,P0068,2025-08-18,HCP02047,Immunology,Digital Therapeutic,5.0,3.5,5.0,3.1
R001019,P0114,2026-07-28,HCP01515,Cardiology,Infusion,3.2,4.2,3.8,1.9
R001020,P0093,2025-02-13,HCP00669,Respiratory,Oral Therapy,2.0,4.6,2.0,2.4
R001021,P0043,2026-03-31,HCP01904,Immunology,Combination Therapy,5.0,4.6,3.8,2.3
R001022,P0083,2025-04-24,HCP00340,Immunology,Injectable,3.3,4.2,4.0,3.1
R001023,P0111,2026-02-10,HCP01368,Immunology,Injectable,3.5,3.3,4.9,1.6
R001024,P0030,2026-02-22,HCP01242,Cardiology,Digital Therapeutic,3.4,3.8,4.0,2.8
R001025,P0067,2025-05-21,HCP01486,Immunology,Oral Therapy,3.7,4.0,3.7,2.3
R001026,P0088,2025-12-15,HCP01755,Respiratory,Oral Therapy,3.1,2.1,3.9,4.7
R001027,P0080,2026-05-24,HCP00150,Neurology,Combination Therapy,5.0,3.8,5.0,1.8
R001028,P0059,2025-11-23,HCP02114,Cardiology,Combination Therapy,3.5,5.0,4.3,3.6
R001029,P0052,2025-12-11,HCP00760,Oncology,Combination Therapy,2.8,3.4,3.8,2.1
R001030,P0069,2026-02-18,HCP00603,Immunology,Oral Therapy,1.3,2.5,4.7,2.4
R001031,P0060,2025-07-30,HCP01332,Cardiology,Injectable,4.6,3.3,3.2,3.7
R001032,P0043,2026-04-24,HCP02467,Immunology,Infusion,3.3,3.3,3.5,3.0
R001033,P0105,2025-12-07,HCP02087,Neurology,Injectable,4.0,4.6,3.6,2.4
R001034,P0095,2025-12-20,HCP01224,Cardiology,Oral Therapy,2.9,5.0,2.8,2.2
R001035,P0077,2025-10-12,HCP01470,Neurology,Oral Therapy,3.8,3.9,4.7,3.8
R001036,P0024,2026-08-18,HCP01256,Diabetes,Digital Therapeutic,3.7,3.2,3.5,2.2
R001037,P0062,2025-07-06,HCP01710,Immunology,Combination Therapy,4.5,3.0,4.1,2.2
R001038,P0025,2025-08-15,HCP02147,Respiratory,Digital Therapeutic,3.8,4.5,3.6,1.9
R001039,P0020,2026-06-10,HCP00353,Cardiology,Oral Therapy,2.7,4.3,4.2,4.1
R001040,P0029,2025-12-19,HCP01019,Neurology,Infusion,5.0,4.6,5.0,1.4
R001041,P0019,2026-03-31,HCP01420,Respiratory,Infusion,4.1,3.4,3.8,2.8
R001042,P0095,2026-01-21,HCP01894,Cardiology,Oral Therapy,2.9,4.9,3.7,2.8
R001043,P0062,2025-07-03,HCP00240,Immunology,Oral Therapy,3.9,3.9,3.1,1.4
R001044,P0088,2025-12-04,HCP01420,Respiratory,Infusion,4.0,3.3,3.8,2.3
R001045,P0118,2025-12-10,HCP01937,Immunology,Injectable,4.1,2.4,2.7,2.2
R001046,P0033,2026-02-26,HCP00339,Oncology,Injectable,4.0,3.4,5.0,2.0
R001047,P0024,2026-05-26,HCP00430,Diabetes,Injectable,3.9,3.4,3.5,2.6
R001048,P0018,2025-03-04,HCP00083,Immunology,Oral Therapy,4.5,3.1,3.3,2.8
R001049,P0003,2025-10-01,HCP02126,Respiratory,Combination Therapy,4.3,4.1,3.9,2.2
R001050,P0004,2025-03-11,HCP02336,Diabetes,Oral Therapy,4.3,3.3,4.4,4.3
R001051,P0072,2026-06-05,HCP01173,Immunology,Infusion,2.2,3.1,3.8,1.9
R001052,P0083,2025-05-01,HCP02167,Immunology,Combination Therapy,2.2,3.2,4.8,2.7
R001053,P0036,2025-10-19,HCP01487,Respiratory,Injectable,3.0,2.8,3.7,2.6
R001054,P0065,2025-04-27,HCP02459,Immunology,Injectable,3.5,3.4,3.4,3.0
R001055,P0025,2025-06-27,HCP00272,Respiratory,Infusion,3.1,3.4,4.0,2.7
R001056,P0085,2025-10-26,HCP01686,Respiratory,Oral Therapy,2.8,3.6,3.9,1.7
R001057,P0086,2026-03-13,HCP01812,Diabetes,Digital Therapeutic,3.9,4.1,4.6,3.1
R001058,P0085,2026-03-21,HCP01615,Respiratory,Oral Therapy,3.0,4.9,4.6,2.5
R001059,P0062,2025-07-23,HCP01237,Immunology,Digital Therapeutic,1.7,4.5,3.7,3.4
R001060,P0102,2025-12-31,HCP00522,Cardiology,Digital Therapeutic,2.5,2.7,2.9,3.2
R001061,P0011,2025-05-17,HCP00424,Respiratory,Injectable,3.2,4.4,4.4,3.0
R001062,P0050,2025-07-30,HCP01606,Diabetes,Injectable,3.5,4.6,3.1,3.3
R001063,P0008,2025-11-22,HCP01449,Neurology,Oral Therapy,4.5,4.3,3.9,2.0
R001064,P0100,2025-04-02,HCP01222,Neurology,Oral Therapy,4.1,3.5,4.3,2.6
R001065,P0009,2026-04-13,HCP00098,Immunology,Combination Therapy,2.0,4.8,5.0,3.5
R001066,P0053,2025-04-16,HCP00944,Respiratory,Oral Therapy,4.9,3.2,5.0,2.7
R001067,P0023,2025-08-31,HCP02170,Respiratory,Oral Therapy,3.5,4.5,4.3,1.8
R001068,P0085,2026-01-03,HCP01707,Respiratory,Oral Therapy,3.8,4.5,2.6,1.6
R001069,P0049,2025-05-27,HCP01900,Neurology,Infusion,3.8,4.1,3.2,3.2
R001070,P0067,2025-07-22,HCP00213,Immunology,Digital Therapeutic,3.0,2.5,3.9,2.0
R001071,P0116,2026-03-10,HCP01132,Rare Disease,Injectable,4.2,3.9,3.8,2.5
R001072,P0111,2026-01-17,HCP01260,Immunology,Combination Therapy,2.0,4.4,4.1,3.8
R001073,P0052,2025-11-22,HCP01947,Oncology,Digital Therapeutic,4.8,3.8,4.1,1.7
R001074,P0045,2025-12-29,HCP01896,Neurology,Combination Therapy,3.9,3.7,3.2,3.6
R001075,P0036,2025-11-15,HCP00243,Respiratory,Injectable,4.0,3.5,4.4,1.6
R001076,P0083,2025-04-24,HCP02075,Immunology,Infusion,4.1,3.4,3.4,3.6
R001077,P0120,2026-06-16,HCP00101,Immunology,Injectable,3.3,3.7,4.1,2.7
R001078,P0072,2026-05-21,HCP01226,Immunology,Injectable,4.8,4.6,5.0,1.0
R001079,P0068,2025-08-11,HCP00620,Immunology,Combination Therapy,3.1,3.3,3.3,1.4
R001080,P0120,2026-04-02,HCP00882,Immunology,Injectable,2.8,4.1,4.1,1.7
R001081,P0023,2025-07-16,HCP01067,Respiratory,Infusion,3.8,1.9,3.7,2.6
R001082,P0010,2025-03-05,HCP01431,Diabetes,Digital Therapeutic,2.5,3.4,3.3,3.5
R001083,P0012,2026-06-26,HCP00082,Oncology,Injectable,3.2,4.3,4.1,2.9
R001084,P0072,2026-06-23,HCP00321,Immunology,Combination Therapy,3.9,4.5,3.5,1.7
R001085,P0108,2025-04-06,HCP01724,Diabetes,Injectable,4.3,3.0,4.5,3.8
R001086,P0028,2026-03-12,HCP00229,Oncology,Combination Therapy,3.7,4.0,4.4,2.4
R001087,P0087,2026-02-20,HCP00611,Oncology,Digital Therapeutic,2.9,4.3,5.0,1.7
R001088,P0107,2026-03-15,HCP02048,Diabetes,Combination Therapy,3.4,3.2,4.5,2.4
R001089,P0110,2026-05-07,HCP00532,Rare Disease,Infusion,3.1,2.6,4.5,2.5
R001090,P0096,2026-01-03,HCP00317,Neurology,Digital Therapeutic,3.6,2.9,2.6,1.7
R001091,P0045,2026-02-01,HCP01197,Neurology,Digital Therapeutic,3.2,2.7,4.6,3.4
R001092,P0080,2026-05-11,HCP01044,Neurology,Oral Therapy,2.9,4.3,4.5,2.2
R001093,P0067,2025-06-18,HCP00313,Immunology,Oral Therapy,2.8,3.9,3.5,1.8
R001094,P0058,2025-09-09,HCP01030,Respiratory,Combination Therapy,2.1,3.5,5.0,3.0
R001095,P0085,2025-10-24,HCP02122,Respiratory,Infusion,4.6,3.2,4.6,2.9
R001096,P0082,2026-02-22,HCP02458,Neurology,Oral Therapy,4.3,4.6,4.1,3.2
R001097,P0098,2026-07-23,HCP00165,Cardiology,Digital Therapeutic,2.7,3.6,4.5,3.2
R001098,P0067,2025-06-17,HCP01763,Immunology,Injectable,4.3,4.0,4.3,1.9
R001099,P0080,2026-05-25,HCP01720,Neurology,Injectable,3.7,3.2,4.1,2.4
R001100,P0035,2026-04-20,HCP01917,Cardiology,Combination Therapy,2.6,3.0,3.9,1.0
R001101,P0057,2025-07-20,HCP01922,Immunology,Infusion,2.8,4.5,4.8,2.6
R001102,P0099,2026-05-30,HCP01675,Rare Disease,Infusion,3.6,3.8,3.0,2.7
R001103,P0093,2025-02-02,HCP02176,Respiratory,Infusion,4.3,3.9,4.1,2.3
R001104,P0062,2025-06-26,HCP00682,Immunology,Injectable,4.2,4.0,5.0,1.6
R001105,P0069,2026-04-03,HCP00320,Immunology,Digital Therapeutic,3.2,4.5,4.1,3.5
R001106,P0031,2025-12-17,HCP00903,Rare Disease,Infusion,4.1,4.6,4.5,1.4
R001107,P0046,2026-04-04,HCP00490,Immunology,Injectable,3.6,3.0,4.0,3.9
R001108,P0080,2026-05-11,HCP00459,Neurology,Digital Therapeutic,3.1,3.6,3.3,1.1
R001109,P0014,2025-03-18,HCP00111,Cardiology,Infusion,4.5,3.1,4.6,2.3
R001110,P0003,2025-08-01,HCP01356,Respiratory,Injectable,3.8,3.9,5.0,1.0
R001111,P0072,2026-05-13,HCP02060,Immunology,Digital Therapeutic,4.1,3.5,3.6,1.8
R001112,P0087,2026-05-03,HCP00195,Oncology,Infusion,2.8,3.6,4.4,2.7
R001113,P0118,2025-12-13,HCP01652,Immunology,Oral Therapy,3.3,3.6,4.2,2.8
R001114,P0057,2025-10-04,HCP02260,Immunology,Injectable,4.4,3.6,3.8,2.3
R001115,P0015,2025-09-14,HCP01200,Oncology,Digital Therapeutic,3.5,5.0,4.8,2.0
R001116,P0077,2025-10-03,HCP00492,Neurology,Injectable,3.5,2.4,3.8,4.6
R001117,P0037,2025-09-01,HCP01682,Neurology,Digital Therapeutic,2.8,3.7,3.3,2.4
R001118,P0019,2026-05-25,HCP00534,Respiratory,Injectable,3.9,2.7,3.8,5.0
R001119,P0075,2026-04-20,HCP00325,Neurology,Combination Therapy,2.8,3.9,3.9,3.9
R001120,P0087,2026-02-13,HCP01212,Oncology,Digital Therapeutic,4.0,2.8,3.6,1.9
R001121,P0007,2026-09-04,HCP00037,Diabetes,Injectable,2.9,3.7,3.6,2.1
R001122,P0087,2026-04-15,HCP00800,Oncology,Injectable,3.5,3.3,3.2,4.0
R001123,P0069,2026-03-12,HCP01961,Immunology,Injectable,5.0,4.5,3.8,1.2
R001124,P0089,2025-03-31,HCP00417,Neurology,Infusion,4.0,2.8,4.1,3.8
R001125,P0076,2025-07-31,HCP01291,Cardiology,Injectable,3.4,2.8,3.4,2.4
R001126,P0057,2025-08-03,HCP02465,Immunology,Combination Therapy,4.4,3.0,3.3,1.0
R001127,P0041,2026-04-07,HCP00546,Respiratory,Oral Therapy,3.1,4.1,3.3,1.5
R001128,P0077,2025-10-14,HCP00700,Neurology,Oral Therapy,2.9,3.9,3.9,2.3
R001129,P0024,2026-07-09,HCP01755,Diabetes,Oral Therapy,3.4,3.6,3.6,2.0
R001130,P0066,2026-02-17,HCP01849,Diabetes,Digital Therapeutic,4.6,4.2,2.9,1.9
R001131,P0091,2025-06-11,HCP01219,Rare Disease,Combination Therapy,4.6,2.2,3.2,1.2
R001132,P0028,2026-03-11,HCP01816,Oncology,Injectable,3.3,3.6,3.9,2.5
R001133,P0011,2025-04-01,HCP01578,Respiratory,Combination Therapy,3.5,3.8,3.7,3.9
R001134,P0003,2025-09-01,HCP00612,Respiratory,Infusion,4.1,3.9,3.9,3.9
R001135,P0067,2025-08-23,HCP02058,Immunology,Injectable,5.0,3.8,5.0,3.6
R001136,P0050,2025-08-08,HCP00695,Diabetes,Digital Therapeutic,3.5,4.0,4.1,2.3
R001137,P0079,2026-05-28,HCP01693,Oncology,Oral Therapy,4.9,4.1,2.8,3.6
R001138,P0098,2026-05-22,HCP01337,Cardiology,Combination Therapy,3.9,5.0,3.6,1.1
R001139,P0118,2025-12-08,HCP01341,Immunology,Combination Therapy,4.4,4.3,4.2,3.1
R001140,P0039,2026-06-08,HCP02153,Respiratory,Combination Therapy,4.6,2.7,3.5,3.9
R001141,P0014,2025-03-10,HCP02267,Cardiology,Combination Therapy,3.8,4.4,3.3,3.2
R001142,P0090,2025-08-26,HCP01849,Neurology,Combination Therapy,3.7,3.7,4.6,1.0
R001143,P0003,2025-06-19,HCP01494,Respiratory,Infusion,3.5,3.4,3.7,1.7
R001144,P0077,2025-11-16,HCP00758,Neurology,Oral Therapy,4.0,2.8,3.4,1.9
R001145,P0034,2025-03-18,HCP01803,Respiratory,Infusion,4.7,3.6,3.4,1.5
R001146,P0043,2026-05-12,HCP00108,Immunology,Infusion,4.8,3.9,5.0,2.2
R001147,P0015,2025-08-14,HCP00256,Oncology,Digital Therapeutic,4.7,4.3,3.2,2.4
R001148,P0001,2026-05-13,HCP01519,Respiratory,Combination Therapy,3.3,3.0,3.8,2.3
R001149,P0024,2026-08-31,HCP00683,Diabetes,Combination Therapy,3.2,3.5,3.9,1.7
R001150,P0052,2025-12-12,HCP01190,Oncology,Combination Therapy,3.0,3.4,4.4,3.5
R001151,P0036,2025-10-19,HCP02355,Respiratory,Combination Therapy,3.8,3.4,3.5,2.3
R001152,P0048,2025-05-21,HCP00860,Oncology,Infusion,4.5,2.7,3.4,1.2
R001153,P0014,2025-03-18,HCP01056,Cardiology,Digital Therapeutic,3.2,3.0,4.5,2.1
R001154,P0017,2026-01-07,HCP01616,Immunology,Injectable,3.5,3.6,5.0,2.0
R001155,P0090,2025-10-12,HCP01843,Neurology,Digital Therapeutic,4.2,4.2,3.6,1.0
R001156,P0099,2026-06-08,HCP02380,Rare Disease,Infusion,3.4,3.6,3.6,2.2
R001157,P0089,2025-03-31,HCP00796,Neurology,Oral Therapy,3.5,3.0,5.0,3.7
R001158,P0115,2025-07-28,HCP02259,Neurology,Digital Therapeutic,4.6,3.6,3.7,2.3
R001159,P0088,2025-12-28,HCP00551,Respiratory,Digital Therapeutic,3.7,2.9,3.8,2.3
R001160,P0015,2025-09-11,HCP01665,Oncology,Digital Therapeutic,3.1,4.3,4.1,3.0
R001161,P0089,2025-02-11,HCP00200,Neurology,Injectable,3.8,4.8,4.3,2.0
R001162,P0028,2026-05-02,HCP02399,Oncology,Injectable,4.1,3.9,4.2,1.5
R001163,P0094,2025-05-21,HCP01973,Cardiology,Oral Therapy,5.0,4.3,4.6,3.1
R001164,P0076,2025-10-19,HCP00990,Cardiology,Oral Therapy,5.0,3.3,3.1,2.5
R001165,P0102,2026-01-17,HCP02252,Cardiology,Digital Therapeutic,5.0,4.0,3.9,1.0
R001166,P0115,2025-04-30,HCP00253,Neurology,Combination Therapy,2.8,3.7,4.7,2.9
R001167,P0083,2025-05-04,HCP00911,Immunology,Injectable,4.9,4.5,2.5,2.8
R001168,P0113,2026-07-31,HCP01131,Neurology,Infusion,5.0,3.4,3.1,1.0
R001169,P0065,2025-07-28,HCP01650,Immunology,Injectable,3.7,3.7,4.5,1.0
R001170,P0112,2025-05-08,HCP01651,Respiratory,Combination Therapy,3.4,3.0,4.1,1.9
R001171,P0011,2025-05-20,HCP00132,Respiratory,Combination Therapy,4.3,4.2,3.6,4.8
R001172,P0053,2025-07-03,HCP02004,Respiratory,Combination Therapy,3.4,3.3,4.2,4.6
R001173,P0092,2026-01-30,HCP00360,Cardiology,Oral Therapy,2.7,3.5,4.3,3.9
R001174,P0119,2025-10-30,HCP02345,Neurology,Combination Therapy,2.5,3.1,3.4,1.8
R001175,P0105,2026-01-26,HCP01023,Neurology,Oral Therapy,2.4,3.6,4.0,1.8
R001176,P0044,2025-08-12,HCP01293,Immunology,Injectable,3.9,4.3,3.2,1.3
R001177,P0076,2025-07-17,HCP00978,Cardiology,Injectable,4.3,4.0,4.7,1.4
R001178,P0011,2025-03-18,HCP00933,Respiratory,Digital Therapeutic,2.9,4.7,3.0,3.1
R001179,P0014,2025-03-01,HCP01126,Cardiology,Injectable,4.1,3.3,3.9,4.1
R001180,P0085,2026-02-15,HCP00705,Respiratory,Infusion,4.1,3.8,4.5,2.3
R001181,P0038,2025-11-02,HCP02263,Diabetes,Combination Therapy,4.0,4.6,5.0,2.0
R001182,P0067,2025-05-23,HCP01518,Immunology,Oral Therapy,4.3,3.1,3.9,1.7
R001183,P0025,2025-11-28,HCP01134,Respiratory,Combination Therapy,3.9,4.6,5.0,2.3
R001184,P0096,2026-01-11,HCP01732,Neurology,Infusion,4.8,4.8,3.3,1.7
R001185,P0011,2025-04-23,HCP00146,Respiratory,Infusion,4.2,3.0,4.4,1.2
R001186,P0075,2026-04-29,HCP01581,Neurology,Infusion,2.6,5.0,3.5,2.7
R001187,P0082,2026-02-18,HCP00424,Neurology,Oral Therapy,5.0,3.6,5.0,1.8
R001188,P0099,2026-08-10,HCP00488,Rare Disease,Oral Therapy,2.9,2.6,3.9,2.0
R001189,P0031,2025-12-19,HCP01647,Rare Disease,Oral Therapy,3.7,3.0,3.3,2.5
R001190,P0042,2025-09-29,HCP01116,Rare Disease,Injectable,5.0,3.7,4.8,1.0
R001191,P0067,2025-09-04,HCP00443,Immunology,Oral Therapy,4.1,3.5,3.7,1.1
R001192,P0035,2026-03-07,HCP00186,Cardiology,Infusion,3.0,3.2,3.2,2.6
R001193,P0089,2025-04-02,HCP01525,Neurology,Infusion,4.0,2.9,3.8,1.5
R001194,P0091,2025-06-05,HCP01301,Rare Disease,Digital Therapeutic,4.1,2.8,4.7,2.5
R001195,P0091,2025-07-27,HCP00594,Rare Disease,Digital Therapeutic,3.9,4.9,3.9,1.8
R001196,P0060,2025-07-11,HCP00536,Cardiology,Combination Therapy,3.3,4.0,3.7,2.8
R001197,P0076,2025-10-31,HCP01857,Cardiology,Oral Therapy,2.6,4.5,4.0,1.1
R001198,P0022,2026-04-30,HCP02223,Cardiology,Digital Therapeutic,2.7,3.1,2.4,1.8
R001199,P0024,2026-08-21,HCP02343,Diabetes,Injectable,3.0,3.5,5.0,3.9
R001200,P0046,2025-12-28,HCP02021,Immunology,Combination Therapy,4.8,3.1,4.0,2.8
R001201,P0025,2025-11-19,HCP00593,Respiratory,Combination Therapy,2.7,3.4,4.6,3.3
R001202,P0097,2025-10-18,HCP01829,Cardiology,Oral Therapy,3.8,4.5,5.0,2.5
R001203,P0031,2025-12-30,HCP00966,Rare Disease,Infusion,4.9,3.5,3.3,1.4
R001204,P0111,2026-01-24,HCP00282,Immunology,Infusion,4.3,3.7,3.2,1.8
R001205,P0050,2025-04-13,HCP00424,Diabetes,Injectable,4.9,3.3,5.0,1.9
R001206,P0092,2026-01-19,HCP01117,Cardiology,Injectable,3.2,4.3,3.5,1.9
R001207,P0010,2025-03-03,HCP00701,Diabetes,Oral Therapy,4.2,3.4,3.7,3.7
R001208,P0087,2026-04-03,HCP00451,Oncology,Infusion,4.7,4.7,3.5,2.3
R001209,P0055,2026-01-01,HCP01928,Diabetes,Digital Therapeutic,4.5,3.5,2.0,1.2
R001210,P0098,2026-04-02,HCP00110,Cardiology,Digital Therapeutic,4.5,5.0,3.8,1.9
R001211,P0022,2026-08-01,HCP02389,Cardiology,Digital Therapeutic,2.7,4.6,3.9,2.9
R001212,P0025,2025-11-14,HCP01007,Respiratory,Combination Therapy,4.3,3.8,4.7,1.1
R001213,P0104,2025-04-27,HCP00819,Cardiology,Digital Therapeutic,4.1,3.8,3.7,3.5
R001214,P0070,2026-06-12,HCP00785,Immunology,Injectable,3.6,4.8,3.6,3.8
R001215,P0068,2025-07-13,HCP01686,Immunology,Injectable,3.2,4.0,4.3,1.7
R001216,P0072,2026-05-19,HCP02296,Immunology,Infusion,4.1,4.2,4.6,3.0
R001217,P0043,2026-02-24,HCP00674,Immunology,Infusion,2.9,5.0,3.2,3.4
R001218,P0114,2026-07-20,HCP02316,Cardiology,Oral Therapy,3.3,3.9,2.7,1.6
R001219,P0067,2025-05-26,HCP02272,Immunology,Injectable,4.5,2.3,5.0,2.1
R001220,P0002,2025-08-21,HCP02338,Cardiology,Digital Therapeutic,4.6,3.9,5.0,2.3
R001221,P0035,2026-07-30,HCP01545,Cardiology,Oral Therapy,4.1,4.6,3.6,2.8
R001222,P0117,2025-08-02,HCP00036,Immunology,Injectable,3.3,4.0,3.8,3.8
R001223,P0059,2025-11-23,HCP00776,Cardiology,Injectable,2.8,3.0,4.0,2.3
R001224,P0088,2026-01-08,HCP01298,Respiratory,Infusion,3.0,3.7,3.4,1.1
R001225,P0003,2025-08-08,HCP01991,Respiratory,Combination Therapy,4.8,4.8,3.6,1.0
R001226,P0003,2025-10-21,HCP00046,Respiratory,Injectable,3.9,2.8,3.9,1.8
R001227,P0025,2025-09-09,HCP01456,Respiratory,Oral Therapy,3.6,2.6,3.1,2.2
R001228,P0063,2025-09-23,HCP01512,Rare Disease,Oral Therapy,3.8,3.2,5.0,3.6
R001229,P0074,2026-01-28,HCP00104,Immunology,Digital Therapeutic,4.3,4.6,2.9,1.0
R001230,P0009,2026-05-05,HCP01272,Immunology,Digital Therapeutic,2.8,2.4,2.6,2.3
R001231,P0111,2026-01-30,HCP01044,Immunology,Oral Therapy,3.3,3.9,4.6,3.8
R001232,P0073,2026-03-23,HCP01076,Immunology,Digital Therapeutic,4.2,4.1,3.7,2.8
R001233,P0043,2026-03-31,HCP01865,Immunology,Combination Therapy,3.9,3.8,4.3,1.4
R001234,P0055,2026-04-06,HCP00132,Diabetes,Combination Therapy,4.6,2.8,4.0,2.6
R001235,P0061,2026-06-30,HCP01878,Immunology,Combination Therapy,4.3,3.9,3.7,2.4
R001236,P0093,2025-02-22,HCP00263,Respiratory,Combination Therapy,3.0,3.0,3.9,3.6
R001237,P0012,2026-05-10,HCP01775,Oncology,Digital Therapeutic,1.0,3.9,4.2,3.1
R001238,P0070,2026-07-06,HCP00783,Immunology,Infusion,3.9,3.2,4.7,2.7
R001239,P0063,2025-09-01,HCP01302,Rare Disease,Digital Therapeutic,2.8,4.0,3.5,3.0
R001240,P0095,2026-01-21,HCP00606,Cardiology,Digital Therapeutic,4.1,3.8,4.3,2.5
R001241,P0044,2025-08-28,HCP02459,Immunology,Digital Therapeutic,5.0,2.9,3.7,1.8
R001242,P0045,2026-01-27,HCP00448,Neurology,Injectable,2.8,4.2,3.7,3.1
R001243,P0097,2025-10-10,HCP01027,Cardiology,Infusion,4.2,3.7,3.4,1.8
R001244,P0103,2026-03-01,HCP02129,Respiratory,Infusion,4.4,4.0,3.8,2.8
R001245,P0099,2026-05-11,HCP00949,Rare Disease,Combination Therapy,4.0,3.9,3.2,3.1
R001246,P0104,2025-06-26,HCP00072,Cardiology,Combination Therapy,4.0,4.5,3.2,1.3
R001247,P0013,2025-03-21,HCP00502,Respiratory,Combination Therapy,1.9,4.2,3.4,2.2
R001248,P0079,2026-07-02,HCP00545,Oncology,Combination Therapy,3.8,4.1,2.5,3.8
R001249,P0083,2025-04-29,HCP00201,Immunology,Oral Therapy,3.7,2.5,3.4,3.6
R001250,P0032,2026-06-26,HCP02293,Rare Disease,Injectable,4.6,3.5,3.7,2.8
R001251,P0055,2025-11-27,HCP02070,Diabetes,Infusion,4.5,2.0,4.2,2.3
R001252,P0119,2025-11-08,HCP02180,Neurology,Combination Therapy,3.3,2.7,3.1,2.2
R001253,P0017,2025-12-25,HCP01377,Immunology,Oral Therapy,2.1,4.5,4.0,1.8
R001254,P0099,2026-06-26,HCP00889,Rare Disease,Digital Therapeutic,2.3,3.4,4.2,2.4
R001255,P0039,2026-08-03,HCP02140,Respiratory,Combination Therapy,4.9,4.5,3.8,3.6
R001256,P0103,2026-01-13,HCP02012,Respiratory,Oral Therapy,3.6,3.2,4.1,1.9
R001257,P0065,2025-07-24,HCP01817,Immunology,Injectable,2.5,3.6,4.1,1.3
R001258,P0002,2025-11-14,HCP00381,Cardiology,Digital Therapeutic,2.6,3.8,3.7,3.3
R001259,P0014,2025-03-19,HCP02107,Cardiology,Infusion,3.9,4.8,3.5,2.1
R001260,P0100,2025-03-27,HCP01602,Neurology,Infusion,3.8,4.4,4.1,1.6
R001261,P0095,2026-01-18,HCP01750,Cardiology,Injectable,5.0,3.4,3.3,2.5
R001262,P0027,2025-11-04,HCP02208,Cardiology,Oral Therapy,3.6,3.4,2.5,2.1
R001263,P0077,2025-09-05,HCP00668,Neurology,Injectable,4.0,3.8,3.5,2.5
R001264,P0061,2026-04-30,HCP01180,Immunology,Infusion,3.7,5.0,3.6,2.9
R001265,P0007,2026-06-18,HCP00849,Diabetes,Injectable,4.4,3.8,4.1,2.8
R001266,P0085,2025-12-19,HCP00418,Respiratory,Combination Therapy,5.0,3.2,4.0,2.8
R001267,P0020,2026-05-16,HCP01274,Cardiology,Oral Therapy,4.5,3.2,3.5,2.6
R001268,P0050,2025-05-14,HCP01448,Diabetes,Digital Therapeutic,5.0,3.6,4.0,1.0
R001269,P0001,2026-11-05,HCP00672,Respiratory,Injectable,4.2,4.0,4.6,2.5
R001270,P0030,2026-02-26,HCP01871,Cardiology,Injectable,2.4,3.1,3.8,1.3
R001271,P0113,2026-07-19,HCP00756,Neurology,Injectable,3.0,4.4,3.4,1.8
R001272,P0061,2026-06-23,HCP02165,Immunology,Injectable,4.4,3.3,3.7,1.8
R001273,P0087,2026-02-05,HCP01843,Oncology,Combination Therapy,3.5,4.6,4.4,2.9
R001274,P0036,2025-10-15,HCP00948,Respiratory,Injectable,3.7,3.9,3.0,1.0
R001275,P0006,2025-09-09,HCP01838,Cardiology,Injectable,3.0,3.5,4.4,2.2
R001276,P0074,2026-01-22,HCP00711,Immunology,Oral Therapy,4.9,1.8,3.6,2.3
R001277,P0029,2025-12-31,HCP01493,Neurology,Injectable,5.0,3.5,4.7,3.1
R001278,P0014,2025-02-06,HCP01714,Cardiology,Oral Therapy,3.5,3.7,4.1,2.5
R001279,P0060,2025-07-25,HCP00504,Cardiology,Oral Therapy,3.5,3.8,4.3,2.9
R001280,P0049,2025-04-23,HCP00625,Neurology,Digital Therapeutic,4.8,4.2,4.6,2.5
R001281,P0014,2025-02-01,HCP00313,Cardiology,Digital Therapeutic,4.6,3.5,4.7,4.0
R001282,P0071,2026-02-01,HCP00607,Immunology,Infusion,2.3,4.2,4.5,2.0
R001283,P0054,2025-08-28,HCP01747,Neurology,Injectable,4.3,3.1,3.3,4.5
R001284,P0119,2025-11-09,HCP00456,Neurology,Digital Therapeutic,4.1,4.5,4.4,1.9
R001285,P0011,2025-04-17,HCP02215,Respiratory,Oral Therapy,3.9,4.5,3.1,3.1
R001286,P0060,2025-07-26,HCP00919,Cardiology,Digital Therapeutic,3.0,4.0,3.2,3.8
R001287,P0096,2026-01-01,HCP00752,Neurology,Digital Therapeutic,3.0,4.3,3.9,2.3
R001288,P0052,2026-01-03,HCP01099,Oncology,Oral Therapy,1.1,3.5,4.8,2.4
R001289,P0026,2026-06-01,HCP01587,Diabetes,Digital Therapeutic,3.1,3.6,3.9,1.2
R001290,P0119,2025-11-07,HCP01813,Neurology,Combination Therapy,2.0,3.6,3.4,5.0
R001291,P0040,2026-04-19,HCP01688,Neurology,Digital Therapeutic,3.2,4.7,4.4,2.2
R001292,P0112,2025-03-26,HCP00270,Respiratory,Combination Therapy,4.0,3.9,3.7,3.7
R001293,P0101,2026-05-21,HCP02183,Cardiology,Combination Therapy,2.7,3.2,4.3,1.8
R001294,P0081,2025-10-31,HCP01065,Oncology,Oral Therapy,4.8,3.7,4.0,1.2
R001295,P0093,2025-02-06,HCP02152,Respiratory,Combination Therapy,5.0,3.4,3.3,1.9
R001296,P0066,2026-03-08,HCP01645,Diabetes,Oral Therapy,3.9,3.9,4.7,2.6
R001297,P0081,2026-01-13,HCP00180,Oncology,Injectable,4.2,3.6,2.9,2.6
R001298,P0033,2026-01-22,HCP01363,Oncology,Combination Therapy,2.3,2.8,3.4,1.9
R001299,P0007,2026-07-10,HCP02080,Diabetes,Infusion,3.9,3.0,4.4,2.1
R001300,P0075,2026-03-30,HCP01970,Neurology,Digital Therapeutic,2.5,3.5,5.0,2.6
R001301,P0097,2025-09-27,HCP01814,Cardiology,Injectable,2.2,4.7,2.8,1.8
R001302,P0101,2026-05-29,HCP02231,Cardiology,Combination Therapy,2.6,2.5,3.9,2.0
R001303,P0092,2026-04-20,HCP01409,Cardiology,Oral Therapy,3.6,4.0,2.4,1.5
R001304,P0118,2025-11-29,HCP00532,Immunology,Injectable,3.7,4.9,3.9,3.2
R001305,P0072,2026-04-29,HCP00008,Immunology,Combination Therapy,3.6,4.5,3.5,1.3
R001306,P0021,2026-04-17,HCP02272,Rare Disease,Digital Therapeutic,2.7,3.8,4.0,2.2
R001307,P0025,2025-08-10,HCP01620,Respiratory,Injectable,3.8,3.6,4.9,3.0
R001308,P0033,2026-02-19,HCP02214,Oncology,Infusion,3.1,4.2,4.5,3.0
R001309,P0118,2025-11-09,HCP01984,Immunology,Oral Therapy,3.8,4.9,3.7,1.5
R001310,P0107,2025-12-30,HCP00910,Diabetes,Infusion,3.5,4.3,4.4,3.2
R001311,P0088,2026-01-06,HCP00420,Respiratory,Combination Therapy,2.2,3.9,4.0,2.9
R001312,P0104,2025-07-02,HCP02034,Cardiology,Injectable,3.1,4.6,3.3,3.1
R001313,P0042,2025-09-12,HCP02139,Rare Disease,Combination Therapy,4.2,3.9,3.9,2.4
R001314,P0086,2026-01-19,HCP01289,Diabetes,Digital Therapeutic,4.4,3.9,4.3,2.9
R001315,P0021,2026-05-30,HCP00621,Rare Disease,Oral Therapy,2.7,4.2,5.0,3.0
R001316,P0013,2025-03-23,HCP02028,Respiratory,Infusion,3.1,3.4,4.8,4.7
R001317,P0078,2025-10-09,HCP02099,Cardiology,Oral Therapy,3.3,5.0,4.4,1.0
R001318,P0085,2026-02-03,HCP01871,Respiratory,Injectable,4.7,3.9,2.8,2.9
R001319,P0072,2026-05-10,HCP01317,Immunology,Oral Therapy,4.1,3.7,4.1,3.2
R001320,P0057,2025-07-15,HCP02407,Immunology,Combination Therapy,2.6,4.4,4.9,2.8
R001321,P0073,2026-05-09,HCP02365,Immunology,Digital Therapeutic,4.1,4.6,4.3,3.4
R001322,P0045,2025-12-28,HCP00553,Neurology,Injectable,4.8,3.3,4.7,3.4
R001323,P0036,2025-11-19,HCP00782,Respiratory,Oral Therapy,3.9,2.6,4.3,2.8
R001324,P0031,2025-12-15,HCP01841,Rare Disease,Injectable,3.0,3.6,4.7,2.4
R001325,P0044,2025-11-16,HCP00386,Immunology,Injectable,4.4,4.0,2.9,1.0
R001326,P0039,2026-05-19,HCP00035,Respiratory,Oral Therapy,3.9,3.3,5.0,4.5
R001327,P0020,2026-04-03,HCP01289,Cardiology,Oral Therapy,3.5,3.8,4.5,1.0
R001328,P0065,2025-04-22,HCP02305,Immunology,Digital Therapeutic,4.5,3.7,4.8,3.1
R001329,P0050,2025-03-25,HCP02196,Diabetes,Digital Therapeutic,3.7,2.7,4.1,2.9
R001330,P0020,2026-05-26,HCP00498,Cardiology,Injectable,3.8,4.3,4.3,1.4
R001331,P0109,2025-10-12,HCP00567,Diabetes,Injectable,4.4,4.4,4.5,4.6
R001332,P0062,2025-08-06,HCP00934,Immunology,Combination Therapy,3.3,3.9,3.9,3.4
R001333,P0018,2025-05-19,HCP02316,Immunology,Injectable,2.7,4.1,3.5,2.8
R001334,P0006,2025-08-02,HCP02108,Cardiology,Digital Therapeutic,4.0,3.3,3.3,1.4
R001335,P0011,2025-03-19,HCP02267,Respiratory,Combination Therapy,5.0,3.7,3.9,3.9
R001336,P0050,2025-05-16,HCP01195,Diabetes,Combination Therapy,1.8,4.3,3.4,4.0
R001337,P0030,2026-02-04,HCP00196,Cardiology,Combination Therapy,4.3,2.8,3.5,2.7
R001338,P0116,2026-06-01,HCP01660,Rare Disease,Oral Therapy,3.7,3.1,5.0,4.2
R001339,P0057,2025-08-13,HCP02254,Immunology,Combination Therapy,3.2,2.8,5.0,2.8
R001340,P0089,2025-04-05,HCP00904,Neurology,Digital Therapeutic,3.2,5.0,3.8,2.9
R001341,P0030,2026-03-04,HCP00601,Cardiology,Injectable,4.5,3.6,4.8,2.5
R001342,P0009,2026-04-19,HCP01389,Immunology,Combination Therapy,4.3,4.8,3.9,3.2
R001343,P0041,2026-05-04,HCP00601,Respiratory,Injectable,2.8,3.7,3.8,3.1
R001344,P0083,2025-05-11,HCP02114,Immunology,Combination Therapy,4.0,5.0,4.2,2.1
R001345,P0092,2026-04-20,HCP01005,Cardiology,Infusion,4.9,4.7,3.5,1.5
R001346,P0024,2026-10-14,HCP02232,Diabetes,Digital Therapeutic,4.3,3.3,3.8,2.4
R001347,P0036,2025-10-10,HCP01509,Respiratory,Infusion,2.3,3.9,4.9,3.2
R001348,P0057,2025-07-04,HCP01141,Immunology,Combination Therapy,4.2,3.1,4.2,2.4
R001349,P0042,2025-10-15,HCP01137,Rare Disease,Infusion,2.6,4.3,4.2,1.7
R001350,P0036,2025-10-16,HCP01801,Respiratory,Oral Therapy,3.9,4.6,3.9,2.5
R001351,P0119,2025-10-25,HCP00613,Neurology,Combination Therapy,3.1,5.0,3.8,1.5
R001352,P0113,2026-08-01,HCP01169,Neurology,Oral Therapy,4.0,4.8,4.1,2.0
R001353,P0043,2026-04-28,HCP02161,Immunology,Digital Therapeutic,3.1,4.1,4.5,1.0
R001354,P0007,2026-05-02,HCP02350,Diabetes,Infusion,2.8,4.0,4.2,2.6
R001355,P0044,2025-09-09,HCP00108,Immunology,Digital Therapeutic,4.0,3.6,4.4,3.2
R001356,P0106,2026-02-03,HCP01819,Respiratory,Injectable,3.8,5.0,2.8,2.5
R001357,P0108,2025-03-24,HCP02104,Diabetes,Injectable,4.4,3.2,3.3,2.9
R001358,P0085,2026-02-25,HCP01079,Respiratory,Combination Therapy,3.2,3.1,3.6,2.7
R001359,P0082,2026-04-17,HCP00583,Neurology,Oral Therapy,2.4,3.0,4.3,2.9
R001360,P0044,2025-10-28,HCP01246,Immunology,Oral Therapy,4.3,4.6,4.2,3.1
R001361,P0053,2025-03-28,HCP02253,Respiratory,Infusion,4.9,4.5,4.4,3.1
R001362,P0106,2026-03-02,HCP00458,Respiratory,Injectable,3.2,4.1,3.8,3.5
R001363,P0026,2026-05-11,HCP00792,Diabetes,Infusion,4.1,4.0,4.1,1.1
R001364,P0049,2025-04-28,HCP02353,Neurology,Injectable,3.4,3.0,5.0,3.2
R001365,P0106,2026-02-12,HCP01654,Respiratory,Injectable,5.0,4.0,4.0,2.3
R001366,P0084,2026-05-03,HCP00638,Immunology,Digital Therapeutic,3.3,4.7,2.8,2.1
R001367,P0014,2025-02-15,HCP01697,Cardiology,Digital Therapeutic,3.7,3.0,4.3,1.0
R001368,P0095,2026-01-24,HCP00454,Cardiology,Oral Therapy,2.0,2.9,4.8,1.1
R001369,P0009,2026-04-25,HCP01801,Immunology,Oral Therapy,5.0,4.0,4.7,2.0
R001370,P0035,2026-07-12,HCP01131,Cardiology,Combination Therapy,3.2,4.3,3.8,1.8
R001371,P0111,2026-02-10,HCP02209,Immunology,Combination Therapy,4.8,4.4,3.8,3.4
R001372,P0009,2026-05-10,HCP01816,Immunology,Combination Therapy,3.1,4.6,4.5,3.2
R001373,P0023,2025-07-17,HCP00302,Respiratory,Injectable,3.6,3.9,4.1,3.9
R001374,P0105,2026-01-05,HCP01707,Neurology,Infusion,3.0,2.6,4.4,2.4
R001375,P0081,2025-11-18,HCP01650,Oncology,Oral Therapy,2.9,4.2,3.6,3.1
R001376,P0028,2026-05-02,HCP00637,Oncology,Oral Therapy,3.5,4.6,4.2,1.1
R001377,P0042,2025-11-18,HCP01292,Rare Disease,Infusion,3.6,3.4,3.7,4.7
R001378,P0112,2025-05-09,HCP00663,Respiratory,Oral Therapy,3.4,3.7,3.9,4.1
R001379,P0073,2026-07-23,HCP01849,Immunology,Oral Therapy,2.4,2.3,3.3,1.8
R001380,P0038,2025-10-15,HCP00590,Diabetes,Injectable,3.9,3.6,3.5,3.9
R001381,P0018,2025-03-22,HCP01021,Immunology,Oral Therapy,2.0,4.9,3.1,1.5
R001382,P0050,2025-05-08,HCP01509,Diabetes,Oral Therapy,3.4,3.5,3.0,1.9
R001383,P0039,2026-08-29,HCP00119,Respiratory,Oral Therapy,2.4,3.1,3.4,2.5
R001384,P0052,2025-11-04,HCP02393,Oncology,Infusion,4.5,5.0,4.3,1.7
R001385,P0006,2025-08-16,HCP00105,Cardiology,Infusion,4.7,4.2,4.2,3.0
R001386,P0057,2025-08-18,HCP02224,Immunology,Infusion,4.2,4.1,4.5,3.5
R001387,P0030,2026-01-12,HCP01629,Cardiology,Injectable,3.3,3.9,3.7,1.2
R001388,P0116,2026-03-14,HCP01262,Rare Disease,Oral Therapy,3.1,3.3,3.0,2.6
R001389,P0034,2025-03-21,HCP01223,Respiratory,Combination Therapy,3.5,3.6,4.2,1.6
R001390,P0030,2025-12-27,HCP00945,Cardiology,Combination Therapy,3.7,5.0,4.0,2.7
R001391,P0037,2025-07-15,HCP01800,Neurology,Infusion,4.1,3.3,3.9,2.8
R001392,P0073,2026-04-07,HCP00990,Immunology,Digital Therapeutic,4.0,4.8,3.3,1.9
R001393,P0088,2026-01-09,HCP01316,Respiratory,Combination Therapy,2.0,4.0,3.8,2.4
R001394,P0036,2025-10-09,HCP02016,Respiratory,Digital Therapeutic,4.3,4.0,4.4,2.6
R001395,P0084,2026-03-11,HCP01629,Immunology,Infusion,4.0,2.6,3.2,1.9
R001396,P0016,2026-06-30,HCP01627,Cardiology,Digital Therapeutic,3.0,4.1,2.8,1.0
R001397,P0023,2025-09-10,HCP01423,Respiratory,Combination Therapy,2.9,3.8,4.1,3.2
R001398,P0035,2026-06-18,HCP00104,Cardiology,Combination Therapy,3.8,2.7,3.5,3.2
R001399,P0084,2026-03-13,HCP00170,Immunology,Oral Therapy,3.9,3.8,4.5,3.1
R001400,P0067,2025-07-29,HCP00190,Immunology,Digital Therapeutic,2.8,3.5,3.8,1.6
R001401,P0056,2025-06-20,HCP00679,Immunology,Combination Therapy,3.7,4.0,3.3,2.3
R001402,P0073,2026-07-25,HCP01204,Immunology,Oral Therapy,3.9,3.2,4.1,1.0
R001403,P0024,2026-07-06,HCP00600,Diabetes,Combination Therapy,4.4,3.1,4.0,4.4
R001404,P0032,2026-04-20,HCP01331,Rare Disease,Injectable,3.6,3.9,4.0,1.3
R001405,P0085,2026-03-16,HCP02189,Respiratory,Combination Therapy,2.0,3.5,3.3,3.6
R001406,P0119,2025-10-30,HCP02402,Neurology,Infusion,3.9,3.6,4.8,1.8
R001407,P0001,2026-06-24,HCP01644,Respiratory,Infusion,2.3,2.9,3.6,2.8
R001408,P0044,2025-11-06,HCP00353,Immunology,Oral Therapy,3.0,3.8,4.9,2.3
R001409,P0107,2026-03-31,HCP01862,Diabetes,Digital Therapeutic,2.6,4.2,2.9,2.2
R001410,P0100,2025-04-01,HCP02020,Neurology,Combination Therapy,4.1,4.0,4.6,2.9
R001411,P0032,2026-05-28,HCP01961,Rare Disease,Combination Therapy,2.8,3.5,4.3,2.0
R001412,P0005,2025-02-06,HCP02239,Immunology,Injectable,4.5,2.7,3.8,1.0
R001413,P0069,2026-03-15,HCP00012,Immunology,Digital Therapeutic,2.7,3.2,2.9,2.4
R001414,P0084,2026-03-27,HCP00945,Immunology,Digital Therapeutic,2.0,3.3,4.0,3.5
R001415,P0031,2025-12-12,HCP01476,Rare Disease,Combination Therapy,3.4,4.4,2.8,2.5
R001416,P0037,2025-09-05,HCP00405,Neurology,Combination Therapy,2.6,4.4,3.7,1.7
R001417,P0081,2025-12-19,HCP00995,Oncology,Digital Therapeutic,4.8,4.0,4.5,5.0
R001418,P0065,2025-07-03,HCP00616,Immunology,Injectable,3.1,3.6,3.9,2.5
R001419,P0034,2025-03-17,HCP00544,Respiratory,Oral Therapy,4.7,4.7,3.9,1.7
R001420,P0101,2026-05-15,HCP01657,Cardiology,Infusion,3.4,4.2,4.9,4.4
R001421,P0109,2025-10-12,HCP01665,Diabetes,Digital Therapeutic,4.0,2.3,4.1,1.0
R001422,P0087,2026-02-26,HCP00175,Oncology,Injectable,3.3,4.9,5.0,1.7
R001423,P0114,2026-06-29,HCP01708,Cardiology,Digital Therapeutic,5.0,3.7,3.8,3.4
R001424,P0044,2025-09-30,HCP02214,Immunology,Combination Therapy,2.7,4.5,4.7,1.6
R001425,P0014,2025-03-09,HCP00101,Cardiology,Infusion,1.1,4.1,3.9,3.2
R001426,P0088,2025-12-15,HCP01892,Respiratory,Digital Therapeutic,3.9,2.9,4.2,3.3
R001427,P0068,2025-07-13,HCP01757,Immunology,Injectable,2.8,3.5,3.5,4.4
R001428,P0050,2025-08-12,HCP01987,Diabetes,Combination Therapy,3.9,2.5,4.2,3.5
R001429,P0032,2026-06-18,HCP02409,Rare Disease,Combination Therapy,3.6,3.3,4.2,2.1
R001430,P0008,2025-12-29,HCP01851,Neurology,Oral Therapy,3.3,3.9,4.1,1.8
R001431,P0021,2026-05-31,HCP00898,Rare Disease,Injectable,3.4,3.8,2.9,1.5
R001432,P0080,2026-03-21,HCP00322,Neurology,Digital Therapeutic,4.0,3.3,4.7,1.5
R001433,P0028,2026-04-28,HCP02262,Oncology,Digital Therapeutic,3.4,3.6,4.2,2.9
R001434,P0113,2026-07-04,HCP01828,Neurology,Infusion,3.6,3.9,4.3,1.0
R001435,P0057,2025-09-02,HCP01116,Immunology,Infusion,3.3,4.3,5.0,2.6
R001436,P0011,2025-05-12,HCP01498,Respiratory,Infusion,5.0,3.4,3.9,1.0
R001437,P0079,2026-05-17,HCP01332,Oncology,Infusion,4.8,3.7,4.4,2.7
R001438,P0083,2025-05-06,HCP00128,Immunology,Combination Therapy,2.4,2.9,4.5,2.0
R001439,P0022,2026-07-20,HCP00635,Cardiology,Oral Therapy,3.7,2.9,3.8,3.1
R001440,P0101,2026-06-04,HCP00712,Cardiology,Combination Therapy,3.0,4.6,4.0,1.0
R001441,P0089,2025-03-25,HCP01550,Neurology,Oral Therapy,2.6,4.9,3.5,3.4
R001442,P0072,2026-05-01,HCP01058,Immunology,Digital Therapeutic,1.0,3.9,2.4,2.5
R001443,P0015,2025-09-05,HCP01057,Oncology,Injectable,3.4,3.6,3.5,2.1
R001444,P0059,2025-11-30,HCP01358,Cardiology,Oral Therapy,3.5,3.5,3.1,3.0
R001445,P0117,2025-09-08,HCP02226,Immunology,Oral Therapy,4.9,4.7,3.0,2.9
R001446,P0029,2025-12-20,HCP00452,Neurology,Injectable,4.6,1.1,3.5,1.3
R001447,P0113,2026-07-09,HCP00285,Neurology,Oral Therapy,4.1,5.0,5.0,2.6
R001448,P0024,2026-06-15,HCP01319,Diabetes,Oral Therapy,4.3,3.9,3.2,3.2
R001449,P0073,2026-04-05,HCP02141,Immunology,Injectable,4.4,2.0,4.3,1.1
R001450,P0048,2025-05-25,HCP02394,Oncology,Injectable,4.1,5.0,2.8,2.7
R001451,P0009,2026-04-16,HCP00832,Immunology,Infusion,4.9,2.1,4.2,3.6
R001452,P0077,2025-12-02,HCP00887,Neurology,Digital Therapeutic,2.6,2.2,4.4,2.7
R001453,P0057,2025-09-02,HCP02081,Immunology,Oral Therapy,3.3,3.2,3.3,2.1
R001454,P0038,2025-10-21,HCP00379,Diabetes,Injectable,3.2,3.7,3.6,1.3
R001455,P0028,2026-02-17,HCP00907,Oncology,Injectable,3.2,4.6,3.4,1.5
R001456,P0059,2025-10-09,HCP01172,Cardiology,Injectable,3.6,3.6,4.3,2.1
R001457,P0013,2025-04-18,HCP00740,Respiratory,Infusion,5.0,3.2,4.2,3.2
R001458,P0072,2026-06-21,HCP01127,Immunology,Injectable,4.5,3.6,4.5,3.0
R001459,P0012,2026-03-19,HCP02472,Oncology,Injectable,4.7,3.6,3.9,2.1
R001460,P0026,2026-07-14,HCP02293,Diabetes,Oral Therapy,3.6,4.8,3.0,1.8
R001461,P0062,2025-07-19,HCP00958,Immunology,Digital Therapeutic,3.6,4.5,3.3,1.9
R001462,P0089,2025-03-14,HCP01156,Neurology,Injectable,4.2,3.4,3.1,3.5
R001463,P0048,2025-07-06,HCP02312,Oncology,Combination Therapy,4.1,3.6,3.4,1.1
R001464,P0076,2025-08-16,HCP00609,Cardiology,Oral Therapy,4.1,2.5,3.6,2.5
R001465,P0112,2025-05-04,HCP01426,Respiratory,Injectable,5.0,4.2,3.7,2.0
R001466,P0072,2026-05-27,HCP00562,Immunology,Infusion,4.2,3.8,3.9,3.1
R001467,P0091,2025-05-29,HCP01586,Rare Disease,Combination Therapy,3.0,4.1,2.8,2.3
R001468,P0058,2025-07-25,HCP00087,Respiratory,Oral Therapy,3.1,4.2,4.5,1.3
R001469,P0032,2026-03-15,HCP00534,Rare Disease,Injectable,4.4,4.9,4.2,3.9
R001470,P0044,2025-11-30,HCP01854,Immunology,Injectable,4.3,3.5,3.7,2.7
R001471,P0043,2026-03-18,HCP01735,Immunology,Oral Therapy,4.5,3.8,3.6,2.6
R001472,P0066,2026-01-08,HCP00670,Diabetes,Infusion,4.1,4.9,3.7,1.2
R001473,P0019,2026-04-29,HCP00509,Respiratory,Digital Therapeutic,2.8,3.7,3.8,2.2
R001474,P0092,2026-01-24,HCP01970,Cardiology,Injectable,5.0,3.7,4.3,1.8
R001475,P0019,2026-04-22,HCP02451,Respiratory,Digital Therapeutic,4.8,5.0,3.9,2.4
R001476,P0085,2025-11-06,HCP01376,Respiratory,Injectable,3.4,3.8,4.2,1.0
R001477,P0057,2025-07-23,HCP01804,Immunology,Infusion,4.0,5.0,4.0,2.6
R001478,P0089,2025-02-19,HCP01780,Neurology,Combination Therapy,3.9,3.4,3.6,3.2
R001479,P0022,2026-07-18,HCP02254,Cardiology,Oral Therapy,3.4,3.5,2.9,2.0
R001480,P0026,2026-04-27,HCP00508,Diabetes,Oral Therapy,2.7,2.4,4.9,2.7
R001481,P0031,2025-11-17,HCP01421,Rare Disease,Oral Therapy,4.2,4.2,4.4,1.5
R001482,P0094,2025-05-30,HCP00388,Cardiology,Combination Therapy,2.4,4.3,4.8,4.0
R001483,P0032,2026-07-30,HCP00833,Rare Disease,Infusion,3.2,3.9,3.7,1.5
R001484,P0041,2026-03-29,HCP01046,Respiratory,Combination Therapy,5.0,4.1,4.2,2.3
R001485,P0017,2025-12-28,HCP02332,Immunology,Injectable,4.1,4.4,3.6,1.7
R001486,P0028,2026-02-25,HCP00892,Oncology,Combination Therapy,4.0,2.8,4.4,1.6
R001487,P0103,2026-01-03,HCP00066,Respiratory,Injectable,3.4,3.8,5.0,3.9
R001488,P0015,2025-08-20,HCP01266,Oncology,Combination Therapy,2.4,5.0,5.0,3.8
R001489,P0110,2026-07-17,HCP01063,Rare Disease,Infusion,4.1,3.6,4.0,2.0
R001490,P0100,2025-04-07,HCP01871,Neurology,Combination Therapy,4.1,2.8,4.5,5.0
R001491,P0114,2026-10-06,HCP00007,Cardiology,Digital Therapeutic,4.4,4.6,4.3,3.5
R001492,P0075,2026-04-24,HCP02273,Neurology,Injectable,3.4,3.9,4.1,3.4
R001493,P0083,2025-04-17,HCP01851,Immunology,Digital Therapeutic,3.4,3.8,4.3,2.5
R001494,P0101,2026-06-22,HCP01486,Cardiology,Oral Therapy,4.2,3.5,3.5,3.6
R001495,P0086,2026-01-26,HCP02150,Diabetes,Infusion,2.6,4.4,3.0,2.6
R001496,P0068,2025-06-15,HCP00565,Immunology,Digital Therapeutic,4.4,3.4,4.3,1.6
R001497,P0051,2026-01-13,HCP01001,Rare Disease,Oral Therapy,3.6,4.8,3.3,2.5
R001498,P0104,2025-06-08,HCP00739,Cardiology,Infusion,3.9,3.9,3.4,2.1
R001499,P0038,2025-10-28,HCP00688,Diabetes,Injectable,5.0,4.5,3.7,1.4
R001500,P0067,2025-08-02,HCP02265,Immunology,Digital Therapeutic,3.5,4.4,5.0,3.4
R001501,P0008,2026-01-02,HCP02260,Neurology,Infusion,3.8,3.0,4.0,2.6
R001502,P0078,2025-10-09,HCP00525,Cardiology,Oral Therapy,3.7,4.1,3.4,2.4
R001503,P0016,2026-06-29,HCP00624,Cardiology,Combination Therapy,2.0,3.6,3.2,4.1
R001504,P0007,2026-07-30,HCP00238,Diabetes,Injectable,4.2,4.3,3.9,2.6
R001505,P0036,2025-11-16,HCP00386,Respiratory,Infusion,1.7,3.8,3.9,3.6
R001506,P0081,2025-12-10,HCP02303,Oncology,Digital Therapeutic,4.3,2.5,3.2,1.5
R001507,P0099,2026-05-21,HCP00481,Rare Disease,Combination Therapy,3.1,4.4,4.1,1.8
R001508,P0072,2026-07-05,HCP00067,Immunology,Digital Therapeutic,3.1,2.2,2.9,2.5
R001509,P0079,2026-05-27,HCP02187,Oncology,Digital Therapeutic,3.7,3.9,3.3,2.6
R001510,P0030,2025-12-27,HCP01873,Cardiology,Injectable,2.6,5.0,4.9,2.8
R001511,P0013,2025-03-31,HCP01781,Respiratory,Injectable,3.6,4.8,3.2,3.4
R001512,P0014,2025-02-15,HCP00365,Cardiology,Oral Therapy,2.8,4.1,3.9,5.0
R001513,P0010,2025-03-08,HCP00048,Diabetes,Combination Therapy,2.6,3.4,4.2,1.0
R001514,P0042,2025-10-20,HCP01666,Rare Disease,Combination Therapy,3.5,3.8,5.0,1.9
R001515,P0090,2025-06-29,HCP01390,Neurology,Injectable,4.7,4.5,5.0,2.9
R001516,P0008,2025-10-16,HCP00467,Neurology,Combination Therapy,4.3,3.2,4.4,4.3
R001517,P0042,2025-10-09,HCP01135,Rare Disease,Digital Therapeutic,3.2,4.1,3.3,2.3
R001518,P0073,2026-04-17,HCP02243,Immunology,Oral Therapy,3.6,3.2,3.4,2.5
R001519,P0008,2025-12-27,HCP02262,Neurology,Injectable,3.2,3.6,3.7,2.1
R001520,P0066,2026-02-28,HCP00125,Diabetes,Digital Therapeutic,2.7,3.5,5.0,3.0
R001521,P0048,2025-08-03,HCP00085,Oncology,Combination Therapy,2.8,4.1,4.3,2.5
R001522,P0111,2026-01-17,HCP00762,Immunology,Oral Therapy,3.9,4.2,4.0,3.2
R001523,P0060,2025-08-19,HCP01875,Cardiology,Combination Therapy,3.1,5.0,4.1,3.6
R001524,P0063,2025-08-14,HCP01958,Rare Disease,Infusion,3.6,3.7,4.9,2.2
R001525,P0103,2026-02-21,HCP01309,Respiratory,Combination Therapy,2.8,4.0,3.6,3.4
R001526,P0088,2025-12-04,HCP01419,Respiratory,Infusion,4.4,4.6,4.0,1.8
R001527,P0066,2026-03-03,HCP01179,Diabetes,Injectable,4.2,3.8,3.8,2.7
R001528,P0080,2026-03-24,HCP01055,Neurology,Infusion,5.0,3.9,3.5,1.9
R001529,P0049,2025-02-06,HCP00314,Neurology,Infusion,4.9,4.2,3.8,1.0
R001530,P0084,2026-04-03,HCP01089,Immunology,Injectable,2.9,3.3,4.2,3.3
R001531,P0038,2025-10-10,HCP02463,Diabetes,Injectable,3.0,3.9,4.2,1.6
R001532,P0038,2025-10-28,HCP01256,Diabetes,Infusion,4.0,3.2,4.9,1.8
R001533,P0100,2025-03-16,HCP01487,Neurology,Injectable,2.9,3.6,3.6,2.2
R001534,P0050,2025-07-22,HCP02488,Diabetes,Digital Therapeutic,3.9,5.0,4.1,4.2
R001535,P0064,2025-10-10,HCP00072,Cardiology,Injectable,3.4,3.7,3.2,4.0
R001536,P0015,2025-08-02,HCP01685,Oncology,Injectable,4.5,4.0,3.9,1.0
R001537,P0042,2025-11-26,HCP00636,Rare Disease,Digital Therapeutic,4.5,1.9,3.0,1.4
R001538,P0079,2026-06-13,HCP01218,Oncology,Infusion,3.4,4.1,4.3,4.2
R001539,P0064,2025-12-10,HCP00029,Cardiology,Combination Therapy,2.1,5.0,5.0,4.5
R001540,P0037,2025-06-30,HCP00805,Neurology,Injectable,4.6,3.2,4.7,2.9
R001541,P0004,2025-04-14,HCP01357,Diabetes,Digital Therapeutic,3.2,4.6,3.7,2.6
R001542,P0066,2026-01-10,HCP01260,Diabetes,Combination Therapy,3.7,3.4,4.6,2.4
R001543,P0042,2025-10-16,HCP00987,Rare Disease,Oral Therapy,3.6,2.6,3.0,2.3
R001544,P0111,2026-02-06,HCP02307,Immunology,Digital Therapeutic,4.0,3.5,4.3,1.4
R001545,P0006,2025-09-10,HCP00544,Cardiology,Combination Therapy,3.2,3.3,5.0,3.2
R001546,P0082,2026-05-28,HCP00548,Neurology,Combination Therapy,2.7,3.9,4.3,1.7
R001547,P0046,2026-01-02,HCP01430,Immunology,Injectable,3.8,3.6,3.8,3.1
R001548,P0033,2026-03-03,HCP00864,Oncology,Infusion,4.4,3.1,3.8,2.5
R001549,P0086,2026-02-15,HCP00703,Diabetes,Injectable,3.6,4.2,4.2,3.5
R001550,P0062,2025-07-31,HCP00163,Immunology,Injectable,3.6,4.6,4.0,1.9
R001551,P0009,2026-04-22,HCP01305,Immunology,Combination Therapy,2.7,4.3,3.7,1.4
R001552,P0073,2026-05-19,HCP01574,Immunology,Oral Therapy,4.1,3.9,3.9,1.6
R001553,P0022,2026-05-06,HCP01422,Cardiology,Infusion,4.2,3.7,2.9,2.5
R001554,P0103,2026-03-16,HCP01918,Respiratory,Combination Therapy,3.6,4.2,4.5,2.4
R001555,P0029,2025-11-30,HCP01658,Neurology,Digital Therapeutic,2.9,3.4,4.7,1.3
R001556,P0096,2026-03-05,HCP01581,Neurology,Digital Therapeutic,3.8,4.4,4.4,2.0
R001557,P0040,2026-05-11,HCP00786,Neurology,Infusion,3.8,2.9,3.8,2.6
R001558,P0038,2025-10-19,HCP02030,Diabetes,Combination Therapy,3.7,2.6,4.2,3.1
R001559,P0001,2026-10-23,HCP02226,Respiratory,Injectable,2.8,4.2,4.3,2.5
R001560,P0111,2026-02-06,HCP01927,Immunology,Digital Therapeutic,3.9,3.0,3.8,3.1
R001561,P0067,2025-09-08,HCP00263,Immunology,Oral Therapy,3.8,3.3,4.7,2.5
R001562,P0018,2025-05-13,HCP02432,Immunology,Oral Therapy,4.1,3.1,4.5,2.5
R001563,P0005,2025-01-22,HCP01382,Immunology,Injectable,3.6,4.2,4.6,3.0
R001564,P0034,2025-04-27,HCP01132,Respiratory,Infusion,4.8,3.2,4.2,1.4
R001565,P0060,2025-08-09,HCP00568,Cardiology,Injectable,3.7,4.8,3.0,4.2
R001566,P0005,2025-01-19,HCP00211,Immunology,Injectable,4.9,4.3,2.5,2.6
R001567,P0044,2025-11-22,HCP02094,Immunology,Oral Therapy,3.9,4.0,3.7,2.4
R001568,P0038,2025-11-06,HCP01339,Diabetes,Infusion,2.7,4.9,3.4,2.7
R001569,P0105,2026-01-04,HCP02287,Neurology,Oral Therapy,4.4,3.1,3.9,3.5
R001570,P0050,2025-07-29,HCP01928,Diabetes,Digital Therapeutic,3.4,3.9,3.2,2.9
R001571,P0013,2025-03-24,HCP02025,Respiratory,Digital Therapeutic,3.3,2.2,3.2,3.1
R001572,P0029,2025-12-25,HCP01018,Neurology,Infusion,4.6,3.4,2.7,2.6
R001573,P0100,2025-03-26,HCP00937,Neurology,Injectable,2.6,2.9,3.1,1.5
R001574,P0002,2025-10-19,HCP01124,Cardiology,Digital Therapeutic,2.2,4.4,3.7,1.0
R001575,P0016,2026-08-07,HCP00014,Cardiology,Combination Therapy,3.5,4.7,3.6,3.2
R001576,P0002,2025-12-19,HCP01844,Cardiology,Injectable,4.0,3.6,4.7,3.4
R001577,P0006,2025-09-06,HCP02245,Cardiology,Injectable,4.4,5.0,3.8,1.4
R001578,P0111,2026-01-30,HCP00043,Immunology,Infusion,3.8,3.2,2.9,1.3
R001579,P0119,2025-08-30,HCP02231,Neurology,Infusion,1.8,3.0,3.8,1.4
R001580,P0089,2025-03-02,HCP01644,Neurology,Injectable,2.9,3.4,4.3,1.9
R001581,P0012,2026-03-27,HCP01384,Oncology,Injectable,2.6,4.1,2.4,1.6
R001582,P0084,2026-02-28,HCP01769,Immunology,Infusion,2.1,4.5,4.8,2.6
R001583,P0093,2025-02-18,HCP00054,Respiratory,Combination Therapy,3.6,4.4,4.3,2.6
R001584,P0095,2025-12-07,HCP02427,Cardiology,Injectable,4.1,3.6,4.9,2.5
R001585,P0090,2025-06-11,HCP02176,Neurology,Oral Therapy,4.5,4.6,4.3,2.0
R001586,P0084,2026-03-25,HCP01825,Immunology,Injectable,4.1,3.4,3.7,1.6
R001587,P0054,2025-08-09,HCP00829,Neurology,Infusion,3.2,5.0,3.9,1.1
R001588,P0008,2025-10-15,HCP00328,Neurology,Combination Therapy,4.6,4.6,3.7,1.9
R001589,P0099,2026-06-18,HCP00759,Rare Disease,Combination Therapy,3.5,2.4,4.5,3.0
R001590,P0112,2025-05-03,HCP01246,Respiratory,Injectable,3.8,3.5,3.5,1.0
R001591,P0061,2026-06-06,HCP02468,Immunology,Injectable,3.1,3.3,4.2,2.4
R001592,P0052,2025-11-02,HCP01015,Oncology,Digital Therapeutic,3.5,5.0,4.7,1.5
R001593,P0111,2026-02-04,HCP01824,Immunology,Injectable,3.3,3.1,4.1,1.3
R001594,P0055,2025-11-25,HCP01003,Diabetes,Digital Therapeutic,2.5,2.2,4.0,3.3
R001595,P0045,2025-12-30,HCP00157,Neurology,Combination Therapy,4.2,4.5,4.3,3.5
R001596,P0107,2025-12-26,HCP01963,Diabetes,Infusion,3.8,1.8,3.5,2.9
R001597,P0112,2025-04-30,HCP00845,Respiratory,Digital Therapeutic,4.4,3.6,2.6,1.4
R001598,P0025,2025-07-09,HCP01453,Respiratory,Digital Therapeutic,3.1,4.4,3.3,3.2
R001599,P0034,2025-03-11,HCP00834,Respiratory,Oral Therapy,4.3,3.5,3.5,3.1
R001600,P0038,2025-10-21,HCP01828,Diabetes,Digital Therapeutic,2.4,4.8,4.2,4.2
R001601,P0020,2026-04-25,HCP02039,Cardiology,Injectable,4.2,4.1,3.4,2.0
R001602,P0103,2026-01-25,HCP01865,Respiratory,Combination Therapy,4.3,3.2,3.5,2.8
R001603,P0117,2025-09-16,HCP02246,Immunology,Digital Therapeutic,2.8,4.0,4.5,1.6
R001604,P0063,2025-09-24,HCP01721,Rare Disease,Oral Therapy,4.6,5.0,4.2,1.0
R001605,P0086,2025-10-25,HCP01321,Diabetes,Injectable,5.0,4.0,4.8,1.0
R001606,P0051,2025-11-15,HCP01895,Rare Disease,Oral Therapy,3.2,4.2,3.9,2.5
R001607,P0120,2026-06-29,HCP01709,Immunology,Injectable,4.9,4.1,3.0,1.8
R001608,P0115,2025-07-16,HCP00547,Neurology,Infusion,2.3,3.3,5.0,2.9
R001609,P0090,2025-06-12,HCP00735,Neurology,Combination Therapy,3.6,2.6,4.4,3.0
R001610,P0107,2025-12-28,HCP00247,Diabetes,Injectable,1.5,4.1,3.6,2.5
R001611,P0017,2026-01-24,HCP01910,Immunology,Infusion,4.5,4.8,4.6,1.0
R001612,P0107,2026-03-12,HCP00404,Diabetes,Injectable,2.4,4.2,4.1,1.6
R001613,P0052,2026-01-18,HCP00215,Oncology,Infusion,2.0,2.9,4.8,2.7
R001614,P0026,2026-06-12,HCP02022,Diabetes,Injectable,3.9,4.1,4.1,2.7
R001615,P0112,2025-03-18,HCP00126,Respiratory,Digital Therapeutic,4.6,4.5,3.7,2.8
R001616,P0102,2026-02-22,HCP02391,Cardiology,Digital Therapeutic,3.4,4.6,4.2,3.2
R001617,P0017,2026-01-20,HCP00553,Immunology,Oral Therapy,3.8,4.2,4.6,2.2
R001618,P0079,2026-06-18,HCP02343,Oncology,Combination Therapy,5.0,4.0,3.5,2.6
R001619,P0106,2026-01-13,HCP01643,Respiratory,Injectable,2.9,3.4,4.0,2.9
R001620,P0083,2025-05-14,HCP00033,Immunology,Oral Therapy,2.9,3.7,3.2,3.3
R001621,P0058,2025-09-18,HCP01951,Respiratory,Digital Therapeutic,4.6,4.5,4.3,2.4
R001622,P0006,2025-09-11,HCP02488,Cardiology,Injectable,3.9,3.2,4.0,2.4
R001623,P0060,2025-07-26,HCP02311,Cardiology,Infusion,4.9,3.2,4.4,2.7
R001624,P0067,2025-09-10,HCP02217,Immunology,Oral Therapy,2.6,4.3,4.7,2.5
R001625,P0102,2025-11-16,HCP00605,Cardiology,Combination Therapy,2.2,4.1,3.6,2.2
R001626,P0027,2025-12-30,HCP00498,Cardiology,Combination Therapy,2.5,4.8,4.1,1.9
R001627,P0025,2025-10-23,HCP00779,Respiratory,Injectable,4.3,4.5,4.1,1.0
R001628,P0112,2025-03-30,HCP01394,Respiratory,Oral Therapy,4.7,3.4,3.6,2.9
R001629,P0101,2026-06-23,HCP01944,Cardiology,Digital Therapeutic,4.6,4.9,3.4,2.9
R001630,P0068,2025-07-25,HCP02462,Immunology,Oral Therapy,4.2,4.0,5.0,2.7
R001631,P0054,2025-08-16,HCP01205,Neurology,Infusion,4.8,4.3,3.7,2.8
R001632,P0075,2026-04-24,HCP01178,Neurology,Injectable,3.2,3.6,3.7,2.3
R001633,P0019,2026-03-24,HCP02125,Respiratory,Oral Therapy,2.0,4.2,3.8,4.1
R001634,P0030,2026-03-28,HCP02384,Cardiology,Oral Therapy,2.3,3.5,4.3,3.2
R001635,P0066,2026-03-28,HCP01072,Diabetes,Combination Therapy,2.5,2.3,3.7,4.2
R001636,P0051,2026-01-06,HCP01360,Rare Disease,Digital Therapeutic,2.1,5.0,3.5,1.9
R001637,P0022,2026-05-20,HCP00651,Cardiology,Injectable,2.5,3.2,4.1,2.4
R001638,P0064,2025-09-30,HCP00861,Cardiology,Oral Therapy,2.9,3.4,4.5,2.4
R001639,P0079,2026-06-23,HCP01904,Oncology,Oral Therapy,4.2,3.4,4.3,3.8
R001640,P0098,2026-07-09,HCP00402,Cardiology,Infusion,4.0,5.0,3.6,1.0
R001641,P0076,2025-07-20,HCP00718,Cardiology,Digital Therapeutic,5.0,4.2,3.3,3.0
R001642,P0074,2025-12-01,HCP00261,Immunology,Oral Therapy,2.6,4.3,3.4,2.6
R001643,P0067,2025-06-26,HCP00634,Immunology,Digital Therapeutic,4.0,4.5,4.2,3.4
R001644,P0014,2025-03-07,HCP01767,Cardiology,Digital Therapeutic,4.8,4.4,4.3,2.0
R001645,P0047,2025-08-26,HCP02145,Respiratory,Oral Therapy,3.3,4.0,3.7,1.0
R001646,P0055,2026-01-15,HCP00819,Diabetes,Oral Therapy,3.3,4.0,3.6,4.2
R001647,P0063,2025-09-22,HCP02245,Rare Disease,Oral Therapy,4.9,4.9,3.2,2.5
R001648,P0036,2025-10-20,HCP01020,Respiratory,Oral Therapy,3.4,3.0,4.0,3.4
R001649,P0090,2025-09-27,HCP00665,Neurology,Oral Therapy,4.9,3.2,4.4,2.2
R001650,P0065,2025-05-26,HCP02344,Immunology,Combination Therapy,2.4,4.3,3.6,3.5
R001651,P0037,2025-07-02,HCP01285,Neurology,Combination Therapy,5.0,4.1,4.7,3.2
R001652,P0057,2025-07-29,HCP00500,Immunology,Combination Therapy,4.8,3.6,3.3,3.6
R001653,P0086,2026-02-27,HCP00554,Diabetes,Combination Therapy,2.9,5.0,3.5,2.2
R001654,P0003,2025-08-07,HCP00934,Respiratory,Injectable,3.4,3.0,3.9,3.7
R001655,P0041,2026-06-29,HCP00272,Respiratory,Injectable,2.6,3.9,4.1,3.0
R001656,P0025,2025-10-08,HCP02274,Respiratory,Infusion,3.3,4.0,3.8,1.0
R001657,P0039,2026-06-29,HCP01547,Respiratory,Combination Therapy,2.4,3.5,4.2,3.7
R001658,P0080,2026-04-04,HCP02352,Neurology,Digital Therapeutic,2.2,3.4,4.1,3.0
R001659,P0026,2026-06-11,HCP00600,Diabetes,Digital Therapeutic,2.6,3.6,4.8,2.2
R001660,P0066,2026-02-26,HCP02007,Diabetes,Digital Therapeutic,4.6,4.9,4.0,2.4
R001661,P0046,2026-01-09,HCP01691,Immunology,Combination Therapy,2.1,3.5,3.8,1.6
R001662,P0007,2026-05-07,HCP00958,Diabetes,Infusion,4.9,4.1,4.3,2.6
R001663,P0107,2026-01-06,HCP00875,Diabetes,Digital Therapeutic,4.5,3.4,2.8,3.0
R001664,P0072,2026-04-22,HCP00314,Immunology,Infusion,4.8,4.3,3.1,2.6
R001665,P0036,2025-11-12,HCP01999,Respiratory,Digital Therapeutic,4.0,4.6,4.6,2.7
R001666,P0061,2026-03-01,HCP01974,Immunology,Digital Therapeutic,5.0,3.7,3.6,2.0
R001667,P0119,2025-09-24,HCP01402,Neurology,Digital Therapeutic,2.5,4.3,3.5,1.7
R001668,P0019,2026-04-01,HCP02098,Respiratory,Infusion,4.9,3.7,4.3,2.5
R001669,P0103,2026-04-04,HCP01551,Respiratory,Combination Therapy,5.0,3.8,3.9,2.7
R001670,P0001,2026-10-06,HCP01788,Respiratory,Infusion,3.5,4.1,4.6,2.1
R001671,P0104,2025-07-13,HCP02493,Cardiology,Injectable,3.7,4.0,3.7,2.9
R001672,P0041,2026-06-24,HCP00844,Respiratory,Injectable,2.9,4.0,4.8,3.3
R001673,P0036,2025-10-11,HCP01635,Respiratory,Injectable,3.8,2.8,3.8,3.4
R001674,P0094,2025-05-18,HCP01632,Cardiology,Combination Therapy,3.9,2.9,4.6,2.1
R001675,P0020,2026-04-30,HCP02270,Cardiology,Combination Therapy,1.7,2.6,4.1,1.0
R001676,P0016,2026-07-16,HCP01756,Cardiology,Infusion,4.2,2.8,3.5,2.9
R001677,P0057,2025-09-09,HCP00667,Immunology,Injectable,4.6,4.1,4.0,2.2
R001678,P0114,2026-09-03,HCP02219,Cardiology,Infusion,3.0,3.6,4.1,2.5
R001679,P0040,2026-06-11,HCP02034,Neurology,Injectable,3.3,3.4,3.9,2.1
R001680,P0066,2026-03-13,HCP00348,Diabetes,Digital Therapeutic,4.4,5.0,3.5,4.0
R001681,P0048,2025-07-28,HCP01844,Oncology,Oral Therapy,2.9,4.6,4.9,2.1
R001682,P0092,2026-03-26,HCP00660,Cardiology,Infusion,4.3,2.7,4.2,4.2
R001683,P0108,2025-02-13,HCP00679,Diabetes,Injectable,3.9,3.2,2.6,3.2
R001684,P0118,2025-11-05,HCP01010,Immunology,Infusion,5.0,3.1,4.1,3.4
R001685,P0033,2026-01-25,HCP00786,Oncology,Digital Therapeutic,3.6,3.8,4.3,2.4
R001686,P0032,2026-07-07,HCP02030,Rare Disease,Infusion,3.2,2.9,2.7,1.8
R001687,P0111,2026-01-26,HCP00488,Immunology,Combination Therapy,3.9,3.3,3.5,3.1
R001688,P0070,2026-07-14,HCP02235,Immunology,Oral Therapy,3.8,4.1,4.6,2.8
R001689,P0040,2026-04-27,HCP00138,Neurology,Injectable,5.0,3.7,4.1,2.0
R001690,P0041,2026-07-18,HCP00697,Respiratory,Combination Therapy,5.0,2.9,4.1,3.1
R001691,P0022,2026-05-11,HCP01132,Cardiology,Injectable,3.1,3.9,3.2,3.0
R001692,P0011,2025-05-26,HCP01261,Respiratory,Oral Therapy,3.5,3.9,3.4,1.0
R001693,P0042,2025-10-30,HCP02213,Rare Disease,Digital Therapeutic,3.1,4.0,3.1,3.1
R001694,P0096,2026-02-13,HCP01520,Neurology,Combination Therapy,3.0,2.8,2.8,3.4
R001695,P0080,2026-05-14,HCP01323,Neurology,Combination Therapy,1.0,4.5,2.3,1.1
R001696,P0002,2025-12-23,HCP00414,Cardiology,Combination Therapy,5.0,3.5,5.0,4.3
R001697,P0006,2025-07-18,HCP00107,Cardiology,Infusion,3.1,3.0,3.5,3.8
R001698,P0105,2025-11-25,HCP01981,Neurology,Combination Therapy,3.3,3.8,4.2,1.0
R001699,P0096,2026-01-17,HCP01439,Neurology,Oral Therapy,5.0,4.3,4.7,2.2
R001700,P0096,2026-03-16,HCP01178,Neurology,Oral Therapy,3.2,4.2,4.1,1.7
R001701,P0104,2025-05-11,HCP01260,Cardiology,Digital Therapeutic,3.5,4.7,3.9,1.4
R001702,P0077,2025-11-19,HCP02237,Neurology,Oral Therapy,3.9,3.4,4.2,2.8
R001703,P0041,2026-05-06,HCP01143,Respiratory,Infusion,4.0,2.7,5.0,2.6
R001704,P0071,2026-01-31,HCP01371,Immunology,Digital Therapeutic,3.2,3.6,4.0,1.7
R001705,P0078,2025-11-23,HCP01289,Cardiology,Oral Therapy,4.7,1.8,3.1,1.8
R001706,P0102,2026-01-01,HCP02083,Cardiology,Oral Therapy,3.8,3.2,3.3,2.5
R001707,P0064,2025-10-07,HCP00561,Cardiology,Oral Therapy,3.8,3.6,3.4,2.9
R001708,P0007,2026-05-30,HCP00123,Diabetes,Combination Therapy,3.1,3.5,3.9,1.8
R001709,P0075,2026-04-28,HCP02396,Neurology,Injectable,3.6,4.2,3.2,2.6
R001710,P0089,2025-02-10,HCP01098,Neurology,Digital Therapeutic,4.5,3.8,3.6,3.0
R001711,P0114,2026-05-18,HCP01443,Cardiology,Combination Therapy,4.5,4.1,3.9,3.3
R001712,P0022,2026-06-04,HCP01048,Cardiology,Combination Therapy,3.3,4.0,4.6,2.8
R001713,P0104,2025-06-05,HCP00737,Cardiology,Injectable,3.0,2.8,3.4,2.6
R001714,P0003,2025-08-12,HCP00485,Respiratory,Combination Therapy,4.4,4.2,4.4,2.3
R001715,P0088,2026-01-02,HCP01695,Respiratory,Injectable,4.0,3.4,4.2,2.1
R001716,P0038,2025-10-10,HCP01405,Diabetes,Combination Therapy,4.4,4.0,4.4,2.7
R001717,P0015,2025-08-10,HCP01563,Oncology,Injectable,2.9,4.1,2.4,2.6
R001718,P0040,2026-06-12,HCP01877,Neurology,Oral Therapy,3.7,3.2,2.8,2.9
R001719,P0067,2025-06-06,HCP00750,Immunology,Infusion,4.4,3.3,3.0,1.8
R001720,P0024,2026-08-10,HCP01234,Diabetes,Combination Therapy,3.1,3.8,4.9,3.1
R001721,P0067,2025-08-01,HCP01501,Immunology,Digital Therapeutic,5.0,3.5,3.5,1.1
R001722,P0086,2025-10-25,HCP02080,Diabetes,Oral Therapy,5.0,5.0,3.2,3.1
R001723,P0106,2026-01-30,HCP00244,Respiratory,Combination Therapy,3.5,3.8,3.9,2.3
R001724,P0068,2025-06-08,HCP00733,Immunology,Digital Therapeutic,3.5,3.0,5.0,1.5
R001725,P0073,2026-04-26,HCP00493,Immunology,Combination Therapy,4.0,5.0,3.6,1.5
R001726,P0111,2026-02-09,HCP00746,Immunology,Digital Therapeutic,3.8,4.0,3.6,3.0
R001727,P0005,2025-01-04,HCP02338,Immunology,Infusion,4.7,3.8,4.6,2.6
R001728,P0092,2026-04-22,HCP00418,Cardiology,Injectable,3.0,4.9,4.2,2.7
R001729,P0118,2025-11-13,HCP01876,Immunology,Combination Therapy,3.0,4.0,4.0,2.3
R001730,P0100,2025-03-24,HCP01961,Neurology,Injectable,3.9,3.7,3.7,2.1
R001731,P0111,2026-01-12,HCP01862,Immunology,Infusion,4.1,2.7,4.2,2.6
R001732,P0109,2025-11-07,HCP00370,Diabetes,Digital Therapeutic,3.7,2.2,2.2,2.5
R001733,P0071,2026-02-06,HCP00208,Immunology,Combination Therapy,4.5,4.7,4.2,1.8
R001734,P0097,2025-09-23,HCP00375,Cardiology,Infusion,4.9,4.0,3.2,1.0
R001735,P0044,2025-09-03,HCP02091,Immunology,Combination Therapy,4.3,3.7,4.9,1.9
R001736,P0015,2025-08-12,HCP00018,Oncology,Digital Therapeutic,4.0,3.7,4.7,2.6
R001737,P0011,2025-05-05,HCP01803,Respiratory,Oral Therapy,3.5,4.0,4.5,3.2
R001738,P0023,2025-08-28,HCP00971,Respiratory,Oral Therapy,3.8,4.2,5.0,1.0
R001739,P0087,2026-02-28,HCP02371,Oncology,Digital Therapeutic,2.5,3.3,5.0,2.0
R001740,P0049,2025-02-18,HCP01093,Neurology,Infusion,2.7,3.9,4.0,2.7
R001741,P0098,2026-07-21,HCP01152,Cardiology,Oral Therapy,4.8,4.2,4.0,2.6
R001742,P0040,2026-04-04,HCP01128,Neurology,Digital Therapeutic,5.0,3.4,4.5,2.5
R001743,P0095,2026-02-03,HCP02019,Cardiology,Combination Therapy,2.5,2.2,4.4,2.0
R001744,P0107,2026-02-05,HCP01916,Diabetes,Oral Therapy,4.2,3.3,2.4,1.8
R001745,P0040,2026-07-01,HCP02396,Neurology,Combination Therapy,2.4,2.9,3.8,2.9
R001746,P0063,2025-09-19,HCP01037,Rare Disease,Digital Therapeutic,5.0,4.6,3.4,2.7
R001747,P0065,2025-06-23,HCP02102,Immunology,Combination Therapy,3.7,3.1,4.3,2.4
R001748,P0106,2026-02-10,HCP00011,Respiratory,Infusion,5.0,3.1,4.3,4.3
R001749,P0045,2026-01-12,HCP01549,Neurology,Injectable,3.2,3.3,4.0,3.6
R001750,P0047,2025-08-09,HCP01524,Respiratory,Combination Therapy,3.3,4.4,3.5,2.9
R001751,P0094,2025-05-11,HCP00128,Cardiology,Infusion,4.0,4.4,3.6,3.3
R001752,P0109,2025-12-09,HCP00429,Diabetes,Combination Therapy,4.5,3.2,5.0,3.1
R001753,P0004,2025-06-07,HCP02437,Diabetes,Injectable,4.4,3.5,2.4,2.3
R001754,P0009,2026-05-13,HCP00063,Immunology,Digital Therapeutic,4.5,3.7,5.0,1.5
R001755,P0113,2026-06-26,HCP01265,Neurology,Infusion,3.5,4.8,5.0,3.4
R001756,P0054,2025-09-07,HCP01944,Neurology,Infusion,4.5,2.4,3.9,2.5
R001757,P0068,2025-08-20,HCP02458,Immunology,Combination Therapy,5.0,2.8,4.4,3.3
R001758,P0109,2025-10-23,HCP00615,Diabetes,Infusion,4.4,5.0,3.9,3.2
R001759,P0048,2025-07-24,HCP01563,Oncology,Combination Therapy,3.0,4.6,3.9,1.1
R001760,P0054,2025-09-14,HCP01889,Neurology,Infusion,4.1,2.8,3.7,3.1
R001761,P0102,2025-12-27,HCP02261,Cardiology,Oral Therapy,2.0,5.0,3.6,4.1
R001762,P0088,2026-01-09,HCP01605,Respiratory,Digital Therapeutic,4.3,4.2,4.5,2.3
R001763,P0084,2026-03-31,HCP00583,Immunology,Digital Therapeutic,2.3,3.9,3.4,2.8
R001764,P0044,2025-10-28,HCP02209,Immunology,Injectable,4.3,4.8,4.0,3.4
R001765,P0085,2025-12-10,HCP02361,Respiratory,Oral Therapy,3.7,3.2,3.7,1.2
R001766,P0100,2025-04-09,HCP00896,Neurology,Injectable,4.6,3.5,5.0,1.0
R001767,P0110,2026-06-24,HCP01240,Rare Disease,Infusion,3.7,3.9,4.7,2.4
R001768,P0076,2025-09-13,HCP01626,Cardiology,Infusion,4.9,4.2,3.5,1.1
R001769,P0105,2025-12-20,HCP02079,Neurology,Digital Therapeutic,4.2,4.0,4.8,3.7
R001770,P0098,2026-03-26,HCP01421,Cardiology,Injectable,4.6,3.9,4.2,3.3
R001771,P0088,2026-01-12,HCP01873,Respiratory,Oral Therapy,3.4,3.5,4.7,3.7
R001772,P0065,2025-05-27,HCP01957,Immunology,Combination Therapy,3.3,4.0,4.6,2.5
R001773,P0053,2025-06-18,HCP00520,Respiratory,Injectable,2.5,4.0,3.1,3.5
R001774,P0077,2025-12-17,HCP00824,Neurology,Injectable,2.7,3.8,4.4,2.6
R001775,P0107,2025-12-31,HCP02111,Diabetes,Digital Therapeutic,3.8,3.6,4.0,2.9
R001776,P0064,2025-07-22,HCP01499,Cardiology,Infusion,3.8,3.4,5.0,4.4
R001777,P0084,2026-06-11,HCP00501,Immunology,Infusion,4.0,2.8,3.4,1.4
R001778,P0069,2026-03-19,HCP01353,Immunology,Injectable,3.1,4.8,4.5,4.1
R001779,P0078,2025-12-11,HCP00530,Cardiology,Combination Therapy,3.8,4.3,3.2,1.0
R001780,P0083,2025-04-27,HCP00109,Immunology,Infusion,4.8,4.5,5.0,2.5
R001781,P0007,2026-09-01,HCP01150,Diabetes,Injectable,4.1,3.0,4.4,3.0
R001782,P0015,2025-08-19,HCP00086,Oncology,Injectable,3.7,3.5,3.7,2.1
R001783,P0005,2025-01-05,HCP02385,Immunology,Infusion,3.9,3.8,4.9,2.8
R001784,P0093,2025-02-15,HCP02258,Respiratory,Digital Therapeutic,4.8,4.1,5.0,2.8
R001785,P0108,2025-05-01,HCP00545,Diabetes,Injectable,3.8,3.3,4.3,3.1
R001786,P0043,2026-04-22,HCP01602,Immunology,Combination Therapy,3.3,5.0,3.9,2.3
R001787,P0010,2025-03-14,HCP00967,Diabetes,Injectable,3.3,4.4,3.2,1.9
R001788,P0002,2025-12-21,HCP01533,Cardiology,Digital Therapeutic,3.2,3.9,3.3,2.7
R001789,P0054,2025-09-15,HCP01306,Neurology,Combination Therapy,3.2,4.0,3.2,2.2
R001790,P0078,2025-11-06,HCP01858,Cardiology,Injectable,4.4,3.6,4.7,2.5
R001791,P0040,2026-05-07,HCP01895,Neurology,Infusion,5.0,3.3,4.8,2.2
R001792,P0074,2026-01-16,HCP00040,Immunology,Infusion,3.4,2.1,3.3,2.7
R001793,P0019,2026-05-27,HCP02115,Respiratory,Digital Therapeutic,2.9,4.4,4.8,2.0
R001794,P0088,2025-11-30,HCP00581,Respiratory,Injectable,2.6,3.8,3.8,2.1
R001795,P0040,2026-06-30,HCP01589,Neurology,Digital Therapeutic,5.0,4.6,3.6,1.5
R001796,P0120,2026-04-12,HCP01626,Immunology,Digital Therapeutic,4.5,4.2,4.3,2.6
R001797,P0093,2025-01-25,HCP01585,Respiratory,Injectable,3.1,3.8,3.9,1.7
R001798,P0056,2025-05-14,HCP01796,Immunology,Combination Therapy,3.8,3.9,2.8,2.8
R001799,P0114,2026-10-10,HCP00326,Cardiology,Oral Therapy,4.9,3.3,3.7,3.4
R001800,P0117,2025-08-24,HCP01575,Immunology,Combination Therapy,3.6,3.0,3.1,3.9
R001801,P0024,2026-08-08,HCP00939,Diabetes,Injectable,4.4,3.1,2.8,2.4
R001802,P0070,2026-07-27,HCP01028,Immunology,Combination Therapy,3.6,3.1,3.6,5.0
R001803,P0079,2026-06-09,HCP00369,Oncology,Injectable,3.4,3.7,3.9,3.1
R001804,P0043,2026-04-11,HCP01473,Immunology,Infusion,1.4,4.3,3.1,2.6
R001805,P0120,2026-02-15,HCP00809,Immunology,Oral Therapy,3.4,4.3,4.0,4.2
R001806,P0082,2025-12-14,HCP01750,Neurology,Combination Therapy,3.2,2.7,4.0,1.7
R001807,P0092,2026-03-20,HCP01190,Cardiology,Digital Therapeutic,4.1,4.4,4.4,2.5
R001808,P0024,2026-09-28,HCP01016,Diabetes,Injectable,3.9,3.9,3.9,2.2
R001809,P0109,2025-12-04,HCP01275,Diabetes,Digital Therapeutic,3.9,4.3,4.5,1.3
R001810,P0116,2026-05-31,HCP01410,Rare Disease,Oral Therapy,4.5,4.2,4.5,3.4
R001811,P0109,2025-10-22,HCP01694,Diabetes,Digital Therapeutic,1.7,2.6,3.0,2.8
R001812,P0053,2025-07-25,HCP00198,Respiratory,Infusion,3.7,3.9,5.0,3.1
R001813,P0113,2026-06-25,HCP02004,Neurology,Combination Therapy,2.7,4.8,4.8,3.1
R001814,P0002,2025-12-03,HCP00424,Cardiology,Infusion,2.6,3.0,3.8,1.0
R001815,P0025,2025-07-09,HCP00581,Respiratory,Injectable,3.5,3.2,3.4,3.6
R001816,P0079,2026-06-13,HCP01932,Oncology,Digital Therapeutic,3.7,2.4,4.5,1.8
R001817,P0093,2025-01-29,HCP00010,Respiratory,Digital Therapeutic,4.1,3.5,3.5,3.4
R001818,P0015,2025-08-22,HCP00951,Oncology,Combination Therapy,4.1,2.8,3.3,1.4
R001819,P0036,2025-11-12,HCP01660,Respiratory,Digital Therapeutic,3.0,3.2,3.8,2.8
R001820,P0011,2025-06-01,HCP01946,Respiratory,Combination Therapy,3.5,4.0,4.8,1.9
R001821,P0013,2025-02-28,HCP02233,Respiratory,Digital Therapeutic,4.9,4.4,4.9,2.7
R001822,P0003,2025-08-07,HCP01686,Respiratory,Digital Therapeutic,5.0,2.4,5.0,2.4
R001823,P0119,2025-08-26,HCP00585,Neurology,Combination Therapy,3.4,3.5,3.8,2.8
R001824,P0106,2026-02-22,HCP00907,Respiratory,Digital Therapeutic,3.8,3.6,3.9,2.3
R001825,P0074,2026-02-26,HCP00059,Immunology,Infusion,2.9,3.7,3.9,2.1
R001826,P0005,2025-01-18,HCP01928,Immunology,Oral Therapy,4.6,4.4,3.6,3.6
R001827,P0088,2025-12-14,HCP00018,Respiratory,Injectable,5.0,4.4,3.6,3.6
R001828,P0065,2025-05-07,HCP00316,Immunology,Oral Therapy,3.2,4.4,3.7,4.2
R001829,P0094,2025-05-27,HCP02432,Cardiology,Injectable,4.7,4.0,5.0,2.5
R001830,P0059,2025-11-24,HCP00402,Cardiology,Oral Therapy,4.3,3.6,3.4,2.4
R001831,P0002,2025-12-05,HCP00712,Cardiology,Digital Therapeutic,3.6,3.4,4.1,2.6
R001832,P0110,2026-05-25,HCP01023,Rare Disease,Injectable,3.1,4.2,4.4,1.9
R001833,P0106,2026-01-29,HCP00345,Respiratory,Injectable,5.0,3.2,5.0,1.4
R001834,P0110,2026-05-15,HCP01640,Rare Disease,Combination Therapy,4.4,3.2,4.2,2.1
R001835,P0080,2026-04-03,HCP00778,Neurology,Infusion,4.5,4.1,3.8,1.9
R001836,P0111,2026-02-04,HCP00745,Immunology,Digital Therapeutic,3.5,4.3,3.4,3.0
R001837,P0009,2026-04-30,HCP01434,Immunology,Oral Therapy,3.8,3.8,3.4,3.2
R001838,P0049,2025-05-31,HCP00809,Neurology,Digital Therapeutic,2.7,4.2,4.0,1.0
R001839,P0039,2026-07-25,HCP00545,Respiratory,Combination Therapy,4.3,3.6,3.8,1.8
R001840,P0057,2025-10-05,HCP02155,Immunology,Oral Therapy,3.4,3.7,4.0,2.9
R001841,P0005,2025-01-06,HCP01451,Immunology,Oral Therapy,2.8,4.1,4.4,2.7
R001842,P0100,2025-03-31,HCP02250,Neurology,Digital Therapeutic,3.0,3.3,3.6,2.4
R001843,P0036,2025-10-11,HCP00896,Respiratory,Digital Therapeutic,5.0,4.3,4.2,2.3
R001844,P0015,2025-08-16,HCP02282,Oncology,Digital Therapeutic,3.4,3.6,4.7,2.8
R001845,P0024,2026-07-30,HCP02222,Diabetes,Injectable,4.0,3.7,2.8,2.9
R001846,P0014,2025-02-25,HCP00055,Cardiology,Injectable,2.7,3.9,4.1,1.4
R001847,P0083,2025-04-22,HCP00316,Immunology,Oral Therapy,3.5,4.4,4.9,1.0
R001848,P0111,2026-01-17,HCP01997,Immunology,Injectable,2.5,2.3,4.3,2.5
R001849,P0011,2025-03-06,HCP00740,Respiratory,Digital Therapeutic,4.0,2.9,3.6,3.2
R001850,P0004,2025-03-03,HCP01905,Diabetes,Digital Therapeutic,2.9,4.5,4.4,2.1
R001851,P0106,2026-03-05,HCP01085,Respiratory,Infusion,4.4,4.1,3.7,4.5
R001852,P0046,2026-03-27,HCP00646,Immunology,Oral Therapy,2.2,3.5,4.6,3.3
R001853,P0015,2025-08-16,HCP00547,Oncology,Combination Therapy,3.2,3.8,4.3,2.1
R001854,P0024,2026-09-25,HCP00567,Diabetes,Infusion,4.7,4.2,5.0,1.0
R001855,P0082,2026-04-30,HCP01660,Neurology,Oral Therapy,5.0,4.9,3.9,3.2
R001856,P0011,2025-03-20,HCP00088,Respiratory,Combination Therapy,3.7,3.5,4.3,1.8
R001857,P0049,2025-02-28,HCP00473,Neurology,Infusion,3.4,4.7,3.8,2.0
R001858,P0117,2025-09-11,HCP02056,Immunology,Oral Therapy,3.8,4.2,4.1,1.8
R001859,P0052,2025-09-23,HCP00799,Oncology,Infusion,5.0,3.2,3.4,1.4
R001860,P0020,2026-06-19,HCP01519,Cardiology,Oral Therapy,3.5,3.4,4.9,2.1
R001861,P0092,2026-05-01,HCP00749,Cardiology,Oral Therapy,3.7,4.6,4.2,2.0
R001862,P0052,2025-11-02,HCP00040,Oncology,Infusion,2.8,4.8,4.0,1.8
R001863,P0048,2025-06-29,HCP01120,Oncology,Oral Therapy,3.1,3.8,4.6,2.0
R001864,P0031,2025-12-04,HCP00564,Rare Disease,Oral Therapy,4.1,4.6,5.0,4.1
R001865,P0091,2025-04-02,HCP01841,Rare Disease,Infusion,4.5,4.0,5.0,3.2
R001866,P0059,2025-10-05,HCP02077,Cardiology,Digital Therapeutic,4.0,3.8,3.5,2.4
R001867,P0059,2025-09-23,HCP02205,Cardiology,Injectable,4.4,3.9,4.5,1.0
R001868,P0093,2025-02-07,HCP01506,Respiratory,Oral Therapy,2.8,2.8,4.6,3.0
R001869,P0044,2025-09-19,HCP00202,Immunology,Digital Therapeutic,2.8,3.6,3.9,4.2
R001870,P0080,2026-04-18,HCP02140,Neurology,Oral Therapy,4.4,3.4,3.6,4.1
R001871,P0021,2026-05-23,HCP02112,Rare Disease,Injectable,3.3,4.5,4.8,2.4
R001872,P0069,2026-03-25,HCP00367,Immunology,Infusion,2.7,4.0,3.4,2.8
R001873,P0052,2025-11-25,HCP01020,Oncology,Oral Therapy,3.9,3.6,4.3,1.5
R001874,P0062,2025-07-08,HCP02382,Immunology,Combination Therapy,3.8,4.6,3.5,2.7
R001875,P0044,2025-09-09,HCP02019,Immunology,Digital Therapeutic,3.5,2.7,4.0,3.1
R001876,P0016,2026-06-18,HCP00519,Cardiology,Injectable,5.0,3.1,3.0,3.0
R001877,P0111,2026-02-04,HCP01569,Immunology,Digital Therapeutic,5.0,4.7,3.3,3.6
R001878,P0049,2025-03-18,HCP00759,Neurology,Oral Therapy,4.5,4.2,2.8,3.1
R001879,P0090,2025-09-20,HCP02171,Neurology,Combination Therapy,4.1,2.7,5.0,1.0
R001880,P0109,2025-10-24,HCP02316,Diabetes,Injectable,4.9,4.0,3.1,2.2
R001881,P0054,2025-09-12,HCP01957,Neurology,Combination Therapy,3.8,2.9,4.6,3.4
R001882,P0099,2026-05-21,HCP00783,Rare Disease,Oral Therapy,3.5,3.5,3.5,1.0
R001883,P0053,2025-04-07,HCP00986,Respiratory,Injectable,3.2,4.1,2.5,2.6
R001884,P0008,2025-11-28,HCP01488,Neurology,Oral Therapy,3.0,3.8,4.2,2.1
R001885,P0106,2026-03-06,HCP02370,Respiratory,Digital Therapeutic,4.5,3.8,5.0,1.4
R001886,P0101,2026-05-30,HCP00861,Cardiology,Infusion,2.4,3.2,3.5,3.3
R001887,P0068,2025-08-11,HCP01389,Immunology,Oral Therapy,3.2,4.6,5.0,1.8
R001888,P0100,2025-03-11,HCP01850,Neurology,Combination Therapy,3.4,4.1,5.0,4.4
R001889,P0081,2025-09-17,HCP00931,Oncology,Injectable,2.5,3.2,3.3,2.3
R001890,P0097,2025-10-21,HCP00779,Cardiology,Combination Therapy,3.4,3.9,2.9,3.5
R001891,P0007,2026-07-15,HCP00978,Diabetes,Injectable,3.8,3.6,3.5,4.0
R001892,P0098,2026-05-09,HCP01104,Cardiology,Digital Therapeutic,4.6,3.4,4.7,2.8
R001893,P0026,2026-05-30,HCP00234,Diabetes,Combination Therapy,3.3,3.9,2.7,2.6
R001894,P0118,2025-12-10,HCP00210,Immunology,Combination Therapy,3.8,5.0,4.3,3.2
R001895,P0116,2026-07-01,HCP01748,Rare Disease,Digital Therapeutic,2.4,3.2,4.1,4.0
R001896,P0007,2026-08-31,HCP02303,Diabetes,Infusion,2.7,4.2,3.6,2.8
R001897,P0079,2026-06-02,HCP02015,Oncology,Combination Therapy,2.1,4.4,3.7,1.9
R001898,P0047,2025-05-11,HCP02266,Respiratory,Combination Therapy,4.5,4.1,3.9,1.2
R001899,P0031,2025-12-08,HCP02096,Rare Disease,Infusion,3.4,4.4,4.1,2.8
R001900,P0117,2025-08-13,HCP02011,Immunology,Combination Therapy,3.9,3.8,5.0,1.6
R001901,P0049,2025-04-15,HCP00146,Neurology,Oral Therapy,4.1,4.1,3.7,3.3
R001902,P0067,2025-05-30,HCP02183,Immunology,Digital Therapeutic,4.4,3.9,3.9,3.6
R001903,P0038,2025-10-24,HCP01119,Diabetes,Combination Therapy,5.0,2.9,4.4,3.0
R001904,P0082,2026-05-13,HCP01507,Neurology,Injectable,3.7,3.1,3.4,2.4
R001905,P0031,2025-11-27,HCP02225,Rare Disease,Combination Therapy,3.1,4.5,5.0,3.1
R001906,P0044,2025-10-08,HCP00214,Immunology,Digital Therapeutic,4.3,3.5,3.5,2.5
R001907,P0085,2026-03-15,HCP00635,Respiratory,Oral Therapy,5.0,3.6,4.3,2.3
R001908,P0026,2026-04-09,HCP00177,Diabetes,Combination Therapy,3.2,4.3,3.8,2.1
R001909,P0095,2026-01-27,HCP01050,Cardiology,Digital Therapeutic,3.0,3.7,4.0,2.6
R001910,P0118,2025-11-07,HCP01966,Immunology,Infusion,1.5,4.3,5.0,2.5
R001911,P0085,2026-01-23,HCP01230,Respiratory,Injectable,1.9,3.7,4.2,3.6
R001912,P0044,2025-07-25,HCP01293,Immunology,Injectable,4.9,3.1,3.5,3.0
R001913,P0022,2026-04-22,HCP00586,Cardiology,Infusion,3.6,4.5,3.4,1.3
R001914,P0068,2025-07-24,HCP00693,Immunology,Injectable,2.7,3.2,4.8,3.0
R001915,P0053,2025-07-14,HCP01394,Respiratory,Infusion,3.7,4.7,4.3,2.6
R001916,P0030,2026-02-24,HCP00094,Cardiology,Digital Therapeutic,5.0,4.2,3.7,2.8
R001917,P0045,2026-01-17,HCP01110,Neurology,Injectable,3.7,3.4,4.7,2.3
R001918,P0117,2025-09-12,HCP02461,Immunology,Combination Therapy,5.0,4.2,3.5,2.5
R001919,P0021,2026-04-24,HCP01426,Rare Disease,Injectable,2.9,3.5,3.4,4.0
R001920,P0032,2026-03-31,HCP00242,Rare Disease,Infusion,4.9,3.3,3.9,2.2
R001921,P0042,2025-08-30,HCP01048,Rare Disease,Infusion,3.2,3.9,3.8,1.9
R001922,P0110,2026-07-19,HCP00911,Rare Disease,Oral Therapy,3.0,4.3,2.9,1.9
R001923,P0044,2025-10-05,HCP01750,Immunology,Infusion,2.9,4.0,3.7,1.5
R001924,P0036,2025-11-16,HCP01701,Respiratory,Oral Therapy,3.4,3.3,4.4,3.0
R001925,P0036,2025-11-02,HCP02448,Respiratory,Combination Therapy,4.5,2.9,3.7,3.6
R001926,P0114,2026-07-17,HCP01558,Cardiology,Combination Therapy,3.3,3.7,4.0,2.0
R001927,P0043,2026-02-22,HCP00592,Immunology,Injectable,4.6,3.0,3.3,3.0
R001928,P0045,2026-02-07,HCP00316,Neurology,Injectable,3.1,3.7,4.2,3.4
R001929,P0044,2025-10-17,HCP00395,Immunology,Injectable,3.6,3.8,4.3,2.7
R001930,P0105,2026-02-11,HCP01552,Neurology,Combination Therapy,3.2,4.3,4.9,2.5
R001931,P0086,2025-11-16,HCP01494,Diabetes,Combination Therapy,5.0,4.3,3.8,1.9
R001932,P0072,2026-06-04,HCP00842,Immunology,Oral Therapy,4.1,4.5,3.8,3.1
R001933,P0026,2026-03-30,HCP01843,Diabetes,Oral Therapy,3.9,3.8,4.4,2.3
R001934,P0014,2025-02-06,HCP00427,Cardiology,Oral Therapy,3.5,3.5,3.9,3.0
R001935,P0011,2025-05-26,HCP01787,Respiratory,Infusion,3.2,4.1,4.4,2.0
R001936,P0036,2025-10-23,HCP01543,Respiratory,Injectable,2.8,4.1,4.5,2.8
R001937,P0095,2025-11-07,HCP00439,Cardiology,Injectable,4.8,4.1,3.3,3.5
R001938,P0092,2026-01-25,HCP02252,Cardiology,Injectable,2.3,5.0,3.3,2.9
R001939,P0094,2025-05-02,HCP02174,Cardiology,Infusion,3.4,4.3,3.6,1.9
R001940,P0081,2025-09-16,HCP01879,Oncology,Combination Therapy,4.5,4.6,2.9,1.5
R001941,P0062,2025-08-06,HCP01662,Immunology,Combination Therapy,2.3,3.0,5.0,2.6
R001942,P0043,2026-07-02,HCP00407,Immunology,Injectable,3.9,3.1,3.2,3.7
R001943,P0088,2026-01-08,HCP02419,Respiratory,Combination Therapy,3.0,3.3,4.8,3.2
R001944,P0024,2026-09-26,HCP00436,Diabetes,Digital Therapeutic,3.7,3.8,3.3,4.3
R001945,P0009,2026-04-11,HCP02017,Immunology,Combination Therapy,3.6,3.7,4.7,5.0
R001946,P0100,2025-03-30,HCP01174,Neurology,Combination Therapy,1.8,4.0,4.8,2.4
R001947,P0057,2025-09-27,HCP01673,Immunology,Oral Therapy,4.2,5.0,2.9,3.1
R001948,P0075,2026-04-18,HCP00053,Neurology,Digital Therapeutic,2.9,3.7,3.9,2.5
R001949,P0115,2025-06-03,HCP00792,Neurology,Digital Therapeutic,3.2,4.1,5.0,2.0
R001950,P0082,2026-05-22,HCP00052,Neurology,Combination Therapy,3.7,3.9,4.1,2.9
R001951,P0092,2026-02-08,HCP01821,Cardiology,Digital Therapeutic,4.0,4.6,4.6,2.7
R001952,P0058,2025-09-02,HCP00630,Respiratory,Oral Therapy,4.1,4.2,4.2,2.5
R001953,P0039,2026-06-14,HCP00787,Respiratory,Injectable,4.4,3.8,4.6,2.2
R001954,P0043,2026-07-16,HCP00267,Immunology,Digital Therapeutic,1.6,4.5,4.8,2.6
R001955,P0109,2025-12-08,HCP00331,Diabetes,Injectable,4.1,4.2,3.9,2.2
R001956,P0046,2026-03-30,HCP01367,Immunology,Infusion,3.7,4.4,4.0,2.4
R001957,P0113,2026-05-21,HCP00857,Neurology,Digital Therapeutic,3.2,3.8,3.8,1.5
R001958,P0004,2025-03-14,HCP00109,Diabetes,Combination Therapy,3.9,4.3,3.2,1.8
R001959,P0036,2025-10-24,HCP02098,Respiratory,Oral Therapy,4.5,3.6,4.5,2.0
R001960,P0114,2026-10-21,HCP00609,Cardiology,Digital Therapeutic,3.0,3.1,4.1,2.7
R001961,P0070,2026-08-10,HCP00107,Immunology,Combination Therapy,4.9,3.5,4.8,2.6
R001962,P0044,2025-12-11,HCP00146,Immunology,Digital Therapeutic,4.7,4.2,5.0,2.0
R001963,P0022,2026-07-18,HCP01016,Cardiology,Oral Therapy,4.0,4.2,3.7,2.0
R001964,P0058,2025-08-01,HCP01327,Respiratory,Injectable,2.7,3.3,3.7,2.7
R001965,P0115,2025-04-25,HCP00321,Neurology,Infusion,5.0,4.8,3.6,2.1
R001966,P0043,2026-05-29,HCP00882,Immunology,Digital Therapeutic,3.9,3.1,4.9,1.6
R001967,P0058,2025-09-10,HCP00869,Respiratory,Digital Therapeutic,3.8,3.9,3.1,3.1
R001968,P0043,2026-03-21,HCP00208,Immunology,Combination Therapy,3.8,3.5,4.2,1.3
R001969,P0104,2025-06-03,HCP01626,Cardiology,Combination Therapy,4.2,3.9,3.0,1.6
R001970,P0083,2025-04-28,HCP00886,Immunology,Oral Therapy,4.5,2.9,5.0,3.5
R001971,P0075,2026-04-12,HCP01753,Neurology,Digital Therapeutic,3.7,2.6,4.5,1.5
R001972,P0081,2025-12-01,HCP00002,Oncology,Oral Therapy,2.6,3.4,3.6,3.8
R001973,P0050,2025-07-07,HCP00085,Diabetes,Oral Therapy,4.6,4.3,5.0,1.5
R001974,P0098,2026-03-29,HCP02064,Cardiology,Injectable,3.0,3.9,3.5,1.6
R001975,P0074,2026-01-30,HCP00815,Immunology,Digital Therapeutic,2.8,2.9,4.1,1.6
R001976,P0009,2026-05-04,HCP00910,Immunology,Combination Therapy,3.6,4.5,2.6,1.3
R001977,P0045,2026-01-04,HCP01046,Neurology,Digital Therapeutic,3.3,4.0,4.4,3.8
R001978,P0105,2026-01-05,HCP01665,Neurology,Infusion,4.0,4.3,3.8,3.6
R001979,P0031,2025-12-01,HCP01780,Rare Disease,Oral Therapy,4.2,3.6,3.9,1.2
R001980,P0115,2025-04-16,HCP01772,Neurology,Injectable,3.3,2.5,3.4,3.9
R001981,P0098,2026-05-26,HCP02183,Cardiology,Digital Therapeutic,3.8,4.8,3.3,1.4
R001982,P0119,2025-10-20,HCP01388,Neurology,Combination Therapy,3.3,3.7,3.6,5.0
R001983,P0096,2026-03-31,HCP00629,Neurology,Oral Therapy,4.4,4.5,4.8,2.4
R001984,P0016,2026-08-13,HCP01473,Cardiology,Oral Therapy,4.1,3.5,4.3,2.0
R001985,P0023,2025-07-31,HCP00729,Respiratory,Infusion,4.3,3.9,3.4,3.0
R001986,P0059,2025-09-20,HCP01072,Cardiology,Combination Therapy,3.5,2.7,2.6,1.7
R001987,P0043,2026-04-20,HCP00070,Immunology,Injectable,3.9,3.2,5.0,1.2
R001988,P0113,2026-07-01,HCP01019,Neurology,Digital Therapeutic,4.1,4.8,2.4,2.1
R001989,P0102,2026-02-21,HCP01499,Cardiology,Combination Therapy,4.3,4.4,4.7,2.6
R001990,P0092,2026-02-03,HCP00765,Cardiology,Infusion,4.3,4.6,4.3,1.0
R001991,P0113,2026-08-18,HCP00273,Neurology,Digital Therapeutic,3.6,4.1,3.9,1.7
R001992,P0008,2025-10-24,HCP00179,Neurology,Injectable,2.7,4.0,3.6,4.3
R001993,P0085,2026-01-28,HCP00297,Respiratory,Digital Therapeutic,4.1,4.5,4.5,2.5
R001994,P0105,2026-01-06,HCP00874,Neurology,Infusion,4.1,4.4,4.7,1.0
R001995,P0118,2025-12-20,HCP02489,Immunology,Combination Therapy,2.8,4.0,4.7,2.5
R001996,P0101,2026-05-24,HCP01157,Cardiology,Injectable,4.4,3.9,4.7,2.8
R001997,P0098,2026-05-26,HCP02273,Cardiology,Infusion,3.8,4.5,3.0,2.5
R001998,P0094,2025-05-17,HCP00335,Cardiology,Oral Therapy,3.6,3.1,3.6,3.2
R001999,P0016,2026-05-17,HCP02429,Cardiology,Digital Therapeutic,3.9,3.6,3.6,2.2
R002000,P0050,2025-04-26,HCP02271,Diabetes,Infusion,4.5,2.8,4.0,3.4
R002001,P0106,2026-03-10,HCP00219,Respiratory,Injectable,5.0,3.1,4.2,2.5
R002002,P0076,2025-10-12,HCP00021,Cardiology,Oral Therapy,3.7,3.9,4.7,2.6
R002003,P0032,2026-06-05,HCP01609,Rare Disease,Combination Therapy,3.5,4.3,4.0,2.8
R002004,P0086,2025-11-05,HCP00560,Diabetes,Combination Therapy,4.2,5.0,4.5,3.1
R002005,P0004,2025-03-04,HCP01603,Diabetes,Infusion,2.6,3.7,3.8,2.8
R002006,P0048,2025-07-31,HCP01700,Oncology,Infusion,4.4,3.5,5.0,1.8
R002007,P0091,2025-08-26,HCP00160,Rare Disease,Digital Therapeutic,2.5,3.7,3.6,3.9
R002008,P0095,2025-12-18,HCP02059,Cardiology,Oral Therapy,2.5,4.0,3.6,1.8
R002009,P0062,2025-07-19,HCP02167,Immunology,Injectable,5.0,5.0,4.2,1.7
R002010,P0033,2026-01-28,HCP01185,Oncology,Digital Therapeutic,1.9,3.8,4.8,1.0
R002011,P0060,2025-08-14,HCP02327,Cardiology,Digital Therapeutic,4.8,3.0,3.5,2.3
R002012,P0023,2025-05-18,HCP01472,Respiratory,Injectable,5.0,4.1,3.8,2.1
R002013,P0113,2026-05-24,HCP01827,Neurology,Infusion,4.0,3.9,3.8,2.6
R002014,P0104,2025-05-12,HCP00683,Cardiology,Oral Therapy,4.2,3.8,3.3,1.8
R002015,P0087,2026-04-23,HCP01582,Oncology,Digital Therapeutic,2.4,3.6,3.6,4.0
R002016,P0041,2026-07-16,HCP02386,Respiratory,Injectable,3.3,5.0,3.6,2.0
R002017,P0018,2025-04-12,HCP01940,Immunology,Combination Therapy,4.0,3.4,4.9,2.0
R002018,P0007,2026-07-08,HCP01611,Diabetes,Injectable,4.0,2.7,4.1,2.4
R002019,P0046,2026-02-08,HCP01016,Immunology,Oral Therapy,4.1,3.4,3.7,2.8
R002020,P0100,2025-03-24,HCP00329,Neurology,Infusion,4.0,3.5,5.0,3.6
R002021,P0045,2026-02-05,HCP00857,Neurology,Oral Therapy,3.7,2.9,5.0,3.0
R002022,P0096,2026-03-29,HCP01842,Neurology,Injectable,2.7,3.7,5.0,3.0
R002023,P0022,2026-06-04,HCP01317,Cardiology,Infusion,4.0,4.9,3.7,2.6
R002024,P0097,2025-09-26,HCP00320,Cardiology,Oral Therapy,2.7,2.9,4.7,1.8
R002025,P0010,2025-03-31,HCP00588,Diabetes,Injectable,3.4,2.8,5.0,1.9
R002026,P0041,2026-06-13,HCP01009,Respiratory,Combination Therapy,4.9,4.3,3.7,1.0
R002027,P0019,2026-04-22,HCP00116,Respiratory,Injectable,2.4,3.7,3.9,2.2
R002028,P0073,2026-04-27,HCP01229,Immunology,Injectable,3.6,3.5,3.7,3.1
R002029,P0023,2025-07-01,HCP02285,Respiratory,Infusion,4.4,4.6,4.1,2.3
R002030,P0002,2025-12-10,HCP01807,Cardiology,Injectable,4.2,3.4,5.0,2.9
R002031,P0039,2026-06-21,HCP02341,Respiratory,Combination Therapy,4.0,2.7,4.0,4.2
R002032,P0001,2026-10-15,HCP02491,Respiratory,Infusion,3.1,4.4,3.6,2.6
R002033,P0046,2025-12-31,HCP00136,Immunology,Injectable,4.8,3.8,3.9,3.0
R002034,P0032,2026-03-15,HCP00929,Rare Disease,Digital Therapeutic,2.7,3.7,4.8,2.6
R002035,P0112,2025-03-17,HCP00505,Respiratory,Oral Therapy,4.3,2.4,2.2,1.8
R002036,P0064,2025-08-10,HCP01690,Cardiology,Digital Therapeutic,3.8,3.1,4.3,2.3
R002037,P0053,2025-04-28,HCP00088,Respiratory,Infusion,3.0,3.7,3.9,1.5
R002038,P0073,2026-07-24,HCP01681,Immunology,Oral Therapy,3.4,3.1,3.6,3.3
R002039,P0017,2026-01-10,HCP00966,Immunology,Injectable,5.0,4.5,2.9,3.3
R002040,P0017,2026-01-14,HCP00461,Immunology,Infusion,2.7,3.8,4.4,2.4
R002041,P0019,2026-03-21,HCP00522,Respiratory,Oral Therapy,2.2,3.6,3.8,4.1
R002042,P0105,2026-01-18,HCP01608,Neurology,Digital Therapeutic,3.2,4.5,4.3,2.3
R002043,P0090,2025-09-10,HCP01186,Neurology,Combination Therapy,4.1,3.4,3.3,3.3
R002044,P0116,2026-05-07,HCP02199,Rare Disease,Oral Therapy,4.9,4.1,2.8,2.3
R002045,P0098,2026-06-17,HCP02446,Cardiology,Injectable,3.7,3.8,3.2,2.9
R002046,P0015,2025-08-05,HCP01390,Oncology,Oral Therapy,2.3,4.4,3.9,1.2
R002047,P0020,2026-05-04,HCP01722,Cardiology,Oral Therapy,3.8,4.1,2.8,2.1
R002048,P0099,2026-07-13,HCP01200,Rare Disease,Digital Therapeutic,4.4,4.2,4.1,2.6
R002049,P0066,2026-01-05,HCP00981,Diabetes,Injectable,4.0,3.4,5.0,3.3
R002050,P0074,2025-10-05,HCP01619,Immunology,Infusion,4.1,3.4,2.4,2.5
R002051,P0029,2026-01-11,HCP00033,Neurology,Injectable,2.1,3.7,3.5,3.7
R002052,P0061,2026-04-24,HCP02018,Immunology,Oral Therapy,2.6,4.2,3.9,2.2
R002053,P0109,2025-10-17,HCP01712,Diabetes,Combination Therapy,3.6,4.1,3.9,1.7
R002054,P0059,2025-10-17,HCP00564,Cardiology,Digital Therapeutic,4.7,4.3,4.9,4.2
R002055,P0083,2025-05-13,HCP00010,Immunology,Combination Therapy,3.0,3.2,3.7,1.1
R002056,P0090,2025-07-21,HCP00408,Neurology,Oral Therapy,3.9,2.9,3.8,1.8
R002057,P0111,2026-01-23,HCP01755,Immunology,Injectable,3.8,3.5,3.8,2.5
R002058,P0026,2026-06-27,HCP01629,Diabetes,Infusion,2.8,3.3,4.3,2.2
R002059,P0110,2026-05-21,HCP01664,Rare Disease,Combination Therapy,3.1,3.1,5.0,2.6
R002060,P0074,2025-11-25,HCP00087,Immunology,Combination Therapy,3.7,3.7,4.0,2.6
R002061,P0100,2025-03-19,HCP00041,Neurology,Infusion,3.4,2.9,5.0,4.5
R002062,P0032,2026-05-05,HCP02064,Rare Disease,Oral Therapy,4.4,3.4,4.1,2.3
R002063,P0015,2025-08-12,HCP01138,Oncology,Combination Therapy,3.3,3.1,3.2,2.8
R002064,P0011,2025-05-26,HCP00756,Respiratory,Infusion,4.5,3.0,4.7,2.5
R002065,P0047,2025-05-29,HCP00199,Respiratory,Digital Therapeutic,3.4,2.9,4.0,1.0
R002066,P0067,2025-07-21,HCP00278,Immunology,Injectable,3.7,3.1,4.9,1.4
R002067,P0035,2026-06-08,HCP01851,Cardiology,Digital Therapeutic,4.4,4.2,4.5,1.0
R002068,P0033,2026-05-26,HCP01912,Oncology,Combination Therapy,3.6,3.6,4.6,1.5
R002069,P0098,2026-04-06,HCP00705,Cardiology,Infusion,3.3,3.9,3.5,2.3
R002070,P0090,2025-10-14,HCP00558,Neurology,Digital Therapeutic,3.6,3.7,3.4,3.2
R002071,P0077,2025-09-27,HCP00752,Neurology,Digital Therapeutic,4.5,4.2,4.0,3.7
R002072,P0079,2026-06-20,HCP01004,Oncology,Injectable,4.0,4.2,3.1,4.7
R002073,P0102,2025-11-21,HCP02122,Cardiology,Digital Therapeutic,1.9,4.2,3.3,2.6
R002074,P0027,2025-11-13,HCP01035,Cardiology,Infusion,3.1,3.7,3.5,2.5
R002075,P0113,2026-07-11,HCP01930,Neurology,Infusion,3.1,3.8,3.2,1.2
R002076,P0104,2025-03-09,HCP02051,Cardiology,Infusion,4.2,3.0,3.9,1.6
R002077,P0042,2025-10-09,HCP01493,Rare Disease,Injectable,2.1,3.3,4.0,3.2
R002078,P0042,2025-10-08,HCP00662,Rare Disease,Combination Therapy,3.9,4.3,3.7,4.2
R002079,P0023,2025-07-10,HCP02467,Respiratory,Injectable,4.2,3.4,3.2,3.7
R002080,P0086,2025-10-15,HCP01583,Diabetes,Digital Therapeutic,4.2,3.6,3.5,1.9
R002081,P0037,2025-09-27,HCP01735,Neurology,Digital Therapeutic,3.6,4.2,4.1,1.4
R002082,P0033,2026-03-08,HCP02497,Oncology,Digital Therapeutic,2.3,4.0,3.8,1.0
R002083,P0081,2025-12-13,HCP01528,Oncology,Injectable,3.5,3.8,4.1,2.4
R002084,P0024,2026-06-24,HCP01499,Diabetes,Combination Therapy,5.0,3.6,3.4,4.2
R002085,P0014,2025-02-08,HCP02073,Cardiology,Digital Therapeutic,3.2,4.4,4.3,2.0
R002086,P0104,2025-02-24,HCP00353,Cardiology,Oral Therapy,5.0,3.3,4.5,1.9
R002087,P0005,2025-02-10,HCP02408,Immunology,Digital Therapeutic,4.4,4.0,3.1,2.2
R002088,P0111,2026-01-24,HCP00709,Immunology,Infusion,3.6,3.6,3.7,2.2
R002089,P0083,2025-04-20,HCP02425,Immunology,Digital Therapeutic,3.9,4.2,2.9,2.5
R002090,P0043,2026-03-26,HCP01338,Immunology,Combination Therapy,4.0,4.2,4.5,1.0
R002091,P0068,2025-06-16,HCP02201,Immunology,Injectable,3.2,3.9,5.0,1.6
R002092,P0038,2025-09-29,HCP00806,Diabetes,Combination Therapy,3.3,4.5,4.6,2.1
R002093,P0050,2025-03-26,HCP01898,Diabetes,Combination Therapy,5.0,4.3,3.9,2.7
R002094,P0085,2026-02-07,HCP01292,Respiratory,Injectable,5.0,3.6,4.1,2.0
R002095,P0110,2026-06-27,HCP01617,Rare Disease,Injectable,3.4,3.9,4.4,2.7
R002096,P0028,2026-05-16,HCP01359,Oncology,Infusion,3.0,4.0,3.2,1.9
R002097,P0065,2025-07-26,HCP02467,Immunology,Injectable,2.3,4.5,4.0,3.2
R002098,P0104,2025-05-26,HCP01839,Cardiology,Oral Therapy,5.0,2.8,4.0,2.8
R002099,P0002,2025-10-25,HCP00630,Cardiology,Digital Therapeutic,4.6,4.5,3.9,2.6
R002100,P0002,2025-12-23,HCP01558,Cardiology,Digital Therapeutic,4.8,2.7,3.7,3.2
R002101,P0074,2026-02-17,HCP00916,Immunology,Digital Therapeutic,3.2,4.1,4.1,3.0
R002102,P0018,2025-03-12,HCP01745,Immunology,Digital Therapeutic,3.2,4.1,3.3,2.0
R002103,P0120,2026-05-30,HCP01199,Immunology,Oral Therapy,2.9,3.7,3.5,1.7
R002104,P0015,2025-09-06,HCP00546,Oncology,Infusion,1.0,4.2,4.2,3.7
R002105,P0089,2025-04-09,HCP00560,Neurology,Infusion,3.0,3.0,4.0,4.2
R002106,P0039,2026-06-29,HCP01059,Respiratory,Combination Therapy,4.0,3.2,4.0,3.5
R002107,P0111,2026-02-01,HCP01207,Immunology,Combination Therapy,3.9,3.1,4.6,3.5
R002108,P0104,2025-05-05,HCP02063,Cardiology,Oral Therapy,3.2,3.3,3.9,1.6
R002109,P0096,2026-03-12,HCP01596,Neurology,Infusion,4.3,4.5,3.9,2.3
R002110,P0077,2025-11-17,HCP01881,Neurology,Combination Therapy,3.1,4.7,4.4,2.2
R002111,P0026,2026-05-21,HCP00373,Diabetes,Digital Therapeutic,4.4,3.7,5.0,2.2
R002112,P0013,2025-04-09,HCP00456,Respiratory,Infusion,4.3,3.9,3.7,1.8
R002113,P0032,2026-02-22,HCP00093,Rare Disease,Digital Therapeutic,4.4,5.0,4.3,2.8
R002114,P0010,2025-02-24,HCP00160,Diabetes,Oral Therapy,3.8,3.5,3.8,2.8
R002115,P0095,2026-01-31,HCP00366,Cardiology,Infusion,3.0,3.3,3.4,1.7
R002116,P0035,2026-05-02,HCP01633,Cardiology,Combination Therapy,2.7,4.4,4.0,1.8
R002117,P0053,2025-05-14,HCP01143,Respiratory,Infusion,1.9,3.4,4.4,2.7
R002118,P0075,2026-04-11,HCP01111,Neurology,Combination Therapy,4.3,3.1,3.5,2.5
R002119,P0085,2026-01-09,HCP01849,Respiratory,Digital Therapeutic,2.3,4.4,4.7,2.0
R002120,P0072,2026-06-21,HCP01027,Immunology,Combination Therapy,3.6,4.7,3.7,2.3
R002121,P0089,2025-04-14,HCP00017,Neurology,Oral Therapy,3.9,3.5,3.7,1.3
R002122,P0014,2025-02-16,HCP00063,Cardiology,Combination Therapy,2.8,3.8,4.5,3.1
R002123,P0034,2025-03-23,HCP00449,Respiratory,Injectable,3.6,4.4,4.2,2.1
R002124,P0092,2026-01-23,HCP00955,Cardiology,Injectable,4.0,3.3,3.5,2.1
R002125,P0087,2026-05-02,HCP02207,Oncology,Oral Therapy,3.5,4.5,3.1,2.9
R002126,P0076,2025-06-21,HCP00447,Cardiology,Injectable,4.1,4.8,5.0,3.4
R002127,P0113,2026-06-28,HCP01838,Neurology,Digital Therapeutic,3.3,2.9,4.1,2.5
R002128,P0118,2025-11-24,HCP00086,Immunology,Injectable,3.5,2.9,5.0,1.9
R002129,P0011,2025-05-30,HCP00272,Respiratory,Oral Therapy,2.9,2.7,3.7,2.9
R002130,P0067,2025-07-10,HCP00998,Immunology,Injectable,3.6,3.4,4.2,2.6
R002131,P0109,2025-09-30,HCP01592,Diabetes,Oral Therapy,3.7,2.9,3.2,2.8
R002132,P0040,2026-04-20,HCP02063,Neurology,Combination Therapy,2.9,4.6,3.3,3.2
R002133,P0008,2025-11-30,HCP01852,Neurology,Digital Therapeutic,4.1,3.1,3.7,2.3
R002134,P0015,2025-09-07,HCP02229,Oncology,Infusion,1.6,3.5,5.0,3.4
R002135,P0087,2026-02-08,HCP01084,Oncology,Combination Therapy,4.6,4.1,4.2,2.0
R002136,P0111,2026-02-04,HCP00596,Immunology,Injectable,2.5,3.2,4.7,1.9
R002137,P0085,2025-11-11,HCP01052,Respiratory,Combination Therapy,4.6,3.8,5.0,3.3
R002138,P0005,2025-01-12,HCP00688,Immunology,Digital Therapeutic,4.2,4.3,4.6,2.9
R002139,P0050,2025-04-06,HCP00889,Diabetes,Injectable,4.6,5.0,4.6,2.4
R002140,P0042,2025-09-15,HCP00247,Rare Disease,Digital Therapeutic,2.7,4.1,4.1,2.5
R002141,P0110,2026-06-30,HCP01919,Rare Disease,Combination Therapy,3.5,2.7,4.9,2.2
R002142,P0064,2025-12-12,HCP02274,Cardiology,Injectable,3.9,4.3,4.2,2.3
R002143,P0029,2025-11-27,HCP00240,Neurology,Injectable,4.1,4.0,4.7,1.4
R002144,P0069,2026-04-03,HCP00164,Immunology,Combination Therapy,4.4,4.1,3.8,1.8
R002145,P0090,2025-07-04,HCP02009,Neurology,Injectable,4.3,3.7,4.5,2.4
R002146,P0070,2026-09-24,HCP02344,Immunology,Infusion,4.1,4.4,4.3,1.1
R002147,P0051,2025-12-16,HCP00041,Rare Disease,Oral Therapy,4.1,3.6,3.8,1.0
R002148,P0087,2026-04-08,HCP01604,Oncology,Digital Therapeutic,4.3,4.0,3.1,1.0
R002149,P0037,2025-08-25,HCP01037,Neurology,Combination Therapy,3.7,3.9,4.2,3.6
R002150,P0016,2026-08-11,HCP01967,Cardiology,Oral Therapy,4.7,3.9,4.3,4.2
R002151,P0104,2025-05-03,HCP01290,Cardiology,Injectable,3.6,3.6,3.4,2.7
R002152,P0087,2026-02-16,HCP00550,Oncology,Digital Therapeutic,2.3,4.6,4.1,2.3
R002153,P0088,2025-12-11,HCP00726,Respiratory,Infusion,4.8,4.8,4.2,3.5
R002154,P0107,2025-11-26,HCP01519,Diabetes,Infusion,4.1,5.0,4.7,1.5
R002155,P0086,2025-11-19,HCP00647,Diabetes,Injectable,3.6,3.9,4.2,2.8
R002156,P0004,2025-02-02,HCP00272,Diabetes,Digital Therapeutic,3.8,4.0,4.5,2.8
R002157,P0102,2026-01-01,HCP01331,Cardiology,Infusion,5.0,4.0,3.9,2.3
R002158,P0005,2025-01-27,HCP01647,Immunology,Oral Therapy,3.8,3.2,3.8,1.0
R002159,P0084,2026-05-04,HCP01997,Immunology,Oral Therapy,5.0,4.4,3.9,3.5
R002160,P0119,2025-09-08,HCP01501,Neurology,Injectable,4.1,3.6,3.7,2.0
R002161,P0049,2025-03-10,HCP01006,Neurology,Digital Therapeutic,3.4,4.2,3.8,1.9
R002162,P0038,2025-10-20,HCP02060,Diabetes,Oral Therapy,2.6,3.0,4.3,1.1
R002163,P0112,2025-04-06,HCP01144,Respiratory,Combination Therapy,3.8,4.2,4.4,3.0
R002164,P0055,2025-11-12,HCP01613,Diabetes,Combination Therapy,4.8,4.7,4.3,2.8
R002165,P0111,2026-02-04,HCP02255,Immunology,Oral Therapy,3.2,3.4,4.2,3.0
R002166,P0038,2025-10-18,HCP02429,Diabetes,Infusion,4.0,3.5,4.9,2.1
R002167,P0023,2025-05-31,HCP01110,Respiratory,Injectable,5.0,3.5,4.9,2.2
R002168,P0067,2025-09-06,HCP01226,Immunology,Oral Therapy,2.2,3.5,4.1,1.9
R002169,P0045,2026-01-07,HCP02175,Neurology,Infusion,4.0,4.8,5.0,2.7
R002170,P0086,2026-02-08,HCP01380,Diabetes,Digital Therapeutic,4.2,3.9,4.9,2.5
R002171,P0036,2025-10-08,HCP01886,Respiratory,Infusion,4.0,3.2,4.1,2.2
R002172,P0092,2026-03-05,HCP00190,Cardiology,Combination Therapy,2.3,3.3,3.6,1.4
R002173,P0043,2026-03-26,HCP02060,Immunology,Digital Therapeutic,3.1,2.4,3.8,2.2
R002174,P0043,2026-02-23,HCP00271,Immunology,Digital Therapeutic,1.9,3.3,4.1,1.2
R002175,P0086,2025-12-19,HCP00973,Diabetes,Combination Therapy,2.6,3.0,3.8,1.9
R002176,P0032,2026-03-23,HCP00434,Rare Disease,Combination Therapy,4.4,3.0,3.4,1.8
R002177,P0035,2026-04-12,HCP02322,Cardiology,Infusion,3.4,3.5,3.3,2.3
R002178,P0066,2026-02-09,HCP00296,Diabetes,Combination Therapy,4.4,3.1,3.7,2.7
R002179,P0040,2026-07-13,HCP01365,Neurology,Injectable,4.3,3.7,3.6,2.4
R002180,P0047,2025-06-15,HCP00344,Respiratory,Combination Therapy,2.7,4.1,2.8,2.0
R002181,P0041,2026-04-01,HCP00047,Respiratory,Digital Therapeutic,3.8,4.0,4.5,2.3
R002182,P0075,2026-04-11,HCP00652,Neurology,Injectable,2.4,4.0,4.7,2.6
R002183,P0041,2026-05-07,HCP00195,Respiratory,Oral Therapy,3.9,2.0,4.4,2.9
R002184,P0074,2026-02-15,HCP00697,Immunology,Injectable,4.1,3.5,2.6,3.7
R002185,P0029,2026-01-08,HCP00402,Neurology,Infusion,3.5,4.7,3.9,4.6
R002186,P0108,2025-03-02,HCP01739,Diabetes,Oral Therapy,2.3,5.0,4.3,3.8
R002187,P0115,2025-07-16,HCP00429,Neurology,Infusion,2.4,4.4,4.8,2.5
R002188,P0001,2026-05-10,HCP01217,Respiratory,Combination Therapy,5.0,3.8,5.0,1.7
R002189,P0013,2025-03-22,HCP00002,Respiratory,Injectable,4.2,3.2,4.0,2.2
R002190,P0013,2025-03-01,HCP02318,Respiratory,Combination Therapy,3.5,4.7,4.1,2.7
R002191,P0022,2026-07-08,HCP01105,Cardiology,Infusion,4.5,3.7,4.3,2.1
R002192,P0095,2026-01-28,HCP00858,Cardiology,Injectable,5.0,3.6,3.6,2.2
R002193,P0030,2026-03-24,HCP00812,Cardiology,Combination Therapy,4.7,4.6,3.5,3.1
R002194,P0071,2025-12-18,HCP00159,Immunology,Digital Therapeutic,3.5,1.6,4.6,2.3
R002195,P0031,2025-12-31,HCP00648,Rare Disease,Digital Therapeutic,3.4,3.8,4.4,2.8
R002196,P0008,2025-12-28,HCP02111,Neurology,Injectable,4.4,2.8,3.9,2.3
R002197,P0011,2025-05-21,HCP00966,Respiratory,Infusion,3.5,4.2,3.0,1.0
R002198,P0114,2026-07-21,HCP02107,Cardiology,Combination Therapy,4.7,4.9,2.6,1.0
R002199,P0067,2025-08-03,HCP00448,Immunology,Oral Therapy,3.8,4.1,4.0,2.8
R002200,P0079,2026-06-06,HCP00909,Oncology,Oral Therapy,4.4,5.0,4.0,2.4
R002201,P0023,2025-08-07,HCP01580,Respiratory,Digital Therapeutic,4.6,3.9,3.8,2.6
R002202,P0059,2025-11-16,HCP00177,Cardiology,Digital Therapeutic,2.6,4.8,4.6,2.7
R002203,P0079,2026-05-30,HCP00884,Oncology,Injectable,3.8,2.7,4.1,2.7
R002204,P0094,2025-05-01,HCP02203,Cardiology,Infusion,4.7,3.9,2.7,2.5
R002205,P0079,2026-07-05,HCP01237,Oncology,Oral Therapy,3.0,2.9,5.0,3.6
R002206,P0072,2026-07-23,HCP02334,Immunology,Injectable,3.2,4.1,2.4,2.7
R002207,P0075,2026-02-09,HCP00356,Neurology,Oral Therapy,4.7,3.6,3.6,2.7
R002208,P0045,2025-12-28,HCP02493,Neurology,Combination Therapy,5.0,3.7,3.4,2.0
R002209,P0084,2026-06-13,HCP02197,Immunology,Injectable,1.0,3.7,4.3,1.5
R002210,P0036,2025-11-09,HCP00978,Respiratory,Infusion,4.7,4.5,3.2,4.5
R002211,P0087,2026-02-23,HCP01406,Oncology,Injectable,1.7,3.9,4.4,3.2
R002212,P0055,2026-03-27,HCP00318,Diabetes,Infusion,3.6,3.9,3.8,2.7
R002213,P0070,2026-05-11,HCP00393,Immunology,Infusion,2.5,3.8,4.5,2.3
R002214,P0058,2025-07-23,HCP00945,Respiratory,Oral Therapy,3.2,4.3,2.4,3.1
R002215,P0069,2026-03-16,HCP00819,Immunology,Digital Therapeutic,3.8,3.6,3.9,2.0
R002216,P0086,2026-01-09,HCP01464,Diabetes,Infusion,4.2,3.0,4.5,3.1
R002217,P0034,2025-03-21,HCP02261,Respiratory,Infusion,4.9,4.5,3.3,3.8
R002218,P0057,2025-09-04,HCP00109,Immunology,Oral Therapy,2.6,3.5,4.2,2.4
R002219,P0049,2025-05-31,HCP02095,Neurology,Oral Therapy,4.7,4.0,4.2,3.9
R002220,P0003,2025-06-18,HCP00686,Respiratory,Infusion,3.5,4.3,4.2,2.3
R002221,P0103,2026-03-16,HCP01629,Respiratory,Oral Therapy,3.5,3.1,3.8,1.0
R002222,P0083,2025-05-02,HCP02355,Immunology,Infusion,5.0,3.2,4.5,3.2
R002223,P0006,2025-09-14,HCP01835,Cardiology,Digital Therapeutic,4.4,2.8,4.2,2.4
R002224,P0009,2026-04-19,HCP00111,Immunology,Injectable,2.3,3.6,4.2,3.2
R002225,P0112,2025-05-04,HCP01483,Respiratory,Injectable,3.6,4.5,3.6,1.5
R002226,P0102,2026-01-29,HCP00378,Cardiology,Combination Therapy,3.1,3.8,3.4,2.1
R002227,P0088,2025-12-13,HCP00635,Respiratory,Infusion,3.3,4.8,4.3,3.7
R002228,P0085,2026-01-12,HCP01453,Respiratory,Injectable,3.6,4.0,3.5,2.8
R002229,P0101,2026-06-13,HCP01457,Cardiology,Combination Therapy,4.1,3.4,4.9,3.8
R002230,P0072,2026-06-07,HCP02395,Immunology,Digital Therapeutic,2.6,3.3,5.0,1.9
R002231,P0001,2026-09-05,HCP00710,Respiratory,Infusion,3.5,4.9,3.5,4.6
R002232,P0055,2026-03-03,HCP02351,Diabetes,Combination Therapy,3.4,4.3,3.5,4.5
R002233,P0040,2026-04-22,HCP01090,Neurology,Digital Therapeutic,4.0,3.7,4.3,3.2
R002234,P0021,2026-05-29,HCP00644,Rare Disease,Combination Therapy,3.7,3.9,4.2,2.6
R002235,P0104,2025-05-21,HCP01558,Cardiology,Digital Therapeutic,4.5,3.5,4.0,2.9
R002236,P0079,2026-05-25,HCP01535,Oncology,Digital Therapeutic,3.9,2.0,4.4,3.4
R002237,P0109,2025-12-04,HCP02246,Diabetes,Digital Therapeutic,4.2,3.9,4.5,2.7
R002238,P0014,2025-01-29,HCP02413,Cardiology,Oral Therapy,3.9,2.9,3.5,2.2
R002239,P0118,2025-12-03,HCP01662,Immunology,Oral Therapy,2.7,3.5,3.4,1.6
R002240,P0073,2026-05-03,HCP01575,Immunology,Infusion,3.4,2.9,2.8,1.0
R002241,P0069,2026-03-24,HCP00718,Immunology,Digital Therapeutic,3.1,3.7,2.9,2.2
R002242,P0023,2025-09-05,HCP00554,Respiratory,Digital Therapeutic,4.3,3.1,3.4,1.0
R002243,P0075,2026-04-02,HCP01485,Neurology,Combination Therapy,4.4,3.8,3.8,2.4
R002244,P0072,2026-06-06,HCP01735,Immunology,Digital Therapeutic,3.6,4.3,4.5,3.9
R002245,P0085,2026-01-24,HCP00920,Respiratory,Oral Therapy,3.8,4.0,4.4,2.4
R002246,P0019,2026-04-01,HCP01279,Respiratory,Infusion,2.4,2.8,4.3,1.7
R002247,P0077,2025-09-07,HCP01437,Neurology,Digital Therapeutic,3.4,2.6,3.9,2.0
R002248,P0012,2026-04-24,HCP01235,Oncology,Combination Therapy,1.6,2.9,5.0,1.8
R002249,P0009,2026-05-03,HCP00115,Immunology,Digital Therapeutic,4.4,4.5,3.2,4.0
R002250,P0057,2025-08-06,HCP01221,Immunology,Infusion,5.0,5.0,3.8,1.9
R002251,P0015,2025-08-04,HCP00535,Oncology,Oral Therapy,3.2,3.3,4.2,1.0
R002252,P0086,2025-12-23,HCP00282,Diabetes,Combination Therapy,3.9,3.1,3.3,4.8
R002253,P0058,2025-09-16,HCP01172,Respiratory,Infusion,4.1,4.8,3.8,2.3
R002254,P0029,2025-12-22,HCP01974,Neurology,Combination Therapy,2.7,3.5,3.1,1.7
R002255,P0033,2026-04-02,HCP01993,Oncology,Oral Therapy,3.6,3.7,3.8,2.5
R002256,P0060,2025-07-26,HCP00868,Cardiology,Digital Therapeutic,4.1,3.9,5.0,2.3
R002257,P0072,2026-06-15,HCP01421,Immunology,Injectable,3.8,3.3,4.1,2.9
R002258,P0096,2026-02-01,HCP00462,Neurology,Oral Therapy,3.8,3.3,5.0,2.4
R002259,P0069,2026-04-05,HCP00702,Immunology,Combination Therapy,3.4,3.7,4.9,1.0
R002260,P0066,2026-03-10,HCP01103,Diabetes,Digital Therapeutic,3.0,3.5,3.0,2.3
R002261,P0073,2026-07-21,HCP00975,Immunology,Combination Therapy,4.3,2.6,3.3,3.3
R002262,P0072,2026-07-06,HCP01608,Immunology,Digital Therapeutic,5.0,3.2,4.9,2.0
R002263,P0042,2025-09-28,HCP01864,Rare Disease,Infusion,2.0,3.7,3.9,3.2
R002264,P0027,2026-01-11,HCP01384,Cardiology,Digital Therapeutic,1.9,3.4,3.0,3.3
R002265,P0064,2025-12-29,HCP00073,Cardiology,Oral Therapy,2.7,4.1,4.6,3.6
R002266,P0015,2025-08-08,HCP02048,Oncology,Injectable,3.3,3.3,5.0,1.6
R002267,P0030,2026-03-15,HCP01138,Cardiology,Injectable,3.5,5.0,5.0,1.7
R002268,P0018,2025-06-17,HCP02109,Immunology,Injectable,3.8,3.8,4.3,2.5
R002269,P0059,2025-09-24,HCP00685,Cardiology,Injectable,3.8,3.9,4.8,1.0
R002270,P0117,2025-08-09,HCP01552,Immunology,Digital Therapeutic,3.6,3.4,4.3,1.5
R002271,P0106,2026-02-18,HCP00612,Respiratory,Digital Therapeutic,4.8,3.6,3.4,2.8
R002272,P0011,2025-05-03,HCP01380,Respiratory,Digital Therapeutic,2.9,2.5,4.7,1.0
R002273,P0099,2026-06-20,HCP02092,Rare Disease,Infusion,4.5,3.8,3.9,1.0
R002274,P0019,2026-05-26,HCP01417,Respiratory,Combination Therapy,5.0,5.0,5.0,3.0
R002275,P0110,2026-07-20,HCP02496,Rare Disease,Infusion,2.5,4.4,3.8,1.0
R002276,P0025,2025-07-31,HCP00983,Respiratory,Injectable,2.0,2.7,3.8,4.9
R002277,P0016,2026-06-25,HCP00318,Cardiology,Combination Therapy,3.9,4.0,3.3,1.6
R002278,P0095,2025-11-14,HCP01174,Cardiology,Injectable,4.2,4.1,4.5,1.5
R002279,P0100,2025-03-13,HCP02083,Neurology,Combination Therapy,3.7,4.9,5.0,1.2
R002280,P0048,2025-07-17,HCP01317,Oncology,Digital Therapeutic,1.9,3.2,4.5,2.5
R002281,P0066,2026-03-19,HCP01529,Diabetes,Combination Therapy,2.3,5.0,4.1,2.3
R002282,P0095,2026-01-04,HCP02003,Cardiology,Combination Therapy,3.3,3.9,3.7,2.8
R002283,P0103,2026-03-09,HCP00657,Respiratory,Oral Therapy,4.1,3.2,3.6,2.3
R002284,P0051,2026-01-09,HCP01865,Rare Disease,Injectable,3.4,2.7,4.8,3.3
R002285,P0095,2025-11-15,HCP02385,Cardiology,Infusion,3.9,3.7,3.6,2.3
R002286,P0096,2026-03-24,HCP00489,Neurology,Injectable,3.9,3.9,2.6,2.1
R002287,P0096,2026-03-12,HCP00463,Neurology,Oral Therapy,4.5,3.0,5.0,2.7
R002288,P0108,2025-05-16,HCP02445,Diabetes,Combination Therapy,2.7,4.2,4.2,1.0
R002289,P0101,2026-05-24,HCP02430,Cardiology,Oral Therapy,3.8,4.2,3.8,1.5
R002290,P0054,2025-09-19,HCP02414,Neurology,Injectable,4.9,3.8,3.6,4.0
R002291,P0038,2025-11-01,HCP02144,Diabetes,Combination Therapy,3.0,3.2,4.4,1.0
R002292,P0119,2025-10-03,HCP00699,Neurology,Infusion,3.2,3.8,3.3,3.3
R002293,P0054,2025-08-24,HCP01403,Neurology,Injectable,3.8,5.0,3.6,1.0
R002294,P0112,2025-05-23,HCP02498,Respiratory,Combination Therapy,2.8,3.2,4.3,1.0
R002295,P0120,2026-03-11,HCP01757,Immunology,Digital Therapeutic,2.7,2.6,3.4,1.8
R002296,P0002,2025-12-06,HCP01313,Cardiology,Combination Therapy,3.4,3.5,3.2,2.9
R002297,P0017,2026-01-20,HCP01521,Immunology,Injectable,3.5,3.2,3.7,2.3
R002298,P0068,2025-06-07,HCP00567,Immunology,Injectable,4.3,2.5,3.8,2.8
R002299,P0011,2025-03-28,HCP00878,Respiratory,Infusion,2.9,4.1,3.8,2.0
R002300,P0079,2026-06-14,HCP01802,Oncology,Combination Therapy,3.7,2.9,3.8,2.3
R002301,P0002,2025-08-20,HCP02410,Cardiology,Infusion,4.7,2.8,4.2,2.5
R002302,P0102,2025-11-30,HCP00120,Cardiology,Combination Therapy,4.7,4.4,3.5,3.3
R002303,P0052,2025-10-24,HCP01037,Oncology,Combination Therapy,3.6,4.8,4.2,4.0
R002304,P0081,2026-01-12,HCP01720,Oncology,Combination Therapy,3.9,5.0,3.6,1.5
R002305,P0056,2025-06-06,HCP01162,Immunology,Combination Therapy,2.9,2.7,3.9,2.3
R002306,P0083,2025-05-06,HCP02088,Immunology,Infusion,3.9,4.1,3.6,2.1
R002307,P0082,2026-03-24,HCP01615,Neurology,Combination Therapy,5.0,2.8,2.8,2.8
R002308,P0035,2026-05-12,HCP00877,Cardiology,Digital Therapeutic,4.8,3.9,4.2,3.7
R002309,P0097,2025-09-21,HCP01913,Cardiology,Combination Therapy,3.7,3.7,4.7,2.6
R002310,P0099,2026-08-09,HCP00837,Rare Disease,Injectable,4.0,2.3,4.2,2.0
R002311,P0039,2026-07-12,HCP01033,Respiratory,Oral Therapy,3.1,4.2,3.2,3.4
R002312,P0008,2025-11-09,HCP00682,Neurology,Infusion,2.9,3.8,3.1,2.3
R002313,P0054,2025-09-05,HCP02497,Neurology,Injectable,3.4,4.2,4.6,2.3
R002314,P0079,2026-06-07,HCP01019,Oncology,Digital Therapeutic,3.9,2.9,4.3,3.0
R002315,P0094,2025-06-02,HCP02385,Cardiology,Digital Therapeutic,4.3,5.0,4.1,1.3
R002316,P0025,2025-08-22,HCP01434,Respiratory,Infusion,3.6,4.0,4.6,1.2
R002317,P0058,2025-09-25,HCP00314,Respiratory,Digital Therapeutic,4.1,4.0,4.4,1.6
R002318,P0092,2026-02-03,HCP01906,Cardiology,Infusion,1.5,4.8,4.1,2.2
R002319,P0064,2025-08-20,HCP00489,Cardiology,Digital Therapeutic,3.8,3.8,4.9,3.4
R002320,P0095,2025-11-22,HCP02217,Cardiology,Infusion,3.2,3.2,5.0,1.9
R002321,P0081,2026-01-12,HCP02412,Oncology,Injectable,2.6,4.6,4.8,2.0
R002322,P0021,2026-05-10,HCP01372,Rare Disease,Oral Therapy,4.1,3.7,4.5,2.7
R002323,P0026,2026-05-07,HCP00997,Diabetes,Oral Therapy,4.9,4.5,4.1,1.7
R002324,P0096,2026-01-05,HCP01188,Neurology,Combination Therapy,3.7,3.7,4.0,2.1
R002325,P0085,2025-11-10,HCP01939,Respiratory,Digital Therapeutic,4.4,5.0,4.5,2.5
R002326,P0101,2026-06-21,HCP00937,Cardiology,Combination Therapy,3.3,3.8,3.6,3.0
R002327,P0036,2025-11-21,HCP00127,Respiratory,Digital Therapeutic,5.0,3.4,4.0,3.3
R002328,P0007,2026-06-11,HCP01489,Diabetes,Infusion,2.4,4.0,3.6,2.4
R002329,P0029,2026-01-08,HCP01849,Neurology,Combination Therapy,3.6,3.5,4.0,2.2
R002330,P0052,2025-10-22,HCP00363,Oncology,Digital Therapeutic,4.3,3.2,3.5,2.3
R002331,P0015,2025-09-16,HCP00899,Oncology,Injectable,3.7,4.7,3.9,2.7
R002332,P0024,2026-06-14,HCP01168,Diabetes,Combination Therapy,4.9,2.9,3.7,3.8
R002333,P0018,2025-03-03,HCP01533,Immunology,Oral Therapy,1.9,4.5,4.7,4.5
R002334,P0016,2026-06-05,HCP01272,Cardiology,Infusion,3.6,4.9,4.8,4.2
R002335,P0046,2025-12-22,HCP01888,Immunology,Oral Therapy,3.5,3.5,4.4,3.5
R002336,P0097,2025-10-13,HCP01574,Cardiology,Digital Therapeutic,3.6,4.0,3.0,1.6
R002337,P0046,2026-03-30,HCP01784,Immunology,Injectable,2.4,3.2,4.4,2.7
R002338,P0036,2025-11-20,HCP00172,Respiratory,Oral Therapy,3.5,4.6,4.6,2.2
R002339,P0066,2026-03-28,HCP02299,Diabetes,Combination Therapy,3.4,2.9,3.8,2.4
R002340,P0078,2025-10-25,HCP01075,Cardiology,Combination Therapy,3.9,4.5,4.5,4.1
R002341,P0042,2025-09-02,HCP01059,Rare Disease,Injectable,4.6,3.8,4.6,3.7
R002342,P0001,2026-06-10,HCP01905,Respiratory,Oral Therapy,3.8,3.2,2.9,3.3
R002343,P0036,2025-11-11,HCP01039,Respiratory,Injectable,4.1,3.3,4.6,4.9
R002344,P0010,2025-02-28,HCP01961,Diabetes,Combination Therapy,4.8,4.1,3.9,3.2
R002345,P0018,2025-05-12,HCP02063,Immunology,Combination Therapy,4.7,2.9,3.1,3.8
R002346,P0074,2025-12-15,HCP01359,Immunology,Infusion,1.7,4.2,4.1,3.0
R002347,P0022,2026-07-10,HCP01415,Cardiology,Infusion,4.4,3.9,3.7,2.7
R002348,P0045,2025-12-30,HCP02180,Neurology,Digital Therapeutic,4.4,3.5,4.6,4.3
R002349,P0048,2025-06-23,HCP01868,Oncology,Injectable,3.5,4.1,4.4,1.8
R002350,P0106,2026-01-19,HCP01887,Respiratory,Infusion,3.3,3.2,4.4,1.0
R002351,P0019,2026-03-14,HCP01749,Respiratory,Oral Therapy,2.7,3.6,3.5,1.6
R002352,P0010,2025-03-27,HCP01994,Diabetes,Infusion,2.0,3.5,3.7,2.1
R002353,P0065,2025-06-07,HCP01925,Immunology,Digital Therapeutic,4.4,2.9,3.8,3.3
R002354,P0075,2026-04-13,HCP01983,Neurology,Combination Therapy,4.4,3.5,4.4,3.6
R002355,P0061,2026-02-01,HCP01015,Immunology,Combination Therapy,3.6,2.7,4.9,1.8
R002356,P0085,2025-12-03,HCP01822,Respiratory,Injectable,4.3,3.4,4.4,2.0
R002357,P0104,2025-03-12,HCP01290,Cardiology,Injectable,4.6,2.6,3.5,2.1
R002358,P0074,2025-12-17,HCP02141,Immunology,Injectable,2.2,3.1,3.7,2.5
R002359,P0065,2025-06-09,HCP01234,Immunology,Injectable,3.9,3.1,4.3,2.5
R002360,P0082,2026-04-17,HCP00243,Neurology,Combination Therapy,3.5,4.1,4.8,2.8
R002361,P0026,2026-03-07,HCP02038,Diabetes,Oral Therapy,4.1,3.1,3.9,1.7
R002362,P0030,2025-12-06,HCP01260,Cardiology,Injectable,3.9,2.9,4.4,1.5
R002363,P0045,2026-02-13,HCP00104,Neurology,Digital Therapeutic,4.4,3.5,3.0,1.7
R002364,P0093,2025-02-19,HCP02064,Respiratory,Oral Therapy,2.4,5.0,3.6,2.5
R002365,P0103,2025-12-13,HCP00126,Respiratory,Injectable,4.8,2.6,4.5,1.4
R002366,P0067,2025-06-12,HCP00274,Immunology,Oral Therapy,3.3,4.3,2.4,1.7
R002367,P0075,2026-03-11,HCP01776,Neurology,Injectable,3.6,4.0,4.7,3.0
R002368,P0095,2025-12-19,HCP00388,Cardiology,Injectable,2.2,5.0,4.3,3.8
R002369,P0030,2026-02-27,HCP00674,Cardiology,Digital Therapeutic,3.6,4.0,4.1,2.8
R002370,P0015,2025-08-16,HCP01005,Oncology,Combination Therapy,3.7,3.8,2.7,1.5
R002371,P0090,2025-09-01,HCP02437,Neurology,Combination Therapy,3.6,3.8,4.6,3.1
R002372,P0016,2026-07-18,HCP01411,Cardiology,Digital Therapeutic,3.1,3.8,5.0,2.0
R002373,P0019,2026-03-22,HCP02428,Respiratory,Digital Therapeutic,2.7,4.3,3.8,3.8
R002374,P0048,2025-06-25,HCP01810,Oncology,Oral Therapy,4.2,3.4,3.7,2.9
R002375,P0095,2025-12-03,HCP00721,Cardiology,Digital Therapeutic,2.2,5.0,3.8,1.7
R002376,P0047,2025-08-25,HCP01403,Respiratory,Infusion,4.4,4.4,4.5,2.6
R002377,P0015,2025-08-05,HCP00839,Oncology,Combination Therapy,5.0,3.7,4.7,1.2
R002378,P0016,2026-06-01,HCP00542,Cardiology,Digital Therapeutic,5.0,3.6,4.4,2.7
R002379,P0031,2025-12-19,HCP01335,Rare Disease,Digital Therapeutic,2.8,3.8,3.8,2.3
R002380,P0010,2025-03-18,HCP02120,Diabetes,Combination Therapy,4.2,3.8,4.7,4.4
R002381,P0040,2026-03-27,HCP01974,Neurology,Oral Therapy,3.2,4.2,3.3,2.7
R002382,P0010,2025-04-03,HCP00663,Diabetes,Infusion,4.7,4.0,4.8,2.6
R002383,P0102,2025-11-23,HCP00647,Cardiology,Combination Therapy,4.0,4.8,4.9,1.0
R002384,P0007,2026-06-27,HCP02146,Diabetes,Injectable,3.5,3.1,3.7,3.1
R002385,P0024,2026-06-02,HCP01581,Diabetes,Digital Therapeutic,2.9,3.8,5.0,3.6
R002386,P0004,2025-05-05,HCP01238,Diabetes,Combination Therapy,3.4,3.1,4.7,3.6
R002387,P0035,2026-04-27,HCP02058,Cardiology,Combination Therapy,3.1,3.5,4.0,2.4
R002388,P0097,2025-10-12,HCP00102,Cardiology,Injectable,3.7,3.4,3.8,1.9
R002389,P0070,2026-08-05,HCP01884,Immunology,Injectable,3.7,4.3,4.5,3.6
R002390,P0113,2026-08-21,HCP01199,Neurology,Combination Therapy,3.2,3.3,3.6,2.4
R002391,P0074,2025-09-15,HCP01215,Immunology,Injectable,3.2,4.8,4.9,2.5
R002392,P0052,2025-12-07,HCP01636,Oncology,Injectable,4.2,4.8,3.6,2.2
R002393,P0116,2026-04-12,HCP00563,Rare Disease,Digital Therapeutic,4.3,4.3,5.0,1.0
R002394,P0023,2025-07-29,HCP02200,Respiratory,Infusion,3.0,3.0,4.2,1.8
R002395,P0014,2025-03-22,HCP00211,Cardiology,Oral Therapy,3.7,4.8,3.1,2.6
R002396,P0040,2026-07-08,HCP01456,Neurology,Oral Therapy,3.0,3.5,4.9,3.0
R002397,P0112,2025-05-25,HCP01190,Respiratory,Digital Therapeutic,5.0,3.6,3.7,2.5
R002398,P0099,2026-08-13,HCP02479,Rare Disease,Combination Therapy,2.9,4.2,2.8,3.0
R002399,P0065,2025-07-03,HCP01626,Immunology,Digital Therapeutic,3.9,3.2,5.0,1.0
R002400,P0112,2025-05-20,HCP00952,Respiratory,Infusion,4.1,4.7,5.0,1.6
R002401,P0078,2025-12-15,HCP01053,Cardiology,Combination Therapy,3.1,4.4,4.3,4.6
R002402,P0029,2025-12-01,HCP00615,Neurology,Combination Therapy,3.0,5.0,4.4,3.1
R002403,P0001,2026-10-17,HCP00128,Respiratory,Injectable,3.5,4.0,4.3,3.7
R002404,P0004,2025-05-23,HCP01109,Diabetes,Combination Therapy,3.0,3.7,4.4,2.3
R002405,P0102,2026-02-09,HCP00054,Cardiology,Combination Therapy,3.9,5.0,3.8,3.4
R002406,P0038,2025-10-09,HCP01647,Diabetes,Oral Therapy,3.0,2.5,4.0,3.4
R002407,P0051,2025-11-12,HCP02255,Rare Disease,Digital Therapeutic,3.8,4.0,3.9,4.4
R002408,P0047,2025-07-07,HCP00238,Respiratory,Oral Therapy,1.9,3.7,4.0,2.9
R002409,P0011,2025-02-19,HCP02430,Respiratory,Infusion,3.0,4.7,3.2,1.6
R002410,P0001,2026-09-02,HCP00226,Respiratory,Combination Therapy,3.3,5.0,4.6,1.8
R002411,P0088,2025-12-10,HCP01189,Respiratory,Combination Therapy,4.6,3.3,4.1,2.8
R002412,P0082,2025-12-31,HCP01561,Neurology,Infusion,2.1,4.6,4.5,1.0
R002413,P0028,2026-03-04,HCP01602,Oncology,Infusion,4.6,4.8,4.3,2.9
R002414,P0015,2025-09-02,HCP00960,Oncology,Combination Therapy,4.3,4.7,2.5,3.0
R002415,P0062,2025-07-27,HCP00112,Immunology,Oral Therapy,2.2,4.0,4.3,3.8
R002416,P0010,2025-03-07,HCP01959,Diabetes,Digital Therapeutic,4.2,4.3,4.5,1.0
R002417,P0035,2026-04-25,HCP01157,Cardiology,Injectable,2.9,3.1,3.5,1.5
R002418,P0087,2026-04-21,HCP00660,Oncology,Digital Therapeutic,4.2,5.0,4.0,2.6
R002419,P0021,2026-04-25,HCP01128,Rare Disease,Oral Therapy,4.2,3.0,3.8,2.5
R002420,P0093,2025-02-06,HCP01084,Respiratory,Infusion,4.4,3.1,4.3,2.5
R002421,P0107,2026-03-30,HCP01492,Diabetes,Digital Therapeutic,3.2,3.6,3.9,3.4
R002422,P0023,2025-05-11,HCP01288,Respiratory,Digital Therapeutic,4.3,3.4,2.9,2.8
R002423,P0080,2026-05-16,HCP01499,Neurology,Digital Therapeutic,5.0,4.1,3.4,3.9
R002424,P0093,2025-02-17,HCP02356,Respiratory,Combination Therapy,3.5,3.6,4.4,3.6
R002425,P0063,2025-08-31,HCP02306,Rare Disease,Injectable,3.6,3.2,4.3,1.9
R002426,P0036,2025-11-10,HCP00019,Respiratory,Digital Therapeutic,4.3,3.0,5.0,2.8
R002427,P0119,2025-09-14,HCP01611,Neurology,Combination Therapy,1.3,4.6,4.0,3.0
R002428,P0037,2025-09-11,HCP00543,Neurology,Combination Therapy,2.9,4.2,2.9,4.2
R002429,P0030,2026-01-01,HCP00171,Cardiology,Injectable,4.6,2.9,4.9,2.7
R002430,P0015,2025-09-06,HCP00231,Oncology,Injectable,3.8,4.2,4.7,3.0
R002431,P0109,2025-11-01,HCP01596,Diabetes,Infusion,3.5,3.6,3.5,2.1
R002432,P0028,2026-05-05,HCP02479,Oncology,Combination Therapy,2.9,2.7,4.6,3.0
R002433,P0016,2026-07-02,HCP01952,Cardiology,Combination Therapy,3.7,2.9,4.2,1.5
R002434,P0005,2025-01-05,HCP00331,Immunology,Infusion,3.2,4.5,3.4,1.9
R002435,P0035,2026-06-05,HCP00526,Cardiology,Digital Therapeutic,2.2,4.7,4.2,3.6
R002436,P0081,2025-09-12,HCP02058,Oncology,Oral Therapy,4.8,4.3,3.6,3.3
R002437,P0083,2025-05-08,HCP01518,Immunology,Digital Therapeutic,3.1,3.3,3.1,3.7
R002438,P0103,2025-12-28,HCP01301,Respiratory,Digital Therapeutic,3.5,4.2,3.9,4.5
R002439,P0081,2026-01-16,HCP00459,Oncology,Injectable,2.2,4.1,4.4,3.4
R002440,P0006,2025-07-29,HCP01957,Cardiology,Digital Therapeutic,3.2,2.0,4.0,2.7
R002441,P0102,2025-12-30,HCP02085,Cardiology,Combination Therapy,4.6,4.2,3.6,2.0
R002442,P0031,2025-12-16,HCP00755,Rare Disease,Combination Therapy,4.5,3.9,4.4,2.0
R002443,P0115,2025-04-19,HCP02496,Neurology,Digital Therapeutic,3.7,5.0,3.9,2.5
R002444,P0042,2025-09-19,HCP01189,Rare Disease,Digital Therapeutic,3.2,5.0,3.4,2.5
R002445,P0002,2025-12-29,HCP00098,Cardiology,Digital Therapeutic,3.7,3.7,4.2,3.3
R002446,P0048,2025-06-17,HCP02445,Oncology,Oral Therapy,4.1,4.1,3.9,1.7
R002447,P0055,2026-03-07,HCP00486,Diabetes,Injectable,2.4,3.9,5.0,2.0
R002448,P0099,2026-06-13,HCP00238,Rare Disease,Combination Therapy,3.9,3.5,4.6,2.8
R002449,P0067,2025-06-02,HCP01133,Immunology,Oral Therapy,4.4,2.8,4.5,1.2
R002450,P0006,2025-08-24,HCP01552,Cardiology,Injectable,3.6,3.3,2.9,3.8
R002451,P0006,2025-07-23,HCP01573,Cardiology,Combination Therapy,3.7,3.5,4.5,3.3
R002452,P0074,2026-02-26,HCP02396,Immunology,Digital Therapeutic,3.1,4.6,4.6,2.7
R002453,P0011,2025-05-02,HCP01157,Respiratory,Injectable,4.0,3.9,3.0,1.6
R002454,P0064,2025-11-12,HCP00317,Cardiology,Infusion,5.0,3.4,3.5,2.4
R002455,P0108,2025-02-15,HCP01135,Diabetes,Digital Therapeutic,4.9,3.3,3.5,3.1
R002456,P0101,2026-05-22,HCP02101,Cardiology,Injectable,3.2,4.1,4.7,1.9
R002457,P0076,2025-08-16,HCP00030,Cardiology,Combination Therapy,3.4,3.6,4.8,1.0
R002458,P0037,2025-08-05,HCP00691,Neurology,Infusion,4.9,3.1,3.5,2.9
R002459,P0062,2025-06-26,HCP01692,Immunology,Combination Therapy,4.2,3.1,3.3,2.8
R002460,P0013,2025-02-27,HCP00502,Respiratory,Digital Therapeutic,4.2,5.0,2.6,2.1
R002461,P0089,2025-03-21,HCP01218,Neurology,Oral Therapy,2.2,3.7,2.9,4.6
R002462,P0016,2026-06-13,HCP00417,Cardiology,Combination Therapy,4.5,4.6,3.5,1.8
R002463,P0007,2026-05-30,HCP00317,Diabetes,Oral Therapy,3.5,2.6,3.6,3.8
R002464,P0076,2025-09-15,HCP01840,Cardiology,Combination Therapy,3.9,4.6,4.0,3.1
R002465,P0069,2026-04-07,HCP01947,Immunology,Oral Therapy,3.1,4.3,4.4,2.8
R002466,P0066,2026-03-25,HCP00090,Diabetes,Combination Therapy,5.0,4.4,4.2,4.6
R002467,P0058,2025-09-17,HCP01341,Respiratory,Infusion,2.9,2.7,3.6,3.5
R002468,P0072,2026-05-22,HCP01052,Immunology,Oral Therapy,5.0,3.8,3.9,1.9
R002469,P0053,2025-04-17,HCP00920,Respiratory,Injectable,3.7,3.2,3.5,2.0
R002470,P0017,2026-01-01,HCP01743,Immunology,Oral Therapy,3.6,3.0,3.7,1.8
R002471,P0069,2026-03-04,HCP01595,Immunology,Infusion,2.9,2.5,3.8,2.8
R002472,P0006,2025-07-15,HCP00350,Cardiology,Injectable,3.3,3.0,4.5,1.9
R002473,P0008,2025-11-06,HCP02431,Neurology,Digital Therapeutic,3.5,3.0,4.6,1.0
R002474,P0068,2025-07-24,HCP00561,Immunology,Combination Therapy,3.8,4.3,3.5,2.1
R002475,P0085,2025-11-23,HCP01369,Respiratory,Injectable,4.2,3.4,4.0,3.3
R002476,P0010,2025-04-07,HCP00382,Diabetes,Oral Therapy,3.5,3.7,4.5,3.7
R002477,P0046,2026-03-21,HCP01503,Immunology,Oral Therapy,4.2,4.6,3.9,3.3
R002478,P0112,2025-04-10,HCP00066,Respiratory,Digital Therapeutic,4.7,3.8,3.8,2.4
R002479,P0094,2025-05-06,HCP00674,Cardiology,Digital Therapeutic,4.6,3.3,4.7,3.5
R002480,P0097,2025-10-06,HCP01142,Cardiology,Combination Therapy,4.2,3.9,4.4,4.3
R002481,P0079,2026-06-01,HCP00247,Oncology,Oral Therapy,4.1,3.3,4.0,3.0
R002482,P0022,2026-04-21,HCP01242,Cardiology,Infusion,2.8,2.6,3.4,2.6
R002483,P0047,2025-07-03,HCP01453,Respiratory,Oral Therapy,3.9,4.1,3.0,4.1
R002484,P0072,2026-06-26,HCP02365,Immunology,Oral Therapy,2.8,4.3,4.1,1.9
R002485,P0080,2026-04-09,HCP00938,Neurology,Infusion,4.6,3.7,4.4,3.2
R002486,P0016,2026-05-20,HCP01821,Cardiology,Oral Therapy,3.9,3.7,3.3,1.0
R002487,P0117,2025-09-27,HCP00662,Immunology,Oral Therapy,4.7,3.5,4.6,2.2
R002488,P0113,2026-05-16,HCP02426,Neurology,Digital Therapeutic,4.7,4.9,3.8,1.0
R002489,P0005,2025-02-05,HCP02412,Immunology,Injectable,4.1,4.0,2.9,3.2
R002490,P0071,2026-01-22,HCP01893,Immunology,Injectable,3.1,3.7,4.3,1.8
R002491,P0018,2025-06-13,HCP00534,Immunology,Combination Therapy,1.8,4.5,3.9,3.1
R002492,P0039,2026-06-02,HCP02447,Respiratory,Infusion,4.2,4.5,3.9,2.0
R002493,P0107,2026-03-20,HCP00998,Diabetes,Oral Therapy,3.6,4.1,4.5,2.1
R002494,P0082,2025-12-24,HCP00621,Neurology,Oral Therapy,4.4,4.5,5.0,1.9
R002495,P0043,2026-06-22,HCP01005,Immunology,Infusion,4.3,4.2,4.4,3.0
R002496,P0001,2026-06-19,HCP00419,Respiratory,Combination Therapy,4.2,3.8,3.7,2.8
R002497,P0101,2026-06-16,HCP00897,Cardiology,Oral Therapy,3.9,4.5,2.9,1.7
R002498,P0035,2026-03-26,HCP00979,Cardiology,Combination Therapy,2.3,3.1,4.4,2.4
R002499,P0073,2026-08-09,HCP02493,Immunology,Infusion,4.8,3.1,4.0,1.9
R002500,P0029,2026-01-03,HCP01230,Neurology,Digital Therapeutic,2.6,4.1,3.5,2.1
R002501,P0095,2025-11-11,HCP01854,Cardiology,Infusion,3.1,3.3,3.7,2.1
R002502,P0042,2025-09-23,HCP02062,Rare Disease,Infusion,3.4,4.4,5.0,2.0
R002503,P0089,2025-03-12,HCP02362,Neurology,Injectable,3.7,4.0,4.6,3.1
R002504,P0011,2025-05-02,HCP01354,Respiratory,Injectable,3.4,5.0,4.7,3.1
R002505,P0074,2026-01-12,HCP01462,Immunology,Digital Therapeutic,3.2,3.1,4.7,1.1
R002506,P0117,2025-09-30,HCP02382,Immunology,Oral Therapy,4.4,4.5,4.2,2.3
R002507,P0057,2025-09-09,HCP01703,Immunology,Digital Therapeutic,2.6,3.5,3.3,4.9
R002508,P0057,2025-08-03,HCP00722,Immunology,Combination Therapy,3.3,4.0,4.1,3.7
R002509,P0083,2025-04-26,HCP01487,Immunology,Infusion,1.9,4.3,4.4,4.5
R002510,P0103,2025-12-24,HCP01448,Respiratory,Infusion,2.8,4.1,3.9,1.6
R002511,P0098,2026-06-21,HCP01466,Cardiology,Combination Therapy,2.4,4.2,4.2,2.2
R002512,P0008,2025-12-19,HCP01630,Neurology,Oral Therapy,4.3,4.1,4.4,1.8
R002513,P0036,2025-11-18,HCP01079,Respiratory,Digital Therapeutic,3.9,3.6,4.6,2.6
R002514,P0102,2026-01-06,HCP00390,Cardiology,Digital Therapeutic,3.0,4.4,4.6,2.8
R002515,P0117,2025-10-08,HCP00912,Immunology,Injectable,1.0,4.4,3.8,3.0
R002516,P0079,2026-06-21,HCP01964,Oncology,Combination Therapy,2.4,3.6,3.1,2.1
R002517,P0001,2026-10-13,HCP02500,Respiratory,Infusion,2.8,3.3,5.0,1.9
R002518,P0082,2026-03-06,HCP01599,Neurology,Injectable,3.4,4.0,4.2,1.7
R002519,P0114,2026-09-17,HCP01945,Cardiology,Injectable,4.3,3.9,3.8,2.4
R002520,P0097,2025-10-17,HCP00480,Cardiology,Digital Therapeutic,2.5,2.7,2.8,3.1
R002521,P0087,2026-03-29,HCP01962,Oncology,Combination Therapy,2.6,4.0,4.5,3.2
R002522,P0064,2025-10-19,HCP01034,Cardiology,Combination Therapy,2.3,3.2,4.3,3.7
R002523,P0109,2025-11-21,HCP01757,Diabetes,Combination Therapy,3.7,2.5,3.8,2.9
R002524,P0077,2025-12-06,HCP01602,Neurology,Oral Therapy,1.9,4.1,4.3,3.2
R002525,P0062,2025-07-19,HCP01902,Immunology,Digital Therapeutic,2.2,3.0,4.9,1.3
R002526,P0108,2025-04-08,HCP01834,Diabetes,Combination Therapy,4.1,4.7,3.2,3.5
R002527,P0001,2026-06-17,HCP01616,Respiratory,Injectable,5.0,4.3,4.7,3.6
R002528,P0016,2026-08-15,HCP01044,Cardiology,Infusion,3.8,4.0,3.4,4.1
R002529,P0101,2026-05-13,HCP02035,Cardiology,Oral Therapy,3.4,4.8,3.2,4.4
R002530,P0007,2026-08-24,HCP01807,Diabetes,Digital Therapeutic,5.0,4.5,3.8,1.5
R002531,P0108,2025-03-23,HCP00346,Diabetes,Infusion,3.3,3.2,4.9,3.4
R002532,P0118,2025-11-16,HCP00652,Immunology,Oral Therapy,3.3,4.5,3.5,2.2
R002533,P0032,2026-03-20,HCP00673,Rare Disease,Oral Therapy,3.2,3.3,3.9,2.1
R002534,P0106,2026-03-08,HCP00763,Respiratory,Injectable,5.0,4.4,3.0,2.2
R002535,P0066,2026-01-20,HCP01758,Diabetes,Digital Therapeutic,4.2,3.5,4.3,2.1
R002536,P0062,2025-06-26,HCP00030,Immunology,Infusion,4.1,2.9,3.4,2.4
R002537,P0111,2026-01-26,HCP00652,Immunology,Infusion,4.0,4.1,3.7,2.2
R002538,P0094,2025-05-30,HCP01219,Cardiology,Injectable,3.3,3.5,4.6,3.0
R002539,P0107,2026-04-01,HCP00446,Diabetes,Digital Therapeutic,3.4,4.6,3.6,3.2
R002540,P0106,2026-02-07,HCP00471,Respiratory,Infusion,2.9,4.7,4.3,3.6
R002541,P0088,2025-12-27,HCP01078,Respiratory,Injectable,3.4,2.6,4.2,3.0
R002542,P0057,2025-08-16,HCP01506,Immunology,Oral Therapy,3.9,3.8,4.2,2.5
R002543,P0023,2025-06-29,HCP00837,Respiratory,Combination Therapy,3.5,4.3,3.3,3.2
R002544,P0012,2026-03-12,HCP02415,Oncology,Digital Therapeutic,4.4,3.9,4.1,3.5
R002545,P0031,2025-11-25,HCP01048,Rare Disease,Injectable,3.9,3.9,3.9,3.1
R002546,P0058,2025-09-16,HCP02500,Respiratory,Injectable,3.9,4.0,3.8,3.0
R002547,P0017,2026-01-24,HCP01408,Immunology,Combination Therapy,3.0,2.7,4.5,5.0
R002548,P0043,2026-07-23,HCP00937,Immunology,Digital Therapeutic,2.7,4.9,3.2,2.0
R002549,P0096,2026-04-20,HCP00286,Neurology,Oral Therapy,2.7,4.3,3.6,3.4
R002550,P0003,2025-08-15,HCP01835,Respiratory,Oral Therapy,4.6,3.3,4.0,2.7
R002551,P0037,2025-06-27,HCP01347,Neurology,Infusion,2.2,3.3,5.0,1.1
R002552,P0116,2026-03-20,HCP02402,Rare Disease,Digital Therapeutic,3.9,4.4,2.8,1.0
R002553,P0039,2026-08-08,HCP02419,Respiratory,Oral Therapy,3.9,4.0,4.1,1.0
R002554,P0086,2026-02-02,HCP01309,Diabetes,Oral Therapy,3.1,4.1,3.9,2.6
R002555,P0074,2026-02-25,HCP00616,Immunology,Digital Therapeutic,3.7,4.2,4.5,1.1
R002556,P0095,2025-12-07,HCP00835,Cardiology,Oral Therapy,3.8,4.0,3.5,2.5
R002557,P0088,2025-12-15,HCP00179,Respiratory,Infusion,2.7,2.5,3.9,2.7
R002558,P0072,2026-08-09,HCP00390,Immunology,Injectable,3.0,3.5,3.4,2.1
R002559,P0117,2025-11-11,HCP01033,Immunology,Combination Therapy,3.6,4.2,3.7,2.3
R002560,P0033,2026-03-10,HCP00441,Oncology,Digital Therapeutic,3.6,4.3,4.4,3.4
R002561,P0034,2025-04-26,HCP02142,Respiratory,Oral Therapy,2.5,3.5,4.3,1.8
R002562,P0071,2026-01-16,HCP02136,Immunology,Oral Therapy,3.7,3.8,3.8,2.6
R002563,P0086,2026-03-26,HCP00439,Diabetes,Infusion,3.7,4.6,4.6,1.0
R002564,P0082,2025-12-14,HCP00648,Neurology,Digital Therapeutic,4.5,4.8,5.0,2.8
R002565,P0115,2025-06-19,HCP02069,Neurology,Infusion,3.6,4.0,3.5,3.7
R002566,P0072,2026-08-12,HCP00677,Immunology,Injectable,3.3,4.4,4.3,3.3
R002567,P0092,2026-05-20,HCP00652,Cardiology,Oral Therapy,4.3,4.0,4.0,2.3
R002568,P0016,2026-07-01,HCP01867,Cardiology,Combination Therapy,4.6,4.3,4.7,2.2
R002569,P0005,2025-01-05,HCP01005,Immunology,Combination Therapy,2.5,3.8,3.6,4.1
R002570,P0098,2026-08-01,HCP02093,Cardiology,Injectable,3.2,3.4,4.7,3.1
R002571,P0054,2025-08-16,HCP01323,Neurology,Infusion,1.8,5.0,3.9,2.6
R002572,P0036,2025-10-20,HCP00522,Respiratory,Oral Therapy,2.8,5.0,3.9,3.1
R002573,P0091,2025-08-22,HCP00383,Rare Disease,Injectable,4.9,3.8,4.1,2.0
R002574,P0048,2025-06-30,HCP01722,Oncology,Digital Therapeutic,2.7,4.1,4.1,2.4
R002575,P0004,2025-03-11,HCP01120,Diabetes,Digital Therapeutic,4.0,3.9,3.4,1.9
R002576,P0067,2025-05-05,HCP01117,Immunology,Injectable,4.0,3.8,4.0,3.3
R002577,P0016,2026-05-17,HCP01701,Cardiology,Injectable,3.1,3.9,4.9,1.7
R002578,P0118,2025-12-11,HCP00692,Immunology,Infusion,3.2,4.6,3.2,2.1
R002579,P0040,2026-06-23,HCP02498,Neurology,Infusion,4.8,3.1,4.3,2.9
R002580,P0038,2025-10-02,HCP01301,Diabetes,Digital Therapeutic,4.4,3.4,4.7,1.0
R002581,P0102,2026-02-13,HCP02151,Cardiology,Infusion,5.0,4.5,4.0,1.8
R002582,P0006,2025-08-12,HCP01944,Cardiology,Digital Therapeutic,1.5,3.9,3.8,1.7
R002583,P0082,2026-04-10,HCP01520,Neurology,Injectable,4.1,4.7,4.0,2.7
R002584,P0117,2025-10-14,HCP00249,Immunology,Injectable,1.6,3.9,3.4,2.7
R002585,P0004,2025-02-14,HCP01842,Diabetes,Combination Therapy,3.6,4.1,3.9,4.3
R002586,P0115,2025-04-10,HCP00178,Neurology,Injectable,3.4,3.7,5.0,1.7
R002587,P0075,2026-03-29,HCP01844,Neurology,Combination Therapy,2.6,4.8,3.9,1.1
R002588,P0024,2026-09-16,HCP02280,Diabetes,Injectable,3.1,4.4,4.0,3.6
R002589,P0103,2026-04-07,HCP01332,Respiratory,Oral Therapy,3.4,3.0,3.4,1.9
R002590,P0100,2025-04-04,HCP02409,Neurology,Injectable,4.0,4.3,4.3,2.6
R002591,P0118,2025-12-02,HCP01569,Immunology,Oral Therapy,2.6,4.6,3.3,2.0
R002592,P0111,2026-01-29,HCP01322,Immunology,Digital Therapeutic,3.0,3.8,3.9,3.1
R002593,P0074,2025-11-16,HCP01331,Immunology,Combination Therapy,4.1,4.3,2.2,2.8
R002594,P0002,2025-11-04,HCP00360,Cardiology,Infusion,4.2,4.7,4.0,2.2
R002595,P0090,2025-10-29,HCP00167,Neurology,Combination Therapy,5.0,3.8,4.1,2.5
R002596,P0091,2025-04-17,HCP00197,Rare Disease,Combination Therapy,3.8,4.1,3.5,2.1
R002597,P0093,2025-02-11,HCP02239,Respiratory,Combination Therapy,4.2,3.5,3.7,2.5
R002598,P0022,2026-06-02,HCP00390,Cardiology,Digital Therapeutic,3.4,4.2,3.6,2.1
R002599,P0089,2025-02-28,HCP01593,Neurology,Injectable,4.8,3.2,4.4,3.8
R002600,P0100,2025-04-05,HCP00707,Neurology,Digital Therapeutic,2.8,4.3,3.6,2.2
R002601,P0009,2026-04-30,HCP00958,Immunology,Injectable,3.6,4.9,4.9,2.1
R002602,P0003,2025-06-11,HCP01710,Respiratory,Infusion,3.8,3.2,4.9,1.0
R002603,P0011,2025-05-04,HCP02180,Respiratory,Digital Therapeutic,4.0,4.8,4.0,1.5
R002604,P0083,2025-05-16,HCP00276,Immunology,Infusion,4.4,3.8,5.0,3.0
R002605,P0037,2025-07-14,HCP01312,Neurology,Infusion,3.4,3.4,4.9,2.4
R002606,P0099,2026-06-16,HCP00343,Rare Disease,Injectable,4.4,3.7,4.3,2.2
R002607,P0115,2025-05-03,HCP00504,Neurology,Oral Therapy,2.4,3.9,3.4,3.2
R002608,P0005,2025-01-04,HCP01783,Immunology,Oral Therapy,3.8,3.6,4.2,3.7
R002609,P0089,2025-03-09,HCP00075,Neurology,Oral Therapy,2.0,4.7,4.1,1.7
R002610,P0091,2025-05-27,HCP00644,Rare Disease,Injectable,3.4,3.7,3.6,2.3
R002611,P0010,2025-04-03,HCP01395,Diabetes,Oral Therapy,5.0,4.1,5.0,1.0
R002612,P0015,2025-08-24,HCP00541,Oncology,Combination Therapy,3.8,5.0,4.4,3.4
R002613,P0097,2025-10-11,HCP00964,Cardiology,Digital Therapeutic,3.2,3.7,3.2,5.0
R002614,P0010,2025-04-06,HCP01457,Diabetes,Combination Therapy,4.1,3.5,4.3,2.2
R002615,P0024,2026-08-10,HCP02254,Diabetes,Infusion,3.6,3.6,4.0,2.2
R002616,P0111,2026-02-03,HCP00197,Immunology,Oral Therapy,2.7,4.6,4.3,2.4
R002617,P0088,2025-12-21,HCP01269,Respiratory,Oral Therapy,2.0,3.8,3.9,2.7
R002618,P0111,2026-01-30,HCP01573,Immunology,Injectable,3.6,4.0,3.2,2.8
R002619,P0033,2026-02-21,HCP01198,Oncology,Digital Therapeutic,3.4,3.4,4.7,2.8
R002620,P0089,2025-04-16,HCP00049,Neurology,Combination Therapy,3.4,3.6,5.0,1.2
R002621,P0074,2025-10-30,HCP01903,Immunology,Digital Therapeutic,4.3,4.5,3.7,2.5
R002622,P0107,2025-12-21,HCP00583,Diabetes,Infusion,4.8,2.8,3.9,3.1
R002623,P0028,2026-03-17,HCP00247,Oncology,Injectable,4.2,2.6,4.7,1.4
R002624,P0003,2025-07-30,HCP01127,Respiratory,Oral Therapy,3.3,3.5,3.7,1.3
R002625,P0048,2025-06-16,HCP00478,Oncology,Injectable,3.7,3.6,4.6,2.0
R002626,P0062,2025-07-30,HCP01578,Immunology,Combination Therapy,4.6,3.7,4.0,2.7
R002627,P0069,2026-03-25,HCP01349,Immunology,Digital Therapeutic,4.4,3.7,3.5,3.1
R002628,P0105,2026-01-16,HCP00510,Neurology,Digital Therapeutic,4.1,3.8,3.6,3.2
R002629,P0083,2025-04-25,HCP02297,Immunology,Combination Therapy,3.2,3.6,4.0,1.7
R002630,P0108,2025-03-06,HCP02198,Diabetes,Injectable,4.6,4.8,4.0,1.0
R002631,P0088,2025-12-28,HCP00787,Respiratory,Digital Therapeutic,4.8,4.4,3.3,3.9
R002632,P0045,2026-02-07,HCP02298,Neurology,Digital Therapeutic,4.4,3.8,4.1,3.6
R002633,P0098,2026-05-16,HCP00815,Cardiology,Digital Therapeutic,5.0,4.5,2.6,2.1
R002634,P0039,2026-06-14,HCP01202,Respiratory,Combination Therapy,4.3,2.0,4.4,3.2
R002635,P0098,2026-05-24,HCP01415,Cardiology,Combination Therapy,4.7,4.1,4.5,2.8
R002636,P0084,2026-05-11,HCP00682,Immunology,Digital Therapeutic,4.2,4.4,3.5,2.3
R002637,P0027,2025-11-04,HCP01503,Cardiology,Combination Therapy,3.6,3.4,4.0,4.1
R002638,P0008,2026-01-10,HCP00277,Neurology,Digital Therapeutic,2.7,4.2,3.7,1.9
R002639,P0107,2026-03-06,HCP01513,Diabetes,Injectable,3.0,3.4,3.7,1.2
R002640,P0094,2025-04-29,HCP02347,Cardiology,Oral Therapy,3.1,4.1,3.8,2.6
R002641,P0007,2026-08-21,HCP00810,Diabetes,Combination Therapy,2.7,2.9,3.9,2.0
R002642,P0030,2026-03-03,HCP00334,Cardiology,Infusion,3.5,4.5,3.7,2.7
R002643,P0058,2025-08-19,HCP01448,Respiratory,Infusion,3.7,3.8,4.2,2.2
R002644,P0063,2025-09-20,HCP00747,Rare Disease,Digital Therapeutic,4.7,4.0,5.0,1.9
R002645,P0046,2025-12-25,HCP01858,Immunology,Oral Therapy,2.7,3.8,4.3,2.3
R002646,P0024,2026-07-10,HCP00823,Diabetes,Infusion,4.5,4.6,3.9,1.1
R002647,P0081,2026-01-18,HCP00157,Oncology,Digital Therapeutic,3.9,4.0,4.8,1.1
R002648,P0089,2025-02-20,HCP00671,Neurology,Infusion,4.0,4.5,4.7,2.3
R002649,P0077,2025-12-10,HCP02069,Neurology,Digital Therapeutic,3.6,3.5,4.6,2.9
R002650,P0115,2025-07-30,HCP00006,Neurology,Infusion,5.0,4.2,4.3,1.0
R002651,P0048,2025-06-18,HCP02216,Oncology,Injectable,3.0,4.9,4.3,2.9
R002652,P0065,2025-05-29,HCP00518,Immunology,Digital Therapeutic,3.2,5.0,4.4,2.1
R002653,P0039,2026-08-23,HCP00683,Respiratory,Infusion,3.8,2.0,4.8,2.9
R002654,P0115,2025-05-13,HCP01872,Neurology,Combination Therapy,4.0,4.0,3.6,2.7
R002655,P0051,2025-10-10,HCP02334,Rare Disease,Oral Therapy,3.9,2.8,3.9,3.4
R002656,P0049,2025-02-02,HCP00514,Neurology,Combination Therapy,3.7,3.6,4.6,2.4
R002657,P0090,2025-07-25,HCP02282,Neurology,Digital Therapeutic,4.1,3.5,4.1,1.0
R002658,P0035,2026-04-03,HCP01911,Cardiology,Digital Therapeutic,4.2,4.3,4.1,4.3
R002659,P0044,2025-08-18,HCP00068,Immunology,Injectable,3.7,3.7,4.6,2.6
R002660,P0101,2026-06-03,HCP01040,Cardiology,Combination Therapy,5.0,3.3,3.4,2.6
R002661,P0003,2025-10-05,HCP00634,Respiratory,Digital Therapeutic,4.1,4.2,4.6,2.4
R002662,P0005,2025-02-09,HCP00203,Immunology,Infusion,3.5,3.1,3.4,3.8
R002663,P0104,2025-04-18,HCP02310,Cardiology,Injectable,4.8,3.3,3.8,1.4
R002664,P0034,2025-04-04,HCP02068,Respiratory,Infusion,2.0,3.6,3.0,1.3
R002665,P0094,2025-04-19,HCP02185,Cardiology,Infusion,2.7,3.7,3.7,1.9
R002666,P0083,2025-04-24,HCP01588,Immunology,Injectable,3.5,4.0,4.4,2.9
R002667,P0024,2026-07-09,HCP01823,Diabetes,Injectable,2.7,4.0,4.1,1.8
R002668,P0023,2025-09-12,HCP01531,Respiratory,Oral Therapy,4.4,3.4,3.8,1.8
R002669,P0119,2025-11-04,HCP00117,Neurology,Digital Therapeutic,4.4,4.0,4.3,1.5
R002670,P0107,2026-01-03,HCP00376,Diabetes,Injectable,5.0,3.9,4.3,3.3
R002671,P0031,2025-11-25,HCP02221,Rare Disease,Infusion,3.2,3.8,3.3,2.8
R002672,P0058,2025-07-23,HCP01559,Respiratory,Injectable,4.2,2.8,4.7,3.2
R002673,P0104,2025-05-09,HCP00810,Cardiology,Combination Therapy,4.8,4.1,4.4,2.0
R002674,P0030,2026-03-25,HCP01992,Cardiology,Infusion,3.8,4.2,3.1,2.4
R002675,P0080,2026-05-09,HCP01321,Neurology,Injectable,4.5,4.3,5.0,3.2
R002676,P0045,2026-01-16,HCP02491,Neurology,Combination Therapy,3.6,3.9,3.8,1.8
R002677,P0106,2026-03-16,HCP01245,Respiratory,Combination Therapy,4.8,4.6,3.3,3.4
R002678,P0035,2026-05-16,HCP01678,Cardiology,Digital Therapeutic,3.1,4.2,3.2,2.9
R002679,P0052,2025-10-07,HCP02458,Oncology,Oral Therapy,2.4,3.5,3.0,3.7
R002680,P0085,2026-02-23,HCP01081,Respiratory,Combination Therapy,3.4,3.8,3.7,3.3
R002681,P0081,2026-01-07,HCP02321,Oncology,Oral Therapy,3.6,3.4,3.5,1.0
R002682,P0014,2025-02-13,HCP02048,Cardiology,Oral Therapy,4.1,3.1,3.3,2.0
R002683,P0011,2025-06-04,HCP00090,Respiratory,Injectable,4.1,4.3,3.8,1.0
R002684,P0103,2026-02-09,HCP00126,Respiratory,Oral Therapy,3.1,3.6,5.0,1.0
R002685,P0092,2026-02-17,HCP00231,Cardiology,Oral Therapy,2.9,4.3,3.5,1.6
R002686,P0018,2025-06-02,HCP01049,Immunology,Oral Therapy,5.0,5.0,3.8,3.7
R002687,P0078,2025-10-20,HCP02028,Cardiology,Injectable,3.6,4.5,4.4,2.5
R002688,P0034,2025-03-23,HCP01831,Respiratory,Infusion,3.3,3.1,5.0,2.9
R002689,P0049,2025-03-25,HCP01846,Neurology,Oral Therapy,4.0,3.4,4.1,2.0
R002690,P0076,2025-10-30,HCP00899,Cardiology,Oral Therapy,2.9,4.2,4.3,2.2
R002691,P0077,2025-12-22,HCP00112,Neurology,Infusion,3.1,4.1,4.5,3.1
R002692,P0043,2026-03-16,HCP00148,Immunology,Oral Therapy,4.4,4.7,4.3,2.3
R002693,P0100,2025-03-10,HCP00345,Neurology,Infusion,2.8,3.6,2.9,2.3
R002694,P0062,2025-08-04,HCP00278,Immunology,Oral Therapy,2.6,2.9,3.5,3.0
R002695,P0098,2026-06-03,HCP02367,Cardiology,Digital Therapeutic,3.4,3.2,4.5,1.5
R002696,P0069,2026-03-08,HCP00418,Immunology,Digital Therapeutic,3.9,4.6,3.7,2.7
R002697,P0043,2026-02-13,HCP00800,Immunology,Combination Therapy,4.9,3.9,3.2,2.7
R002698,P0032,2026-05-14,HCP02079,Rare Disease,Combination Therapy,4.0,4.4,3.8,1.0
R002699,P0002,2025-08-25,HCP00520,Cardiology,Digital Therapeutic,4.1,3.6,4.4,1.5
R002700,P0065,2025-06-07,HCP01803,Immunology,Oral Therapy,2.8,3.3,4.3,1.9
R002701,P0067,2025-05-24,HCP01164,Immunology,Infusion,3.9,4.3,4.0,2.1
R002702,P0113,2026-06-06,HCP01910,Neurology,Oral Therapy,2.7,2.9,2.8,2.9
R002703,P0032,2026-03-03,HCP00753,Rare Disease,Digital Therapeutic,4.5,4.2,4.1,1.7
R002704,P0001,2026-06-09,HCP02274,Respiratory,Injectable,3.8,4.9,3.2,1.7
R002705,P0108,2025-04-24,HCP01829,Diabetes,Infusion,3.7,2.2,4.4,3.1
R002706,P0072,2026-07-12,HCP00757,Immunology,Digital Therapeutic,4.1,3.2,4.2,3.4
R002707,P0006,2025-08-14,HCP01665,Cardiology,Infusion,3.3,3.8,3.6,3.4
R002708,P0039,2026-08-11,HCP01858,Respiratory,Injectable,3.3,3.5,3.1,1.5
R002709,P0117,2025-11-16,HCP02466,Immunology,Infusion,2.9,3.7,4.7,1.7
R002710,P0104,2025-03-12,HCP00912,Cardiology,Injectable,5.0,5.0,4.2,1.0
R002711,P0067,2025-06-04,HCP02443,Immunology,Injectable,3.5,3.3,3.4,1.0
R002712,P0012,2026-06-11,HCP01965,Oncology,Oral Therapy,3.4,3.7,5.0,1.4
R002713,P0079,2026-06-14,HCP01094,Oncology,Oral Therapy,4.3,3.1,4.0,1.9
R002714,P0008,2025-11-08,HCP01740,Neurology,Infusion,3.7,2.8,3.6,2.7
R002715,P0047,2025-07-30,HCP01413,Respiratory,Digital Therapeutic,1.7,4.1,4.7,3.2
R002716,P0049,2025-04-26,HCP02475,Neurology,Oral Therapy,5.0,2.7,4.5,2.4
R002717,P0094,2025-05-15,HCP00154,Cardiology,Infusion,3.3,2.9,4.4,3.8
R002718,P0081,2025-11-19,HCP01893,Oncology,Digital Therapeutic,3.0,3.8,4.2,1.7
R002719,P0058,2025-07-13,HCP02084,Respiratory,Combination Therapy,3.6,4.2,3.3,3.7
R002720,P0001,2026-09-20,HCP00015,Respiratory,Combination Therapy,3.3,3.2,3.3,1.7
R002721,P0003,2025-06-28,HCP01274,Respiratory,Infusion,3.3,3.3,3.7,2.9
R002722,P0098,2026-06-04,HCP01750,Cardiology,Combination Therapy,3.8,2.7,2.7,2.7
R002723,P0079,2026-06-11,HCP02125,Oncology,Combination Therapy,2.1,4.2,4.2,3.6
R002724,P0041,2026-03-23,HCP00255,Respiratory,Injectable,4.3,3.8,3.9,3.8
R002725,P0091,2025-05-18,HCP00695,Rare Disease,Infusion,4.5,3.8,4.0,1.6
R002726,P0111,2026-01-20,HCP01366,Immunology,Combination Therapy,2.3,2.9,5.0,1.0
R002727,P0002,2025-09-04,HCP01608,Cardiology,Digital Therapeutic,4.1,4.4,3.3,2.3
R002728,P0109,2025-10-31,HCP00394,Diabetes,Infusion,3.0,3.4,4.1,2.8
R002729,P0030,2026-01-05,HCP02061,Cardiology,Infusion,3.3,4.4,3.3,2.5
R002730,P0092,2026-03-31,HCP01237,Cardiology,Injectable,4.0,3.3,4.8,5.0
R002731,P0071,2025-12-18,HCP01004,Immunology,Infusion,4.4,4.0,3.3,3.0
R002732,P0089,2025-02-19,HCP01982,Neurology,Oral Therapy,4.0,3.3,5.0,3.0
R002733,P0015,2025-08-24,HCP01282,Oncology,Combination Therapy,2.5,4.5,3.4,1.3
R002734,P0073,2026-05-18,HCP00723,Immunology,Infusion,3.8,3.0,4.2,2.0
R002735,P0116,2026-04-23,HCP01090,Rare Disease,Injectable,4.1,4.0,4.3,2.9
R002736,P0096,2026-01-04,HCP00382,Neurology,Combination Therapy,3.0,2.9,4.6,2.8
R002737,P0096,2026-01-27,HCP02108,Neurology,Combination Therapy,3.0,3.5,3.3,2.6
R002738,P0022,2026-05-20,HCP00787,Cardiology,Combination Therapy,3.6,4.2,3.2,3.6
R002739,P0034,2025-03-12,HCP00875,Respiratory,Combination Therapy,4.2,3.0,3.7,1.9
R002740,P0099,2026-06-19,HCP00435,Rare Disease,Infusion,3.2,4.1,4.5,2.9
R002741,P0049,2025-02-08,HCP00934,Neurology,Digital Therapeutic,3.9,4.3,4.0,1.9
R002742,P0068,2025-08-25,HCP00459,Immunology,Digital Therapeutic,2.6,2.4,4.7,5.0
R002743,P0021,2026-02-26,HCP00116,Rare Disease,Digital Therapeutic,3.9,4.1,3.5,1.8
R002744,P0094,2025-04-24,HCP01744,Cardiology,Injectable,2.2,4.6,3.8,4.4
R002745,P0054,2025-09-10,HCP00943,Neurology,Injectable,4.0,3.3,4.0,2.3
R002746,P0060,2025-07-11,HCP01761,Cardiology,Digital Therapeutic,4.4,3.2,3.9,1.9
R002747,P0115,2025-06-26,HCP00558,Neurology,Oral Therapy,3.6,2.7,4.4,2.5
R002748,P0076,2025-08-14,HCP01323,Cardiology,Oral Therapy,4.2,3.1,4.8,1.5
R002749,P0053,2025-03-29,HCP00525,Respiratory,Digital Therapeutic,3.9,4.5,3.6,1.7
R002750,P0041,2026-06-03,HCP00631,Respiratory,Infusion,2.5,3.5,3.7,4.0
R002751,P0073,2026-04-03,HCP02423,Immunology,Combination Therapy,2.7,4.1,4.2,2.9
R002752,P0051,2025-11-15,HCP01325,Rare Disease,Digital Therapeutic,3.4,3.4,4.2,3.3
R002753,P0028,2026-04-20,HCP00015,Oncology,Injectable,3.6,3.7,4.7,2.1
R002754,P0044,2025-09-08,HCP02372,Immunology,Injectable,3.0,4.7,4.1,3.1
R002755,P0035,2026-06-04,HCP02057,Cardiology,Injectable,2.7,4.7,3.9,2.6
R002756,P0089,2025-02-09,HCP00960,Neurology,Oral Therapy,1.3,3.9,5.0,1.9
R002757,P0061,2026-06-21,HCP00602,Immunology,Injectable,5.0,3.7,4.2,5.0
R002758,P0025,2025-11-18,HCP01059,Respiratory,Combination Therapy,5.0,3.2,4.5,1.2
R002759,P0018,2025-03-12,HCP01934,Immunology,Combination Therapy,3.0,4.4,3.0,2.6
R002760,P0112,2025-04-20,HCP01236,Respiratory,Injectable,2.5,3.7,3.9,3.0
R002761,P0107,2026-01-11,HCP00436,Diabetes,Infusion,4.9,4.7,4.7,2.8
R002762,P0100,2025-04-03,HCP00447,Neurology,Oral Therapy,1.9,2.6,4.1,2.1
R002763,P0089,2025-02-22,HCP02483,Neurology,Oral Therapy,4.6,3.5,4.0,1.9
R002764,P0104,2025-04-21,HCP00612,Cardiology,Infusion,4.2,3.7,2.8,2.8
R002765,P0078,2025-11-13,HCP01448,Cardiology,Infusion,3.4,4.2,3.9,1.8
R002766,P0110,2026-07-21,HCP01728,Rare Disease,Digital Therapeutic,4.9,2.9,4.8,3.5
R002767,P0111,2026-01-28,HCP00387,Immunology,Injectable,3.1,3.7,4.0,2.7
R002768,P0053,2025-07-03,HCP00404,Respiratory,Injectable,4.4,4.5,4.3,2.3
R002769,P0030,2025-12-10,HCP00781,Cardiology,Digital Therapeutic,3.5,4.0,3.8,2.6
R002770,P0108,2025-02-22,HCP01512,Diabetes,Combination Therapy,2.7,4.0,3.8,3.0
R002771,P0100,2025-04-09,HCP02115,Neurology,Digital Therapeutic,5.0,3.2,4.0,3.7
R002772,P0054,2025-08-08,HCP00965,Neurology,Injectable,3.1,3.6,4.3,2.9
R002773,P0110,2026-07-05,HCP00713,Rare Disease,Infusion,3.3,3.1,4.5,2.7
R002774,P0013,2025-03-05,HCP00766,Respiratory,Infusion,4.4,4.5,4.5,3.3
R002775,P0099,2026-06-20,HCP01934,Rare Disease,Injectable,4.8,4.1,3.8,1.2
R002776,P0006,2025-09-08,HCP01375,Cardiology,Oral Therapy,2.6,3.9,4.1,2.0
R002777,P0013,2025-03-23,HCP01549,Respiratory,Combination Therapy,4.9,3.9,3.2,2.4
R002778,P0008,2025-11-01,HCP00565,Neurology,Oral Therapy,3.7,4.6,4.2,1.7
R002779,P0010,2025-03-01,HCP01605,Diabetes,Oral Therapy,3.6,5.0,2.7,3.2
R002780,P0023,2025-06-29,HCP00775,Respiratory,Oral Therapy,3.6,3.9,3.0,2.5
R002781,P0044,2025-12-05,HCP02215,Immunology,Oral Therapy,3.7,3.9,4.1,1.5
R002782,P0044,2025-10-13,HCP01312,Immunology,Injectable,2.4,4.1,4.4,1.4
R002783,P0051,2025-10-24,HCP00390,Rare Disease,Oral Therapy,4.0,4.8,3.2,2.5
R002784,P0118,2025-12-05,HCP01644,Immunology,Digital Therapeutic,3.9,4.3,4.4,3.1
R002785,P0062,2025-07-18,HCP00069,Immunology,Combination Therapy,3.4,4.1,3.9,2.6
R002786,P0029,2025-12-21,HCP02091,Neurology,Combination Therapy,3.9,4.3,4.7,4.8
R002787,P0017,2025-12-30,HCP01017,Immunology,Infusion,3.5,4.1,4.9,2.3
R002788,P0110,2026-06-14,HCP02062,Rare Disease,Combination Therapy,3.6,2.8,2.5,2.0
R002789,P0034,2025-03-24,HCP02350,Respiratory,Infusion,4.1,4.5,5.0,3.7
R002790,P0098,2026-05-06,HCP01245,Cardiology,Digital Therapeutic,3.5,3.2,4.6,2.8
R002791,P0095,2025-12-08,HCP00278,Cardiology,Injectable,3.0,3.7,4.4,3.7
R002792,P0104,2025-03-05,HCP00186,Cardiology,Infusion,4.3,3.3,3.8,3.8
R002793,P0018,2025-04-22,HCP00797,Immunology,Oral Therapy,2.8,3.6,4.3,2.2
R002794,P0095,2025-11-22,HCP00471,Cardiology,Injectable,4.6,4.0,4.2,2.0
R002795,P0094,2025-05-06,HCP01785,Cardiology,Oral Therapy,3.4,4.8,4.6,3.2
R002796,P0117,2025-11-08,HCP00002,Immunology,Injectable,4.4,3.5,4.2,1.8
R002797,P0085,2026-02-25,HCP01785,Respiratory,Digital Therapeutic,4.9,4.8,4.4,2.1
R002798,P0015,2025-09-16,HCP00464,Oncology,Infusion,3.6,2.7,4.5,1.0
R002799,P0055,2025-12-03,HCP00314,Diabetes,Combination Therapy,4.4,2.9,2.7,2.4
R002800,P0058,2025-09-13,HCP00077,Respiratory,Digital Therapeutic,4.2,3.2,3.8,3.8
R002801,P0057,2025-09-23,HCP02018,Immunology,Combination Therapy,3.9,4.3,4.0,2.5
R002802,P0042,2025-09-26,HCP01787,Rare Disease,Infusion,4.2,3.1,3.8,1.0
R002803,P0097,2025-10-01,HCP02242,Cardiology,Digital Therapeutic,3.5,2.9,4.7,4.4
R002804,P0035,2026-04-01,HCP01366,Cardiology,Digital Therapeutic,5.0,5.0,5.0,1.9
R002805,P0054,2025-10-12,HCP01490,Neurology,Oral Therapy,3.8,3.7,4.1,2.5
R002806,P0054,2025-09-10,HCP00090,Neurology,Oral Therapy,3.1,4.8,4.1,2.8
R002807,P0078,2025-11-04,HCP00054,Cardiology,Infusion,3.3,4.5,4.1,3.3
R002808,P0058,2025-07-18,HCP01545,Respiratory,Oral Therapy,4.5,4.4,3.0,2.9
R002809,P0117,2025-09-25,HCP01280,Immunology,Combination Therapy,2.9,4.7,3.4,2.4
R002810,P0119,2025-11-10,HCP02036,Neurology,Combination Therapy,5.0,3.6,3.4,2.5
R002811,P0056,2025-06-02,HCP01379,Immunology,Oral Therapy,4.8,3.0,4.5,1.9
R002812,P0032,2026-06-21,HCP00072,Rare Disease,Injectable,2.7,4.2,3.8,1.6
R002813,P0092,2026-03-01,HCP01613,Cardiology,Injectable,4.4,3.6,4.0,2.2
R002814,P0110,2026-08-04,HCP00318,Rare Disease,Combination Therapy,2.9,4.2,3.9,3.9
R002815,P0107,2026-02-19,HCP02217,Diabetes,Combination Therapy,3.0,4.4,3.8,1.5
R002816,P0021,2026-06-14,HCP01179,Rare Disease,Injectable,3.3,3.2,5.0,1.3
R002817,P0007,2026-07-20,HCP01107,Diabetes,Digital Therapeutic,3.1,3.4,4.1,2.7
R002818,P0080,2026-04-22,HCP00106,Neurology,Oral Therapy,4.3,3.7,4.9,3.4
R002819,P0037,2025-06-24,HCP00764,Neurology,Oral Therapy,3.9,4.7,3.5,1.9
R002820,P0037,2025-07-31,HCP00054,Neurology,Infusion,4.1,3.3,3.3,1.6
R002821,P0004,2025-03-06,HCP00272,Diabetes,Injectable,3.7,5.0,4.6,2.8
R002822,P0116,2026-06-24,HCP01457,Rare Disease,Oral Therapy,3.3,2.6,4.1,2.7
R002823,P0001,2026-08-19,HCP01214,Respiratory,Infusion,3.3,4.9,4.4,3.9
R002824,P0077,2025-11-08,HCP01407,Neurology,Combination Therapy,4.6,4.0,5.0,3.6
R002825,P0112,2025-05-26,HCP02018,Respiratory,Infusion,3.4,4.2,4.1,1.4
R002826,P0008,2026-01-13,HCP02017,Neurology,Infusion,4.9,4.2,4.3,1.6
R002827,P0074,2026-01-01,HCP02205,Immunology,Oral Therapy,3.2,2.2,3.8,1.0
R002828,P0111,2026-01-22,HCP00195,Immunology,Infusion,3.7,3.6,4.1,2.7
R002829,P0050,2025-04-01,HCP00188,Diabetes,Combination Therapy,4.0,3.7,4.2,1.8
R002830,P0036,2025-11-01,HCP02243,Respiratory,Injectable,4.7,4.6,4.3,4.3
R002831,P0085,2026-03-20,HCP02177,Respiratory,Combination Therapy,4.5,3.7,4.2,2.0
R002832,P0112,2025-04-17,HCP00047,Respiratory,Oral Therapy,4.0,4.8,3.0,2.2
R002833,P0068,2025-08-29,HCP00075,Immunology,Digital Therapeutic,3.8,5.0,5.0,1.9
R002834,P0002,2025-09-01,HCP00754,Cardiology,Digital Therapeutic,2.9,4.2,4.1,2.6
R002835,P0083,2025-04-17,HCP01373,Immunology,Injectable,3.5,3.9,5.0,3.7
R002836,P0027,2025-12-26,HCP00122,Cardiology,Oral Therapy,5.0,3.1,3.5,1.0
R002837,P0119,2025-09-22,HCP01121,Neurology,Digital Therapeutic,2.9,4.3,3.7,3.5
R002838,P0034,2025-03-15,HCP00611,Respiratory,Digital Therapeutic,3.2,3.6,3.9,1.0
R002839,P0077,2025-12-21,HCP02302,Neurology,Injectable,2.5,4.8,3.7,2.2
R002840,P0083,2025-04-27,HCP02038,Immunology,Infusion,3.1,2.8,4.2,1.5
R002841,P0054,2025-08-23,HCP01310,Neurology,Combination Therapy,2.7,3.3,4.7,1.6
R002842,P0096,2026-03-01,HCP00313,Neurology,Combination Therapy,2.7,4.5,4.9,1.3
R002843,P0108,2025-05-08,HCP00661,Diabetes,Injectable,4.0,5.0,3.7,2.9
R002844,P0076,2025-07-11,HCP00505,Cardiology,Infusion,4.3,4.3,3.6,2.1
R002845,P0091,2025-05-31,HCP02148,Rare Disease,Infusion,4.0,4.7,4.5,3.0
R002846,P0008,2025-12-29,HCP01529,Neurology,Combination Therapy,2.8,3.9,3.3,3.1
R002847,P0030,2026-02-19,HCP00861,Cardiology,Infusion,2.3,5.0,4.4,2.2
R002848,P0053,2025-04-20,HCP00055,Respiratory,Oral Therapy,2.0,4.0,3.8,3.1
R002849,P0016,2026-04-29,HCP02077,Cardiology,Oral Therapy,2.7,4.2,3.7,2.6
R002850,P0060,2025-08-18,HCP01507,Cardiology,Digital Therapeutic,2.8,4.0,2.2,2.1
R002851,P0009,2026-04-17,HCP00602,Immunology,Oral Therapy,3.3,3.7,4.2,3.3
R002852,P0044,2025-07-23,HCP02236,Immunology,Infusion,3.9,4.1,4.8,3.8
R002853,P0008,2026-01-13,HCP01890,Neurology,Infusion,3.4,4.0,3.2,3.6
R002854,P0051,2025-11-28,HCP00174,Rare Disease,Oral Therapy,5.0,4.2,4.2,1.0
R002855,P0049,2025-04-06,HCP00019,Neurology,Digital Therapeutic,5.0,2.3,4.3,2.6
R002856,P0058,2025-08-11,HCP00015,Respiratory,Oral Therapy,3.6,3.2,3.7,3.7
R002857,P0119,2025-11-06,HCP00676,Neurology,Combination Therapy,2.1,3.5,4.3,1.4
R002858,P0067,2025-08-23,HCP01015,Immunology,Digital Therapeutic,3.2,2.8,4.6,2.4
R002859,P0018,2025-04-23,HCP02324,Immunology,Oral Therapy,3.5,3.2,4.1,1.8
R002860,P0076,2025-09-11,HCP02123,Cardiology,Injectable,4.3,4.3,4.4,2.7
R002861,P0118,2025-11-30,HCP02495,Immunology,Combination Therapy,2.6,4.1,3.8,5.0
R002862,P0026,2026-04-20,HCP02338,Diabetes,Oral Therapy,2.3,4.5,4.5,2.5
R002863,P0010,2025-03-16,HCP00012,Diabetes,Injectable,3.9,4.5,2.9,2.3
R002864,P0109,2025-11-20,HCP02003,Diabetes,Digital Therapeutic,3.2,4.5,4.5,4.5
R002865,P0021,2026-05-18,HCP02309,Rare Disease,Infusion,3.2,3.9,4.8,2.7
R002866,P0100,2025-03-22,HCP01624,Neurology,Injectable,3.0,4.8,3.5,1.9
R002867,P0052,2026-01-04,HCP02408,Oncology,Oral Therapy,3.4,3.4,3.5,1.0
R002868,P0095,2025-12-13,HCP01067,Cardiology,Injectable,3.9,4.7,5.0,3.5
R002869,P0086,2026-02-10,HCP01971,Diabetes,Infusion,1.7,4.5,4.3,1.4
R002870,P0097,2025-10-03,HCP01973,Cardiology,Oral Therapy,3.7,4.3,3.0,2.3
R002871,P0092,2026-05-17,HCP00568,Cardiology,Digital Therapeutic,4.3,3.8,3.9,2.9
R002872,P0064,2025-11-16,HCP01892,Cardiology,Infusion,4.1,3.4,2.9,3.1
R002873,P0030,2026-02-25,HCP01189,Cardiology,Injectable,5.0,3.8,3.9,1.0
R002874,P0115,2025-06-25,HCP00460,Neurology,Combination Therapy,3.3,2.8,4.0,1.5
R002875,P0023,2025-05-30,HCP00269,Respiratory,Combination Therapy,3.6,4.6,4.4,2.7
R002876,P0044,2025-12-01,HCP01790,Immunology,Combination Therapy,4.8,3.5,4.0,1.1
R002877,P0034,2025-04-14,HCP02032,Respiratory,Combination Therapy,3.7,3.5,5.0,3.1
R002878,P0051,2025-08-14,HCP01982,Rare Disease,Injectable,5.0,2.6,4.1,1.3
R002879,P0030,2026-01-06,HCP02426,Cardiology,Injectable,4.4,3.1,2.8,2.2
R002880,P0098,2026-04-14,HCP02253,Cardiology,Injectable,3.8,5.0,4.4,2.0
R002881,P0053,2025-04-12,HCP00464,Respiratory,Injectable,3.7,3.4,4.1,3.2
R002882,P0105,2026-01-06,HCP01825,Neurology,Combination Therapy,3.5,4.5,3.9,2.0
R002883,P0004,2025-06-12,HCP00554,Diabetes,Injectable,3.7,2.9,4.7,3.1
R002884,P0054,2025-09-21,HCP01831,Neurology,Digital Therapeutic,3.0,2.9,4.5,3.5
R002885,P0071,2026-02-06,HCP01079,Immunology,Combination Therapy,4.3,3.8,3.4,2.5
R002886,P0102,2025-11-24,HCP02255,Cardiology,Injectable,5.0,3.9,4.2,2.7
R002887,P0088,2025-12-26,HCP00311,Respiratory,Injectable,2.2,3.4,5.0,1.9
R002888,P0076,2025-08-02,HCP00486,Cardiology,Combination Therapy,4.7,3.8,4.1,1.5
R002889,P0102,2025-11-17,HCP01552,Cardiology,Infusion,3.9,3.3,3.2,1.3
R002890,P0047,2025-09-26,HCP01376,Respiratory,Combination Therapy,4.6,4.7,4.3,2.6
R002891,P0115,2025-04-17,HCP02150,Neurology,Infusion,3.2,5.0,3.8,2.0
R002892,P0109,2025-10-25,HCP02234,Diabetes,Injectable,3.5,4.5,4.0,2.9
R002893,P0110,2026-06-21,HCP00655,Rare Disease,Infusion,4.8,2.8,3.4,2.2
R002894,P0061,2026-03-26,HCP01580,Immunology,Combination Therapy,3.7,4.1,4.2,2.0
R002895,P0012,2026-03-29,HCP01895,Oncology,Oral Therapy,4.4,3.4,3.6,2.3
R002896,P0102,2025-12-09,HCP02329,Cardiology,Digital Therapeutic,3.2,3.4,4.5,1.0
R002897,P0050,2025-07-05,HCP00887,Diabetes,Combination Therapy,3.5,4.3,4.9,3.3
R002898,P0098,2026-03-26,HCP00127,Cardiology,Combination Therapy,4.1,3.9,4.1,2.2
R002899,P0007,2026-05-05,HCP00879,Diabetes,Infusion,4.0,3.9,3.4,2.1
R002900,P0012,2026-04-14,HCP00535,Oncology,Injectable,4.4,3.8,3.5,3.9
R002901,P0042,2025-11-28,HCP00120,Rare Disease,Combination Therapy,3.4,3.2,4.1,2.2
R002902,P0105,2025-12-05,HCP00554,Neurology,Injectable,3.7,3.1,4.2,3.0
R002903,P0004,2025-05-18,HCP00485,Diabetes,Injectable,4.5,3.6,3.7,1.0
R002904,P0020,2026-04-22,HCP00197,Cardiology,Infusion,4.9,3.7,3.9,1.9
R002905,P0060,2025-08-06,HCP01923,Cardiology,Infusion,3.0,4.1,4.4,3.5
R002906,P0098,2026-04-24,HCP01557,Cardiology,Injectable,4.7,4.4,4.7,3.3
R002907,P0019,2026-06-13,HCP00385,Respiratory,Injectable,3.0,3.7,4.0,3.1
R002908,P0091,2025-06-06,HCP01004,Rare Disease,Infusion,3.9,3.9,4.4,1.8
R002909,P0059,2025-09-23,HCP02095,Cardiology,Oral Therapy,3.9,4.4,4.0,2.7
R002910,P0089,2025-02-26,HCP00607,Neurology,Infusion,3.3,3.6,4.2,2.1
R002911,P0087,2026-03-05,HCP00591,Oncology,Digital Therapeutic,3.5,4.1,3.6,2.8
R002912,P0111,2026-02-10,HCP01820,Immunology,Oral Therapy,2.2,4.0,4.3,3.3
R002913,P0007,2026-04-30,HCP00996,Diabetes,Injectable,4.3,3.6,4.9,2.7
R002914,P0073,2026-05-10,HCP01691,Immunology,Combination Therapy,3.5,2.9,4.2,3.4
R002915,P0055,2025-12-08,HCP00483,Diabetes,Combination Therapy,3.7,3.1,4.3,3.5
R002916,P0041,2026-04-05,HCP00099,Respiratory,Oral Therapy,3.2,4.5,3.4,1.4
R002917,P0089,2025-04-18,HCP01344,Neurology,Oral Therapy,4.3,2.7,4.2,1.0
R002918,P0072,2026-07-17,HCP01099,Immunology,Combination Therapy,3.9,5.0,2.7,3.4
R002919,P0054,2025-10-11,HCP02115,Neurology,Combination Therapy,2.7,3.3,4.4,2.6
R002920,P0084,2026-06-15,HCP01801,Immunology,Infusion,3.6,2.6,4.9,3.8
R002921,P0069,2026-03-31,HCP00844,Immunology,Combination Therapy,2.8,3.4,3.7,2.8
R002922,P0044,2025-10-10,HCP00259,Immunology,Infusion,3.7,2.2,3.8,3.9
R002923,P0041,2026-05-22,HCP01356,Respiratory,Injectable,4.3,2.6,4.6,3.2
R002924,P0031,2025-12-04,HCP01988,Rare Disease,Combination Therapy,3.9,3.9,3.5,2.9
R002925,P0036,2025-10-09,HCP00755,Respiratory,Infusion,4.1,2.7,4.3,2.1
R002926,P0059,2025-11-24,HCP01541,Cardiology,Infusion,4.6,2.7,3.5,2.0
R002927,P0022,2026-05-26,HCP00083,Cardiology,Infusion,3.0,3.8,4.4,1.0
R002928,P0108,2025-04-20,HCP01796,Diabetes,Injectable,3.3,3.9,3.8,3.1
R002929,P0070,2026-09-21,HCP02092,Immunology,Injectable,2.2,4.1,2.2,1.8
R002930,P0076,2025-08-15,HCP00627,Cardiology,Oral Therapy,3.4,4.0,3.3,2.3
R002931,P0069,2026-02-23,HCP01674,Immunology,Oral Therapy,3.2,3.8,3.9,2.5
R002932,P0108,2025-03-24,HCP01870,Diabetes,Digital Therapeutic,4.3,4.2,5.0,2.0
R002933,P0099,2026-08-08,HCP00597,Rare Disease,Infusion,4.1,4.4,3.8,2.7
R002934,P0058,2025-07-11,HCP00435,Respiratory,Combination Therapy,5.0,3.8,3.5,1.0
R002935,P0042,2025-09-22,HCP00960,Rare Disease,Infusion,3.3,4.2,4.2,2.5
R002936,P0114,2026-05-23,HCP02151,Cardiology,Infusion,4.0,2.0,2.0,3.1
R002937,P0072,2026-07-18,HCP00921,Immunology,Combination Therapy,4.3,3.5,4.8,1.0
R002938,P0095,2025-11-20,HCP00515,Cardiology,Injectable,5.0,4.8,4.4,1.9
R002939,P0017,2026-01-02,HCP00716,Immunology,Combination Therapy,4.1,3.4,3.7,3.8
R002940,P0043,2026-03-26,HCP00671,Immunology,Combination Therapy,3.7,4.2,4.5,2.4
R002941,P0032,2026-02-17,HCP01332,Rare Disease,Infusion,3.8,4.0,4.2,1.8
R002942,P0054,2025-10-09,HCP01678,Neurology,Digital Therapeutic,4.1,3.4,3.9,3.2
R002943,P0061,2026-03-27,HCP00687,Immunology,Combination Therapy,4.9,4.1,4.4,1.5
R002944,P0120,2026-07-09,HCP00834,Immunology,Infusion,3.3,3.5,3.9,1.5
R002945,P0013,2025-03-26,HCP01222,Respiratory,Infusion,3.1,3.5,4.1,1.6
R002946,P0115,2025-04-04,HCP00773,Neurology,Digital Therapeutic,5.0,3.4,4.4,3.8
R002947,P0098,2026-04-17,HCP01133,Cardiology,Combination Therapy,2.7,3.2,3.8,1.5
R002948,P0050,2025-03-16,HCP00157,Diabetes,Injectable,4.4,3.1,3.9,2.4
R002949,P0034,2025-03-23,HCP00952,Respiratory,Infusion,4.1,3.5,3.2,3.6
R002950,P0101,2026-06-06,HCP02051,Cardiology,Digital Therapeutic,4.0,3.8,3.2,1.6
R002951,P0017,2025-12-28,HCP01096,Immunology,Digital Therapeutic,2.7,3.5,2.9,1.0
R002952,P0110,2026-06-07,HCP01149,Rare Disease,Injectable,5.0,3.5,4.2,4.4
R002953,P0114,2026-05-18,HCP01506,Cardiology,Digital Therapeutic,3.8,5.0,3.8,2.6
R002954,P0031,2025-12-28,HCP00983,Rare Disease,Injectable,3.3,4.3,3.2,1.9
R002955,P0068,2025-07-04,HCP01054,Immunology,Oral Therapy,2.6,2.6,3.7,2.4
R002956,P0063,2025-09-25,HCP00614,Rare Disease,Injectable,2.0,4.0,3.3,3.2
R002957,P0093,2025-02-04,HCP01895,Respiratory,Combination Therapy,4.3,4.0,4.1,1.1
R002958,P0091,2025-06-21,HCP01389,Rare Disease,Combination Therapy,3.0,5.0,4.6,2.1
R002959,P0120,2026-05-12,HCP00042,Immunology,Oral Therapy,3.5,4.0,4.9,3.2
R002960,P0010,2025-03-01,HCP01399,Diabetes,Combination Therapy,3.2,5.0,3.9,3.9
R002961,P0099,2026-07-15,HCP00901,Rare Disease,Injectable,4.2,3.5,3.9,3.8
R002962,P0097,2025-10-20,HCP00006,Cardiology,Injectable,4.0,3.3,2.8,2.6
R002963,P0089,2025-04-08,HCP01270,Neurology,Injectable,4.3,3.0,3.1,3.9
R002964,P0026,2026-04-26,HCP00215,Diabetes,Oral Therapy,4.4,4.4,4.9,1.0
R002965,P0090,2025-09-28,HCP00482,Neurology,Injectable,3.1,3.2,4.1,2.6
R002966,P0058,2025-08-12,HCP01533,Respiratory,Oral Therapy,2.6,3.3,4.7,1.0
R002967,P0034,2025-03-18,HCP01286,Respiratory,Oral Therapy,3.6,4.2,2.8,3.8
R002968,P0046,2026-03-01,HCP00710,Immunology,Injectable,4.1,3.6,4.0,2.9
R002969,P0050,2025-05-20,HCP02169,Diabetes,Combination Therapy,3.8,3.9,2.9,4.1
R002970,P0089,2025-03-05,HCP02460,Neurology,Digital Therapeutic,2.1,2.9,2.6,1.9
R002971,P0025,2025-06-28,HCP00235,Respiratory,Oral Therapy,3.7,2.1,3.4,1.3
R002972,P0028,2026-03-06,HCP00622,Oncology,Digital Therapeutic,2.8,4.7,5.0,3.2
R002973,P0045,2026-01-17,HCP00012,Neurology,Combination Therapy,3.7,4.6,3.5,2.3
R002974,P0056,2025-07-03,HCP00381,Immunology,Oral Therapy,4.5,3.6,4.8,3.5
R002975,P0114,2026-07-19,HCP00911,Cardiology,Injectable,1.6,3.9,3.8,3.2
R002976,P0032,2026-03-13,HCP00112,Rare Disease,Infusion,5.0,3.1,4.8,2.2
R002977,P0109,2025-10-31,HCP02295,Diabetes,Oral Therapy,2.8,3.6,4.4,2.5
R002978,P0007,2026-05-02,HCP01717,Diabetes,Infusion,4.5,5.0,4.9,2.3
R002979,P0062,2025-07-14,HCP00208,Immunology,Digital Therapeutic,4.4,5.0,3.7,2.5
R002980,P0102,2026-01-04,HCP00727,Cardiology,Injectable,3.4,4.0,4.2,2.0
R002981,P0038,2025-10-25,HCP01787,Diabetes,Injectable,4.1,2.5,4.1,3.1
R002982,P0027,2025-11-01,HCP00685,Cardiology,Digital Therapeutic,3.1,4.2,5.0,1.0
R002983,P0073,2026-07-09,HCP01190,Immunology,Infusion,2.2,3.6,4.6,1.0
R002984,P0028,2026-05-04,HCP00277,Oncology,Infusion,4.7,3.5,3.9,2.1
R002985,P0002,2025-12-05,HCP02160,Cardiology,Oral Therapy,3.1,3.8,5.0,1.9
R002986,P0006,2025-09-19,HCP00132,Cardiology,Digital Therapeutic,5.0,5.0,5.0,2.0
R002987,P0058,2025-09-01,HCP00241,Respiratory,Infusion,4.5,3.9,3.6,3.6
R002988,P0061,2026-07-04,HCP00576,Immunology,Digital Therapeutic,3.0,4.5,4.2,2.6
R002989,P0004,2025-03-26,HCP00914,Diabetes,Injectable,4.2,4.1,3.8,3.2
R002990,P0033,2026-02-12,HCP00992,Oncology,Combination Therapy,4.1,4.1,3.0,3.0
R002991,P0091,2025-04-02,HCP01729,Rare Disease,Oral Therapy,5.0,4.3,4.1,3.9
R002992,P0068,2025-08-25,HCP01656,Immunology,Digital Therapeutic,3.3,3.5,2.0,1.9
R002993,P0074,2025-09-28,HCP00011,Immunology,Oral Therapy,3.5,2.9,4.1,3.0
R002994,P0087,2026-02-13,HCP00253,Oncology,Combination Therapy,4.1,4.9,4.0,2.3
R002995,P0109,2025-11-26,HCP00795,Diabetes,Combination Therapy,3.7,2.7,4.0,1.5
R002996,P0006,2025-08-07,HCP00916,Cardiology,Infusion,2.5,4.0,3.9,1.4
R002997,P0058,2025-08-20,HCP01932,Respiratory,Infusion,4.6,5.0,3.7,2.3
R002998,P0025,2025-06-30,HCP02482,Respiratory,Injectable,5.0,4.0,2.9,3.4
R002999,P0081,2025-11-05,HCP00629,Oncology,Oral Therapy,3.8,4.2,3.1,2.0
R003000,P0047,2025-09-02,HCP01703,Respiratory,Oral Therapy,2.6,4.2,4.0,2.0
R003001,P0019,2026-05-09,HCP00687,Respiratory,Injectable,3.6,4.6,4.0,1.9
R003002,P0106,2026-01-29,HCP02498,Respiratory,Infusion,2.9,4.8,4.6,1.4
R003003,P0062,2025-06-28,HCP01557,Immunology,Oral Therapy,3.5,2.8,3.7,2.1
R003004,P0014,2025-03-06,HCP00199,Cardiology,Digital Therapeutic,3.9,4.7,3.3,3.5
R003005,P0028,2026-04-24,HCP00234,Oncology,Digital Therapeutic,4.3,3.8,3.8,2.7
R003006,P0090,2025-09-28,HCP01013,Neurology,Infusion,4.9,3.3,2.6,2.0
R003007,P0057,2025-07-08,HCP01110,Immunology,Digital Therapeutic,4.2,3.0,4.1,2.2
R003008,P0115,2025-05-23,HCP00576,Neurology,Oral Therapy,2.8,4.0,4.4,2.8
R003009,P0007,2026-05-05,HCP00202,Diabetes,Injectable,4.3,3.4,4.9,2.0
R003010,P0010,2025-03-29,HCP02354,Diabetes,Injectable,3.5,3.9,4.2,3.3
R003011,P0083,2025-04-23,HCP01718,Immunology,Oral Therapy,3.6,3.8,3.3,3.6
R003012,P0040,2026-05-03,HCP02264,Neurology,Infusion,3.7,4.0,3.5,1.5
R003013,P0105,2026-01-13,HCP00717,Neurology,Injectable,3.8,4.4,3.9,2.2
R003014,P0093,2025-01-26,HCP01423,Respiratory,Infusion,4.6,4.6,3.5,2.9
R003015,P0003,2025-10-05,HCP01591,Respiratory,Digital Therapeutic,4.1,4.6,3.2,3.7
R003016,P0113,2026-07-03,HCP00768,Neurology,Digital Therapeutic,2.7,4.9,3.6,1.0
R003017,P0115,2025-06-17,HCP01611,Neurology,Injectable,2.4,3.6,4.6,1.9
R003018,P0030,2026-02-24,HCP01363,Cardiology,Oral Therapy,4.3,3.3,4.2,1.0
R003019,P0074,2025-12-30,HCP02143,Immunology,Injectable,4.2,3.7,4.6,3.2
R003020,P0078,2025-10-10,HCP02178,Cardiology,Injectable,4.8,3.5,3.5,2.5
R003021,P0005,2025-01-08,HCP02321,Immunology,Oral Therapy,3.6,2.9,4.9,3.4
R003022,P0088,2026-01-03,HCP01435,Respiratory,Infusion,3.9,3.6,4.2,2.3
R003023,P0117,2025-11-07,HCP00140,Immunology,Injectable,4.1,4.3,4.3,2.3
R003024,P0049,2025-03-09,HCP01914,Neurology,Combination Therapy,2.4,4.6,4.0,2.8
R003025,P0119,2025-08-21,HCP01032,Neurology,Oral Therapy,2.3,3.7,2.4,2.6
R003026,P0081,2025-12-08,HCP01720,Oncology,Combination Therapy,4.3,4.6,4.9,2.0
R003027,P0089,2025-04-17,HCP01668,Neurology,Injectable,4.0,3.8,4.2,3.3
R003028,P0066,2026-01-03,HCP00244,Diabetes,Injectable,4.8,2.1,3.3,3.5
R003029,P0083,2025-04-18,HCP00480,Immunology,Injectable,5.0,2.8,5.0,2.8
R003030,P0113,2026-06-26,HCP01895,Neurology,Injectable,3.4,4.1,4.0,3.7
R003031,P0071,2026-01-19,HCP01390,Immunology,Oral Therapy,3.4,2.5,3.8,3.8
R003032,P0065,2025-05-29,HCP00522,Immunology,Combination Therapy,2.5,2.9,3.4,2.0
R003033,P0021,2026-04-24,HCP02131,Rare Disease,Injectable,4.1,2.7,3.6,2.5
R003034,P0062,2025-07-14,HCP02177,Immunology,Combination Therapy,2.0,3.7,3.0,2.8
R003035,P0104,2025-07-22,HCP00557,Cardiology,Digital Therapeutic,2.9,4.0,3.7,1.1
R003036,P0081,2025-10-17,HCP00775,Oncology,Digital Therapeutic,4.0,2.6,3.9,2.6
R003037,P0086,2025-10-21,HCP00485,Diabetes,Injectable,3.1,4.3,4.4,2.4
R003038,P0019,2026-05-04,HCP01411,Respiratory,Digital Therapeutic,3.7,3.8,2.8,1.8
R003039,P0102,2026-01-02,HCP01921,Cardiology,Injectable,3.5,2.9,3.5,2.7
R003040,P0064,2025-09-02,HCP00715,Cardiology,Digital Therapeutic,2.8,3.8,3.2,1.6
R003041,P0055,2026-04-05,HCP00046,Diabetes,Combination Therapy,1.9,3.3,4.6,1.1
R003042,P0007,2026-05-20,HCP00022,Diabetes,Digital Therapeutic,4.3,3.3,4.4,1.0
R003043,P0108,2025-02-26,HCP00659,Diabetes,Infusion,3.5,2.9,2.8,1.0
R003044,P0076,2025-07-09,HCP01951,Cardiology,Combination Therapy,4.0,3.8,3.8,1.4
R003045,P0038,2025-11-05,HCP00906,Diabetes,Oral Therapy,3.7,3.6,4.9,2.5
R003046,P0065,2025-07-16,HCP01788,Immunology,Digital Therapeutic,3.6,3.6,4.5,2.8
R003047,P0110,2026-08-02,HCP02268,Rare Disease,Combination Therapy,3.8,3.7,3.8,1.9
R003048,P0101,2026-05-16,HCP02310,Cardiology,Digital Therapeutic,3.5,4.0,4.3,3.0
R003049,P0036,2025-10-07,HCP00777,Respiratory,Infusion,3.4,3.7,4.5,2.8
R003050,P0096,2026-02-13,HCP01432,Neurology,Combination Therapy,2.8,2.4,5.0,1.7
R003051,P0001,2026-08-03,HCP01822,Respiratory,Oral Therapy,5.0,3.8,3.7,1.6
R003052,P0052,2025-10-12,HCP00471,Oncology,Combination Therapy,4.6,3.1,4.9,3.6
R003053,P0066,2026-02-20,HCP01740,Diabetes,Injectable,5.0,4.6,3.6,2.0
R003054,P0080,2026-05-10,HCP00428,Neurology,Infusion,4.8,4.1,3.6,4.0
R003055,P0001,2026-09-07,HCP01413,Respiratory,Injectable,3.5,4.5,3.9,1.3
R003056,P0037,2025-08-05,HCP00974,Neurology,Combination Therapy,3.5,3.4,4.1,2.3
R003057,P0031,2025-11-18,HCP00958,Rare Disease,Injectable,3.7,4.4,4.5,1.1
R003058,P0047,2025-06-19,HCP00827,Respiratory,Injectable,3.4,3.0,3.9,1.0
R003059,P0084,2026-03-18,HCP01223,Immunology,Digital Therapeutic,4.4,3.8,3.7,1.9
R003060,P0010,2025-04-06,HCP01021,Diabetes,Injectable,3.0,3.2,3.4,3.1
R003061,P0090,2025-10-10,HCP00652,Neurology,Injectable,2.8,4.2,4.4,1.9
R003062,P0013,2025-04-21,HCP00563,Respiratory,Injectable,2.6,5.0,4.0,3.0
R003063,P0061,2026-05-31,HCP01218,Immunology,Digital Therapeutic,3.4,4.0,4.2,1.7
R003064,P0099,2026-05-07,HCP02472,Rare Disease,Oral Therapy,3.3,2.8,4.3,3.7
R003065,P0106,2026-02-16,HCP01628,Respiratory,Digital Therapeutic,3.2,3.3,4.9,1.7
R003066,P0117,2025-10-17,HCP00215,Immunology,Injectable,3.8,5.0,4.7,3.8
R003067,P0052,2025-09-15,HCP00181,Oncology,Oral Therapy,2.7,4.4,4.5,2.5
R003068,P0059,2025-11-28,HCP01848,Cardiology,Combination Therapy,4.3,3.3,3.9,1.5
R003069,P0109,2025-12-05,HCP01365,Diabetes,Injectable,2.8,4.4,3.2,1.7
R003070,P0016,2026-08-16,HCP01420,Cardiology,Injectable,2.7,3.9,3.7,2.8
R003071,P0110,2026-05-31,HCP00931,Rare Disease,Oral Therapy,3.2,5.0,3.9,1.4
R003072,P0011,2025-03-22,HCP01390,Respiratory,Combination Therapy,3.6,3.8,3.6,2.7
R003073,P0011,2025-04-27,HCP01465,Respiratory,Combination Therapy,4.4,3.6,4.4,1.8
R003074,P0006,2025-09-06,HCP01534,Cardiology,Oral Therapy,3.6,3.7,4.0,1.5
R003075,P0028,2026-03-10,HCP02359,Oncology,Injectable,2.3,3.5,3.4,1.7
R003076,P0106,2026-02-06,HCP02261,Respiratory,Oral Therapy,4.1,3.3,4.9,1.1
R003077,P0025,2025-08-13,HCP02089,Respiratory,Digital Therapeutic,4.1,3.0,4.3,2.6
R003078,P0054,2025-09-18,HCP01688,Neurology,Oral Therapy,3.2,3.5,4.1,2.6
R003079,P0097,2025-09-22,HCP01715,Cardiology,Injectable,3.8,4.3,4.7,1.8
R003080,P0106,2026-02-20,HCP00678,Respiratory,Infusion,4.9,3.6,3.5,1.7
R003081,P0053,2025-04-26,HCP02160,Respiratory,Combination Therapy,3.0,3.4,3.6,1.1
R003082,P0044,2025-11-01,HCP00674,Immunology,Combination Therapy,4.5,2.9,3.8,1.9
R003083,P0056,2025-07-03,HCP00309,Immunology,Infusion,4.8,4.3,4.3,2.8
R003084,P0071,2026-02-05,HCP02071,Immunology,Injectable,3.8,4.9,4.2,1.8
R003085,P0039,2026-06-24,HCP01033,Respiratory,Infusion,2.7,3.2,5.0,2.7
R003086,P0081,2025-09-26,HCP01196,Oncology,Injectable,4.8,3.4,3.4,3.0
R003087,P0097,2025-09-27,HCP01576,Cardiology,Infusion,4.5,3.2,4.1,1.4
R003088,P0007,2026-05-28,HCP01763,Diabetes,Combination Therapy,4.2,4.4,3.8,4.4
R003089,P0099,2026-04-23,HCP00200,Rare Disease,Infusion,3.7,4.5,4.3,3.3
R003090,P0082,2026-03-20,HCP00940,Neurology,Infusion,4.7,3.9,4.6,2.1
R003091,P0008,2025-12-17,HCP01965,Neurology,Infusion,3.0,3.0,4.2,1.0
R003092,P0096,2026-02-08,HCP01846,Neurology,Injectable,4.4,4.1,4.2,1.5
R003093,P0060,2025-07-25,HCP01574,Cardiology,Combination Therapy,3.4,4.0,3.8,4.2
R003094,P0003,2025-08-30,HCP01061,Respiratory,Infusion,2.3,4.0,5.0,2.8
R003095,P0010,2025-02-28,HCP00887,Diabetes,Infusion,2.8,3.1,3.7,1.9
R003096,P0008,2026-01-01,HCP01233,Neurology,Digital Therapeutic,4.0,3.0,2.0,2.0
R003097,P0049,2025-03-06,HCP00454,Neurology,Combination Therapy,3.9,2.7,3.6,3.7
R003098,P0063,2025-09-13,HCP02322,Rare Disease,Injectable,4.1,4.6,5.0,2.8
R003099,P0029,2026-01-06,HCP00473,Neurology,Oral Therapy,3.4,4.6,3.2,2.1
R003100,P0117,2025-10-25,HCP01238,Immunology,Digital Therapeutic,3.9,2.7,4.3,1.0
R003101,P0004,2025-04-28,HCP01893,Diabetes,Oral Therapy,4.2,3.2,3.5,2.3
R003102,P0117,2025-08-18,HCP00563,Immunology,Combination Therapy,5.0,3.2,4.3,3.0
R003103,P0019,2026-03-16,HCP02471,Respiratory,Combination Therapy,3.4,4.4,4.7,2.9
R003104,P0014,2025-01-29,HCP01329,Cardiology,Oral Therapy,4.6,3.9,3.7,1.5
R003105,P0060,2025-07-17,HCP00395,Cardiology,Oral Therapy,4.2,4.9,4.8,2.4
R003106,P0092,2026-05-08,HCP00022,Cardiology,Digital Therapeutic,3.8,3.6,4.7,3.0
R003107,P0080,2026-03-27,HCP00779,Neurology,Digital Therapeutic,2.6,2.9,4.2,3.7
R003108,P0096,2026-02-19,HCP00698,Neurology,Combination Therapy,4.9,3.3,4.0,2.1
R003109,P0055,2026-01-23,HCP00125,Diabetes,Oral Therapy,3.9,3.2,3.9,4.1
R003110,P0106,2026-03-01,HCP01511,Respiratory,Oral Therapy,3.2,4.5,3.5,2.9
R003111,P0092,2026-02-02,HCP01293,Cardiology,Injectable,2.9,5.0,3.3,1.9
R003112,P0006,2025-07-19,HCP00178,Cardiology,Oral Therapy,3.9,4.1,4.4,1.5
R003113,P0061,2026-06-16,HCP02075,Immunology,Combination Therapy,2.9,3.3,4.2,1.0
R003114,P0117,2025-10-18,HCP01139,Immunology,Digital Therapeutic,3.2,4.0,4.3,1.6
R003115,P0088,2025-12-25,HCP01473,Respiratory,Digital Therapeutic,3.2,2.7,4.7,3.8
R003116,P0099,2026-05-04,HCP01498,Rare Disease,Digital Therapeutic,3.7,3.7,4.0,2.1
R003117,P0087,2026-04-10,HCP02095,Oncology,Infusion,4.2,2.6,4.9,1.0
R003118,P0073,2026-08-04,HCP00567,Immunology,Infusion,3.4,4.1,2.9,1.7
R003119,P0041,2026-07-07,HCP00105,Respiratory,Injectable,3.5,3.7,5.0,2.5
R003120,P0009,2026-04-12,HCP00545,Immunology,Combination Therapy,3.8,4.4,4.0,2.2
R003121,P0037,2025-09-04,HCP01703,Neurology,Infusion,3.1,4.3,3.5,2.8
R003122,P0029,2025-11-28,HCP01672,Neurology,Oral Therapy,3.2,3.4,3.9,2.2
R003123,P0087,2026-03-06,HCP00777,Oncology,Oral Therapy,3.3,4.5,5.0,1.9
R003124,P0042,2025-09-30,HCP02436,Rare Disease,Oral Therapy,3.9,3.0,3.6,2.4
R003125,P0043,2026-03-07,HCP01727,Immunology,Combination Therapy,5.0,5.0,4.1,1.4
R003126,P0103,2025-12-26,HCP00769,Respiratory,Oral Therapy,2.6,2.9,3.3,2.6
R003127,P0024,2026-10-08,HCP02462,Diabetes,Combination Therapy,3.9,4.3,4.3,1.6
R003128,P0092,2026-05-23,HCP00520,Cardiology,Combination Therapy,3.5,4.7,4.8,2.3
R003129,P0043,2026-05-10,HCP00076,Immunology,Oral Therapy,3.6,3.9,4.2,2.7
R003130,P0113,2026-07-02,HCP02461,Neurology,Oral Therapy,3.3,3.1,3.8,2.1
R003131,P0115,2025-08-15,HCP01094,Neurology,Combination Therapy,4.7,3.3,3.7,2.4
R003132,P0051,2025-10-25,HCP02087,Rare Disease,Digital Therapeutic,1.6,3.1,4.1,3.1
R003133,P0094,2025-05-07,HCP02147,Cardiology,Combination Therapy,2.7,3.8,4.4,1.8
R003134,P0111,2026-01-13,HCP02340,Immunology,Combination Therapy,4.6,4.4,4.6,4.0
R003135,P0073,2026-04-14,HCP01900,Immunology,Oral Therapy,4.7,4.1,3.3,1.3
R003136,P0108,2025-04-03,HCP00116,Diabetes,Oral Therapy,5.0,3.8,3.7,3.6
R003137,P0082,2026-01-31,HCP01363,Neurology,Digital Therapeutic,4.0,2.8,4.9,2.8
R003138,P0003,2025-06-06,HCP02335,Respiratory,Oral Therapy,4.1,5.0,4.3,2.9
R003139,P0073,2026-07-26,HCP01913,Immunology,Combination Therapy,2.1,3.7,4.1,3.4
R003140,P0029,2026-01-03,HCP02096,Neurology,Combination Therapy,3.7,3.5,4.5,2.5
R003141,P0071,2025-12-18,HCP01968,Immunology,Infusion,4.2,4.0,2.5,2.6
R003142,P0096,2026-04-23,HCP00750,Neurology,Injectable,3.3,2.6,4.4,2.5
R003143,P0024,2026-06-30,HCP01940,Diabetes,Combination Therapy,3.6,3.8,5.0,3.2
R003144,P0080,2026-04-15,HCP01561,Neurology,Infusion,4.7,3.7,4.0,3.4
R003145,P0065,2025-04-25,HCP01451,Immunology,Injectable,4.9,3.7,4.2,2.5
R003146,P0027,2026-01-25,HCP00431,Cardiology,Infusion,3.9,4.7,3.8,2.2
R003147,P0092,2026-05-19,HCP00271,Cardiology,Injectable,3.7,2.9,3.4,1.5
R003148,P0094,2025-06-02,HCP01045,Cardiology,Digital Therapeutic,4.3,3.8,3.7,2.7
R003149,P0001,2026-05-26,HCP00618,Respiratory,Combination Therapy,3.4,3.4,4.6,2.0
R003150,P0038,2025-11-06,HCP01507,Diabetes,Oral Therapy,4.6,3.6,4.4,1.0
R003151,P0009,2026-04-12,HCP00789,Immunology,Injectable,3.3,4.4,3.4,2.4
R003152,P0073,2026-07-28,HCP00276,Immunology,Combination Therapy,4.3,3.7,3.6,2.5
R003153,P0106,2026-03-03,HCP00086,Respiratory,Combination Therapy,3.7,3.6,3.6,3.2
R003154,P0113,2026-08-16,HCP02417,Neurology,Digital Therapeutic,3.2,2.2,4.1,2.5
R003155,P0048,2025-07-01,HCP00270,Oncology,Oral Therapy,4.0,4.3,3.9,1.5
R003156,P0029,2025-12-16,HCP02323,Neurology,Oral Therapy,3.4,2.7,4.0,3.4
R003157,P0038,2025-10-24,HCP01401,Diabetes,Injectable,4.5,3.5,3.3,1.0
R003158,P0007,2026-07-17,HCP02169,Diabetes,Oral Therapy,2.9,3.2,5.0,1.1
R003159,P0042,2025-09-15,HCP02278,Rare Disease,Infusion,3.9,2.2,4.2,2.2
R003160,P0080,2026-05-14,HCP00322,Neurology,Digital Therapeutic,3.1,3.9,3.7,2.2
R003161,P0003,2025-09-21,HCP01355,Respiratory,Digital Therapeutic,4.7,3.5,3.5,2.2
R003162,P0088,2025-12-06,HCP01673,Respiratory,Infusion,4.3,4.2,3.7,1.7
R003163,P0102,2026-01-17,HCP01578,Cardiology,Injectable,3.7,4.2,4.8,3.3
R003164,P0038,2025-10-08,HCP02227,Diabetes,Infusion,3.7,4.2,5.0,2.3
R003165,P0093,2025-02-13,HCP00422,Respiratory,Digital Therapeutic,5.0,4.2,3.6,1.2
R003166,P0057,2025-08-04,HCP00345,Immunology,Injectable,4.3,4.1,3.7,2.8
R003167,P0119,2025-10-18,HCP02086,Neurology,Oral Therapy,3.1,4.5,2.9,1.7
R003168,P0061,2026-01-30,HCP01619,Immunology,Digital Therapeutic,4.5,4.1,3.0,1.6
R003169,P0072,2026-05-14,HCP02296,Immunology,Digital Therapeutic,3.2,4.0,4.1,2.3
R003170,P0098,2026-05-24,HCP00511,Cardiology,Oral Therapy,3.8,3.7,3.8,3.9
R003171,P0033,2026-05-06,HCP00142,Oncology,Digital Therapeutic,1.9,4.0,3.8,1.0
R003172,P0084,2026-06-11,HCP01725,Immunology,Injectable,4.4,4.2,3.7,1.0
R003173,P0103,2025-12-23,HCP01895,Respiratory,Combination Therapy,3.1,4.1,4.2,1.6
R003174,P0033,2026-05-02,HCP01619,Oncology,Digital Therapeutic,3.5,3.7,4.1,3.9
R003175,P0097,2025-10-23,HCP00121,Cardiology,Infusion,2.5,5.0,4.7,1.4
R003176,P0033,2026-04-28,HCP02180,Oncology,Combination Therapy,3.9,4.9,5.0,3.3
R003177,P0074,2025-09-16,HCP00633,Immunology,Digital Therapeutic,3.8,3.2,3.3,3.2
R003178,P0039,2026-07-20,HCP01215,Respiratory,Injectable,2.6,3.8,3.2,3.4
R003179,P0076,2025-08-15,HCP00058,Cardiology,Digital Therapeutic,3.7,4.9,5.0,1.6
R003180,P0018,2025-02-23,HCP01898,Immunology,Digital Therapeutic,3.5,3.2,4.0,2.5
R003181,P0098,2026-05-18,HCP02043,Cardiology,Combination Therapy,4.7,2.9,4.5,3.0
R003182,P0017,2025-12-25,HCP00480,Immunology,Oral Therapy,3.1,5.0,3.3,2.7
R003183,P0041,2026-03-26,HCP00196,Respiratory,Combination Therapy,4.1,3.5,3.3,4.9
R003184,P0099,2026-05-12,HCP01607,Rare Disease,Injectable,2.5,2.4,4.6,4.1
R003185,P0012,2026-04-06,HCP01386,Oncology,Infusion,3.8,3.2,3.2,3.5
R003186,P0100,2025-04-08,HCP02193,Neurology,Oral Therapy,4.0,3.5,4.9,3.1
R003187,P0049,2025-03-08,HCP00734,Neurology,Oral Therapy,4.0,4.4,4.5,3.1
R003188,P0032,2026-07-06,HCP01808,Rare Disease,Combination Therapy,3.6,3.8,3.6,3.4
R003189,P0100,2025-03-15,HCP02120,Neurology,Digital Therapeutic,5.0,2.8,5.0,4.0
R003190,P0103,2026-02-15,HCP02197,Respiratory,Infusion,3.4,1.7,4.4,1.7
R003191,P0104,2025-04-11,HCP00212,Cardiology,Oral Therapy,4.1,4.1,3.9,3.5
R003192,P0069,2026-03-08,HCP01575,Immunology,Combination Therapy,3.4,3.8,4.1,2.7
R003193,P0024,2026-08-08,HCP00863,Diabetes,Oral Therapy,3.0,4.6,2.7,3.4
R003194,P0086,2026-03-21,HCP01379,Diabetes,Oral Therapy,2.7,3.4,3.1,2.5
R003195,P0085,2026-02-01,HCP01677,Respiratory,Injectable,2.9,3.6,4.5,2.1
R003196,P0106,2026-01-17,HCP02288,Respiratory,Digital Therapeutic,4.2,3.4,4.1,2.1
R003197,P0089,2025-04-14,HCP01174,Neurology,Injectable,4.8,3.4,5.0,2.6
R003198,P0038,2025-09-29,HCP00809,Diabetes,Infusion,4.2,4.1,4.3,2.9
R003199,P0054,2025-09-07,HCP00480,Neurology,Oral Therapy,3.4,3.5,3.2,2.1
R003200,P0080,2026-05-11,HCP01871,Neurology,Digital Therapeutic,3.2,2.6,3.3,1.2
R003201,P0094,2025-05-12,HCP00851,Cardiology,Combination Therapy,3.8,4.7,3.5,3.1
R003202,P0038,2025-10-19,HCP01733,Diabetes,Combination Therapy,2.8,3.9,3.6,2.4
R003203,P0032,2026-06-10,HCP00669,Rare Disease,Combination Therapy,4.5,4.3,4.1,1.0
R003204,P0109,2025-12-15,HCP02036,Diabetes,Combination Therapy,4.0,4.7,4.8,1.0
R003205,P0120,2026-03-22,HCP01670,Immunology,Combination Therapy,2.9,3.6,4.4,2.7
R003206,P0036,2025-11-13,HCP01245,Respiratory,Combination Therapy,5.0,3.7,4.8,3.1
R003207,P0008,2025-09-30,HCP02473,Neurology,Digital Therapeutic,2.7,3.0,4.3,3.5
R003208,P0076,2025-11-05,HCP01235,Cardiology,Injectable,3.7,4.4,3.7,2.0
R003209,P0002,2025-10-03,HCP01352,Cardiology,Oral Therapy,4.4,2.7,3.1,1.9
R003210,P0023,2025-08-14,HCP00086,Respiratory,Digital Therapeutic,4.3,3.9,4.4,3.0
R003211,P0064,2025-08-29,HCP01621,Cardiology,Injectable,3.2,4.2,3.9,1.7
R003212,P0045,2026-02-18,HCP02329,Neurology,Combination Therapy,3.3,2.9,4.5,1.7
R003213,P0006,2025-08-19,HCP01455,Cardiology,Digital Therapeutic,2.9,4.7,3.6,2.7
R003214,P0043,2026-06-08,HCP00969,Immunology,Injectable,3.9,2.4,5.0,2.7
R003215,P0081,2025-10-11,HCP01618,Oncology,Infusion,4.4,2.9,5.0,3.0
R003216,P0091,2025-06-26,HCP01381,Rare Disease,Injectable,2.1,3.8,3.4,2.6
R003217,P0091,2025-08-04,HCP00531,Rare Disease,Injectable,4.2,4.3,4.2,1.6
R003218,P0035,2026-05-31,HCP00496,Cardiology,Infusion,3.3,2.8,3.0,2.2
R003219,P0080,2026-04-02,HCP02244,Neurology,Infusion,3.6,4.3,3.5,2.5
R003220,P0040,2026-07-17,HCP01541,Neurology,Digital Therapeutic,2.8,4.4,3.4,3.6
R003221,P0079,2026-05-27,HCP02217,Oncology,Injectable,3.2,3.5,3.6,3.1
R003222,P0002,2025-08-20,HCP00866,Cardiology,Injectable,5.0,3.9,3.8,2.6
R003223,P0050,2025-06-27,HCP02389,Diabetes,Oral Therapy,3.4,4.6,3.5,3.1
R003224,P0038,2025-10-19,HCP01463,Diabetes,Oral Therapy,3.7,4.9,4.1,3.6
R003225,P0081,2025-11-10,HCP02167,Oncology,Infusion,2.9,3.4,3.0,1.3
R003226,P0033,2026-03-22,HCP01839,Oncology,Injectable,5.0,3.2,4.6,2.5
R003227,P0036,2025-10-06,HCP02320,Respiratory,Digital Therapeutic,4.1,3.7,3.3,1.0
R003228,P0066,2026-02-25,HCP01525,Diabetes,Digital Therapeutic,3.7,3.0,3.9,2.5
R003229,P0079,2026-05-26,HCP01926,Oncology,Combination Therapy,4.5,4.7,3.7,2.1
R003230,P0049,2025-04-27,HCP00077,Neurology,Oral Therapy,4.0,4.1,4.7,3.7
R003231,P0108,2025-05-13,HCP01341,Diabetes,Combination Therapy,3.6,3.8,3.8,3.5
R003232,P0118,2025-11-23,HCP02016,Immunology,Combination Therapy,3.6,4.6,4.9,4.3
R003233,P0073,2026-06-27,HCP02046,Immunology,Infusion,2.4,4.3,4.2,2.2
R003234,P0066,2026-02-27,HCP01403,Diabetes,Infusion,3.4,4.5,3.4,2.7
R003235,P0063,2025-09-08,HCP02363,Rare Disease,Combination Therapy,3.3,4.2,3.9,2.4
R003236,P0009,2026-04-30,HCP00596,Immunology,Oral Therapy,4.0,4.8,4.0,3.7
R003237,P0050,2025-05-28,HCP01986,Diabetes,Combination Therapy,3.5,2.8,4.5,2.5
R003238,P0098,2026-04-18,HCP00810,Cardiology,Digital Therapeutic,4.3,4.2,4.1,1.6
R003239,P0084,2026-05-27,HCP00647,Immunology,Digital Therapeutic,3.8,4.9,3.9,1.0
R003240,P0007,2026-07-25,HCP02028,Diabetes,Injectable,3.0,3.6,3.5,3.6
R003241,P0017,2026-01-07,HCP02017,Immunology,Combination Therapy,5.0,3.4,4.3,2.8
R003242,P0101,2026-05-12,HCP02341,Cardiology,Digital Therapeutic,3.4,3.5,3.8,2.7
R003243,P0089,2025-02-07,HCP01071,Neurology,Combination Therapy,4.2,3.8,3.5,3.9
R003244,P0049,2025-05-28,HCP02034,Neurology,Combination Therapy,2.6,4.6,3.3,2.6
R003245,P0114,2026-06-01,HCP01922,Cardiology,Digital Therapeutic,4.4,3.8,4.7,1.2
R003246,P0008,2026-01-16,HCP02216,Neurology,Infusion,2.3,4.6,3.0,1.4
R003247,P0092,2026-01-25,HCP00782,Cardiology,Injectable,5.0,4.1,4.3,3.0
R003248,P0118,2025-11-08,HCP01225,Immunology,Oral Therapy,4.3,4.5,4.0,3.1
R003249,P0053,2025-04-23,HCP01770,Respiratory,Oral Therapy,3.5,3.8,3.6,4.5
R003250,P0060,2025-07-23,HCP01042,Cardiology,Infusion,4.2,3.6,3.5,2.6
R003251,P0026,2026-04-10,HCP02498,Diabetes,Infusion,2.6,2.9,4.0,4.2
R003252,P0103,2025-12-14,HCP02048,Respiratory,Infusion,3.5,2.1,3.7,1.5
R003253,P0088,2025-12-01,HCP00054,Respiratory,Infusion,4.3,3.5,3.6,1.9
R003254,P0051,2025-12-10,HCP00987,Rare Disease,Injectable,4.2,2.0,4.6,1.6
R003255,P0029,2026-01-23,HCP01343,Neurology,Infusion,3.7,3.7,3.9,2.7
R003256,P0056,2025-05-07,HCP01765,Immunology,Digital Therapeutic,4.0,4.3,4.0,3.6
R003257,P0055,2026-02-11,HCP01349,Diabetes,Combination Therapy,4.6,3.8,3.5,2.4
R003258,P0044,2025-10-07,HCP01533,Immunology,Injectable,4.3,1.8,4.6,1.7
R003259,P0101,2026-06-10,HCP01461,Cardiology,Digital Therapeutic,2.1,3.5,4.8,3.1
R003260,P0045,2026-01-16,HCP00383,Neurology,Combination Therapy,3.7,4.2,4.1,2.4
R003261,P0014,2025-02-09,HCP00889,Cardiology,Infusion,3.7,4.7,4.9,3.1
R003262,P0096,2026-03-27,HCP00772,Neurology,Infusion,2.6,4.2,3.6,2.5
R003263,P0088,2025-12-27,HCP00927,Respiratory,Infusion,2.8,3.8,4.6,2.5
R003264,P0004,2025-05-16,HCP00532,Diabetes,Infusion,5.0,4.1,3.8,4.4
R003265,P0084,2026-03-15,HCP02390,Immunology,Combination Therapy,3.1,5.0,3.7,1.6
R003266,P0059,2025-11-01,HCP00314,Cardiology,Oral Therapy,3.3,3.8,4.9,2.9
R003267,P0081,2026-01-09,HCP00832,Oncology,Combination Therapy,3.0,2.7,3.8,3.2
R003268,P0032,2026-05-07,HCP01051,Rare Disease,Injectable,4.1,3.5,3.4,3.5
R003269,P0022,2026-07-21,HCP01556,Cardiology,Injectable,3.9,3.3,2.8,1.6
R003270,P0067,2025-08-21,HCP00497,Immunology,Infusion,5.0,3.0,4.0,2.9
R003271,P0007,2026-06-19,HCP01771,Diabetes,Infusion,3.2,3.3,3.3,2.1
R003272,P0026,2026-05-05,HCP00179,Diabetes,Digital Therapeutic,4.1,5.0,5.0,2.5
R003273,P0006,2025-08-04,HCP00147,Cardiology,Oral Therapy,2.1,3.1,5.0,2.2
R003274,P0042,2025-10-07,HCP00518,Rare Disease,Combination Therapy,2.5,3.4,2.1,2.1
R003275,P0109,2025-10-14,HCP00552,Diabetes,Combination Therapy,4.8,5.0,5.0,3.9
R003276,P0064,2025-07-21,HCP01548,Cardiology,Oral Therapy,4.6,4.2,3.5,3.5
R003277,P0089,2025-03-31,HCP02017,Neurology,Infusion,4.1,4.0,4.8,1.3
R003278,P0090,2025-07-11,HCP02022,Neurology,Combination Therapy,4.7,4.2,4.7,2.3
R003279,P0016,2026-08-07,HCP00452,Cardiology,Oral Therapy,2.8,3.9,4.9,2.4
R003280,P0114,2026-07-15,HCP01158,Cardiology,Injectable,5.0,3.4,5.0,3.8
R003281,P0019,2026-05-16,HCP00434,Respiratory,Infusion,2.8,4.0,3.2,1.5
R003282,P0030,2026-02-09,HCP01524,Cardiology,Combination Therapy,4.0,4.2,3.3,1.9
R003283,P0079,2026-05-28,HCP00630,Oncology,Infusion,5.0,2.6,4.5,1.9
R003284,P0058,2025-09-01,HCP01627,Respiratory,Oral Therapy,3.0,3.5,4.1,1.0
R003285,P0026,2026-04-30,HCP01935,Diabetes,Digital Therapeutic,4.8,2.6,4.4,1.0
R003286,P0042,2025-11-27,HCP01629,Rare Disease,Infusion,4.5,3.1,3.8,2.7
R003287,P0050,2025-05-16,HCP00021,Diabetes,Infusion,3.2,4.1,4.6,1.8
R003288,P0073,2026-05-08,HCP02468,Immunology,Digital Therapeutic,5.0,3.5,3.2,2.7
R003289,P0095,2025-11-09,HCP01134,Cardiology,Oral Therapy,2.9,3.6,5.0,1.1
R003290,P0044,2025-10-08,HCP01523,Immunology,Injectable,3.7,1.9,5.0,1.5
R003291,P0048,2025-06-29,HCP01716,Oncology,Oral Therapy,4.2,2.8,2.8,2.1
R003292,P0012,2026-06-11,HCP01366,Oncology,Combination Therapy,3.6,3.0,5.0,1.2
R003293,P0115,2025-04-23,HCP02393,Neurology,Combination Therapy,5.0,2.6,2.9,2.2
R003294,P0074,2025-10-31,HCP02167,Immunology,Combination Therapy,2.6,3.9,4.4,2.2
R003295,P0032,2026-03-22,HCP01643,Rare Disease,Injectable,5.0,3.8,3.4,2.1
R003296,P0005,2025-01-28,HCP01553,Immunology,Injectable,1.8,4.4,4.3,1.3
R003297,P0114,2026-06-29,HCP00874,Cardiology,Infusion,1.2,4.7,3.2,3.6
R003298,P0006,2025-08-11,HCP01146,Cardiology,Oral Therapy,3.7,4.8,4.3,1.4
R003299,P0022,2026-07-25,HCP00015,Cardiology,Combination Therapy,4.3,4.0,3.9,2.3
R003300,P0107,2026-01-08,HCP01857,Diabetes,Oral Therapy,5.0,3.9,3.8,2.3
R003301,P0041,2026-07-25,HCP00329,Respiratory,Digital Therapeutic,5.0,4.0,4.2,2.5
R003302,P0105,2025-11-26,HCP00561,Neurology,Oral Therapy,3.9,3.1,2.9,1.2
R003303,P0067,2025-07-06,HCP01441,Immunology,Oral Therapy,4.1,4.0,4.4,2.7
R003304,P0068,2025-06-06,HCP01682,Immunology,Digital Therapeutic,3.9,3.4,3.8,1.9
R003305,P0112,2025-04-24,HCP00084,Respiratory,Oral Therapy,5.0,2.9,3.0,3.0
R003306,P0003,2025-07-16,HCP01919,Respiratory,Oral Therapy,2.6,2.5,4.4,3.3
R003307,P0042,2025-09-15,HCP00347,Rare Disease,Injectable,3.1,2.1,3.6,2.5
R003308,P0042,2025-11-22,HCP01597,Rare Disease,Infusion,4.4,3.6,4.0,2.0
R003309,P0088,2025-12-27,HCP01948,Respiratory,Injectable,4.6,3.3,4.2,3.9
R003310,P0042,2025-09-16,HCP00470,Rare Disease,Oral Therapy,4.8,3.3,4.0,2.9
R003311,P0106,2026-03-07,HCP01000,Respiratory,Oral Therapy,3.6,3.0,4.0,1.8
R003312,P0087,2026-02-08,HCP01288,Oncology,Combination Therapy,3.3,3.4,4.4,1.5
R003313,P0109,2025-11-09,HCP01378,Diabetes,Combination Therapy,4.3,3.0,3.8,2.8
R003314,P0098,2026-06-15,HCP02025,Cardiology,Injectable,2.8,3.9,4.7,2.2
R003315,P0090,2025-06-20,HCP02387,Neurology,Digital Therapeutic,5.0,4.3,4.7,1.5
R003316,P0043,2026-07-24,HCP01007,Immunology,Digital Therapeutic,3.3,3.5,3.6,2.6
R003317,P0088,2025-11-30,HCP01489,Respiratory,Injectable,3.5,4.6,3.6,1.4
R003318,P0051,2025-08-22,HCP02320,Rare Disease,Infusion,4.3,3.3,4.4,2.6
R003319,P0042,2025-10-14,HCP01514,Rare Disease,Oral Therapy,3.1,2.4,5.0,2.7
R003320,P0027,2026-01-18,HCP00121,Cardiology,Injectable,2.7,4.8,4.7,1.7
R003321,P0108,2025-04-08,HCP00774,Diabetes,Infusion,4.7,2.4,3.4,2.8
R003322,P0088,2025-12-01,HCP01663,Respiratory,Digital Therapeutic,2.8,3.4,3.8,1.8
R003323,P0006,2025-07-20,HCP02464,Cardiology,Injectable,3.9,4.3,3.5,2.5
R003324,P0042,2025-09-10,HCP00583,Rare Disease,Oral Therapy,3.7,4.7,5.0,1.1
R003325,P0070,2026-09-24,HCP00539,Immunology,Digital Therapeutic,2.1,3.7,4.3,2.6
R003326,P0085,2026-03-11,HCP01622,Respiratory,Digital Therapeutic,2.8,3.4,3.3,3.4
R003327,P0037,2025-06-29,HCP00290,Neurology,Oral Therapy,4.0,5.0,3.7,1.1
R003328,P0085,2026-02-02,HCP02374,Respiratory,Oral Therapy,4.7,4.4,3.4,3.1
R003329,P0033,2026-05-29,HCP02277,Oncology,Injectable,3.1,4.6,3.7,2.0
R003330,P0019,2026-05-08,HCP01438,Respiratory,Oral Therapy,2.9,4.1,4.4,3.3
R003331,P0011,2025-03-07,HCP00849,Respiratory,Digital Therapeutic,4.2,4.2,3.6,4.0
R003332,P0107,2025-11-28,HCP01093,Diabetes,Combination Therapy,4.4,4.0,4.1,2.6
R003333,P0079,2026-06-20,HCP01383,Oncology,Combination Therapy,4.5,3.7,4.2,3.0
R003334,P0099,2026-06-25,HCP02147,Rare Disease,Oral Therapy,3.9,2.5,2.8,2.8
R003335,P0065,2025-04-25,HCP01806,Immunology,Injectable,3.2,2.9,2.9,3.4
R003336,P0070,2026-05-17,HCP01160,Immunology,Injectable,4.4,4.3,3.7,2.3
R003337,P0035,2026-05-09,HCP01594,Cardiology,Infusion,3.6,4.6,3.4,3.1
R003338,P0011,2025-04-01,HCP01411,Respiratory,Oral Therapy,4.3,3.9,4.3,1.9
R003339,P0086,2026-03-24,HCP00296,Diabetes,Injectable,3.3,3.0,3.8,3.5
R003340,P0021,2026-05-25,HCP00768,Rare Disease,Digital Therapeutic,3.5,3.9,4.5,1.5
R003341,P0105,2025-12-30,HCP00510,Neurology,Digital Therapeutic,4.2,4.1,4.3,2.1
R003342,P0012,2026-05-19,HCP01374,Oncology,Digital Therapeutic,2.0,2.5,4.6,1.9
R003343,P0118,2025-11-29,HCP02426,Immunology,Infusion,4.8,4.9,3.7,2.8
R003344,P0056,2025-06-27,HCP01790,Immunology,Oral Therapy,3.7,4.4,3.9,3.2
R003345,P0034,2025-04-08,HCP01655,Respiratory,Combination Therapy,1.3,3.1,5.0,3.0
R003346,P0032,2026-03-01,HCP01274,Rare Disease,Infusion,3.8,3.7,3.3,2.0
R003347,P0082,2026-03-09,HCP00885,Neurology,Combination Therapy,3.3,3.6,4.4,3.8
R003348,P0100,2025-04-03,HCP00528,Neurology,Combination Therapy,2.8,4.7,4.7,3.5
R003349,P0058,2025-09-19,HCP02270,Respiratory,Oral Therapy,5.0,3.4,4.3,2.7
R003350,P0053,2025-07-25,HCP00050,Respiratory,Digital Therapeutic,4.4,3.0,4.6,1.9
R003351,P0106,2026-03-04,HCP02276,Respiratory,Digital Therapeutic,3.6,3.7,4.0,1.3
R003352,P0055,2026-03-28,HCP00545,Diabetes,Combination Therapy,3.7,3.1,4.3,3.1
R003353,P0040,2026-03-24,HCP02008,Neurology,Digital Therapeutic,3.9,4.5,4.1,2.2
R003354,P0111,2026-01-14,HCP02126,Immunology,Oral Therapy,2.3,3.7,3.1,3.4
R003355,P0097,2025-09-25,HCP02293,Cardiology,Oral Therapy,5.0,3.0,3.9,3.4
R003356,P0070,2026-05-22,HCP02399,Immunology,Injectable,3.7,3.3,3.0,2.1
R003357,P0002,2025-11-11,HCP01257,Cardiology,Injectable,5.0,3.5,4.4,2.5
R003358,P0047,2025-07-21,HCP01407,Respiratory,Infusion,3.0,3.6,4.1,2.5
R003359,P0118,2025-11-30,HCP00080,Immunology,Combination Therapy,4.2,2.6,4.6,3.8
R003360,P0119,2025-10-06,HCP02073,Neurology,Infusion,2.7,3.0,3.3,2.2
R003361,P0081,2025-11-13,HCP01453,Oncology,Injectable,1.3,4.0,4.1,3.1
R003362,P0056,2025-07-12,HCP00118,Immunology,Digital Therapeutic,4.5,4.7,4.1,2.6
R003363,P0104,2025-03-23,HCP00867,Cardiology,Infusion,3.9,3.4,5.0,3.9
R003364,P0070,2026-06-30,HCP02134,Immunology,Combination Therapy,3.2,3.9,3.9,1.9
R003365,P0008,2025-10-11,HCP00961,Neurology,Infusion,1.0,5.0,3.6,1.6
R003366,P0046,2026-02-04,HCP00719,Immunology,Digital Therapeutic,3.3,4.0,4.0,1.0
R003367,P0039,2026-06-23,HCP00680,Respiratory,Oral Therapy,3.9,2.4,5.0,2.6
R003368,P0081,2025-10-08,HCP00439,Oncology,Infusion,2.8,4.2,4.6,2.7
R003369,P0027,2025-12-27,HCP01351,Cardiology,Infusion,3.8,3.9,4.4,2.3
R003370,P0094,2025-06-01,HCP00693,Cardiology,Infusion,3.2,3.5,3.8,3.3
R003371,P0030,2026-03-04,HCP01459,Cardiology,Digital Therapeutic,2.7,3.0,3.9,3.9
R003372,P0076,2025-07-07,HCP01246,Cardiology,Oral Therapy,3.6,4.4,5.0,1.8
R003373,P0037,2025-08-05,HCP01629,Neurology,Injectable,1.9,1.9,3.7,2.3
R003374,P0030,2026-03-20,HCP01469,Cardiology,Infusion,4.1,3.5,3.7,1.0
R003375,P0085,2025-11-16,HCP00149,Respiratory,Digital Therapeutic,3.8,3.5,2.9,2.6
R003376,P0114,2026-10-11,HCP00018,Cardiology,Oral Therapy,4.2,3.3,3.0,1.9
R003377,P0096,2026-04-13,HCP00760,Neurology,Digital Therapeutic,4.7,3.7,4.7,2.1
R003378,P0062,2025-06-22,HCP00858,Immunology,Digital Therapeutic,3.5,2.9,2.7,2.4
R003379,P0110,2026-08-05,HCP01129,Rare Disease,Infusion,1.4,4.2,5.0,2.9
R003380,P0100,2025-04-03,HCP01762,Neurology,Digital Therapeutic,3.5,5.0,3.8,2.3
R003381,P0111,2026-01-27,HCP02430,Immunology,Infusion,2.7,3.2,4.2,4.3
R003382,P0002,2025-09-24,HCP01876,Cardiology,Combination Therapy,4.9,4.1,4.7,2.4
R003383,P0098,2026-05-24,HCP00916,Cardiology,Oral Therapy,3.4,3.9,3.6,1.2
R003384,P0063,2025-08-23,HCP00586,Rare Disease,Infusion,4.4,3.9,4.4,1.8
R003385,P0084,2026-06-10,HCP00891,Immunology,Digital Therapeutic,4.9,3.5,3.3,3.0
R003386,P0113,2026-06-27,HCP00617,Neurology,Oral Therapy,3.1,3.8,3.6,3.1
R003387,P0063,2025-09-02,HCP01401,Rare Disease,Digital Therapeutic,3.8,3.9,4.3,2.5
R003388,P0083,2025-05-14,HCP01700,Immunology,Oral Therapy,3.7,4.4,4.3,2.5
R003389,P0118,2025-11-07,HCP00656,Immunology,Digital Therapeutic,5.0,4.3,4.2,2.6
R003390,P0014,2025-02-19,HCP01524,Cardiology,Combination Therapy,4.8,4.7,5.0,3.1
R003391,P0090,2025-09-03,HCP00925,Neurology,Injectable,2.8,3.3,3.9,2.4
R003392,P0086,2025-11-16,HCP01243,Diabetes,Oral Therapy,3.2,3.9,5.0,1.3
R003393,P0023,2025-05-29,HCP00596,Respiratory,Digital Therapeutic,3.3,3.7,4.0,1.8
R003394,P0002,2025-10-23,HCP01367,Cardiology,Injectable,3.0,4.4,4.4,1.9
R003395,P0076,2025-07-17,HCP00228,Cardiology,Digital Therapeutic,3.4,2.7,4.5,1.4
R003396,P0045,2026-01-17,HCP01249,Neurology,Oral Therapy,3.2,4.6,3.7,1.3
R003397,P0038,2025-09-28,HCP01116,Diabetes,Digital Therapeutic,3.7,4.0,4.1,2.7
R003398,P0029,2025-11-24,HCP01019,Neurology,Combination Therapy,3.6,4.6,3.1,2.4
R003399,P0066,2026-03-04,HCP02256,Diabetes,Digital Therapeutic,4.7,3.8,4.1,3.1
R003400,P0031,2025-11-26,HCP01970,Rare Disease,Injectable,3.1,3.7,4.0,4.0
R003401,P0009,2026-04-11,HCP01433,Immunology,Digital Therapeutic,2.3,3.3,4.3,3.1
R003402,P0005,2025-01-04,HCP02222,Immunology,Injectable,3.3,3.5,3.9,3.0
R003403,P0032,2026-05-18,HCP01647,Rare Disease,Infusion,3.2,2.4,5.0,1.1
R003404,P0075,2026-03-21,HCP01600,Neurology,Digital Therapeutic,5.0,3.7,2.9,3.0
R003405,P0064,2025-10-25,HCP01203,Cardiology,Combination Therapy,4.4,3.4,3.2,2.4
R003406,P0090,2025-09-08,HCP00675,Neurology,Infusion,4.8,3.9,3.4,3.5
R003407,P0072,2026-07-05,HCP00749,Immunology,Combination Therapy,4.5,3.3,4.0,1.3
R003408,P0036,2025-11-09,HCP02437,Respiratory,Infusion,2.0,4.0,3.5,3.2
R003409,P0111,2026-02-08,HCP01696,Immunology,Combination Therapy,3.0,3.7,3.2,1.9
R003410,P0071,2025-12-26,HCP00221,Immunology,Oral Therapy,2.4,2.5,3.7,1.5
R003411,P0075,2026-02-12,HCP00589,Neurology,Oral Therapy,5.0,3.8,3.0,4.3
R003412,P0060,2025-08-22,HCP02381,Cardiology,Injectable,4.4,4.4,4.2,2.5
R003413,P0051,2025-08-24,HCP00522,Rare Disease,Injectable,4.0,4.4,4.2,2.3
R003414,P0120,2026-04-26,HCP01390,Immunology,Injectable,3.2,3.2,3.2,2.0
R003415,P0047,2025-08-04,HCP00884,Respiratory,Digital Therapeutic,3.3,2.7,4.6,2.2
R003416,P0098,2026-03-30,HCP01776,Cardiology,Combination Therapy,3.0,4.6,3.1,2.1
R003417,P0011,2025-06-04,HCP02153,Respiratory,Oral Therapy,4.3,4.1,3.6,2.2
R003418,P0114,2026-10-17,HCP01059,Cardiology,Injectable,3.8,3.1,4.1,2.3
R003419,P0091,2025-08-16,HCP00026,Rare Disease,Combination Therapy,4.3,3.2,4.0,2.2
R003420,P0099,2026-07-10,HCP00893,Rare Disease,Injectable,4.1,3.8,3.0,1.5
R003421,P0039,2026-08-08,HCP00055,Respiratory,Digital Therapeutic,4.4,4.4,4.3,2.5
R003422,P0079,2026-06-13,HCP00559,Oncology,Oral Therapy,4.1,3.6,4.0,2.7
R003423,P0091,2025-08-02,HCP00964,Rare Disease,Combination Therapy,4.6,2.8,5.0,3.1
R003424,P0009,2026-04-11,HCP00281,Immunology,Infusion,4.3,2.5,4.4,3.4
R003425,P0078,2025-10-27,HCP00089,Cardiology,Combination Therapy,3.3,3.2,5.0,2.1
R003426,P0103,2025-11-28,HCP00782,Respiratory,Oral Therapy,4.1,3.2,3.4,2.7
R003427,P0102,2025-11-28,HCP00066,Cardiology,Infusion,4.0,3.0,3.0,3.1
R003428,P0092,2026-03-30,HCP00637,Cardiology,Combination Therapy,3.5,4.8,4.9,1.9
R003429,P0108,2025-04-30,HCP00293,Diabetes,Oral Therapy,3.7,2.7,4.2,2.6
R003430,P0034,2025-04-23,HCP01335,Respiratory,Combination Therapy,4.6,3.3,5.0,2.7
R003431,P0083,2025-04-20,HCP01999,Immunology,Digital Therapeutic,4.2,5.0,4.7,1.0
R003432,P0033,2026-05-02,HCP02144,Oncology,Infusion,4.5,3.2,4.7,2.4
R003433,P0104,2025-06-14,HCP01554,Cardiology,Combination Therapy,3.7,3.8,4.3,2.6
R003434,P0063,2025-08-14,HCP00209,Rare Disease,Combination Therapy,4.7,4.8,3.4,1.8
R003435,P0100,2025-03-20,HCP00183,Neurology,Oral Therapy,4.4,3.7,3.3,3.3
R003436,P0034,2025-04-11,HCP01868,Respiratory,Oral Therapy,3.0,4.1,2.7,4.0
R003437,P0037,2025-07-06,HCP01870,Neurology,Injectable,3.4,3.3,3.7,2.8
R003438,P0117,2025-09-08,HCP00669,Immunology,Infusion,3.0,3.2,4.0,1.4
R003439,P0109,2025-11-04,HCP02481,Diabetes,Digital Therapeutic,2.8,2.7,3.9,2.3
R003440,P0024,2026-06-11,HCP01603,Diabetes,Oral Therapy,5.0,3.6,4.0,1.6
R003441,P0047,2025-05-19,HCP01095,Respiratory,Injectable,5.0,4.1,2.6,4.3
R003442,P0019,2026-06-02,HCP01569,Respiratory,Injectable,4.7,5.0,4.1,2.0
R003443,P0077,2025-09-07,HCP00047,Neurology,Infusion,4.1,3.4,5.0,2.6
R003444,P0006,2025-08-22,HCP01844,Cardiology,Infusion,3.2,4.6,3.5,3.4
R003445,P0004,2025-04-08,HCP00552,Diabetes,Infusion,2.8,4.5,3.1,1.7
R003446,P0067,2025-08-13,HCP00039,Immunology,Digital Therapeutic,3.5,3.3,3.0,1.8
R003447,P0108,2025-05-13,HCP01564,Diabetes,Digital Therapeutic,3.1,3.8,3.6,3.6
R003448,P0089,2025-02-18,HCP00004,Neurology,Combination Therapy,4.3,3.8,3.8,3.5
R003449,P0084,2026-07-04,HCP00066,Immunology,Combination Therapy,3.8,2.8,4.1,1.6
R003450,P0071,2025-12-21,HCP00422,Immunology,Combination Therapy,4.4,3.6,4.5,1.6
R003451,P0022,2026-07-19,HCP02387,Cardiology,Combination Therapy,3.9,3.2,3.4,3.0
R003452,P0025,2025-09-10,HCP02451,Respiratory,Injectable,2.3,3.6,3.7,3.0
R003453,P0075,2026-02-08,HCP01052,Neurology,Digital Therapeutic,3.6,3.7,2.9,2.0
R003454,P0111,2026-01-28,HCP00855,Immunology,Digital Therapeutic,4.0,3.8,4.4,2.7
R003455,P0006,2025-09-12,HCP01067,Cardiology,Digital Therapeutic,3.9,3.4,3.7,1.5
R003456,P0046,2026-02-13,HCP01564,Immunology,Combination Therapy,3.2,3.1,3.8,2.9
R003457,P0023,2025-05-18,HCP01439,Respiratory,Digital Therapeutic,3.3,2.6,4.8,2.7
R003458,P0017,2026-01-17,HCP00771,Immunology,Infusion,3.1,4.5,4.1,1.0
R003459,P0043,2026-07-05,HCP00632,Immunology,Injectable,2.3,3.8,5.0,2.1
R003460,P0023,2025-08-05,HCP01220,Respiratory,Infusion,3.7,4.5,4.5,2.2
R003461,P0030,2026-01-19,HCP00719,Cardiology,Infusion,4.4,3.7,3.7,3.0
R003462,P0053,2025-06-20,HCP01095,Respiratory,Digital Therapeutic,3.3,3.8,3.3,1.5
R003463,P0090,2025-07-22,HCP00072,Neurology,Oral Therapy,2.6,3.6,3.9,3.5
R003464,P0066,2026-01-08,HCP00471,Diabetes,Oral Therapy,4.5,3.5,4.7,2.5
R003465,P0066,2026-03-16,HCP02425,Diabetes,Digital Therapeutic,4.9,4.0,3.1,3.4
R003466,P0073,2026-06-01,HCP00896,Immunology,Digital Therapeutic,3.3,3.6,3.6,1.2
R003467,P0028,2026-05-01,HCP01084,Oncology,Digital Therapeutic,2.9,4.5,3.5,2.7
R003468,P0009,2026-05-02,HCP00477,Immunology,Infusion,3.6,4.8,3.7,2.6
R003469,P0004,2025-06-27,HCP02185,Diabetes,Combination Therapy,3.9,4.7,4.3,2.7
R003470,P0105,2026-01-08,HCP00700,Neurology,Injectable,3.3,4.9,4.1,2.8
R003471,P0106,2026-02-04,HCP00734,Respiratory,Infusion,2.4,3.0,4.1,2.7
R003472,P0041,2026-04-21,HCP01044,Respiratory,Combination Therapy,4.5,4.6,3.1,1.0
R003473,P0095,2025-12-30,HCP02021,Cardiology,Combination Therapy,3.9,3.9,4.5,4.0
R003474,P0032,2026-07-21,HCP01989,Rare Disease,Oral Therapy,5.0,3.9,4.6,1.9
R003475,P0037,2025-07-14,HCP00458,Neurology,Oral Therapy,3.7,3.3,3.8,2.0
R003476,P0083,2025-04-20,HCP00492,Immunology,Combination Therapy,5.0,3.5,3.4,2.6
R003477,P0112,2025-04-01,HCP00638,Respiratory,Infusion,3.5,2.3,4.5,2.9
R003478,P0074,2026-02-22,HCP00490,Immunology,Digital Therapeutic,3.2,4.2,4.9,1.3
R003479,P0116,2026-05-22,HCP01252,Rare Disease,Oral Therapy,3.3,3.7,4.2,1.2
R003480,P0120,2026-07-02,HCP00619,Immunology,Oral Therapy,5.0,3.4,3.5,3.8
R003481,P0004,2025-05-04,HCP00182,Diabetes,Digital Therapeutic,3.5,4.7,3.3,2.2
R003482,P0050,2025-06-20,HCP01974,Diabetes,Oral Therapy,5.0,3.8,4.4,2.8
R003483,P0057,2025-09-02,HCP00857,Immunology,Digital Therapeutic,3.3,3.2,3.0,1.6
R003484,P0022,2026-04-28,HCP00619,Cardiology,Digital Therapeutic,2.5,3.8,3.1,3.9
R003485,P0026,2026-05-28,HCP00359,Diabetes,Combination Therapy,4.3,5.0,4.1,3.2
R003486,P0117,2025-10-02,HCP02049,Immunology,Oral Therapy,3.2,3.7,5.0,2.0
R003487,P0022,2026-07-13,HCP01506,Cardiology,Injectable,4.0,4.4,4.7,3.9
R003488,P0058,2025-07-17,HCP00807,Respiratory,Oral Therapy,3.9,3.3,4.2,3.1
R003489,P0058,2025-08-19,HCP02070,Respiratory,Infusion,3.9,4.1,2.6,3.2
R003490,P0080,2026-06-07,HCP00758,Neurology,Infusion,5.0,3.9,2.4,3.3
R003491,P0066,2026-03-12,HCP00625,Diabetes,Oral Therapy,3.9,3.8,3.9,2.2
R003492,P0006,2025-08-02,HCP00946,Cardiology,Combination Therapy,3.8,3.5,5.0,4.1
R003493,P0055,2026-03-01,HCP00098,Diabetes,Infusion,3.4,3.6,3.4,4.1
R003494,P0041,2026-05-05,HCP01121,Respiratory,Injectable,4.2,2.5,4.6,4.1
R003495,P0016,2026-07-26,HCP01878,Cardiology,Digital Therapeutic,4.1,2.7,4.2,1.0
R003496,P0119,2025-10-16,HCP01050,Neurology,Infusion,3.4,2.7,3.6,2.5
R003497,P0065,2025-05-30,HCP01452,Immunology,Digital Therapeutic,4.5,2.7,3.7,2.8
R003498,P0116,2026-02-23,HCP00986,Rare Disease,Digital Therapeutic,3.5,3.6,2.9,2.2
R003499,P0110,2026-07-14,HCP02058,Rare Disease,Combination Therapy,4.2,3.4,4.3,2.5
R003500,P0119,2025-10-07,HCP02495,Neurology,Infusion,2.6,3.1,3.6,2.5
R003501,P0029,2025-12-28,HCP01357,Neurology,Injectable,4.5,4.6,4.6,3.7
R003502,P0099,2026-07-12,HCP01733,Rare Disease,Injectable,3.1,3.6,3.9,3.6
R003503,P0005,2025-02-13,HCP01523,Immunology,Combination Therapy,4.3,4.4,3.8,2.8
R003504,P0061,2026-02-24,HCP02205,Immunology,Infusion,4.8,2.8,2.6,2.9
R003505,P0105,2026-02-14,HCP02265,Neurology,Infusion,4.0,4.1,4.2,2.5
R003506,P0069,2026-02-24,HCP02235,Immunology,Infusion,4.7,4.5,4.3,4.3
R003507,P0025,2025-10-02,HCP00175,Respiratory,Infusion,2.8,4.1,4.8,2.8
R003508,P0009,2026-04-28,HCP01068,Immunology,Oral Therapy,3.6,3.5,3.5,4.1
R003509,P0056,2025-07-04,HCP01253,Immunology,Digital Therapeutic,3.1,3.6,4.2,3.4
R003510,P0096,2026-03-01,HCP01939,Neurology,Oral Therapy,3.1,4.0,4.3,3.0
R003511,P0111,2026-01-30,HCP01412,Immunology,Infusion,2.4,3.8,3.2,1.1
R003512,P0090,2025-08-07,HCP01177,Neurology,Digital Therapeutic,3.8,4.6,3.6,3.6
R003513,P0054,2025-09-20,HCP01334,Neurology,Combination Therapy,4.5,3.1,3.2,1.0
R003514,P0085,2025-11-30,HCP01487,Respiratory,Oral Therapy,4.8,4.5,3.3,2.3
R003515,P0095,2025-12-06,HCP01509,Cardiology,Combination Therapy,2.8,4.0,3.7,1.3
R003516,P0046,2026-01-22,HCP01837,Immunology,Digital Therapeutic,3.3,3.9,3.6,3.4
R003517,P0032,2026-03-16,HCP01001,Rare Disease,Digital Therapeutic,3.1,3.7,4.0,2.1
R003518,P0032,2026-04-04,HCP01455,Rare Disease,Infusion,3.0,4.5,4.4,3.1
R003519,P0090,2025-06-11,HCP00302,Neurology,Combination Therapy,3.4,3.2,4.4,1.0
R003520,P0098,2026-04-26,HCP01269,Cardiology,Oral Therapy,3.7,3.0,4.5,3.3
R003521,P0024,2026-07-23,HCP00936,Diabetes,Infusion,3.5,3.8,3.8,3.3
R003522,P0117,2025-09-22,HCP00030,Immunology,Combination Therapy,2.5,3.3,3.7,1.6
R003523,P0003,2025-09-11,HCP00517,Respiratory,Infusion,4.5,4.0,3.2,2.0
R003524,P0051,2025-10-13,HCP02425,Rare Disease,Combination Therapy,3.9,5.0,4.5,3.7
R003525,P0058,2025-08-28,HCP01373,Respiratory,Infusion,4.0,3.9,4.6,2.8
R003526,P0007,2026-06-26,HCP00095,Diabetes,Digital Therapeutic,4.1,3.9,4.8,3.3
R003527,P0087,2026-03-16,HCP02214,Oncology,Digital Therapeutic,4.2,4.9,4.2,1.0
R003528,P0109,2025-09-30,HCP00301,Diabetes,Digital Therapeutic,3.8,4.1,3.7,2.4
R003529,P0029,2026-01-13,HCP01561,Neurology,Infusion,3.0,4.5,3.3,3.4
R003530,P0083,2025-05-07,HCP00107,Immunology,Digital Therapeutic,5.0,3.6,3.1,1.9
R003531,P0115,2025-04-07,HCP02092,Neurology,Injectable,4.2,3.8,2.7,1.9
R003532,P0081,2025-09-18,HCP01566,Oncology,Oral Therapy,2.9,3.3,4.7,2.5
R003533,P0055,2026-03-02,HCP02140,Diabetes,Oral Therapy,2.9,4.1,4.2,1.8
R003534,P0114,2026-06-17,HCP00757,Cardiology,Digital Therapeutic,5.0,4.1,5.0,3.8
R003535,P0049,2025-06-08,HCP02233,Neurology,Infusion,3.6,4.3,3.9,3.2
R003536,P0081,2025-12-24,HCP02235,Oncology,Injectable,3.1,4.1,4.0,2.5
R003537,P0093,2025-02-08,HCP01195,Respiratory,Infusion,3.2,3.7,4.2,4.4
R003538,P0075,2026-04-29,HCP01482,Neurology,Combination Therapy,4.1,4.2,4.4,2.4
R003539,P0038,2025-10-18,HCP00942,Diabetes,Combination Therapy,3.3,4.8,3.6,3.0
R003540,P0086,2026-03-26,HCP01954,Diabetes,Infusion,3.8,3.9,4.0,1.7
R003541,P0038,2025-09-27,HCP01604,Diabetes,Infusion,5.0,2.9,4.5,2.5
R003542,P0059,2025-11-05,HCP00364,Cardiology,Digital Therapeutic,2.4,3.1,5.0,3.1
R003543,P0066,2026-03-12,HCP01026,Diabetes,Digital Therapeutic,3.4,4.0,3.4,3.1
R003544,P0035,2026-04-13,HCP01027,Cardiology,Oral Therapy,3.8,3.2,4.1,1.7
R003545,P0093,2025-02-28,HCP01089,Respiratory,Injectable,2.2,3.4,4.1,1.3
R003546,P0031,2025-12-30,HCP01562,Rare Disease,Infusion,4.1,3.4,3.8,2.6
R003547,P0020,2026-06-02,HCP00700,Cardiology,Combination Therapy,4.5,4.1,4.7,2.9
R003548,P0088,2025-12-27,HCP00470,Respiratory,Oral Therapy,2.5,4.9,5.0,1.0
R003549,P0106,2026-01-19,HCP01144,Respiratory,Digital Therapeutic,3.6,2.8,4.2,4.5
R003550,P0030,2026-03-30,HCP00956,Cardiology,Infusion,3.9,4.5,3.5,2.8
R003551,P0063,2025-09-21,HCP02269,Rare Disease,Infusion,4.2,4.5,3.1,1.0
R003552,P0112,2025-04-23,HCP01887,Respiratory,Infusion,5.0,4.0,4.0,2.9
R003553,P0045,2026-01-16,HCP00614,Neurology,Oral Therapy,3.1,3.7,4.6,1.1
R003554,P0049,2025-04-16,HCP01706,Neurology,Digital Therapeutic,4.2,4.3,3.9,1.6
R003555,P0084,2026-07-09,HCP01514,Immunology,Infusion,3.6,3.8,4.2,2.9
R003556,P0077,2025-09-02,HCP02255,Neurology,Injectable,3.4,3.7,5.0,1.4
R003557,P0016,2026-06-20,HCP01864,Cardiology,Oral Therapy,3.7,2.5,4.4,1.7
R003558,P0006,2025-07-27,HCP01396,Cardiology,Oral Therapy,4.0,4.1,4.0,3.3
R003559,P0044,2025-11-16,HCP00626,Immunology,Injectable,3.7,4.8,3.1,2.4
R003560,P0054,2025-09-21,HCP00518,Neurology,Digital Therapeutic,3.9,2.8,4.5,2.1
R003561,P0074,2026-02-12,HCP00936,Immunology,Injectable,3.6,3.2,4.4,2.4
R003562,P0048,2025-08-07,HCP02197,Oncology,Oral Therapy,2.9,3.5,4.5,4.0
R003563,P0016,2026-05-09,HCP02248,Cardiology,Combination Therapy,4.4,3.6,3.2,3.3
R003564,P0091,2025-06-18,HCP02406,Rare Disease,Combination Therapy,4.6,3.3,4.0,1.3
R003565,P0052,2026-01-19,HCP02453,Oncology,Digital Therapeutic,4.5,4.7,4.4,3.9
R003566,P0007,2026-05-01,HCP01215,Diabetes,Digital Therapeutic,4.3,5.0,3.0,2.1
R003567,P0072,2026-07-30,HCP01504,Immunology,Digital Therapeutic,3.0,4.0,4.1,2.4
R003568,P0049,2025-03-29,HCP00212,Neurology,Digital Therapeutic,2.9,3.3,4.7,1.6
R003569,P0065,2025-06-06,HCP00399,Immunology,Combination Therapy,4.5,3.9,3.6,2.1
R003570,P0103,2025-12-14,HCP00633,Respiratory,Combination Therapy,2.7,3.0,4.7,2.7
R003571,P0023,2025-06-21,HCP00424,Respiratory,Injectable,3.1,3.6,4.0,2.6
R003572,P0081,2026-01-13,HCP01881,Oncology,Injectable,5.0,4.2,4.1,4.1
R003573,P0015,2025-09-14,HCP02110,Oncology,Oral Therapy,4.1,4.3,4.6,1.5
R003574,P0094,2025-04-22,HCP00001,Cardiology,Infusion,3.8,4.2,3.6,2.4
R003575,P0044,2025-10-10,HCP01709,Immunology,Infusion,2.1,3.5,3.2,1.0
R003576,P0092,2026-02-01,HCP00737,Cardiology,Digital Therapeutic,3.1,3.9,3.8,2.0
R003577,P0005,2025-02-16,HCP01237,Immunology,Digital Therapeutic,4.4,3.6,4.2,3.4
R003578,P0080,2026-04-26,HCP00923,Neurology,Infusion,2.4,4.4,4.2,3.9
R003579,P0031,2025-11-30,HCP00379,Rare Disease,Oral Therapy,4.0,4.1,4.2,3.9
R003580,P0047,2025-07-25,HCP01971,Respiratory,Digital Therapeutic,2.5,5.0,3.5,2.2
R003581,P0029,2025-12-06,HCP00770,Neurology,Oral Therapy,3.2,4.0,4.3,2.2
R003582,P0048,2025-07-16,HCP01093,Oncology,Combination Therapy,2.4,3.2,3.9,1.6
R003583,P0095,2025-12-12,HCP01477,Cardiology,Oral Therapy,3.8,3.0,5.0,2.3
R003584,P0007,2026-06-17,HCP01314,Diabetes,Infusion,2.3,3.9,4.6,3.6
R003585,P0073,2026-07-30,HCP00462,Immunology,Injectable,3.6,2.2,4.3,3.3
R003586,P0024,2026-10-02,HCP01679,Diabetes,Combination Therapy,4.2,3.5,3.9,2.0
R003587,P0048,2025-06-04,HCP00399,Oncology,Oral Therapy,3.9,3.4,3.8,2.2
R003588,P0067,2025-07-27,HCP01963,Immunology,Digital Therapeutic,4.1,3.2,3.9,2.2
R003589,P0012,2026-04-17,HCP01621,Oncology,Combination Therapy,3.9,3.9,4.2,2.0
R003590,P0108,2025-02-17,HCP00846,Diabetes,Digital Therapeutic,3.6,3.1,4.6,2.7
R003591,P0082,2026-01-20,HCP00885,Neurology,Injectable,3.6,2.7,3.0,3.2
R003592,P0074,2025-09-13,HCP00430,Immunology,Injectable,3.9,4.1,3.7,4.6
R003593,P0112,2025-05-11,HCP01109,Respiratory,Injectable,2.8,3.5,4.8,2.5
R003594,P0047,2025-07-15,HCP00455,Respiratory,Injectable,3.4,4.0,3.6,3.1
R003595,P0017,2026-01-11,HCP01268,Immunology,Infusion,5.0,3.9,3.4,1.6
R003596,P0100,2025-03-24,HCP00401,Neurology,Combination Therapy,4.1,4.2,4.7,2.6
R003597,P0077,2025-09-30,HCP02221,Neurology,Combination Therapy,4.8,3.9,4.3,2.4
R003598,P0054,2025-09-06,HCP00287,Neurology,Combination Therapy,4.0,4.2,4.1,3.1
R003599,P0011,2025-03-06,HCP01799,Respiratory,Infusion,3.1,5.0,4.4,2.9
R003600,P0032,2026-02-19,HCP01103,Rare Disease,Infusion,3.4,4.0,3.8,3.1
R003601,P0070,2026-05-31,HCP00849,Immunology,Infusion,2.2,4.2,4.0,2.4
R003602,P0010,2025-02-24,HCP00458,Diabetes,Infusion,4.9,3.9,4.1,2.2
R003603,P0066,2026-02-14,HCP01593,Diabetes,Oral Therapy,4.5,2.5,3.8,1.4
R003604,P0100,2025-03-11,HCP01957,Neurology,Injectable,3.0,3.7,3.8,2.7
R003605,P0054,2025-09-01,HCP01620,Neurology,Infusion,4.3,4.7,3.4,2.4
R003606,P0074,2026-01-12,HCP00001,Immunology,Injectable,4.3,4.1,3.7,3.7
R003607,P0026,2026-05-19,HCP02081,Diabetes,Oral Therapy,3.8,3.5,3.7,2.4
R003608,P0070,2026-08-01,HCP02384,Immunology,Injectable,4.1,4.1,2.8,2.0
R003609,P0022,2026-05-16,HCP01765,Cardiology,Combination Therapy,4.2,3.0,4.4,3.0
R003610,P0087,2026-02-15,HCP00034,Oncology,Combination Therapy,4.0,4.3,4.2,1.3
R003611,P0064,2025-08-12,HCP01263,Cardiology,Oral Therapy,3.8,3.5,5.0,2.8
R003612,P0073,2026-06-03,HCP00814,Immunology,Injectable,3.8,3.9,3.1,1.9
R003613,P0039,2026-08-18,HCP01633,Respiratory,Combination Therapy,3.2,3.1,3.3,1.4
R003614,P0043,2026-07-22,HCP01886,Immunology,Infusion,4.5,3.9,4.6,2.6
R003615,P0080,2026-03-29,HCP02219,Neurology,Injectable,5.0,2.1,3.2,1.0
R003616,P0075,2026-02-10,HCP02181,Neurology,Digital Therapeutic,2.7,3.5,4.0,3.0
R003617,P0084,2026-04-28,HCP02413,Immunology,Digital Therapeutic,3.7,3.3,3.8,2.6
R003618,P0017,2025-12-31,HCP00219,Immunology,Digital Therapeutic,3.1,3.3,5.0,2.0
R003619,P0023,2025-05-24,HCP00295,Respiratory,Injectable,4.2,1.4,4.0,3.4
R003620,P0036,2025-10-24,HCP02003,Respiratory,Digital Therapeutic,4.1,3.3,4.0,3.0
R003621,P0047,2025-09-22,HCP01791,Respiratory,Injectable,3.8,4.0,4.1,1.4
R003622,P0065,2025-05-02,HCP01879,Immunology,Injectable,3.2,3.2,3.4,3.0
R003623,P0063,2025-08-17,HCP00588,Rare Disease,Combination Therapy,3.3,4.1,3.7,3.0
R003624,P0009,2026-04-16,HCP01150,Immunology,Injectable,3.1,4.4,3.3,2.1
R003625,P0005,2025-01-31,HCP01607,Immunology,Oral Therapy,2.2,4.0,4.4,2.3
R003626,P0099,2026-08-10,HCP01568,Rare Disease,Infusion,4.7,4.1,4.4,4.0
R003627,P0070,2026-09-21,HCP02147,Immunology,Digital Therapeutic,4.3,4.0,3.4,2.9
R003628,P0006,2025-09-04,HCP00918,Cardiology,Digital Therapeutic,4.8,4.2,3.8,1.4
R003629,P0103,2026-02-09,HCP02092,Respiratory,Injectable,3.4,3.3,4.1,2.6
R003630,P0045,2026-02-06,HCP00780,Neurology,Combination Therapy,4.1,3.2,3.1,1.1
R003631,P0080,2026-03-23,HCP01901,Neurology,Digital Therapeutic,3.0,3.2,4.3,3.0
R003632,P0055,2026-03-31,HCP00083,Diabetes,Infusion,3.2,4.3,3.3,2.0
R003633,P0024,2026-09-16,HCP00514,Diabetes,Digital Therapeutic,5.0,3.2,2.9,2.1
R003634,P0082,2026-01-08,HCP00018,Neurology,Digital Therapeutic,3.4,3.6,4.0,1.7
R003635,P0044,2025-09-01,HCP00541,Immunology,Infusion,4.5,3.5,4.4,2.2
R003636,P0019,2026-06-10,HCP01316,Respiratory,Combination Therapy,3.9,3.9,4.6,2.7
R003637,P0027,2025-12-27,HCP02178,Cardiology,Injectable,2.5,4.2,4.3,1.9
R003638,P0099,2026-08-12,HCP00029,Rare Disease,Oral Therapy,3.6,4.2,3.6,1.8
R003639,P0063,2025-08-31,HCP01463,Rare Disease,Infusion,4.0,2.5,5.0,2.6
R003640,P0052,2025-11-30,HCP00308,Oncology,Injectable,4.3,4.0,4.0,2.2
R003641,P0094,2025-04-16,HCP00435,Cardiology,Combination Therapy,2.2,3.8,3.4,2.3
R003642,P0031,2026-01-02,HCP00242,Rare Disease,Oral Therapy,2.9,3.9,4.6,1.9
R003643,P0019,2026-06-05,HCP01471,Respiratory,Digital Therapeutic,4.0,3.6,4.2,1.6
R003644,P0012,2026-06-19,HCP01583,Oncology,Combination Therapy,2.9,3.2,5.0,2.4
R003645,P0013,2025-04-08,HCP00692,Respiratory,Combination Therapy,4.7,4.5,5.0,3.2
R003646,P0112,2025-04-06,HCP01673,Respiratory,Injectable,3.6,3.6,3.7,2.4
R003647,P0109,2025-10-02,HCP01001,Diabetes,Combination Therapy,4.1,4.6,3.2,2.2
R003648,P0049,2025-03-20,HCP01886,Neurology,Infusion,4.8,3.8,3.7,1.2
R003649,P0057,2025-09-07,HCP01310,Immunology,Oral Therapy,2.7,3.8,2.5,2.1
R003650,P0046,2026-02-26,HCP02433,Immunology,Infusion,4.1,3.3,4.0,2.0
R003651,P0066,2026-03-16,HCP01668,Diabetes,Digital Therapeutic,3.8,3.8,4.6,2.6
R003652,P0022,2026-06-14,HCP02450,Cardiology,Digital Therapeutic,3.8,4.4,4.0,2.5
R003653,P0080,2026-04-16,HCP02276,Neurology,Injectable,3.5,3.7,4.3,4.6
R003654,P0061,2026-03-27,HCP00519,Immunology,Injectable,3.8,3.9,4.5,2.2
R003655,P0110,2026-08-05,HCP00866,Rare Disease,Digital Therapeutic,1.2,4.9,5.0,3.2
R003656,P0039,2026-05-22,HCP00880,Respiratory,Oral Therapy,4.8,3.0,4.1,3.2
R003657,P0092,2026-04-11,HCP01527,Cardiology,Combination Therapy,2.6,3.1,3.9,3.1
R003658,P0020,2026-03-17,HCP01404,Cardiology,Injectable,5.0,4.0,3.6,2.5
R003659,P0012,2026-05-06,HCP01179,Oncology,Infusion,2.9,2.6,5.0,4.8
R003660,P0091,2025-04-17,HCP00111,Rare Disease,Infusion,2.9,4.2,3.6,1.7
R003661,P0107,2025-12-08,HCP01120,Diabetes,Injectable,4.0,3.2,5.0,2.9
R003662,P0108,2025-03-25,HCP00482,Diabetes,Infusion,3.9,3.5,3.8,3.2
R003663,P0008,2025-11-07,HCP02374,Neurology,Digital Therapeutic,4.1,4.4,3.5,1.0
R003664,P0043,2026-02-16,HCP02134,Immunology,Injectable,4.0,2.9,4.3,1.2
R003665,P0057,2025-09-20,HCP00455,Immunology,Combination Therapy,3.6,2.4,4.2,3.6
R003666,P0035,2026-03-28,HCP01021,Cardiology,Oral Therapy,3.4,2.3,2.9,2.8
R003667,P0036,2025-11-09,HCP01588,Respiratory,Infusion,4.2,4.0,4.5,1.5
R003668,P0045,2026-02-21,HCP01212,Neurology,Oral Therapy,3.1,4.4,2.8,3.6
R003669,P0003,2025-07-08,HCP00428,Respiratory,Injectable,3.8,3.0,5.0,2.3
R003670,P0111,2026-01-26,HCP01842,Immunology,Combination Therapy,2.3,4.5,3.1,3.3
R003671,P0037,2025-09-15,HCP02268,Neurology,Infusion,3.9,3.8,4.2,4.0
R003672,P0071,2026-02-06,HCP02022,Immunology,Oral Therapy,3.8,3.8,4.4,2.3
R003673,P0095,2025-12-16,HCP00887,Cardiology,Digital Therapeutic,3.7,4.4,4.6,1.0
R003674,P0020,2026-04-03,HCP02163,Cardiology,Injectable,5.0,2.5,3.1,1.8
R003675,P0025,2025-07-04,HCP02207,Respiratory,Oral Therapy,5.0,4.2,4.3,1.0
R003676,P0076,2025-08-12,HCP02238,Cardiology,Oral Therapy,4.5,2.5,3.3,1.7
R003677,P0120,2026-07-11,HCP02064,Immunology,Infusion,4.5,2.7,4.2,3.7
R003678,P0049,2025-05-07,HCP00737,Neurology,Oral Therapy,3.8,2.8,2.7,1.8
R003679,P0110,2026-05-24,HCP01254,Rare Disease,Digital Therapeutic,4.0,4.2,4.3,1.5
R003680,P0003,2025-11-12,HCP01623,Respiratory,Digital Therapeutic,4.1,4.2,4.8,3.9
R003681,P0089,2025-03-24,HCP02035,Neurology,Combination Therapy,4.2,4.4,3.8,2.3
R003682,P0117,2025-10-18,HCP00279,Immunology,Combination Therapy,3.8,3.7,4.1,2.7
R003683,P0090,2025-05-30,HCP00167,Neurology,Combination Therapy,4.2,3.5,4.4,1.5
R003684,P0014,2025-03-19,HCP02423,Cardiology,Injectable,3.8,4.1,4.2,3.6
R003685,P0002,2025-08-15,HCP01741,Cardiology,Injectable,4.1,3.7,3.0,2.5
R003686,P0050,2025-03-22,HCP00670,Diabetes,Digital Therapeutic,4.5,3.9,3.2,3.2
R003687,P0068,2025-08-03,HCP02491,Immunology,Infusion,3.1,3.7,3.7,1.2
R003688,P0079,2026-05-30,HCP00976,Oncology,Digital Therapeutic,3.8,3.7,4.1,3.7
R003689,P0112,2025-05-22,HCP01580,Respiratory,Combination Therapy,3.8,5.0,3.7,2.8
R003690,P0071,2026-02-03,HCP02327,Immunology,Digital Therapeutic,2.8,4.4,4.1,1.8
R003691,P0033,2026-04-16,HCP02137,Oncology,Infusion,4.9,4.1,4.7,2.1
R003692,P0001,2026-08-11,HCP01576,Respiratory,Combination Therapy,3.0,3.5,3.8,2.0
R003693,P0112,2025-03-25,HCP01379,Respiratory,Infusion,4.9,3.8,3.3,2.7
R003694,P0073,2026-04-19,HCP00721,Immunology,Oral Therapy,2.6,4.4,4.3,2.6
R003695,P0082,2025-12-08,HCP00443,Neurology,Oral Therapy,2.4,3.9,4.8,3.9
R003696,P0088,2025-12-04,HCP00216,Respiratory,Oral Therapy,3.4,3.5,4.2,1.0
R003697,P0097,2025-10-04,HCP00042,Cardiology,Oral Therapy,4.0,2.6,3.7,3.0
R003698,P0102,2026-01-30,HCP01222,Cardiology,Infusion,4.0,3.5,3.9,1.0
R003699,P0105,2025-11-27,HCP00874,Neurology,Infusion,4.8,4.2,3.7,4.8
R003700,P0023,2025-05-27,HCP01477,Respiratory,Infusion,3.0,2.9,4.2,3.8
R003701,P0036,2025-10-24,HCP01278,Respiratory,Injectable,4.5,4.8,2.6,2.5
R003702,P0005,2025-01-25,HCP01671,Immunology,Injectable,2.3,3.9,4.1,2.9
R003703,P0015,2025-08-20,HCP00485,Oncology,Infusion,2.9,4.7,3.9,2.6
R003704,P0114,2026-06-13,HCP00412,Cardiology,Combination Therapy,3.5,3.7,4.6,1.9
R003705,P0051,2025-12-08,HCP00317,Rare Disease,Digital Therapeutic,2.8,2.2,3.1,1.8
R003706,P0082,2026-01-12,HCP01765,Neurology,Oral Therapy,4.2,3.5,3.3,2.5
R003707,P0068,2025-06-14,HCP02277,Immunology,Injectable,3.1,3.3,4.2,1.0
R003708,P0055,2026-01-09,HCP00907,Diabetes,Combination Therapy,4.6,3.1,4.8,3.7
R003709,P0020,2026-06-22,HCP00361,Cardiology,Combination Therapy,4.4,4.1,3.9,4.0
R003710,P0088,2025-12-01,HCP02361,Respiratory,Infusion,3.1,3.1,3.8,2.3
R003711,P0091,2025-04-22,HCP00575,Rare Disease,Injectable,3.4,2.7,3.5,3.8
R003712,P0019,2026-05-18,HCP01634,Respiratory,Combination Therapy,3.6,3.3,4.0,2.0
R003713,P0039,2026-07-21,HCP02205,Respiratory,Combination Therapy,4.9,4.3,3.4,2.0
R003714,P0116,2026-03-17,HCP02296,Rare Disease,Injectable,2.9,3.6,3.1,2.7
R003715,P0103,2026-02-26,HCP00561,Respiratory,Oral Therapy,1.7,3.1,4.4,3.0
R003716,P0079,2026-06-23,HCP00076,Oncology,Infusion,3.3,3.4,3.4,1.7
R003717,P0116,2026-05-26,HCP01054,Rare Disease,Digital Therapeutic,2.9,4.5,4.4,2.8
R003718,P0106,2026-02-21,HCP02259,Respiratory,Digital Therapeutic,2.4,4.1,4.0,2.7
R003719,P0074,2025-11-26,HCP01182,Immunology,Combination Therapy,3.7,4.1,4.6,1.0
R003720,P0067,2025-06-21,HCP02195,Immunology,Infusion,2.7,4.1,3.3,2.2
R003721,P0078,2025-10-13,HCP02085,Cardiology,Combination Therapy,4.0,2.6,4.5,2.3
R003722,P0097,2025-10-10,HCP01277,Cardiology,Combination Therapy,2.7,3.6,4.0,1.9
R003723,P0116,2026-06-18,HCP02174,Rare Disease,Oral Therapy,5.0,4.4,3.0,1.9
R003724,P0040,2026-05-13,HCP02442,Neurology,Infusion,4.6,2.2,3.5,2.9
R003725,P0037,2025-09-28,HCP01699,Neurology,Oral Therapy,3.1,2.4,3.6,1.1
R003726,P0016,2026-05-05,HCP01874,Cardiology,Oral Therapy,3.0,3.0,4.3,3.5
R003727,P0002,2025-08-20,HCP01117,Cardiology,Oral Therapy,3.5,3.2,3.4,2.4
R003728,P0043,2026-04-05,HCP02488,Immunology,Digital Therapeutic,4.3,3.8,3.2,3.6
R003729,P0030,2026-01-11,HCP00887,Cardiology,Combination Therapy,3.3,2.8,3.7,1.9
R003730,P0108,2025-04-06,HCP01891,Diabetes,Infusion,2.7,4.1,4.6,3.4
R003731,P0059,2025-09-22,HCP02356,Cardiology,Combination Therapy,2.5,5.0,4.1,3.0
R003732,P0084,2026-03-09,HCP02288,Immunology,Digital Therapeutic,3.7,3.3,3.8,1.0
R003733,P0025,2025-10-16,HCP02207,Respiratory,Oral Therapy,3.1,2.7,4.4,2.3
R003734,P0055,2026-03-01,HCP00493,Diabetes,Injectable,3.9,3.4,3.4,4.8
R003735,P0098,2026-07-05,HCP02451,Cardiology,Digital Therapeutic,1.9,4.1,5.0,3.3
R003736,P0029,2025-12-16,HCP00493,Neurology,Digital Therapeutic,4.1,3.8,5.0,1.5
R003737,P0048,2025-07-12,HCP00590,Oncology,Digital Therapeutic,3.4,4.2,3.7,2.1
R003738,P0072,2026-05-15,HCP01270,Immunology,Digital Therapeutic,2.2,3.5,4.1,3.2
R003739,P0025,2025-11-09,HCP00360,Respiratory,Digital Therapeutic,4.0,4.0,3.9,2.8
R003740,P0072,2026-04-22,HCP01824,Immunology,Combination Therapy,4.1,5.0,3.7,1.1
R003741,P0074,2025-12-22,HCP02321,Immunology,Infusion,3.0,3.4,4.6,1.0
R003742,P0064,2025-07-31,HCP00663,Cardiology,Injectable,4.2,3.7,3.0,3.1
R003743,P0020,2026-06-06,HCP00819,Cardiology,Oral Therapy,2.5,4.0,3.7,2.2
R003744,P0089,2025-02-23,HCP01043,Neurology,Injectable,1.7,5.0,4.3,3.5
R003745,P0101,2026-05-11,HCP00218,Cardiology,Infusion,3.6,4.3,5.0,2.8
R003746,P0030,2026-01-14,HCP00432,Cardiology,Infusion,2.9,3.8,4.9,1.8
R003747,P0014,2025-03-19,HCP02374,Cardiology,Oral Therapy,2.6,3.4,3.5,2.5
R003748,P0062,2025-06-28,HCP02314,Immunology,Digital Therapeutic,4.2,4.7,3.5,2.1
R003749,P0021,2026-03-29,HCP01256,Rare Disease,Injectable,3.9,3.7,3.7,2.8
R003750,P0038,2025-10-18,HCP01862,Diabetes,Infusion,5.0,4.8,4.9,1.7
R003751,P0079,2026-06-29,HCP00123,Oncology,Digital Therapeutic,4.1,3.5,4.2,1.1
R003752,P0025,2025-07-18,HCP00096,Respiratory,Combination Therapy,4.2,3.3,5.0,2.4
R003753,P0044,2025-09-11,HCP02213,Immunology,Infusion,3.0,2.7,4.4,1.7
R003754,P0040,2026-07-24,HCP00057,Neurology,Combination Therapy,1.9,4.1,5.0,3.4
R003755,P0086,2026-02-03,HCP01768,Diabetes,Digital Therapeutic,5.0,2.5,3.9,2.3
R003756,P0097,2025-10-08,HCP02485,Cardiology,Combination Therapy,4.1,4.6,3.5,2.7
R003757,P0105,2025-12-24,HCP01983,Neurology,Infusion,5.0,2.7,5.0,2.2
R003758,P0014,2025-03-13,HCP00991,Cardiology,Oral Therapy,2.7,2.4,3.1,2.6
R003759,P0093,2025-03-06,HCP01342,Respiratory,Injectable,4.6,3.7,4.2,3.0
R003760,P0034,2025-03-31,HCP01506,Respiratory,Injectable,3.9,4.4,4.1,2.7
R003761,P0108,2025-05-19,HCP01111,Diabetes,Injectable,4.6,3.6,3.6,1.0
R003762,P0064,2025-08-21,HCP02370,Cardiology,Injectable,4.2,4.3,4.2,2.1
R003763,P0111,2026-02-07,HCP00111,Immunology,Infusion,3.5,3.9,3.9,4.3
R003764,P0049,2025-04-05,HCP02390,Neurology,Combination Therapy,3.9,4.2,3.4,2.8
R003765,P0039,2026-06-08,HCP02148,Respiratory,Oral Therapy,3.4,4.8,3.1,2.1
R003766,P0100,2025-03-23,HCP00240,Neurology,Digital Therapeutic,4.4,3.2,4.3,2.0
R003767,P0043,2026-04-22,HCP01419,Immunology,Infusion,3.0,3.8,3.5,3.8
R003768,P0094,2025-05-16,HCP01589,Cardiology,Oral Therapy,3.1,2.4,3.6,3.0
R003769,P0007,2026-08-16,HCP02462,Diabetes,Digital Therapeutic,3.6,4.7,3.4,1.4
R003770,P0082,2026-05-18,HCP02483,Neurology,Infusion,4.2,3.5,3.5,4.3
R003771,P0109,2025-10-10,HCP01177,Diabetes,Digital Therapeutic,3.7,3.8,3.9,2.8
R003772,P0034,2025-03-22,HCP00450,Respiratory,Combination Therapy,3.4,3.5,3.2,2.7
R003773,P0119,2025-11-03,HCP02014,Neurology,Oral Therapy,4.6,3.2,3.8,3.8
R003774,P0003,2025-06-12,HCP01658,Respiratory,Injectable,4.2,4.3,4.4,2.6
R003775,P0016,2026-05-30,HCP01284,Cardiology,Oral Therapy,3.3,4.1,4.4,2.9
R003776,P0038,2025-10-26,HCP01936,Diabetes,Infusion,2.8,3.3,3.7,1.1
R003777,P0038,2025-10-18,HCP00208,Diabetes,Combination Therapy,3.6,4.9,3.5,2.4
R003778,P0073,2026-03-21,HCP00189,Immunology,Digital Therapeutic,3.2,4.3,4.8,1.4
R003779,P0105,2025-12-04,HCP01203,Neurology,Infusion,3.0,4.9,4.2,2.0
R003780,P0013,2025-04-10,HCP00968,Respiratory,Oral Therapy,4.3,2.4,4.3,2.7
R003781,P0090,2025-07-23,HCP00393,Neurology,Injectable,4.7,3.3,4.8,1.0
R003782,P0099,2026-07-14,HCP00514,Rare Disease,Infusion,3.6,4.4,4.7,2.8
R003783,P0070,2026-08-11,HCP01217,Immunology,Infusion,3.7,2.9,4.6,3.3
R003784,P0119,2025-11-02,HCP00142,Neurology,Combination Therapy,3.1,3.4,2.8,1.0
R003785,P0012,2026-05-20,HCP01779,Oncology,Injectable,2.8,3.0,3.6,1.9
R003786,P0089,2025-02-13,HCP00249,Neurology,Oral Therapy,4.4,4.0,3.1,1.1
R003787,P0051,2025-09-02,HCP01668,Rare Disease,Infusion,2.6,3.5,4.9,3.0
R003788,P0050,2025-04-16,HCP00855,Diabetes,Digital Therapeutic,3.2,3.0,3.8,2.0
R003789,P0073,2026-04-21,HCP00394,Immunology,Injectable,3.1,4.9,3.5,3.5
R003790,P0096,2026-03-03,HCP01448,Neurology,Combination Therapy,4.1,4.2,4.2,1.3
R003791,P0058,2025-08-15,HCP01579,Respiratory,Digital Therapeutic,3.5,4.2,4.4,2.7
R003792,P0033,2026-03-12,HCP02385,Oncology,Infusion,3.2,3.9,4.3,1.7
R003793,P0032,2026-05-18,HCP01092,Rare Disease,Combination Therapy,4.9,4.3,4.0,2.5
R003794,P0115,2025-07-28,HCP02340,Neurology,Injectable,5.0,4.1,4.8,2.2
R003795,P0050,2025-05-14,HCP01189,Diabetes,Combination Therapy,4.0,2.5,3.8,3.1
R003796,P0044,2025-09-25,HCP02181,Immunology,Digital Therapeutic,3.8,5.0,3.0,2.8
R003797,P0068,2025-08-20,HCP00704,Immunology,Oral Therapy,3.3,5.0,3.7,3.5
R003798,P0083,2025-04-29,HCP01929,Immunology,Injectable,3.7,3.4,3.7,2.4
R003799,P0005,2025-01-07,HCP00550,Immunology,Digital Therapeutic,2.7,2.6,4.4,1.7
R003800,P0003,2025-06-27,HCP00102,Respiratory,Injectable,4.5,3.0,4.6,3.1
R003801,P0069,2026-03-02,HCP00326,Immunology,Combination Therapy,3.6,3.0,3.5,2.4
R003802,P0076,2025-09-11,HCP01015,Cardiology,Injectable,3.1,4.0,2.6,2.3
R003803,P0059,2025-10-21,HCP00326,Cardiology,Combination Therapy,3.4,3.5,5.0,2.8
R003804,P0036,2025-10-22,HCP01949,Respiratory,Combination Therapy,4.3,3.3,4.1,1.8
R003805,P0094,2025-05-26,HCP00224,Cardiology,Oral Therapy,3.5,4.2,2.7,4.1
R003806,P0013,2025-03-22,HCP02419,Respiratory,Digital Therapeutic,3.0,3.7,2.9,3.4
R003807,P0077,2025-10-25,HCP00876,Neurology,Digital Therapeutic,1.9,4.4,4.1,2.8
R003808,P0053,2025-04-30,HCP01156,Respiratory,Oral Therapy,3.6,3.7,3.7,2.7
R003809,P0045,2026-01-20,HCP01862,Neurology,Digital Therapeutic,4.0,5.0,4.8,2.5
R003810,P0013,2025-03-31,HCP01754,Respiratory,Injectable,3.3,5.0,3.7,2.0
R003811,P0081,2026-01-08,HCP02095,Oncology,Combination Therapy,3.0,4.0,3.9,3.0
R003812,P0023,2025-08-30,HCP02489,Respiratory,Combination Therapy,2.7,3.6,3.6,2.1
R003813,P0065,2025-04-06,HCP00762,Immunology,Oral Therapy,3.4,3.7,3.9,4.0
R003814,P0108,2025-02-15,HCP01558,Diabetes,Combination Therapy,2.8,4.5,4.0,3.8
R003815,P0090,2025-10-09,HCP01676,Neurology,Combination Therapy,2.7,4.4,4.9,2.7
R003816,P0008,2025-10-27,HCP01947,Neurology,Injectable,3.3,2.5,4.2,3.3
R003817,P0118,2025-11-06,HCP00721,Immunology,Combination Therapy,5.0,4.2,4.1,1.1
R003818,P0075,2026-04-03,HCP02416,Neurology,Digital Therapeutic,5.0,3.5,4.5,2.6
R003819,P0100,2025-04-10,HCP00599,Neurology,Infusion,4.7,4.0,4.9,1.0
R003820,P0008,2025-12-23,HCP01776,Neurology,Oral Therapy,4.2,3.8,3.1,2.6
R003821,P0110,2026-05-15,HCP02213,Rare Disease,Infusion,2.1,3.5,3.6,1.8
R003822,P0087,2026-03-02,HCP00330,Oncology,Oral Therapy,5.0,2.6,4.1,3.3
R003823,P0107,2025-12-20,HCP01344,Diabetes,Injectable,4.0,2.7,4.0,2.6
R003824,P0118,2025-11-18,HCP02448,Immunology,Combination Therapy,2.8,3.6,3.6,2.2
R003825,P0101,2026-06-08,HCP00371,Cardiology,Oral Therapy,5.0,3.7,2.7,2.2
R003826,P0052,2025-12-24,HCP02010,Oncology,Infusion,3.6,3.7,3.8,1.0
R003827,P0101,2026-05-24,HCP02097,Cardiology,Combination Therapy,4.4,4.0,4.2,3.3
R003828,P0117,2025-10-02,HCP00662,Immunology,Oral Therapy,3.4,3.2,4.9,3.7
R003829,P0109,2025-11-06,HCP01768,Diabetes,Oral Therapy,4.2,2.8,4.0,3.2
R003830,P0077,2025-10-14,HCP02469,Neurology,Infusion,4.3,4.5,4.0,2.1
R003831,P0115,2025-04-24,HCP00969,Neurology,Infusion,4.4,4.2,3.5,1.7
R003832,P0072,2026-04-28,HCP00200,Immunology,Infusion,4.8,3.3,4.0,1.0
R003833,P0054,2025-10-10,HCP00650,Neurology,Injectable,3.8,4.4,3.7,2.2
R003834,P0021,2026-05-18,HCP02350,Rare Disease,Combination Therapy,3.9,3.1,4.4,1.0
R003835,P0056,2025-07-11,HCP02300,Immunology,Oral Therapy,3.7,3.9,4.3,1.0
R003836,P0115,2025-05-10,HCP02103,Neurology,Oral Therapy,2.8,4.0,4.9,3.4
R003837,P0015,2025-08-09,HCP01454,Oncology,Injectable,2.9,3.3,4.2,3.9
R003838,P0104,2025-05-19,HCP00688,Cardiology,Digital Therapeutic,3.4,4.1,4.4,1.9
R003839,P0078,2025-12-16,HCP01544,Cardiology,Oral Therapy,4.8,2.9,3.1,2.9
R003840,P0016,2026-07-18,HCP02152,Cardiology,Digital Therapeutic,4.1,3.8,4.2,2.1
R003841,P0028,2026-04-08,HCP02054,Oncology,Injectable,3.6,3.8,4.5,3.6
R003842,P0004,2025-04-16,HCP00152,Diabetes,Digital Therapeutic,3.5,3.0,4.1,2.7
R003843,P0089,2025-03-19,HCP01778,Neurology,Injectable,2.7,4.2,4.0,3.1
R003844,P0044,2025-08-26,HCP02381,Immunology,Digital Therapeutic,2.9,4.6,3.9,1.0
R003845,P0023,2025-05-27,HCP00314,Respiratory,Oral Therapy,3.8,3.7,5.0,2.4
R003846,P0020,2026-04-05,HCP01513,Cardiology,Digital Therapeutic,3.7,3.8,2.9,2.0
R003847,P0061,2026-03-19,HCP01553,Immunology,Oral Therapy,4.4,3.6,4.8,3.7
R003848,P0041,2026-06-17,HCP01303,Respiratory,Infusion,3.5,3.7,4.3,2.0
R003849,P0109,2025-12-06,HCP01880,Diabetes,Digital Therapeutic,4.2,3.4,3.7,2.3
R003850,P0116,2026-07-02,HCP02478,Rare Disease,Oral Therapy,2.4,3.8,4.4,1.0
R003851,P0025,2025-08-21,HCP01627,Respiratory,Combination Therapy,2.9,3.6,4.3,2.6
R003852,P0104,2025-07-20,HCP00066,Cardiology,Combination Therapy,3.9,4.9,3.4,2.6
R003853,P0008,2026-01-26,HCP01296,Neurology,Digital Therapeutic,3.7,3.6,4.7,2.2
R003854,P0053,2025-07-06,HCP01282,Respiratory,Injectable,4.3,3.1,4.1,3.6
R003855,P0070,2026-05-18,HCP00679,Immunology,Digital Therapeutic,4.7,2.6,3.5,2.5
R003856,P0034,2025-04-09,HCP01839,Respiratory,Injectable,4.7,4.5,5.0,1.9
R003857,P0078,2025-11-04,HCP01429,Cardiology,Digital Therapeutic,5.0,4.8,4.4,1.8
R003858,P0070,2026-09-07,HCP00281,Immunology,Oral Therapy,5.0,3.0,4.3,3.2
R003859,P0113,2026-06-08,HCP01942,Neurology,Digital Therapeutic,3.4,4.2,4.7,1.0
R003860,P0113,2026-06-26,HCP00038,Neurology,Injectable,5.0,4.1,4.0,1.9
R003861,P0099,2026-05-21,HCP02172,Rare Disease,Infusion,5.0,3.8,4.6,2.4
R003862,P0095,2026-02-05,HCP01539,Cardiology,Injectable,2.6,3.0,4.5,2.1
R003863,P0041,2026-05-29,HCP02489,Respiratory,Injectable,3.2,4.1,3.6,2.4
R003864,P0105,2025-12-31,HCP00846,Neurology,Injectable,4.0,4.7,3.9,3.5
R003865,P0044,2025-11-16,HCP00558,Immunology,Combination Therapy,3.9,4.8,3.7,2.3
R003866,P0092,2026-04-03,HCP01205,Cardiology,Infusion,2.3,4.1,4.9,1.6
R003867,P0059,2025-11-06,HCP02020,Cardiology,Digital Therapeutic,2.9,4.4,3.0,3.9
R003868,P0061,2026-02-17,HCP01556,Immunology,Digital Therapeutic,3.9,2.5,4.2,2.3
R003869,P0098,2026-05-13,HCP01114,Cardiology,Digital Therapeutic,3.5,4.2,4.9,2.9
R003870,P0017,2026-01-09,HCP00966,Immunology,Combination Therapy,4.2,4.2,3.2,3.8
R003871,P0103,2026-01-24,HCP01972,Respiratory,Oral Therapy,5.0,3.6,4.0,1.9
R003872,P0099,2026-05-31,HCP00537,Rare Disease,Infusion,2.6,3.8,4.8,4.1
R003873,P0057,2025-10-12,HCP00084,Immunology,Combination Therapy,5.0,3.4,3.8,4.1
R003874,P0079,2026-06-03,HCP00597,Oncology,Combination Therapy,5.0,2.7,4.1,1.8
R003875,P0032,2026-05-23,HCP00524,Rare Disease,Infusion,2.2,4.2,3.9,2.0
R003876,P0093,2025-02-17,HCP00469,Respiratory,Oral Therapy,2.7,5.0,3.4,3.2
R003877,P0015,2025-08-09,HCP00773,Oncology,Injectable,3.4,3.2,3.8,3.8
R003878,P0089,2025-04-10,HCP01790,Neurology,Injectable,2.9,3.8,3.6,3.2
R003879,P0082,2026-01-02,HCP00619,Neurology,Injectable,4.2,2.9,3.0,2.5
R003880,P0030,2026-03-10,HCP00336,Cardiology,Oral Therapy,4.2,3.9,4.9,3.0
R003881,P0098,2026-06-11,HCP00997,Cardiology,Combination Therapy,3.8,3.3,4.3,3.1
R003882,P0035,2026-04-26,HCP02431,Cardiology,Infusion,4.0,3.7,3.8,2.8
R003883,P0066,2026-01-18,HCP02346,Diabetes,Injectable,3.6,4.5,3.7,2.1
R003884,P0103,2026-03-09,HCP00012,Respiratory,Combination Therapy,4.0,4.0,3.7,3.2
R003885,P0008,2025-11-22,HCP00032,Neurology,Combination Therapy,5.0,3.7,3.5,2.3
R003886,P0049,2025-04-19,HCP00760,Neurology,Injectable,1.7,3.1,3.7,1.0
R003887,P0076,2025-08-12,HCP00363,Cardiology,Oral Therapy,3.7,4.3,3.4,1.3
R003888,P0022,2026-05-22,HCP02007,Cardiology,Digital Therapeutic,4.1,3.0,4.5,3.7
R003889,P0062,2025-07-04,HCP00375,Immunology,Combination Therapy,3.6,4.7,2.8,1.5
R003890,P0078,2026-01-07,HCP00226,Cardiology,Digital Therapeutic,4.0,3.9,4.1,2.6
R003891,P0105,2026-02-12,HCP00565,Neurology,Combination Therapy,4.7,3.1,3.4,3.7
R003892,P0036,2025-10-13,HCP01470,Respiratory,Oral Therapy,3.3,2.7,4.6,2.7
R003893,P0100,2025-03-14,HCP00415,Neurology,Oral Therapy,5.0,3.6,3.9,4.6
R003894,P0078,2025-12-27,HCP00727,Cardiology,Infusion,2.4,3.5,4.2,2.4
R003895,P0062,2025-07-09,HCP01257,Immunology,Infusion,4.2,4.1,3.6,1.8
R003896,P0071,2025-12-27,HCP02414,Immunology,Oral Therapy,3.7,3.1,4.8,1.2
R003897,P0119,2025-09-08,HCP02165,Neurology,Oral Therapy,3.9,4.4,3.2,1.0
R003898,P0080,2026-06-03,HCP00548,Neurology,Injectable,4.3,2.0,3.6,3.9
R003899,P0052,2025-10-14,HCP00726,Oncology,Digital Therapeutic,3.2,3.9,3.4,1.5
R003900,P0120,2026-06-21,HCP00178,Immunology,Combination Therapy,4.6,3.3,4.0,1.1
R003901,P0084,2026-04-27,HCP00739,Immunology,Combination Therapy,5.0,3.9,4.1,2.2
R003902,P0034,2025-04-02,HCP01535,Respiratory,Injectable,3.5,4.6,3.2,2.0
R003903,P0074,2025-11-04,HCP01295,Immunology,Injectable,3.3,4.4,3.3,1.9
R003904,P0118,2025-11-08,HCP00941,Immunology,Combination Therapy,4.8,4.0,3.3,3.7
R003905,P0084,2026-03-07,HCP00048,Immunology,Oral Therapy,4.5,4.7,3.0,2.7
R003906,P0092,2026-02-09,HCP02260,Cardiology,Digital Therapeutic,2.4,4.8,3.6,3.3
R003907,P0080,2026-04-11,HCP00976,Neurology,Oral Therapy,4.2,4.9,5.0,4.6
R003908,P0103,2025-12-20,HCP02288,Respiratory,Injectable,4.4,3.4,4.1,1.8
R003909,P0010,2025-03-06,HCP01838,Diabetes,Oral Therapy,3.7,4.3,3.6,2.7
R003910,P0097,2025-10-15,HCP01988,Cardiology,Infusion,5.0,4.3,3.8,1.2
R003911,P0109,2025-09-30,HCP01054,Diabetes,Oral Therapy,2.3,3.8,3.0,3.9
R003912,P0003,2025-09-10,HCP00322,Respiratory,Digital Therapeutic,1.9,4.5,3.0,2.3
R003913,P0095,2025-12-30,HCP00562,Cardiology,Infusion,4.6,3.8,3.4,1.0
R003914,P0061,2026-02-26,HCP01646,Immunology,Digital Therapeutic,3.0,2.8,3.2,1.3
R003915,P0047,2025-06-19,HCP01463,Respiratory,Digital Therapeutic,3.7,4.7,4.6,3.8
R003916,P0013,2025-03-17,HCP00231,Respiratory,Infusion,2.7,3.4,5.0,1.0
R003917,P0039,2026-06-15,HCP02154,Respiratory,Infusion,4.4,2.6,4.6,2.4
R003918,P0081,2025-10-21,HCP00064,Oncology,Injectable,4.0,5.0,3.5,2.9
R003919,P0062,2025-07-12,HCP01178,Immunology,Digital Therapeutic,3.6,3.0,4.0,3.0
R003920,P0008,2025-12-17,HCP00493,Neurology,Combination Therapy,2.7,4.2,4.3,4.8
R003921,P0037,2025-09-15,HCP00434,Neurology,Oral Therapy,3.6,3.1,4.3,2.4
R003922,P0004,2025-03-24,HCP01237,Diabetes,Oral Therapy,4.0,3.5,5.0,1.6
R003923,P0044,2025-08-31,HCP00818,Immunology,Digital Therapeutic,3.2,3.3,3.2,1.7
R003924,P0109,2025-11-28,HCP01128,Diabetes,Digital Therapeutic,3.3,3.1,4.1,3.5
R003925,P0091,2025-08-04,HCP02364,Rare Disease,Infusion,3.7,4.4,4.0,1.0
R003926,P0111,2026-02-03,HCP01941,Immunology,Oral Therapy,4.3,5.0,3.8,2.7
R003927,P0020,2026-05-23,HCP00814,Cardiology,Infusion,4.1,3.8,3.0,4.0
R003928,P0075,2026-02-25,HCP01309,Neurology,Infusion,4.7,2.6,3.1,2.6
R003929,P0037,2025-09-18,HCP00937,Neurology,Digital Therapeutic,3.6,3.1,4.8,3.7
R003930,P0056,2025-05-28,HCP00661,Immunology,Oral Therapy,4.6,3.2,4.6,1.0
R003931,P0117,2025-09-29,HCP01142,Immunology,Infusion,2.7,3.9,3.3,3.6
R003932,P0100,2025-03-27,HCP00350,Neurology,Oral Therapy,4.0,3.5,2.8,2.7
R003933,P0084,2026-06-13,HCP00589,Immunology,Combination Therapy,4.0,5.0,4.0,2.0
R003934,P0116,2026-07-05,HCP01425,Rare Disease,Oral Therapy,5.0,3.7,3.9,2.0
R003935,P0060,2025-08-01,HCP01842,Cardiology,Infusion,3.1,4.4,2.9,4.1
R003936,P0007,2026-05-12,HCP01688,Diabetes,Combination Therapy,2.7,3.7,5.0,1.8
R003937,P0110,2026-05-03,HCP02467,Rare Disease,Injectable,3.0,3.8,4.8,1.8
R003938,P0013,2025-03-17,HCP00533,Respiratory,Oral Therapy,3.2,3.5,3.3,4.0
R003939,P0032,2026-04-24,HCP00302,Rare Disease,Digital Therapeutic,4.0,3.8,4.9,2.8
R003940,P0109,2025-11-15,HCP01580,Diabetes,Injectable,2.6,3.5,4.1,2.9
R003941,P0107,2025-12-31,HCP01418,Diabetes,Digital Therapeutic,4.0,3.8,4.5,1.6
R003942,P0012,2026-04-19,HCP02151,Oncology,Infusion,3.7,3.4,3.5,1.6
R003943,P0103,2026-03-09,HCP00318,Respiratory,Injectable,4.5,5.0,4.4,4.1
R003944,P0086,2025-11-24,HCP00606,Diabetes,Oral Therapy,4.2,4.1,5.0,2.8
R003945,P0013,2025-02-27,HCP01030,Respiratory,Injectable,4.4,4.2,4.8,2.5
R003946,P0067,2025-07-03,HCP02049,Immunology,Combination Therapy,4.1,3.7,4.5,2.2
R003947,P0032,2026-05-26,HCP00493,Rare Disease,Combination Therapy,4.7,2.8,2.8,2.4
R003948,P0063,2025-08-22,HCP02376,Rare Disease,Oral Therapy,2.4,2.9,4.6,1.8
R003949,P0023,2025-05-06,HCP00277,Respiratory,Oral Therapy,2.5,3.7,4.3,2.8
R003950,P0012,2026-05-23,HCP02342,Oncology,Combination Therapy,3.7,3.7,3.5,1.9
R003951,P0079,2026-05-24,HCP01685,Oncology,Combination Therapy,3.8,4.1,3.8,2.1
R003952,P0088,2026-01-07,HCP00353,Respiratory,Oral Therapy,2.8,3.9,3.9,2.9
R003953,P0023,2025-06-20,HCP02474,Respiratory,Infusion,4.2,3.5,4.3,3.8
R003954,P0073,2026-08-26,HCP00123,Immunology,Infusion,2.6,5.0,3.1,3.6
R003955,P0060,2025-07-14,HCP00975,Cardiology,Combination Therapy,3.5,4.0,4.0,1.9
R003956,P0112,2025-04-17,HCP01817,Respiratory,Digital Therapeutic,3.7,3.5,5.0,2.3
R003957,P0068,2025-07-10,HCP00860,Immunology,Digital Therapeutic,4.2,3.5,4.3,1.0
R003958,P0058,2025-08-02,HCP00956,Respiratory,Oral Therapy,3.3,4.3,3.3,3.0
R003959,P0001,2026-07-13,HCP00716,Respiratory,Digital Therapeutic,4.7,3.6,4.2,3.1
R003960,P0110,2026-06-08,HCP00445,Rare Disease,Combination Therapy,5.0,4.5,4.3,2.5
R003961,P0080,2026-03-23,HCP01458,Neurology,Infusion,5.0,3.7,2.7,3.6
R003962,P0023,2025-06-05,HCP01118,Respiratory,Infusion,5.0,3.5,4.2,1.9
R003963,P0001,2026-06-27,HCP02028,Respiratory,Injectable,4.6,2.8,4.0,2.6
R003964,P0025,2025-09-25,HCP01357,Respiratory,Infusion,4.2,4.5,3.0,1.4
R003965,P0061,2026-03-11,HCP01284,Immunology,Injectable,3.1,3.0,5.0,2.4
R003966,P0114,2026-06-05,HCP00405,Cardiology,Oral Therapy,3.2,4.3,4.2,2.0
R003967,P0075,2026-04-04,HCP00630,Neurology,Combination Therapy,4.5,3.4,3.9,3.0
R003968,P0012,2026-04-18,HCP00095,Oncology,Injectable,2.2,4.4,3.4,2.1
R003969,P0024,2026-05-27,HCP02436,Diabetes,Oral Therapy,4.8,4.7,4.1,3.6
R003970,P0029,2025-12-04,HCP01955,Neurology,Digital Therapeutic,3.2,3.3,4.3,1.0
R003971,P0010,2025-03-18,HCP00677,Diabetes,Oral Therapy,3.2,3.2,4.9,3.0
R003972,P0017,2025-12-31,HCP01141,Immunology,Oral Therapy,4.4,5.0,3.9,1.0
R003973,P0011,2025-05-29,HCP01406,Respiratory,Infusion,3.9,4.1,3.1,2.4
R003974,P0086,2026-01-29,HCP00611,Diabetes,Injectable,3.3,4.3,3.9,3.5
R003975,P0082,2026-01-28,HCP00321,Neurology,Digital Therapeutic,2.9,2.9,3.9,2.4
R003976,P0094,2025-06-03,HCP02388,Cardiology,Injectable,2.4,3.1,5.0,3.6
R003977,P0022,2026-07-02,HCP00893,Cardiology,Oral Therapy,1.9,3.9,4.2,1.6
R003978,P0109,2025-11-21,HCP01898,Diabetes,Injectable,4.9,3.5,4.2,2.6
R003979,P0045,2025-12-27,HCP01583,Neurology,Injectable,3.5,3.1,3.6,1.7
R003980,P0018,2025-03-21,HCP01007,Immunology,Injectable,2.9,4.0,4.2,3.8
R003981,P0019,2026-05-12,HCP01540,Respiratory,Infusion,4.3,2.6,3.5,1.7
R003982,P0039,2026-06-29,HCP00683,Respiratory,Oral Therapy,3.0,4.0,4.1,1.6
R003983,P0011,2025-05-21,HCP00631,Respiratory,Digital Therapeutic,3.1,3.2,4.5,3.6
R003984,P0039,2026-07-22,HCP01824,Respiratory,Oral Therapy,4.7,4.3,4.0,1.3
R003985,P0080,2026-03-24,HCP01943,Neurology,Digital Therapeutic,4.3,3.9,4.7,1.7
R003986,P0117,2025-11-06,HCP01811,Immunology,Infusion,3.9,4.2,4.9,3.0
R003987,P0001,2026-10-25,HCP01750,Respiratory,Oral Therapy,3.2,4.7,4.7,2.7
R003988,P0070,2026-08-17,HCP02210,Immunology,Infusion,3.9,3.3,4.0,1.8
R003989,P0029,2026-01-12,HCP00760,Neurology,Combination Therapy,4.2,3.1,3.4,2.4
R003990,P0041,2026-03-30,HCP00033,Respiratory,Combination Therapy,3.9,4.6,3.4,4.1
R003991,P0078,2025-12-21,HCP00693,Cardiology,Digital Therapeutic,4.7,5.0,4.4,1.6
R003992,P0036,2025-11-03,HCP01575,Respiratory,Infusion,2.8,4.7,4.2,2.5
R003993,P0053,2025-04-11,HCP01494,Respiratory,Digital Therapeutic,3.5,2.2,4.0,2.2
R003994,P0039,2026-06-07,HCP00705,Respiratory,Infusion,4.2,4.2,3.7,3.4
R003995,P0044,2025-10-08,HCP01947,Immunology,Injectable,3.2,3.1,4.0,1.4
R003996,P0086,2025-12-09,HCP02437,Diabetes,Oral Therapy,4.5,4.4,3.1,1.9
R003997,P0036,2025-11-02,HCP00308,Respiratory,Infusion,4.8,3.6,3.6,2.2
R003998,P0066,2026-03-26,HCP00063,Diabetes,Digital Therapeutic,3.8,3.6,3.9,1.9
R003999,P0096,2026-03-12,HCP01737,Neurology,Combination Therapy,4.0,3.5,4.5,2.9
R004000,P0075,2026-04-21,HCP01219,Neurology,Infusion,3.5,3.4,4.6,3.1
R004001,P0092,2026-01-21,HCP01674,Cardiology,Digital Therapeutic,3.5,2.9,2.7,2.9
R004002,P0057,2025-07-23,HCP01778,Immunology,Digital Therapeutic,4.8,3.5,3.0,1.0
R004003,P0056,2025-07-15,HCP00101,Immunology,Injectable,3.0,3.9,4.5,2.2
R004004,P0004,2025-06-01,HCP01879,Diabetes,Oral Therapy,4.4,4.8,4.1,2.2
R004005,P0085,2025-12-10,HCP00438,Respiratory,Infusion,3.3,4.2,4.4,1.4
R004006,P0083,2025-04-26,HCP01583,Immunology,Digital Therapeutic,3.0,3.6,3.6,1.7
R004007,P0062,2025-07-29,HCP02464,Immunology,Oral Therapy,4.6,3.5,3.6,4.1
R004008,P0087,2026-02-03,HCP01181,Oncology,Digital Therapeutic,4.3,1.7,3.5,3.2
R004009,P0080,2026-03-24,HCP00874,Neurology,Infusion,3.1,3.5,2.3,1.4
R004010,P0022,2026-07-16,HCP02274,Cardiology,Injectable,3.6,3.9,3.3,3.1
R004011,P0027,2026-01-19,HCP01043,Cardiology,Infusion,3.6,3.4,3.3,3.0
R004012,P0078,2025-12-29,HCP01442,Cardiology,Infusion,3.9,3.4,3.4,1.8
R004013,P0012,2026-05-08,HCP00502,Oncology,Digital Therapeutic,3.3,2.1,3.4,2.9
R004014,P0106,2026-02-04,HCP01304,Respiratory,Oral Therapy,5.0,2.8,3.4,2.1
R004015,P0042,2025-10-04,HCP00185,Rare Disease,Combination Therapy,2.8,3.0,3.8,1.0
R004016,P0073,2026-08-02,HCP02143,Immunology,Injectable,2.4,3.3,4.4,2.1
R004017,P0063,2025-08-24,HCP01525,Rare Disease,Combination Therapy,3.6,1.7,2.1,1.5
R004018,P0081,2025-09-16,HCP01108,Oncology,Oral Therapy,2.0,3.7,3.4,1.9
R004019,P0043,2026-05-07,HCP01872,Immunology,Injectable,3.0,3.7,3.4,2.9
R004020,P0085,2026-01-08,HCP01520,Respiratory,Injectable,3.2,4.1,3.0,2.9
R004021,P0021,2026-04-17,HCP01048,Rare Disease,Oral Therapy,3.7,3.5,4.7,2.8
R004022,P0039,2026-08-28,HCP00823,Respiratory,Oral Therapy,3.5,4.4,3.3,2.8
R004023,P0005,2025-01-30,HCP00170,Immunology,Oral Therapy,3.9,5.0,4.3,1.5
R004024,P0019,2026-05-31,HCP00531,Respiratory,Combination Therapy,3.0,2.8,3.5,1.8
R004025,P0007,2026-05-29,HCP01006,Diabetes,Oral Therapy,3.4,2.9,4.8,3.5
R004026,P0057,2025-08-27,HCP01151,Immunology,Digital Therapeutic,4.2,4.0,3.4,4.1
R004027,P0009,2026-04-23,HCP02486,Immunology,Oral Therapy,1.8,4.2,3.4,2.5
R004028,P0028,2026-03-20,HCP00841,Oncology,Combination Therapy,4.1,2.9,3.9,2.8
R004029,P0059,2025-09-27,HCP01203,Cardiology,Injectable,1.9,5.0,5.0,4.4
R004030,P0083,2025-05-08,HCP00095,Immunology,Combination Therapy,3.7,3.1,4.3,2.1
R004031,P0003,2025-08-13,HCP00228,Respiratory,Infusion,4.1,3.6,3.6,2.6
R004032,P0086,2026-03-23,HCP01217,Diabetes,Infusion,4.0,4.3,4.1,1.9
R004033,P0063,2025-09-08,HCP00871,Rare Disease,Infusion,3.2,4.8,3.6,1.0
R004034,P0001,2026-06-12,HCP01641,Respiratory,Digital Therapeutic,3.9,3.1,5.0,2.0
R004035,P0012,2026-06-07,HCP02110,Oncology,Injectable,2.9,4.3,4.5,2.8
R004036,P0115,2025-04-06,HCP00131,Neurology,Infusion,4.9,3.7,4.0,1.1
R004037,P0054,2025-09-27,HCP00414,Neurology,Injectable,4.4,2.8,4.1,2.9
R004038,P0112,2025-04-10,HCP01419,Respiratory,Digital Therapeutic,2.9,3.4,3.6,1.3
R004039,P0062,2025-06-22,HCP00249,Immunology,Combination Therapy,4.9,3.0,4.0,1.9
R004040,P0016,2026-06-24,HCP00776,Cardiology,Infusion,3.9,4.3,4.4,2.3
R004041,P0088,2025-12-19,HCP01769,Respiratory,Digital Therapeutic,2.7,2.8,4.6,1.7
R004042,P0058,2025-07-30,HCP00102,Respiratory,Digital Therapeutic,4.7,4.1,3.7,2.5
R004043,P0046,2025-12-13,HCP01546,Immunology,Infusion,5.0,3.8,2.6,2.4
R004044,P0026,2026-05-26,HCP00243,Diabetes,Injectable,3.5,4.0,4.5,2.6
R004045,P0054,2025-09-06,HCP01898,Neurology,Combination Therapy,4.0,3.8,3.6,3.8
R004046,P0116,2026-04-07,HCP01791,Rare Disease,Digital Therapeutic,3.7,3.2,4.5,1.8
R004047,P0027,2025-12-29,HCP00133,Cardiology,Oral Therapy,4.2,4.1,3.0,2.9
R004048,P0068,2025-08-29,HCP01348,Immunology,Infusion,4.4,3.9,4.2,1.8
R004049,P0004,2025-06-25,HCP01180,Diabetes,Infusion,4.5,3.4,3.9,2.5
R004050,P0085,2025-11-25,HCP02390,Respiratory,Injectable,2.1,5.0,3.7,3.4
R004051,P0107,2026-01-03,HCP00100,Diabetes,Digital Therapeutic,3.3,3.0,4.9,3.4
R004052,P0118,2025-12-12,HCP01704,Immunology,Digital Therapeutic,4.5,4.2,3.5,2.1
R004053,P0098,2026-04-10,HCP01360,Cardiology,Infusion,3.1,4.2,4.9,3.3
R004054,P0081,2026-01-14,HCP02407,Oncology,Injectable,4.0,3.6,5.0,2.8
R004055,P0070,2026-07-06,HCP01837,Immunology,Injectable,2.9,4.0,3.2,2.6
R004056,P0105,2026-01-06,HCP00713,Neurology,Digital Therapeutic,4.3,4.1,3.4,2.7
R004057,P0002,2025-12-29,HCP00273,Cardiology,Combination Therapy,3.7,3.7,3.9,2.5
R004058,P0029,2025-12-06,HCP01457,Neurology,Digital Therapeutic,4.2,3.4,3.9,1.7
R004059,P0006,2025-07-25,HCP02124,Cardiology,Oral Therapy,4.0,3.7,4.7,2.4
R004060,P0028,2026-05-14,HCP01397,Oncology,Digital Therapeutic,2.5,3.4,4.7,3.8
R004061,P0027,2026-01-15,HCP01452,Cardiology,Infusion,5.0,4.8,3.7,1.9
R004062,P0053,2025-05-16,HCP01310,Respiratory,Digital Therapeutic,2.6,4.4,3.5,5.0
R004063,P0083,2025-04-19,HCP00929,Immunology,Injectable,5.0,3.9,3.8,1.8
R004064,P0106,2026-02-22,HCP02244,Respiratory,Infusion,1.9,3.3,4.1,3.3
R004065,P0072,2026-07-18,HCP00417,Immunology,Infusion,3.8,3.6,3.3,1.2
R004066,P0005,2025-01-06,HCP01320,Immunology,Digital Therapeutic,2.5,3.4,3.2,2.9
R004067,P0012,2026-04-05,HCP02174,Oncology,Combination Therapy,5.0,3.7,3.5,1.0
R004068,P0053,2025-05-09,HCP00660,Respiratory,Combination Therapy,2.8,2.7,3.7,3.3
R004069,P0074,2025-10-26,HCP01056,Immunology,Oral Therapy,2.8,3.4,3.8,2.5
R004070,P0099,2026-06-24,HCP01755,Rare Disease,Oral Therapy,3.7,3.0,2.7,3.4
R004071,P0045,2026-02-22,HCP00320,Neurology,Combination Therapy,4.9,3.3,3.7,1.4
R004072,P0022,2026-06-29,HCP00663,Cardiology,Digital Therapeutic,4.7,5.0,3.2,2.7
R004073,P0017,2026-01-10,HCP01811,Immunology,Injectable,3.5,3.6,4.0,3.1
R004074,P0074,2026-02-18,HCP00209,Immunology,Oral Therapy,3.4,3.9,3.2,3.0
R004075,P0120,2026-07-09,HCP00940,Immunology,Oral Therapy,4.1,3.6,4.2,1.7
R004076,P0009,2026-05-02,HCP01472,Immunology,Infusion,3.7,4.2,3.9,2.6
R004077,P0002,2025-08-12,HCP02127,Cardiology,Injectable,3.8,3.5,4.9,2.0
R004078,P0002,2025-09-14,HCP00344,Cardiology,Oral Therapy,3.6,3.4,4.2,2.7
R004079,P0066,2026-03-22,HCP01336,Diabetes,Combination Therapy,4.2,3.3,3.9,1.0
R004080,P0039,2026-07-14,HCP01786,Respiratory,Digital Therapeutic,4.1,3.3,4.0,3.8
R004081,P0099,2026-08-05,HCP00993,Rare Disease,Infusion,5.0,4.9,4.0,2.0
R004082,P0097,2025-09-21,HCP01096,Cardiology,Oral Therapy,3.2,4.1,3.6,2.9
R004083,P0061,2026-02-19,HCP01150,Immunology,Oral Therapy,3.2,3.4,3.8,1.5
R004084,P0005,2025-01-10,HCP02166,Immunology,Digital Therapeutic,3.6,4.4,3.7,1.0
R004085,P0069,2026-02-21,HCP01538,Immunology,Injectable,3.5,4.6,3.8,3.1
R004086,P0044,2025-09-09,HCP01012,Immunology,Infusion,4.4,3.3,3.7,3.1
R004087,P0101,2026-06-24,HCP00025,Cardiology,Combination Therapy,2.8,3.6,3.8,3.3
R004088,P0088,2025-11-27,HCP00991,Respiratory,Injectable,4.8,3.8,4.0,2.8
R004089,P0116,2026-07-09,HCP02041,Rare Disease,Combination Therapy,3.5,3.3,4.4,3.6
R004090,P0045,2025-12-27,HCP01073,Neurology,Combination Therapy,4.7,3.5,4.6,2.8
R004091,P0039,2026-05-19,HCP00984,Respiratory,Infusion,5.0,3.5,3.6,1.7
R004092,P0058,2025-07-11,HCP01785,Respiratory,Injectable,4.6,3.7,3.1,4.7
R004093,P0100,2025-04-03,HCP02429,Neurology,Combination Therapy,4.2,5.0,4.5,1.7
R004094,P0061,2026-02-19,HCP00388,Immunology,Injectable,4.6,3.2,5.0,3.3
R004095,P0041,2026-03-25,HCP02361,Respiratory,Combination Therapy,3.4,2.8,4.3,2.9
R004096,P0109,2025-12-03,HCP00854,Diabetes,Infusion,3.9,4.5,3.8,3.5
R004097,P0047,2025-08-08,HCP01467,Respiratory,Combination Therapy,3.1,3.9,4.1,2.4
R004098,P0106,2026-02-08,HCP00670,Respiratory,Injectable,3.2,3.6,4.1,2.8
R004099,P0077,2025-11-30,HCP00054,Neurology,Digital Therapeutic,4.0,4.4,4.0,1.9
R004100,P0008,2026-01-16,HCP00970,Neurology,Digital Therapeutic,3.8,2.9,3.4,3.0
R004101,P0060,2025-08-07,HCP02207,Cardiology,Injectable,4.1,4.0,4.6,1.3
R004102,P0084,2026-06-26,HCP02280,Immunology,Oral Therapy,3.8,3.7,3.5,3.6
R004103,P0110,2026-06-04,HCP00942,Rare Disease,Injectable,3.5,3.8,4.6,4.6
R004104,P0066,2026-03-16,HCP01579,Diabetes,Digital Therapeutic,4.5,3.8,4.3,3.5
R004105,P0002,2025-11-09,HCP01929,Cardiology,Digital Therapeutic,3.2,5.0,4.9,1.0
R004106,P0043,2026-03-20,HCP01259,Immunology,Infusion,3.9,3.4,4.5,2.0
R004107,P0117,2025-10-09,HCP02030,Immunology,Combination Therapy,4.7,3.2,2.5,3.4
R004108,P0060,2025-07-28,HCP00323,Cardiology,Digital Therapeutic,4.3,4.2,3.1,1.5
R004109,P0047,2025-05-19,HCP02333,Respiratory,Oral Therapy,3.7,4.5,4.0,1.3
R004110,P0106,2026-02-17,HCP01441,Respiratory,Injectable,2.2,2.9,5.0,2.6
R004111,P0051,2025-08-23,HCP00391,Rare Disease,Infusion,3.4,4.1,3.7,2.1
R004112,P0093,2025-02-09,HCP01997,Respiratory,Oral Therapy,5.0,3.0,3.1,2.0
R004113,P0003,2025-10-27,HCP02323,Respiratory,Injectable,3.5,2.9,4.5,1.2
R004114,P0069,2026-02-20,HCP00903,Immunology,Digital Therapeutic,3.7,3.6,5.0,4.0
R004115,P0003,2025-09-19,HCP01165,Respiratory,Combination Therapy,3.8,3.3,3.5,1.6
R004116,P0022,2026-05-11,HCP02258,Cardiology,Oral Therapy,4.1,2.9,3.7,2.1
R004117,P0066,2026-02-18,HCP01348,Diabetes,Infusion,3.1,3.2,5.0,2.9
R004118,P0075,2026-03-29,HCP00879,Neurology,Infusion,4.3,3.4,3.2,2.3
R004119,P0015,2025-09-05,HCP01604,Oncology,Combination Therapy,4.0,4.2,3.3,2.1
R004120,P0060,2025-08-15,HCP00402,Cardiology,Combination Therapy,2.2,3.1,3.3,3.3
R004121,P0049,2025-03-08,HCP00853,Neurology,Combination Therapy,1.5,3.9,4.1,2.8
R004122,P0054,2025-08-30,HCP02070,Neurology,Combination Therapy,3.2,2.5,3.8,2.8
R004123,P0098,2026-06-08,HCP00235,Cardiology,Digital Therapeutic,2.7,3.6,3.6,2.1
R004124,P0114,2026-07-03,HCP01414,Cardiology,Injectable,4.0,4.3,4.6,1.3
R004125,P0009,2026-05-12,HCP01704,Immunology,Injectable,3.4,3.5,4.5,3.5
R004126,P0120,2026-05-28,HCP01292,Immunology,Combination Therapy,4.1,4.2,4.9,1.8
R004127,P0007,2026-07-31,HCP00975,Diabetes,Digital Therapeutic,4.1,2.5,4.0,1.3
R004128,P0115,2025-07-02,HCP02315,Neurology,Digital Therapeutic,2.8,3.0,4.5,2.2
R004129,P0074,2025-11-07,HCP02022,Immunology,Injectable,3.4,4.2,3.3,2.4
R004130,P0089,2025-03-29,HCP02062,Neurology,Combination Therapy,3.2,4.2,4.5,1.2
R004131,P0030,2026-02-17,HCP00244,Cardiology,Oral Therapy,4.5,5.0,4.5,2.1
R004132,P0072,2026-07-23,HCP02482,Immunology,Combination Therapy,3.6,4.3,3.5,2.5
R004133,P0072,2026-05-30,HCP01264,Immunology,Injectable,4.8,4.6,4.4,1.3
R004134,P0039,2026-07-17,HCP01730,Respiratory,Oral Therapy,4.8,3.1,4.2,3.5
R004135,P0061,2026-06-25,HCP00945,Immunology,Combination Therapy,3.6,3.8,4.3,1.3
R004136,P0114,2026-07-17,HCP01450,Cardiology,Combination Therapy,3.2,2.8,4.6,3.1
R004137,P0013,2025-04-13,HCP01776,Respiratory,Combination Therapy,3.0,4.6,4.1,2.6
R004138,P0055,2026-01-02,HCP01348,Diabetes,Oral Therapy,4.3,3.6,4.8,4.8
R004139,P0041,2026-03-28,HCP01427,Respiratory,Infusion,3.6,4.1,3.3,2.6
R004140,P0025,2025-06-21,HCP00890,Respiratory,Injectable,3.1,2.2,3.4,1.2
R004141,P0058,2025-08-18,HCP02481,Respiratory,Injectable,4.5,2.0,3.9,1.4
R004142,P0014,2025-02-20,HCP00453,Cardiology,Injectable,4.5,5.0,3.5,2.2
R004143,P0015,2025-08-11,HCP00935,Oncology,Oral Therapy,2.9,5.0,4.2,1.0
R004144,P0101,2026-06-19,HCP02063,Cardiology,Infusion,4.0,4.0,3.8,1.3
R004145,P0039,2026-08-12,HCP01189,Respiratory,Oral Therapy,4.2,4.9,3.8,3.1
R004146,P0040,2026-06-11,HCP00017,Neurology,Injectable,5.0,3.3,3.8,4.4
R004147,P0080,2026-05-23,HCP00254,Neurology,Digital Therapeutic,3.6,2.7,4.2,2.4
R004148,P0092,2026-04-03,HCP02220,Cardiology,Oral Therapy,3.7,5.0,4.0,1.5
R004149,P0104,2025-05-29,HCP02480,Cardiology,Digital Therapeutic,4.3,3.7,4.2,3.4
R004150,P0076,2025-07-23,HCP00657,Cardiology,Combination Therapy,4.8,3.7,3.7,3.7
R004151,P0032,2026-02-13,HCP00527,Rare Disease,Combination Therapy,4.0,5.0,2.8,2.1
R004152,P0035,2026-06-02,HCP00599,Cardiology,Digital Therapeutic,3.9,3.6,4.5,3.1
R004153,P0085,2025-11-02,HCP02288,Respiratory,Combination Therapy,3.2,3.0,3.5,3.7
R004154,P0103,2025-12-22,HCP00018,Respiratory,Infusion,3.4,2.8,4.2,2.8
R004155,P0111,2026-01-28,HCP00243,Immunology,Combination Therapy,3.6,3.8,4.0,1.9
R004156,P0102,2025-12-19,HCP00900,Cardiology,Digital Therapeutic,4.3,4.4,5.0,2.0
R004157,P0076,2025-08-17,HCP02447,Cardiology,Combination Therapy,4.1,3.6,2.3,1.4
R004158,P0021,2026-05-09,HCP00223,Rare Disease,Combination Therapy,3.1,3.7,3.6,1.8
R004159,P0050,2025-08-01,HCP00832,Diabetes,Digital Therapeutic,4.4,3.3,4.2,3.1
R004160,P0015,2025-08-01,HCP00462,Oncology,Injectable,3.6,3.4,3.0,2.3
R004161,P0053,2025-04-30,HCP00822,Respiratory,Oral Therapy,3.6,4.9,4.0,1.1
R004162,P0073,2026-05-14,HCP01721,Immunology,Injectable,4.4,3.7,2.9,2.8
R004163,P0081,2025-10-13,HCP00500,Oncology,Injectable,4.5,3.3,4.0,3.5
R004164,P0029,2025-11-28,HCP01039,Neurology,Combination Therapy,4.0,5.0,4.0,2.3
R004165,P0084,2026-04-01,HCP00405,Immunology,Oral Therapy,5.0,3.6,4.5,2.4
R004166,P0040,2026-04-12,HCP00028,Neurology,Infusion,2.1,3.7,4.2,3.8
R004167,P0084,2026-06-25,HCP01249,Immunology,Combination Therapy,4.5,3.6,3.4,3.6
R004168,P0113,2026-06-22,HCP00793,Neurology,Injectable,2.9,2.7,4.0,3.0
R004169,P0035,2026-04-26,HCP01861,Cardiology,Infusion,3.7,3.5,4.2,3.8
R004170,P0022,2026-06-29,HCP00016,Cardiology,Oral Therapy,3.7,3.9,3.4,3.6
R004171,P0117,2025-10-06,HCP00125,Immunology,Infusion,3.7,3.5,4.6,2.4
R004172,P0057,2025-07-24,HCP02288,Immunology,Combination Therapy,2.9,4.5,4.4,2.8
R004173,P0028,2026-03-13,HCP01081,Oncology,Digital Therapeutic,2.6,3.1,2.9,2.6
R004174,P0036,2025-10-06,HCP02152,Respiratory,Infusion,2.1,4.0,4.0,4.3
R004175,P0057,2025-07-19,HCP00267,Immunology,Combination Therapy,3.5,3.4,3.3,2.9
R004176,P0042,2025-10-05,HCP00884,Rare Disease,Combination Therapy,3.8,4.4,2.7,2.8
R004177,P0109,2025-11-02,HCP01741,Diabetes,Injectable,4.2,4.9,3.6,4.2
R004178,P0045,2026-01-05,HCP00602,Neurology,Digital Therapeutic,4.7,4.6,3.8,2.7
R004179,P0057,2025-09-29,HCP00554,Immunology,Digital Therapeutic,4.4,3.8,5.0,2.2
R004180,P0032,2026-06-23,HCP00268,Rare Disease,Infusion,4.5,3.8,3.6,1.0
R004181,P0085,2025-12-23,HCP00870,Respiratory,Oral Therapy,2.9,3.7,4.0,2.1
R004182,P0092,2026-05-02,HCP01763,Cardiology,Combination Therapy,4.6,3.0,4.2,2.7
R004183,P0068,2025-07-01,HCP00734,Immunology,Oral Therapy,4.0,4.4,3.8,3.4
R004184,P0098,2026-06-21,HCP00302,Cardiology,Injectable,2.6,2.3,4.2,2.5
R004185,P0033,2026-05-24,HCP01564,Oncology,Injectable,4.6,3.5,3.5,1.7
R004186,P0065,2025-06-14,HCP01674,Immunology,Digital Therapeutic,3.0,4.9,3.3,2.9
R004187,P0088,2025-12-11,HCP01022,Respiratory,Oral Therapy,2.8,2.6,3.6,1.0
R004188,P0108,2025-04-27,HCP00646,Diabetes,Infusion,5.0,4.1,3.2,3.7
R004189,P0040,2026-04-04,HCP01830,Neurology,Combination Therapy,3.9,4.3,4.4,3.8
R004190,P0017,2026-01-06,HCP01824,Immunology,Combination Therapy,2.8,3.4,3.9,1.0
R004191,P0094,2025-05-27,HCP01500,Cardiology,Injectable,3.3,3.1,3.7,1.7
R004192,P0061,2026-05-13,HCP00984,Immunology,Infusion,4.6,2.6,4.4,2.8
R004193,P0007,2026-06-15,HCP01262,Diabetes,Infusion,2.7,3.5,3.6,4.1
R004194,P0100,2025-03-23,HCP00343,Neurology,Injectable,3.6,3.2,2.0,2.5
R004195,P0060,2025-07-31,HCP00008,Cardiology,Combination Therapy,3.6,2.8,3.6,2.9
R004196,P0075,2026-03-13,HCP00694,Neurology,Digital Therapeutic,5.0,4.5,4.5,2.7
R004197,P0044,2025-08-22,HCP01299,Immunology,Oral Therapy,2.5,3.2,4.6,1.1
R004198,P0119,2025-10-29,HCP01726,Neurology,Combination Therapy,2.5,4.1,3.2,2.2
R004199,P0052,2025-09-19,HCP00594,Oncology,Injectable,3.2,3.2,3.6,1.8
R004200,P0072,2026-07-21,HCP01713,Immunology,Combination Therapy,3.2,4.2,4.4,2.7
R004201,P0065,2025-06-07,HCP00769,Immunology,Digital Therapeutic,3.7,3.9,3.0,1.9
R004202,P0116,2026-04-21,HCP01494,Rare Disease,Infusion,3.3,4.5,3.8,2.5
R004203,P0074,2026-01-22,HCP00275,Immunology,Digital Therapeutic,4.4,2.7,4.2,2.5
R004204,P0012,2026-07-04,HCP00809,Oncology,Infusion,3.8,3.2,4.9,2.5
R004205,P0103,2026-01-25,HCP00482,Respiratory,Digital Therapeutic,2.9,4.4,3.7,3.5
R004206,P0006,2025-08-20,HCP01589,Cardiology,Oral Therapy,3.5,3.3,3.1,2.8
R004207,P0064,2025-10-01,HCP01774,Cardiology,Digital Therapeutic,3.5,3.5,3.5,2.3
R004208,P0043,2026-05-05,HCP00106,Immunology,Oral Therapy,4.7,4.2,5.0,2.9
R004209,P0058,2025-08-07,HCP00995,Respiratory,Digital Therapeutic,4.4,3.6,4.2,2.0
R004210,P0101,2026-06-02,HCP01511,Cardiology,Combination Therapy,4.3,3.9,4.8,1.5
R004211,P0014,2025-01-29,HCP01849,Cardiology,Digital Therapeutic,3.1,3.7,4.0,3.5
R004212,P0007,2026-08-14,HCP01954,Diabetes,Digital Therapeutic,4.0,3.5,3.5,1.9
R004213,P0109,2025-10-07,HCP01927,Diabetes,Combination Therapy,2.7,2.8,3.3,1.6
R004214,P0031,2026-01-06,HCP00346,Rare Disease,Infusion,4.3,3.5,3.7,3.9
R004215,P0054,2025-09-01,HCP01585,Neurology,Digital Therapeutic,4.7,4.2,4.4,3.3
R004216,P0119,2025-10-21,HCP02042,Neurology,Infusion,1.9,3.6,3.1,2.3
R004217,P0088,2025-11-27,HCP01392,Respiratory,Infusion,3.6,4.1,4.4,3.3
R004218,P0077,2025-10-08,HCP02263,Neurology,Oral Therapy,3.6,3.6,3.2,2.1
R004219,P0001,2026-10-27,HCP02049,Respiratory,Oral Therapy,4.5,4.1,3.8,2.9
R004220,P0048,2025-06-29,HCP02398,Oncology,Infusion,3.2,3.4,3.9,2.6
R004221,P0063,2025-09-02,HCP02372,Rare Disease,Injectable,3.2,3.0,4.4,2.2
R004222,P0010,2025-03-07,HCP00076,Diabetes,Combination Therapy,3.9,4.4,3.8,2.7
R004223,P0078,2025-12-15,HCP00994,Cardiology,Combination Therapy,4.2,3.0,4.3,1.5
R004224,P0091,2025-07-17,HCP02240,Rare Disease,Infusion,3.9,3.3,3.8,2.0
R004225,P0045,2026-01-24,HCP00203,Neurology,Digital Therapeutic,4.5,3.8,4.2,1.0
R004226,P0112,2025-05-27,HCP00159,Respiratory,Infusion,4.3,2.5,4.0,2.2
R004227,P0113,2026-07-13,HCP00704,Neurology,Injectable,3.3,3.4,4.1,2.7
R004228,P0089,2025-04-09,HCP00949,Neurology,Injectable,3.7,3.3,4.1,1.2
R004229,P0038,2025-10-15,HCP01552,Diabetes,Injectable,4.2,3.6,3.9,2.8
R004230,P0014,2025-02-23,HCP01371,Cardiology,Oral Therapy,3.0,3.6,4.7,1.0
R004231,P0084,2026-05-15,HCP01836,Immunology,Oral Therapy,3.1,3.5,4.4,2.0
R004232,P0064,2025-09-13,HCP00555,Cardiology,Injectable,2.5,3.7,4.1,2.4
R004233,P0087,2026-04-18,HCP01205,Oncology,Combination Therapy,4.7,4.8,3.6,2.5
R004234,P0049,2025-04-06,HCP00862,Neurology,Oral Therapy,5.0,5.0,5.0,2.7
R004235,P0019,2026-04-08,HCP02254,Respiratory,Infusion,3.1,4.1,5.0,1.0
R004236,P0109,2025-10-24,HCP02271,Diabetes,Infusion,4.2,3.6,3.3,2.6
R004237,P0116,2026-04-10,HCP02059,Rare Disease,Digital Therapeutic,4.8,3.2,4.4,3.1
R004238,P0092,2026-05-23,HCP00438,Cardiology,Combination Therapy,2.7,3.3,4.8,2.1
R004239,P0003,2025-07-20,HCP00233,Respiratory,Injectable,4.0,3.6,4.3,2.3
R004240,P0097,2025-09-26,HCP01347,Cardiology,Injectable,4.8,4.6,4.0,1.2
R004241,P0120,2026-06-14,HCP01770,Immunology,Infusion,3.5,3.1,3.6,3.3
R004242,P0050,2025-07-26,HCP02068,Diabetes,Combination Therapy,3.7,4.0,4.3,1.4
R004243,P0061,2026-04-03,HCP01992,Immunology,Infusion,4.9,3.4,3.4,3.5
R004244,P0003,2025-08-05,HCP00603,Respiratory,Oral Therapy,3.4,4.5,3.7,4.5
R004245,P0073,2026-07-04,HCP00859,Immunology,Infusion,3.2,3.5,3.6,2.1
R004246,P0092,2026-04-10,HCP02338,Cardiology,Infusion,3.6,3.2,4.3,1.8
R004247,P0025,2025-07-04,HCP01771,Respiratory,Combination Therapy,5.0,3.3,4.9,2.3
R004248,P0076,2025-11-03,HCP02451,Cardiology,Digital Therapeutic,4.4,5.0,3.7,3.4
R004249,P0032,2026-04-14,HCP00547,Rare Disease,Digital Therapeutic,4.2,3.7,3.7,1.7
R004250,P0017,2026-01-12,HCP00666,Immunology,Injectable,4.2,4.5,4.8,1.0
R004251,P0003,2025-06-04,HCP01640,Respiratory,Digital Therapeutic,2.8,4.0,3.6,3.5
R004252,P0091,2025-07-11,HCP01183,Rare Disease,Oral Therapy,4.2,4.2,2.1,2.5
R004253,P0026,2026-03-09,HCP02446,Diabetes,Oral Therapy,3.4,3.5,5.0,2.3
R004254,P0018,2025-02-25,HCP00029,Immunology,Injectable,3.6,3.7,4.6,2.5
R004255,P0116,2026-07-12,HCP01557,Rare Disease,Infusion,3.5,3.0,4.5,1.8
R004256,P0089,2025-02-16,HCP02402,Neurology,Oral Therapy,4.6,3.1,4.2,2.3
R004257,P0031,2025-12-25,HCP01331,Rare Disease,Infusion,5.0,3.6,3.9,2.7
R004258,P0086,2026-01-07,HCP00344,Diabetes,Combination Therapy,3.0,3.5,2.8,2.9
R004259,P0060,2025-07-23,HCP00153,Cardiology,Injectable,4.7,3.7,3.8,2.5
R004260,P0001,2026-07-15,HCP01070,Respiratory,Oral Therapy,3.6,4.3,3.8,1.0
R004261,P0033,2026-02-11,HCP01905,Oncology,Injectable,4.4,5.0,3.9,2.2
R004262,P0093,2025-02-17,HCP01682,Respiratory,Oral Therapy,4.0,3.1,4.3,2.5
R004263,P0087,2026-04-22,HCP00260,Oncology,Digital Therapeutic,3.3,4.0,5.0,2.6
R004264,P0049,2025-03-27,HCP01627,Neurology,Digital Therapeutic,3.3,3.4,3.9,2.1
R004265,P0119,2025-11-11,HCP02275,Neurology,Injectable,3.6,2.6,3.8,4.3
R004266,P0061,2026-02-18,HCP01632,Immunology,Injectable,4.1,5.0,5.0,2.1
R004267,P0002,2025-12-25,HCP00647,Cardiology,Injectable,4.2,3.7,3.5,2.9
R004268,P0116,2026-06-18,HCP00043,Rare Disease,Injectable,5.0,3.5,4.0,2.1
R004269,P0003,2025-06-07,HCP01410,Respiratory,Digital Therapeutic,4.3,4.4,4.0,2.9
R004270,P0111,2026-02-08,HCP01836,Immunology,Injectable,2.7,5.0,3.5,1.2
R004271,P0010,2025-02-24,HCP02182,Diabetes,Injectable,4.9,4.0,3.8,3.8
R004272,P0046,2026-04-05,HCP01866,Immunology,Combination Therapy,4.3,5.0,3.8,2.8
R004273,P0007,2026-07-31,HCP01165,Diabetes,Digital Therapeutic,3.7,3.8,4.5,2.0
R004274,P0086,2025-11-08,HCP01364,Diabetes,Combination Therapy,2.9,4.5,3.8,2.1
R004275,P0037,2025-10-22,HCP00490,Neurology,Injectable,3.6,3.2,3.8,1.8
R004276,P0062,2025-07-06,HCP01829,Immunology,Combination Therapy,4.8,3.2,4.3,2.2
R004277,P0023,2025-05-21,HCP01650,Respiratory,Injectable,4.2,4.0,3.7,2.5
R004278,P0099,2026-05-24,HCP00002,Rare Disease,Injectable,5.0,4.7,3.4,2.0
R004279,P0056,2025-07-13,HCP00766,Immunology,Combination Therapy,4.9,3.4,5.0,3.1
R004280,P0039,2026-08-22,HCP00416,Respiratory,Injectable,4.0,4.4,3.9,4.5
R004281,P0003,2025-11-01,HCP02435,Respiratory,Combination Therapy,1.1,4.0,4.1,2.3
R004282,P0057,2025-08-30,HCP00186,Immunology,Combination Therapy,3.0,3.6,3.8,1.0
R004283,P0088,2025-12-04,HCP01298,Respiratory,Combination Therapy,2.5,4.3,3.0,2.2
R004284,P0014,2025-03-20,HCP00783,Cardiology,Combination Therapy,5.0,3.2,3.6,2.4
R004285,P0062,2025-07-17,HCP02316,Immunology,Combination Therapy,4.2,4.5,3.2,3.2
R004286,P0112,2025-05-19,HCP00510,Respiratory,Injectable,3.6,3.6,4.3,1.8
R004287,P0105,2025-11-29,HCP02368,Neurology,Infusion,3.4,4.3,4.2,1.9
R004288,P0109,2025-10-19,HCP00466,Diabetes,Infusion,4.7,3.9,4.4,1.8
R004289,P0108,2025-03-07,HCP00102,Diabetes,Injectable,3.0,3.9,3.3,1.3
R004290,P0034,2025-03-31,HCP01049,Respiratory,Injectable,2.7,1.4,2.7,1.0
R004291,P0020,2026-06-08,HCP01244,Cardiology,Combination Therapy,2.6,3.4,2.5,2.6
R004292,P0070,2026-07-06,HCP01560,Immunology,Oral Therapy,3.9,3.1,4.2,1.2
R004293,P0086,2026-01-18,HCP01311,Diabetes,Oral Therapy,3.1,4.2,3.7,2.2
R004294,P0046,2026-02-01,HCP01359,Immunology,Infusion,4.6,3.6,3.1,3.1
R004295,P0028,2026-05-21,HCP00769,Oncology,Digital Therapeutic,3.8,2.6,4.3,1.7
R004296,P0019,2026-06-21,HCP02093,Respiratory,Combination Therapy,2.6,4.2,4.5,3.5
R004297,P0062,2025-08-05,HCP01367,Immunology,Digital Therapeutic,3.6,3.7,3.9,1.8
R004298,P0006,2025-07-25,HCP00985,Cardiology,Combination Therapy,2.9,3.8,3.6,1.1
R004299,P0083,2025-05-12,HCP00195,Immunology,Oral Therapy,3.7,4.1,3.8,2.1
R004300,P0099,2026-07-19,HCP01020,Rare Disease,Oral Therapy,4.7,4.0,4.7,2.8
R004301,P0100,2025-03-21,HCP01103,Neurology,Infusion,3.6,5.0,4.7,3.2
R004302,P0035,2026-04-08,HCP00027,Cardiology,Injectable,3.2,4.4,3.8,2.8
R004303,P0012,2026-07-10,HCP02019,Oncology,Combination Therapy,4.1,3.8,4.1,4.1
R004304,P0062,2025-07-29,HCP01901,Immunology,Oral Therapy,3.4,4.0,5.0,2.7
R004305,P0089,2025-02-25,HCP00590,Neurology,Injectable,4.2,3.6,5.0,2.0
R004306,P0109,2025-10-15,HCP01506,Diabetes,Injectable,4.0,3.5,4.0,2.4
R004307,P0015,2025-08-28,HCP00342,Oncology,Infusion,2.9,4.4,4.9,1.3
R004308,P0003,2025-08-25,HCP00315,Respiratory,Injectable,2.6,4.9,4.2,3.2
R004309,P0017,2026-01-20,HCP01679,Immunology,Combination Therapy,3.4,3.7,4.9,1.2
R004310,P0066,2026-02-25,HCP00480,Diabetes,Oral Therapy,4.1,4.2,3.5,1.6
R004311,P0020,2026-06-04,HCP02305,Cardiology,Oral Therapy,5.0,3.2,4.5,2.4
R004312,P0115,2025-05-30,HCP00428,Neurology,Combination Therapy,2.8,4.3,4.6,1.6
R004313,P0042,2025-11-28,HCP01626,Rare Disease,Infusion,2.9,3.2,4.0,2.8
R004314,P0098,2026-07-31,HCP01019,Cardiology,Combination Therapy,4.6,3.9,3.7,2.8
R004315,P0040,2026-07-22,HCP00189,Neurology,Infusion,3.9,4.1,4.1,3.1
R004316,P0027,2026-01-13,HCP00096,Cardiology,Combination Therapy,3.6,4.7,3.1,3.0
R004317,P0011,2025-03-30,HCP00349,Respiratory,Infusion,4.3,2.4,3.7,2.7
R004318,P0025,2025-07-12,HCP01947,Respiratory,Digital Therapeutic,4.8,4.9,3.6,2.4
R004319,P0091,2025-07-02,HCP02478,Rare Disease,Combination Therapy,4.6,4.7,4.5,3.1
R004320,P0092,2026-03-06,HCP00796,Cardiology,Digital Therapeutic,3.1,4.2,4.3,2.5
R004321,P0081,2025-10-03,HCP00673,Oncology,Injectable,4.1,3.6,4.4,3.8
R004322,P0010,2025-03-08,HCP02297,Diabetes,Digital Therapeutic,4.7,4.5,4.7,3.3
R004323,P0039,2026-08-09,HCP01020,Respiratory,Injectable,3.5,5.0,3.3,2.3
R004324,P0072,2026-05-25,HCP00680,Immunology,Digital Therapeutic,4.1,3.6,5.0,3.6
R004325,P0113,2026-05-25,HCP01385,Neurology,Digital Therapeutic,3.2,4.8,4.6,3.9
R004326,P0029,2025-12-06,HCP00916,Neurology,Oral Therapy,2.9,4.5,3.1,4.4
R004327,P0023,2025-05-29,HCP00752,Respiratory,Injectable,4.1,4.7,4.5,3.5
R004328,P0101,2026-05-19,HCP02303,Cardiology,Oral Therapy,4.5,4.4,4.3,1.5
R004329,P0057,2025-08-11,HCP01827,Immunology,Oral Therapy,4.4,3.8,4.2,1.6
R004330,P0046,2026-03-23,HCP00422,Immunology,Infusion,2.6,3.0,3.4,1.6
R004331,P0047,2025-07-01,HCP01481,Respiratory,Injectable,4.9,3.5,4.0,3.4
R004332,P0050,2025-08-25,HCP02115,Diabetes,Digital Therapeutic,4.2,4.3,4.4,4.8
R004333,P0059,2025-11-26,HCP01220,Cardiology,Injectable,4.7,3.7,4.0,2.8
R004334,P0096,2026-01-16,HCP00379,Neurology,Oral Therapy,3.0,2.5,3.1,2.5
R004335,P0083,2025-05-04,HCP01216,Immunology,Oral Therapy,4.5,3.4,3.7,3.0
R004336,P0011,2025-05-15,HCP01239,Respiratory,Infusion,4.3,3.0,4.2,3.0
R004337,P0016,2026-07-17,HCP00504,Cardiology,Oral Therapy,2.7,4.0,3.9,3.6
R004338,P0073,2026-04-29,HCP02185,Immunology,Combination Therapy,4.1,4.4,5.0,2.0
R004339,P0101,2026-06-11,HCP00096,Cardiology,Digital Therapeutic,2.9,4.0,4.5,2.9
R004340,P0116,2026-05-09,HCP00400,Rare Disease,Oral Therapy,3.8,2.8,4.4,3.2
R004341,P0108,2025-03-08,HCP00268,Diabetes,Combination Therapy,5.0,3.5,4.1,2.7
R004342,P0079,2026-05-25,HCP00094,Oncology,Injectable,4.0,3.1,3.7,1.1
R004343,P0029,2025-12-17,HCP00723,Neurology,Combination Therapy,3.7,3.7,5.0,1.0
R004344,P0010,2025-03-06,HCP00599,Diabetes,Combination Therapy,2.5,4.3,3.8,1.3
R004345,P0089,2025-03-17,HCP02031,Neurology,Injectable,4.0,3.9,4.0,3.5
R004346,P0110,2026-06-10,HCP00656,Rare Disease,Injectable,3.6,3.8,3.9,3.9
R004347,P0049,2025-02-17,HCP00613,Neurology,Oral Therapy,2.0,4.9,3.1,1.5
R004348,P0016,2026-07-16,HCP01018,Cardiology,Oral Therapy,2.8,3.2,4.3,3.2
R004349,P0088,2025-11-28,HCP00223,Respiratory,Infusion,4.5,4.6,4.6,1.0
R004350,P0045,2026-01-21,HCP01860,Neurology,Digital Therapeutic,4.9,3.6,3.6,1.9
R004351,P0077,2025-09-03,HCP02037,Neurology,Infusion,3.8,5.0,3.8,2.8
R004352,P0022,2026-07-12,HCP00120,Cardiology,Combination Therapy,4.6,4.0,3.5,3.3
R004353,P0043,2026-04-07,HCP01591,Immunology,Oral Therapy,3.8,2.6,5.0,1.9
R004354,P0087,2026-02-12,HCP01430,Oncology,Injectable,3.1,3.5,4.3,2.4
R004355,P0103,2025-12-31,HCP02440,Respiratory,Combination Therapy,5.0,2.9,4.9,2.4
R004356,P0032,2026-05-18,HCP01814,Rare Disease,Injectable,2.6,5.0,3.7,1.3
R004357,P0096,2026-03-31,HCP02265,Neurology,Injectable,4.1,3.3,4.4,3.4
R004358,P0032,2026-02-28,HCP02018,Rare Disease,Infusion,3.2,4.7,3.0,2.7
R004359,P0089,2025-03-01,HCP01527,Neurology,Injectable,3.6,4.5,3.6,1.8
R004360,P0050,2025-04-02,HCP02417,Diabetes,Infusion,5.0,3.0,5.0,2.4
R004361,P0085,2025-11-22,HCP01533,Respiratory,Digital Therapeutic,3.8,2.7,4.3,3.5
R004362,P0035,2026-04-21,HCP02064,Cardiology,Combination Therapy,3.5,4.5,3.8,1.8
R004363,P0010,2025-03-20,HCP01115,Diabetes,Infusion,3.3,3.6,2.8,1.5
R004364,P0095,2025-11-17,HCP00258,Cardiology,Combination Therapy,4.2,3.8,4.1,1.5
R004365,P0001,2026-08-27,HCP01654,Respiratory,Injectable,3.0,3.9,3.7,4.7
R004366,P0064,2025-11-27,HCP00440,Cardiology,Combination Therapy,3.8,1.8,4.6,3.3
R004367,P0008,2026-01-21,HCP01271,Neurology,Combination Therapy,3.6,3.8,3.1,1.6
R004368,P0067,2025-07-14,HCP01802,Immunology,Injectable,3.1,4.6,4.6,2.6
R004369,P0014,2025-02-24,HCP02185,Cardiology,Oral Therapy,2.5,2.6,3.7,2.7
R004370,P0020,2026-05-19,HCP00530,Cardiology,Digital Therapeutic,3.8,4.4,3.3,2.6
R004371,P0119,2025-11-17,HCP02242,Neurology,Oral Therapy,3.4,3.6,4.1,2.0
R004372,P0110,2026-05-07,HCP00618,Rare Disease,Digital Therapeutic,3.9,3.0,5.0,1.2
R004373,P0054,2025-08-17,HCP01964,Neurology,Infusion,1.9,4.0,4.5,1.8
R004374,P0042,2025-09-19,HCP02123,Rare Disease,Infusion,3.4,3.8,4.2,2.0
R004375,P0084,2026-03-20,HCP01641,Immunology,Digital Therapeutic,4.5,4.8,3.7,3.2
R004376,P0046,2026-02-06,HCP01155,Immunology,Digital Therapeutic,2.4,3.4,4.9,2.7
R004377,P0019,2026-03-16,HCP01467,Respiratory,Digital Therapeutic,5.0,4.7,4.2,3.0
R004378,P0030,2025-12-10,HCP00993,Cardiology,Infusion,4.1,3.8,2.7,1.5
R004379,P0075,2026-04-02,HCP00269,Neurology,Digital Therapeutic,3.6,4.1,4.5,2.3
R004380,P0116,2026-03-16,HCP01174,Rare Disease,Digital Therapeutic,3.8,3.6,4.2,3.4
R004381,P0079,2026-06-01,HCP00053,Oncology,Infusion,3.0,3.1,3.9,1.4
R004382,P0073,2026-03-24,HCP00642,Immunology,Digital Therapeutic,5.0,4.5,4.8,4.0
R004383,P0095,2026-01-24,HCP02478,Cardiology,Oral Therapy,3.9,3.8,3.5,2.6
R004384,P0008,2026-01-17,HCP00219,Neurology,Oral Therapy,3.8,3.6,3.7,3.1
R004385,P0075,2026-04-04,HCP00141,Neurology,Oral Therapy,4.6,4.5,3.9,1.0
R004386,P0024,2026-07-26,HCP02443,Diabetes,Digital Therapeutic,4.1,4.8,4.3,3.2
R004387,P0051,2025-10-14,HCP01813,Rare Disease,Digital Therapeutic,3.2,3.4,3.6,1.7
R004388,P0058,2025-07-14,HCP00730,Respiratory,Oral Therapy,3.7,4.9,3.3,2.6
R004389,P0088,2025-12-08,HCP00281,Respiratory,Oral Therapy,4.2,3.3,3.9,1.4
R004390,P0023,2025-07-08,HCP01281,Respiratory,Injectable,3.8,3.9,3.7,3.4
R004391,P0115,2025-04-06,HCP02360,Neurology,Digital Therapeutic,2.6,4.4,5.0,1.6
R004392,P0073,2026-08-22,HCP00147,Immunology,Infusion,4.9,1.4,2.7,2.9
R004393,P0042,2025-10-26,HCP02496,Rare Disease,Digital Therapeutic,3.9,3.1,4.6,2.8
R004394,P0037,2025-07-14,HCP00374,Neurology,Combination Therapy,3.4,3.5,2.7,2.7
R004395,P0013,2025-04-15,HCP02435,Respiratory,Infusion,4.3,4.0,3.9,2.3
R004396,P0042,2025-09-20,HCP00256,Rare Disease,Injectable,3.3,3.8,3.3,3.0
R004397,P0015,2025-08-31,HCP00660,Oncology,Oral Therapy,2.5,2.1,3.0,2.4
R004398,P0095,2026-02-16,HCP00128,Cardiology,Combination Therapy,3.7,3.5,4.8,2.3
R004399,P0096,2026-02-09,HCP01111,Neurology,Digital Therapeutic,4.3,2.7,4.5,3.2
R004400,P0063,2025-09-20,HCP01628,Rare Disease,Injectable,3.5,3.4,4.0,4.3
R004401,P0116,2026-07-07,HCP00345,Rare Disease,Digital Therapeutic,3.6,3.6,4.1,2.5
R004402,P0014,2025-02-27,HCP00043,Cardiology,Injectable,3.6,3.9,3.5,1.3
R004403,P0106,2026-03-02,HCP00332,Respiratory,Digital Therapeutic,3.7,3.5,3.7,2.3
R004404,P0045,2026-01-03,HCP01143,Neurology,Infusion,3.9,3.8,3.5,3.1
R004405,P0091,2025-08-17,HCP01284,Rare Disease,Injectable,4.4,3.4,3.6,2.2
R004406,P0108,2025-03-06,HCP01663,Diabetes,Oral Therapy,4.4,4.0,3.8,1.2
R004407,P0016,2026-05-30,HCP02364,Cardiology,Oral Therapy,5.0,2.9,4.9,2.7
R004408,P0102,2026-02-09,HCP00908,Cardiology,Combination Therapy,5.0,3.7,4.4,2.3
R004409,P0120,2026-03-20,HCP01467,Immunology,Oral Therapy,3.0,3.0,4.2,1.9
R004410,P0092,2026-04-13,HCP00376,Cardiology,Infusion,3.6,3.5,3.3,2.7
R004411,P0018,2025-04-04,HCP00855,Immunology,Oral Therapy,4.4,3.9,4.3,3.3
R004412,P0102,2025-12-20,HCP00559,Cardiology,Digital Therapeutic,2.2,3.2,2.4,2.1
R004413,P0034,2025-04-24,HCP00472,Respiratory,Injectable,4.0,3.7,3.5,3.2
R004414,P0011,2025-02-20,HCP00385,Respiratory,Digital Therapeutic,3.0,3.5,3.2,2.6
R004415,P0078,2025-12-22,HCP00111,Cardiology,Oral Therapy,3.7,5.0,3.7,1.6
R004416,P0015,2025-08-05,HCP00739,Oncology,Infusion,3.8,4.0,3.8,1.0
R004417,P0069,2026-03-29,HCP00134,Immunology,Infusion,2.2,4.1,3.7,2.7
R004418,P0003,2025-09-28,HCP00891,Respiratory,Infusion,5.0,3.2,4.0,2.4
R004419,P0089,2025-03-22,HCP00155,Neurology,Injectable,3.3,2.0,4.1,1.9
R004420,P0016,2026-07-10,HCP00992,Cardiology,Injectable,5.0,3.4,4.9,2.0
R004421,P0081,2025-09-14,HCP02026,Oncology,Combination Therapy,2.4,2.6,3.5,1.4
R004422,P0099,2026-06-02,HCP00558,Rare Disease,Digital Therapeutic,3.2,3.9,3.4,2.7
R004423,P0012,2026-06-08,HCP00208,Oncology,Infusion,4.4,4.0,3.9,1.6
R004424,P0005,2025-01-30,HCP00586,Immunology,Combination Therapy,3.5,3.9,4.2,2.3
R004425,P0106,2026-01-27,HCP01066,Respiratory,Oral Therapy,4.4,3.7,4.0,2.1
R004426,P0056,2025-07-04,HCP01599,Immunology,Infusion,4.3,3.2,5.0,1.1
R004427,P0061,2026-03-11,HCP01565,Immunology,Digital Therapeutic,3.0,3.3,4.5,3.0
R004428,P0030,2026-02-16,HCP00058,Cardiology,Oral Therapy,4.8,4.1,4.9,2.3
R004429,P0058,2025-08-29,HCP02318,Respiratory,Digital Therapeutic,4.2,5.0,4.3,4.6
R004430,P0100,2025-03-17,HCP01104,Neurology,Digital Therapeutic,2.5,4.0,4.0,1.7
R004431,P0102,2025-11-20,HCP00790,Cardiology,Infusion,3.8,4.0,2.3,4.1
R004432,P0097,2025-10-22,HCP02323,Cardiology,Digital Therapeutic,4.3,5.0,4.0,2.5
R004433,P0035,2026-06-26,HCP00463,Cardiology,Combination Therapy,3.6,3.8,3.8,2.1
R004434,P0092,2026-01-21,HCP01904,Cardiology,Injectable,3.8,3.1,3.8,1.6
R004435,P0054,2025-08-18,HCP02462,Neurology,Injectable,4.1,4.0,4.6,1.3
R004436,P0046,2026-02-10,HCP00833,Immunology,Infusion,2.3,4.9,3.1,1.9
R004437,P0040,2026-07-15,HCP01083,Neurology,Combination Therapy,3.6,4.4,4.7,1.8
R004438,P0112,2025-03-29,HCP01372,Respiratory,Infusion,3.4,3.9,4.4,2.1
R004439,P0021,2026-05-01,HCP02074,Rare Disease,Combination Therapy,4.4,2.4,4.1,1.8
R004440,P0108,2025-04-24,HCP02455,Diabetes,Digital Therapeutic,3.2,2.7,4.5,3.3
R004441,P0110,2026-07-26,HCP01409,Rare Disease,Oral Therapy,5.0,4.0,2.8,1.5
R004442,P0079,2026-06-13,HCP01791,Oncology,Digital Therapeutic,3.2,3.6,4.2,1.8
R004443,P0004,2025-04-08,HCP02144,Diabetes,Combination Therapy,2.8,3.7,3.0,2.3
R004444,P0074,2025-10-11,HCP01475,Immunology,Infusion,4.8,4.5,4.2,1.8
R004445,P0014,2025-02-27,HCP01963,Cardiology,Injectable,4.2,2.9,3.2,3.3
R004446,P0041,2026-05-20,HCP01399,Respiratory,Combination Therapy,4.1,3.4,3.4,1.7
R004447,P0010,2025-04-02,HCP01372,Diabetes,Oral Therapy,3.5,4.6,3.7,2.2
R004448,P0089,2025-03-15,HCP02236,Neurology,Combination Therapy,3.4,2.9,3.8,2.1
R004449,P0059,2025-11-19,HCP00923,Cardiology,Oral Therapy,4.1,4.6,4.1,2.1
R004450,P0113,2026-06-29,HCP00487,Neurology,Oral Therapy,3.2,4.0,4.4,4.4
R004451,P0083,2025-05-01,HCP01810,Immunology,Infusion,5.0,3.7,5.0,3.6
R004452,P0038,2025-09-26,HCP01447,Diabetes,Oral Therapy,3.9,3.9,3.5,2.9
R004453,P0094,2025-05-10,HCP01403,Cardiology,Digital Therapeutic,3.5,4.1,4.0,2.7
R004454,P0035,2026-04-05,HCP00876,Cardiology,Infusion,3.4,4.3,3.9,4.1
R004455,P0033,2026-03-12,HCP01789,Oncology,Digital Therapeutic,2.7,2.4,3.3,2.3
R004456,P0032,2026-07-25,HCP01171,Rare Disease,Digital Therapeutic,4.3,4.7,2.7,2.2
R004457,P0086,2026-01-30,HCP01640,Diabetes,Digital Therapeutic,3.0,4.0,3.3,2.4
R004458,P0118,2025-11-13,HCP00100,Immunology,Oral Therapy,3.6,4.6,3.6,2.4
R004459,P0103,2026-02-12,HCP02330,Respiratory,Combination Therapy,5.0,4.1,3.7,2.7
R004460,P0065,2025-05-28,HCP01984,Immunology,Combination Therapy,2.2,5.0,3.0,2.5
R004461,P0002,2025-11-26,HCP01243,Cardiology,Infusion,3.6,3.3,3.8,1.0
R004462,P0117,2025-09-02,HCP00461,Immunology,Oral Therapy,2.5,4.9,3.8,2.7
R004463,P0047,2025-08-08,HCP02459,Respiratory,Digital Therapeutic,3.2,3.2,3.4,2.9
R004464,P0075,2026-04-10,HCP01407,Neurology,Digital Therapeutic,3.6,4.2,4.4,2.9
R004465,P0051,2025-12-02,HCP01157,Rare Disease,Oral Therapy,2.6,4.5,2.8,1.9
R004466,P0036,2025-11-02,HCP02309,Respiratory,Combination Therapy,4.0,3.8,4.1,1.2
R004467,P0037,2025-06-20,HCP02267,Neurology,Digital Therapeutic,4.9,2.4,3.8,3.5
R004468,P0071,2026-01-24,HCP00644,Immunology,Oral Therapy,4.0,3.9,4.0,2.2
R004469,P0052,2026-01-24,HCP01682,Oncology,Digital Therapeutic,4.4,3.5,4.2,2.1
R004470,P0019,2026-05-15,HCP00820,Respiratory,Combination Therapy,5.0,4.4,4.1,1.9
R004471,P0046,2026-02-14,HCP00096,Immunology,Combination Therapy,4.2,3.2,2.7,2.9
R004472,P0054,2025-09-09,HCP01016,Neurology,Combination Therapy,1.7,3.4,3.8,3.3
R004473,P0076,2025-07-02,HCP00602,Cardiology,Combination Therapy,3.9,3.3,4.3,2.8
R004474,P0054,2025-10-12,HCP01360,Neurology,Oral Therapy,1.6,3.6,4.3,2.8
R004475,P0024,2026-07-18,HCP01109,Diabetes,Oral Therapy,3.1,3.9,3.4,2.1
R004476,P0070,2026-08-16,HCP00576,Immunology,Injectable,2.4,4.2,3.2,2.1
R004477,P0101,2026-06-04,HCP01139,Cardiology,Combination Therapy,3.9,4.1,4.3,2.1
R004478,P0047,2025-08-15,HCP01847,Respiratory,Combination Therapy,2.9,2.9,4.3,2.8
R004479,P0077,2025-09-06,HCP01550,Neurology,Oral Therapy,4.0,3.2,3.2,2.0
R004480,P0055,2026-02-23,HCP01575,Diabetes,Combination Therapy,4.4,3.4,3.1,3.0
R004481,P0036,2025-11-01,HCP00318,Respiratory,Injectable,2.9,3.6,3.7,3.0
R004482,P0106,2026-02-17,HCP00234,Respiratory,Infusion,3.9,3.2,3.4,3.1
R004483,P0116,2026-06-11,HCP01588,Rare Disease,Digital Therapeutic,1.5,3.3,4.0,2.1
R004484,P0022,2026-06-24,HCP01275,Cardiology,Oral Therapy,2.4,4.7,4.8,1.7
R004485,P0075,2026-04-10,HCP01574,Neurology,Injectable,4.8,4.0,3.1,2.5
R004486,P0111,2026-01-31,HCP00900,Immunology,Injectable,3.0,3.0,3.8,2.1
R004487,P0065,2025-07-04,HCP00269,Immunology,Injectable,3.3,4.1,3.4,1.9
R004488,P0065,2025-07-16,HCP00877,Immunology,Injectable,3.0,3.5,4.4,2.2
R004489,P0116,2026-06-21,HCP01613,Rare Disease,Infusion,2.2,5.0,4.5,3.0
R004490,P0076,2025-11-11,HCP02458,Cardiology,Digital Therapeutic,2.8,3.4,3.3,1.7
R004491,P0102,2026-01-08,HCP01427,Cardiology,Oral Therapy,3.7,3.5,4.6,4.0
R004492,P0013,2025-03-24,HCP01014,Respiratory,Digital Therapeutic,3.4,3.6,4.5,3.0
R004493,P0071,2025-12-18,HCP00911,Immunology,Oral Therapy,4.6,3.0,3.8,2.1
R004494,P0018,2025-05-02,HCP00060,Immunology,Digital Therapeutic,3.2,4.1,4.4,3.1
R004495,P0025,2025-10-09,HCP00491,Respiratory,Oral Therapy,3.7,3.8,3.0,1.7
R004496,P0088,2025-12-09,HCP00888,Respiratory,Combination Therapy,3.2,4.0,5.0,2.6
R004497,P0105,2025-11-23,HCP01535,Neurology,Injectable,4.5,3.8,4.0,2.9
R004498,P0109,2025-12-04,HCP01499,Diabetes,Oral Therapy,2.5,3.9,4.7,3.1
R004499,P0092,2026-02-03,HCP00829,Cardiology,Oral Therapy,4.1,4.9,3.5,2.4
R004500,P0063,2025-09-14,HCP01320,Rare Disease,Injectable,4.0,4.2,2.9,1.5
R004501,P0053,2025-07-27,HCP00573,Respiratory,Combination Therapy,3.0,2.5,4.2,2.5
R004502,P0021,2026-06-23,HCP00193,Rare Disease,Injectable,3.6,4.0,3.4,3.6
R004503,P0095,2025-11-29,HCP00729,Cardiology,Infusion,4.0,4.6,3.5,1.9
R004504,P0096,2026-03-09,HCP00421,Neurology,Digital Therapeutic,3.1,2.2,4.1,1.9
R004505,P0016,2026-08-13,HCP01338,Cardiology,Injectable,3.1,3.0,4.5,2.3
R004506,P0111,2026-02-03,HCP01924,Immunology,Digital Therapeutic,2.7,4.2,4.1,3.0
R004507,P0040,2026-04-28,HCP00422,Neurology,Infusion,5.0,4.5,4.6,1.5
R004508,P0081,2025-09-24,HCP00019,Oncology,Combination Therapy,3.3,3.9,3.8,1.9
R004509,P0016,2026-06-25,HCP00139,Cardiology,Digital Therapeutic,2.7,4.1,4.8,1.6
R004510,P0022,2026-06-20,HCP00577,Cardiology,Injectable,2.2,4.8,4.4,3.7
R004511,P0073,2026-04-22,HCP00414,Immunology,Infusion,3.0,3.4,3.2,1.7
R004512,P0050,2025-05-15,HCP02452,Diabetes,Combination Therapy,3.9,3.1,4.3,2.6
R004513,P0004,2025-04-08,HCP00593,Diabetes,Injectable,3.5,3.6,3.9,1.9
R004514,P0113,2026-07-08,HCP01640,Neurology,Infusion,4.0,3.9,3.4,2.8
R004515,P0107,2025-11-08,HCP01740,Diabetes,Combination Therapy,4.3,4.0,4.3,3.4
R004516,P0023,2025-06-19,HCP00614,Respiratory,Oral Therapy,3.6,4.3,4.2,2.3
R004517,P0078,2025-12-31,HCP00365,Cardiology,Combination Therapy,3.6,5.0,4.3,3.2
R004518,P0021,2026-03-31,HCP00486,Rare Disease,Combination Therapy,5.0,3.9,3.2,3.0
R004519,P0087,2026-04-19,HCP02200,Oncology,Infusion,4.3,2.9,2.5,2.7
R004520,P0085,2026-02-21,HCP01042,Respiratory,Injectable,4.0,3.3,3.7,3.3
R004521,P0090,2025-10-14,HCP00019,Neurology,Oral Therapy,3.4,3.9,3.7,4.5
R004522,P0066,2026-02-15,HCP01614,Diabetes,Digital Therapeutic,4.3,4.8,4.2,3.6
R004523,P0003,2025-07-27,HCP01074,Respiratory,Injectable,4.0,4.3,2.1,1.1
R004524,P0025,2025-07-28,HCP00428,Respiratory,Infusion,4.0,3.2,4.3,1.3
R004525,P0119,2025-10-07,HCP00407,Neurology,Oral Therapy,4.3,3.3,4.4,2.4
R004526,P0074,2026-01-17,HCP01870,Immunology,Infusion,4.0,3.6,4.5,1.0
R004527,P0042,2025-11-14,HCP00785,Rare Disease,Oral Therapy,2.4,3.9,4.4,2.4
R004528,P0113,2026-05-23,HCP00105,Neurology,Infusion,3.7,3.6,3.2,1.1
R004529,P0052,2026-01-19,HCP01916,Oncology,Combination Therapy,2.8,3.2,3.3,2.6
R004530,P0103,2026-01-07,HCP00485,Respiratory,Combination Therapy,4.2,3.3,3.8,2.8
R004531,P0097,2025-09-27,HCP02493,Cardiology,Combination Therapy,2.4,3.7,3.8,2.4
R004532,P0001,2026-07-08,HCP01476,Respiratory,Infusion,3.7,3.9,3.3,2.2
R004533,P0112,2025-04-09,HCP01374,Respiratory,Digital Therapeutic,3.7,3.1,4.0,1.9
R004534,P0106,2026-01-26,HCP01766,Respiratory,Oral Therapy,2.7,4.0,4.2,2.6
R004535,P0120,2026-04-10,HCP00555,Immunology,Digital Therapeutic,3.6,5.0,4.1,1.4
R004536,P0076,2025-10-22,HCP01681,Cardiology,Combination Therapy,4.4,3.9,4.0,1.7
R004537,P0084,2026-02-26,HCP00445,Immunology,Oral Therapy,3.2,4.0,4.2,2.9
R004538,P0033,2026-05-06,HCP00655,Oncology,Injectable,3.9,2.8,3.8,2.2
R004539,P0019,2026-06-09,HCP01433,Respiratory,Combination Therapy,4.1,4.3,4.3,2.1
R004540,P0012,2026-06-01,HCP00964,Oncology,Infusion,2.8,3.4,4.2,3.3
R004541,P0022,2026-06-05,HCP02255,Cardiology,Digital Therapeutic,3.7,4.5,3.4,2.5
R004542,P0117,2025-10-05,HCP00095,Immunology,Combination Therapy,3.5,5.0,5.0,2.1
R004543,P0034,2025-04-06,HCP00250,Respiratory,Combination Therapy,3.7,3.3,4.9,3.1
R004544,P0004,2025-04-01,HCP00002,Diabetes,Oral Therapy,2.3,3.3,4.4,1.7
R004545,P0083,2025-05-12,HCP02266,Immunology,Injectable,2.5,4.2,4.7,1.0
R004546,P0023,2025-08-05,HCP01042,Respiratory,Injectable,4.7,2.9,4.1,3.7
R004547,P0062,2025-06-22,HCP02199,Immunology,Combination Therapy,4.3,3.9,3.7,1.4
R004548,P0081,2025-12-15,HCP01359,Oncology,Combination Therapy,3.9,3.6,4.7,4.0
R004549,P0069,2026-03-01,HCP02152,Immunology,Combination Therapy,4.5,3.7,4.1,2.0
R004550,P0091,2025-06-28,HCP02053,Rare Disease,Oral Therapy,2.6,2.4,4.4,1.0
R004551,P0003,2025-06-25,HCP00245,Respiratory,Digital Therapeutic,3.5,4.2,5.0,1.7
R004552,P0032,2026-05-01,HCP02407,Rare Disease,Infusion,3.4,5.0,3.0,2.8
R004553,P0049,2025-02-21,HCP01279,Neurology,Digital Therapeutic,3.0,3.5,4.3,3.9
R004554,P0089,2025-02-22,HCP01498,Neurology,Oral Therapy,2.7,2.8,3.4,3.3
R004555,P0066,2026-03-17,HCP00607,Diabetes,Oral Therapy,4.8,4.4,3.9,3.4
R004556,P0092,2026-01-28,HCP02042,Cardiology,Injectable,3.2,3.2,3.5,1.4
R004557,P0089,2025-02-28,HCP00207,Neurology,Injectable,4.1,3.8,4.7,3.2
R004558,P0097,2025-09-20,HCP00327,Cardiology,Digital Therapeutic,4.0,3.3,4.3,2.3
R004559,P0073,2026-04-22,HCP00571,Immunology,Oral Therapy,4.6,2.8,4.0,4.1
R004560,P0091,2025-07-27,HCP02042,Rare Disease,Combination Therapy,4.3,4.0,3.0,2.9
R004561,P0082,2026-03-14,HCP02040,Neurology,Oral Therapy,3.4,3.3,3.6,2.8
R004562,P0004,2025-03-27,HCP00634,Diabetes,Infusion,2.6,2.7,3.7,1.2
R004563,P0034,2025-03-15,HCP01373,Respiratory,Infusion,4.5,4.0,4.2,3.1
R004564,P0108,2025-04-24,HCP01025,Diabetes,Injectable,4.7,5.0,3.7,1.9
R004565,P0011,2025-03-17,HCP01373,Respiratory,Oral Therapy,5.0,4.5,3.8,3.1
R004566,P0068,2025-07-18,HCP00054,Immunology,Oral Therapy,4.5,3.8,2.4,2.3
R004567,P0092,2026-02-03,HCP01088,Cardiology,Injectable,3.2,5.0,4.6,2.0
R004568,P0052,2025-11-10,HCP01171,Oncology,Infusion,3.3,2.6,3.2,3.0
R004569,P0022,2026-07-19,HCP00037,Cardiology,Oral Therapy,1.9,4.2,3.5,2.6
R004570,P0003,2025-09-11,HCP01629,Respiratory,Combination Therapy,3.0,5.0,4.3,1.4
R004571,P0080,2026-04-28,HCP00959,Neurology,Combination Therapy,2.6,3.1,4.5,3.9
R004572,P0071,2025-12-25,HCP00631,Immunology,Digital Therapeutic,4.2,4.0,4.0,2.3
R004573,P0083,2025-04-24,HCP01966,Immunology,Combination Therapy,4.5,3.4,4.2,3.3
R004574,P0020,2026-06-21,HCP02022,Cardiology,Injectable,5.0,3.6,4.6,2.4
R004575,P0057,2025-10-07,HCP00634,Immunology,Combination Therapy,5.0,4.1,2.3,1.7
R004576,P0066,2026-01-24,HCP02316,Diabetes,Oral Therapy,3.9,2.6,4.5,2.3
R004577,P0101,2026-06-08,HCP00040,Cardiology,Digital Therapeutic,3.2,3.1,2.6,3.0
R004578,P0023,2025-08-20,HCP01427,Respiratory,Infusion,3.4,3.8,3.8,4.7
R004579,P0084,2026-04-21,HCP01776,Immunology,Infusion,3.1,2.6,4.2,3.4
R004580,P0083,2025-04-23,HCP00611,Immunology,Combination Therapy,5.0,3.5,3.3,2.0
R004581,P0072,2026-05-30,HCP00917,Immunology,Injectable,1.3,2.7,3.8,1.1
R004582,P0011,2025-04-10,HCP01764,Respiratory,Infusion,5.0,2.8,1.9,2.5
R004583,P0015,2025-08-17,HCP00907,Oncology,Infusion,2.9,4.4,3.1,2.5
R004584,P0073,2026-06-15,HCP00737,Immunology,Infusion,3.4,3.9,3.4,3.4
R004585,P0075,2026-02-18,HCP01621,Neurology,Injectable,1.5,3.6,3.3,3.7
R004586,P0078,2025-11-06,HCP00407,Cardiology,Digital Therapeutic,4.6,3.5,3.9,3.1
R004587,P0093,2025-01-27,HCP01400,Respiratory,Infusion,4.4,4.0,5.0,3.4
R004588,P0048,2025-06-16,HCP00713,Oncology,Oral Therapy,2.8,3.5,4.5,2.3
R004589,P0036,2025-10-19,HCP00798,Respiratory,Infusion,4.6,3.3,4.5,3.3
R004590,P0111,2026-01-25,HCP01098,Immunology,Digital Therapeutic,4.5,4.5,4.3,2.8
R004591,P0084,2026-07-11,HCP01833,Immunology,Oral Therapy,3.2,3.4,3.0,4.3
R004592,P0064,2025-12-07,HCP00565,Cardiology,Oral Therapy,2.0,4.7,4.7,2.7
R004593,P0067,2025-07-29,HCP01680,Immunology,Infusion,3.5,3.4,4.2,2.3
R004594,P0091,2025-06-22,HCP00844,Rare Disease,Oral Therapy,4.6,4.3,4.3,3.2
R004595,P0038,2025-10-09,HCP02226,Diabetes,Infusion,2.9,4.0,4.5,3.9
R004596,P0054,2025-08-11,HCP00990,Neurology,Oral Therapy,4.6,4.2,4.3,3.2
R004597,P0006,2025-08-25,HCP01048,Cardiology,Combination Therapy,3.0,4.0,4.2,2.9
R004598,P0096,2026-01-22,HCP01885,Neurology,Digital Therapeutic,3.6,4.3,3.4,2.5
R004599,P0061,2026-01-25,HCP00110,Immunology,Digital Therapeutic,3.1,4.8,3.3,1.7
R004600,P0108,2025-05-22,HCP02145,Diabetes,Combination Therapy,3.8,3.2,3.3,3.6
R004601,P0036,2025-10-16,HCP00834,Respiratory,Digital Therapeutic,4.4,4.8,2.1,3.6
R004602,P0050,2025-03-28,HCP02063,Diabetes,Oral Therapy,5.0,3.6,3.6,1.0
R004603,P0007,2026-07-19,HCP00924,Diabetes,Combination Therapy,3.9,2.5,4.3,1.7
R004604,P0117,2025-10-12,HCP00484,Immunology,Infusion,2.4,4.3,4.7,3.1
R004605,P0042,2025-09-23,HCP00268,Rare Disease,Digital Therapeutic,4.2,4.4,3.5,2.1
R004606,P0019,2026-04-02,HCP02025,Respiratory,Combination Therapy,3.4,4.2,3.9,3.0
R004607,P0074,2025-10-02,HCP00062,Immunology,Infusion,3.4,3.6,3.6,1.6
R004608,P0102,2025-12-28,HCP01602,Cardiology,Combination Therapy,3.8,3.1,4.1,1.7
R004609,P0014,2025-02-19,HCP01512,Cardiology,Combination Therapy,4.2,3.4,3.1,1.5
R004610,P0064,2025-09-16,HCP00595,Cardiology,Infusion,3.3,3.9,3.6,2.4
R004611,P0057,2025-10-05,HCP01890,Immunology,Oral Therapy,4.2,3.6,3.4,2.5
R004612,P0017,2026-01-25,HCP00941,Immunology,Digital Therapeutic,4.0,3.1,4.4,1.4
R004613,P0034,2025-04-22,HCP01991,Respiratory,Combination Therapy,4.2,3.6,2.9,1.6
R004614,P0076,2025-09-09,HCP00864,Cardiology,Oral Therapy,4.4,3.2,4.2,2.1
R004615,P0119,2025-11-14,HCP01950,Neurology,Combination Therapy,1.8,3.3,4.6,2.2
R004616,P0016,2026-05-24,HCP01088,Cardiology,Digital Therapeutic,3.4,4.3,3.0,1.8
R004617,P0076,2025-10-07,HCP01148,Cardiology,Oral Therapy,3.6,3.0,3.6,3.0
R004618,P0107,2026-02-13,HCP02113,Diabetes,Digital Therapeutic,3.5,4.0,3.4,2.1
R004619,P0091,2025-07-11,HCP00247,Rare Disease,Digital Therapeutic,3.0,3.4,5.0,2.6
R004620,P0098,2026-04-02,HCP01030,Cardiology,Infusion,3.1,4.0,4.9,2.9
R004621,P0110,2026-05-16,HCP00109,Rare Disease,Infusion,4.1,3.2,4.6,1.7
R004622,P0079,2026-07-02,HCP00137,Oncology,Oral Therapy,4.1,3.6,4.3,3.0
R004623,P0005,2025-01-15,HCP00342,Immunology,Combination Therapy,3.7,3.2,4.6,2.6
R004624,P0028,2026-03-18,HCP01844,Oncology,Injectable,2.8,4.0,4.4,2.6
R004625,P0050,2025-07-05,HCP01962,Diabetes,Injectable,4.4,2.5,5.0,1.7
R004626,P0116,2026-07-01,HCP01968,Rare Disease,Oral Therapy,4.4,3.7,4.0,3.3
R004627,P0026,2026-04-22,HCP02481,Diabetes,Injectable,4.6,2.9,2.4,1.0
R004628,P0103,2026-03-20,HCP01431,Respiratory,Oral Therapy,3.0,3.3,3.7,2.4
R004629,P0077,2025-11-11,HCP00497,Neurology,Combination Therapy,5.0,3.6,4.4,1.7
R004630,P0086,2025-11-06,HCP01188,Diabetes,Combination Therapy,3.9,4.3,3.8,2.1
R004631,P0013,2025-03-28,HCP01386,Respiratory,Oral Therapy,3.1,2.6,4.8,1.2
R004632,P0044,2025-12-08,HCP01931,Immunology,Oral Therapy,5.0,2.5,3.5,1.8
R004633,P0056,2025-07-23,HCP01192,Immunology,Infusion,4.3,4.6,4.6,1.5
R004634,P0059,2025-12-06,HCP00056,Cardiology,Injectable,3.9,3.5,3.0,1.1
R004635,P0106,2026-01-18,HCP02095,Respiratory,Oral Therapy,4.0,2.6,4.2,3.0
R004636,P0041,2026-07-01,HCP01461,Respiratory,Digital Therapeutic,4.8,3.5,3.5,1.8
R004637,P0105,2026-01-04,HCP00271,Neurology,Combination Therapy,3.9,3.5,3.1,2.3
R004638,P0102,2025-12-30,HCP02380,Cardiology,Injectable,2.2,3.4,4.0,2.8
R004639,P0078,2025-11-18,HCP01126,Cardiology,Infusion,3.7,3.9,3.2,2.7
R004640,P0038,2025-10-24,HCP01986,Diabetes,Infusion,4.5,2.6,4.5,2.4
R004641,P0012,2026-05-11,HCP01821,Oncology,Injectable,3.7,3.8,3.8,1.9
R004642,P0029,2025-11-28,HCP00689,Neurology,Oral Therapy,2.9,3.5,4.1,2.1
R004643,P0073,2026-05-28,HCP02240,Immunology,Digital Therapeutic,3.7,3.7,4.0,2.7
R004644,P0026,2026-07-11,HCP02295,Diabetes,Combination Therapy,4.4,4.4,4.4,3.4
R004645,P0109,2025-10-10,HCP02353,Diabetes,Digital Therapeutic,4.8,4.5,3.5,1.0
R004646,P0049,2025-03-04,HCP00507,Neurology,Combination Therapy,2.8,4.9,4.7,2.8
R004647,P0034,2025-03-16,HCP00347,Respiratory,Combination Therapy,2.7,2.4,5.0,1.4
R004648,P0075,2026-04-06,HCP01368,Neurology,Injectable,3.6,4.0,3.3,2.0
R004649,P0019,2026-06-02,HCP00617,Respiratory,Combination Therapy,3.1,4.3,5.0,2.3
R004650,P0100,2025-04-04,HCP01563,Neurology,Injectable,3.2,3.4,3.6,2.4
R004651,P0066,2025-12-29,HCP01685,Diabetes,Injectable,3.5,3.8,3.7,1.9
R004652,P0111,2026-02-12,HCP00086,Immunology,Digital Therapeutic,4.4,4.7,4.6,3.5
R004653,P0103,2026-03-31,HCP01907,Respiratory,Injectable,3.0,3.6,3.3,3.0
R004654,P0010,2025-03-31,HCP00319,Diabetes,Digital Therapeutic,2.7,4.7,4.4,2.1
R004655,P0108,2025-05-10,HCP01431,Diabetes,Oral Therapy,3.1,3.7,4.4,3.9
R004656,P0006,2025-09-08,HCP01361,Cardiology,Oral Therapy,2.4,4.1,4.0,1.8
R004657,P0096,2026-01-01,HCP00048,Neurology,Digital Therapeutic,3.7,4.4,3.9,1.8
R004658,P0044,2025-10-31,HCP00453,Immunology,Infusion,3.8,3.0,3.7,2.6
R004659,P0042,2025-11-22,HCP01350,Rare Disease,Combination Therapy,4.6,4.1,4.5,2.0
R004660,P0098,2026-06-09,HCP01048,Cardiology,Oral Therapy,2.8,3.4,3.7,2.8
R004661,P0033,2026-06-12,HCP01187,Oncology,Digital Therapeutic,3.8,4.6,4.7,2.2
R004662,P0109,2025-10-03,HCP01765,Diabetes,Injectable,4.0,3.6,4.7,2.8
R004663,P0005,2025-01-30,HCP01723,Immunology,Infusion,2.4,3.6,3.1,1.7
R004664,P0021,2026-06-30,HCP01564,Rare Disease,Infusion,3.9,3.2,3.1,4.1
R004665,P0043,2026-05-18,HCP01841,Immunology,Combination Therapy,3.9,3.8,3.9,2.0
R004666,P0035,2026-05-11,HCP02186,Cardiology,Injectable,3.6,4.2,3.4,3.8
R004667,P0105,2025-12-17,HCP00528,Neurology,Injectable,2.6,3.8,3.6,1.3
R004668,P0109,2025-12-01,HCP02303,Diabetes,Infusion,3.6,5.0,3.5,4.1
R004669,P0051,2026-01-06,HCP01175,Rare Disease,Combination Therapy,2.0,3.5,5.0,2.4
R004670,P0070,2026-07-01,HCP02317,Immunology,Injectable,4.0,3.2,4.7,2.3
R004671,P0041,2026-05-18,HCP01596,Respiratory,Infusion,4.3,3.7,3.5,1.0
R004672,P0049,2025-04-06,HCP00981,Neurology,Oral Therapy,3.5,4.0,2.7,1.3
R004673,P0041,2026-06-07,HCP00110,Respiratory,Digital Therapeutic,4.8,2.9,3.6,1.6
R004674,P0030,2026-01-25,HCP00305,Cardiology,Oral Therapy,3.1,4.7,3.2,1.5
R004675,P0084,2026-06-04,HCP01555,Immunology,Oral Therapy,3.1,3.6,4.5,3.0
R004676,P0014,2025-03-24,HCP01668,Cardiology,Injectable,3.5,5.0,4.0,2.1
R004677,P0035,2026-04-20,HCP00342,Cardiology,Oral Therapy,5.0,4.7,3.6,2.5
R004678,P0014,2025-02-08,HCP02298,Cardiology,Infusion,3.5,4.3,3.9,2.6
R004679,P0055,2026-02-02,HCP00821,Diabetes,Injectable,5.0,3.8,3.2,1.0
R004680,P0081,2025-11-15,HCP01924,Oncology,Injectable,3.7,3.1,3.8,2.2
R004681,P0063,2025-09-01,HCP01934,Rare Disease,Combination Therapy,3.0,3.4,5.0,4.3
R004682,P0087,2026-02-17,HCP01743,Oncology,Digital Therapeutic,5.0,3.0,3.6,3.4
R004683,P0069,2026-02-22,HCP02287,Immunology,Oral Therapy,3.9,3.0,4.1,2.9
R004684,P0044,2025-09-30,HCP02007,Immunology,Digital Therapeutic,3.5,4.0,3.5,2.6
R004685,P0110,2026-07-11,HCP00411,Rare Disease,Digital Therapeutic,4.4,4.0,3.5,3.7
R004686,P0073,2026-06-23,HCP01025,Immunology,Combination Therapy,4.8,2.7,4.5,3.0
R004687,P0005,2025-02-07,HCP01427,Immunology,Infusion,3.2,3.5,3.2,2.3
R004688,P0019,2026-03-25,HCP01255,Respiratory,Combination Therapy,4.5,3.2,3.9,2.8
R004689,P0081,2026-01-12,HCP01309,Oncology,Combination Therapy,3.5,4.8,3.4,3.2
R004690,P0003,2025-09-23,HCP00500,Respiratory,Injectable,2.9,2.3,4.9,3.6
R004691,P0021,2026-05-20,HCP02429,Rare Disease,Oral Therapy,3.1,5.0,3.5,1.2
R004692,P0012,2026-06-20,HCP01679,Oncology,Combination Therapy,2.7,4.2,3.2,2.6
R004693,P0098,2026-07-28,HCP02013,Cardiology,Digital Therapeutic,3.8,2.0,3.9,3.3
R004694,P0013,2025-04-11,HCP00870,Respiratory,Combination Therapy,3.8,3.4,3.9,1.9
R004695,P0025,2025-09-05,HCP01661,Respiratory,Oral Therapy,4.7,4.1,4.7,2.3
R004696,P0119,2025-10-24,HCP00669,Neurology,Injectable,4.4,3.3,3.6,3.9
R004697,P0015,2025-08-20,HCP01478,Oncology,Oral Therapy,3.4,3.6,4.3,2.7
R004698,P0029,2025-12-02,HCP00627,Neurology,Injectable,3.5,5.0,3.3,1.8
R004699,P0098,2026-08-02,HCP02334,Cardiology,Digital Therapeutic,3.1,3.5,4.7,1.2
R004700,P0017,2026-01-13,HCP01277,Immunology,Oral Therapy,3.8,3.0,4.6,2.4
R004701,P0028,2026-05-03,HCP01230,Oncology,Injectable,3.5,4.4,4.4,1.9
R004702,P0096,2026-03-21,HCP01350,Neurology,Combination Therapy,3.7,2.8,4.5,3.6
R004703,P0001,2026-07-09,HCP00567,Respiratory,Injectable,4.9,4.3,4.2,1.8
R004704,P0044,2025-11-08,HCP02066,Immunology,Infusion,5.0,4.2,4.1,3.3
R004705,P0031,2025-12-03,HCP00712,Rare Disease,Infusion,3.2,5.0,3.3,2.4
R004706,P0025,2025-10-13,HCP02291,Respiratory,Injectable,4.4,4.1,3.6,2.1
R004707,P0048,2025-07-24,HCP02088,Oncology,Combination Therapy,4.3,3.6,4.5,2.2
R004708,P0027,2026-01-05,HCP00773,Cardiology,Combination Therapy,3.2,3.8,4.5,3.6
R004709,P0093,2025-02-11,HCP01388,Respiratory,Injectable,4.9,5.0,4.6,3.2
R004710,P0017,2026-01-17,HCP00830,Immunology,Combination Therapy,2.4,3.8,3.7,2.7
R004711,P0048,2025-05-24,HCP00345,Oncology,Infusion,4.6,3.7,5.0,1.9
R004712,P0010,2025-04-01,HCP00703,Diabetes,Digital Therapeutic,3.6,3.8,3.9,3.1
R004713,P0013,2025-03-25,HCP02175,Respiratory,Injectable,2.8,4.1,4.3,2.6
R004714,P0082,2026-03-17,HCP00756,Neurology,Injectable,3.5,3.5,5.0,2.1
R004715,P0055,2025-12-11,HCP02320,Diabetes,Combination Therapy,5.0,3.1,3.7,1.6
R004716,P0053,2025-04-14,HCP01822,Respiratory,Injectable,5.0,3.3,4.5,2.0
R004717,P0033,2026-03-18,HCP01118,Oncology,Infusion,3.0,3.2,3.0,1.5
R004718,P0018,2025-05-27,HCP01573,Immunology,Digital Therapeutic,3.7,3.7,3.8,1.7
R004719,P0106,2026-01-14,HCP02207,Respiratory,Injectable,3.5,3.4,4.4,4.9
R004720,P0096,2026-03-16,HCP00195,Neurology,Digital Therapeutic,3.7,3.7,3.6,1.0
R004721,P0056,2025-07-24,HCP02005,Immunology,Injectable,5.0,3.7,4.0,3.3
R004722,P0003,2025-09-21,HCP01432,Respiratory,Infusion,3.4,4.0,4.1,2.9
R004723,P0108,2025-03-14,HCP02449,Diabetes,Combination Therapy,3.0,3.1,4.1,1.1
R004724,P0052,2025-10-18,HCP02120,Oncology,Digital Therapeutic,3.3,5.0,2.6,3.2
R004725,P0023,2025-06-20,HCP02239,Respiratory,Combination Therapy,3.5,4.7,5.0,4.4
R004726,P0016,2026-05-13,HCP00151,Cardiology,Oral Therapy,4.4,4.2,3.3,2.5
R004727,P0120,2026-05-30,HCP01135,Immunology,Combination Therapy,3.8,4.3,3.5,3.3
R004728,P0004,2025-06-10,HCP02264,Diabetes,Infusion,4.3,3.0,2.9,2.4
R004729,P0045,2026-01-24,HCP00678,Neurology,Digital Therapeutic,4.6,3.4,3.3,2.9
R004730,P0067,2025-05-10,HCP00643,Immunology,Injectable,3.5,3.5,4.0,1.0
R004731,P0036,2025-11-16,HCP01669,Respiratory,Digital Therapeutic,3.6,2.8,4.6,2.5
R004732,P0019,2026-04-22,HCP00820,Respiratory,Combination Therapy,4.1,3.5,3.6,2.5
R004733,P0078,2025-11-27,HCP01471,Cardiology,Infusion,3.2,5.0,4.1,2.1
R004734,P0009,2026-04-29,HCP00999,Immunology,Infusion,3.7,3.9,4.2,3.8
R004735,P0117,2025-10-10,HCP01128,Immunology,Infusion,4.6,4.9,3.2,2.5
R004736,P0058,2025-07-12,HCP00356,Respiratory,Injectable,3.8,4.8,2.8,2.4
R004737,P0089,2025-02-24,HCP02085,Neurology,Infusion,4.8,3.1,3.3,2.2
R004738,P0102,2026-01-14,HCP00247,Cardiology,Oral Therapy,2.9,3.8,4.8,2.1
R004739,P0095,2025-12-17,HCP00425,Cardiology,Digital Therapeutic,4.0,3.5,3.4,2.4
R004740,P0059,2025-09-29,HCP00602,Cardiology,Combination Therapy,4.2,4.5,3.5,2.2
R004741,P0010,2025-04-04,HCP00687,Diabetes,Digital Therapeutic,4.0,4.1,4.2,2.9
R004742,P0010,2025-03-04,HCP00014,Diabetes,Combination Therapy,3.5,5.0,4.4,3.0
R004743,P0043,2026-03-21,HCP02398,Immunology,Infusion,2.5,3.9,3.2,3.8
R004744,P0037,2025-11-03,HCP01444,Neurology,Digital Therapeutic,4.7,4.4,4.4,2.1
R004745,P0107,2025-12-09,HCP01224,Diabetes,Infusion,2.5,3.3,4.3,1.6
R004746,P0054,2025-09-13,HCP00337,Neurology,Infusion,2.6,2.8,3.6,2.6
R004747,P0120,2026-05-15,HCP01584,Immunology,Digital Therapeutic,4.2,4.3,2.7,2.7
R004748,P0034,2025-04-27,HCP00234,Respiratory,Digital Therapeutic,3.4,3.9,4.5,3.3
R004749,P0117,2025-11-15,HCP00682,Immunology,Oral Therapy,3.8,4.2,4.2,1.3
R004750,P0041,2026-05-18,HCP01409,Respiratory,Digital Therapeutic,2.6,4.8,4.1,2.4
R004751,P0120,2026-02-19,HCP02457,Immunology,Infusion,3.9,4.0,3.0,3.5
R004752,P0061,2026-06-09,HCP01482,Immunology,Oral Therapy,4.4,4.4,5.0,3.3
R004753,P0003,2025-09-13,HCP01196,Respiratory,Oral Therapy,2.4,4.5,3.3,3.6
R004754,P0114,2026-05-20,HCP01650,Cardiology,Oral Therapy,3.9,3.7,3.6,2.2
R004755,P0025,2025-07-09,HCP01832,Respiratory,Combination Therapy,4.5,3.4,4.6,1.0
R004756,P0097,2025-09-29,HCP01260,Cardiology,Injectable,2.6,5.0,4.0,2.7
R004757,P0099,2026-07-27,HCP00848,Rare Disease,Infusion,3.8,4.1,4.1,2.9
R004758,P0025,2025-08-02,HCP02211,Respiratory,Injectable,3.7,4.0,3.2,1.9
R004759,P0069,2026-04-02,HCP00763,Immunology,Digital Therapeutic,4.0,3.1,3.1,2.8
R004760,P0095,2025-11-14,HCP00313,Cardiology,Infusion,3.5,4.0,4.2,2.6
R004761,P0114,2026-08-08,HCP00731,Cardiology,Combination Therapy,2.5,4.0,3.7,1.2
R004762,P0048,2025-08-04,HCP01966,Oncology,Injectable,3.4,3.1,5.0,3.4
R004763,P0050,2025-06-29,HCP00192,Diabetes,Combination Therapy,3.2,4.3,3.2,1.1
R004764,P0098,2026-05-30,HCP01029,Cardiology,Digital Therapeutic,3.6,3.6,3.7,3.1
R004765,P0059,2025-10-20,HCP00102,Cardiology,Digital Therapeutic,4.7,2.3,4.1,1.7
R004766,P0075,2026-03-27,HCP02259,Neurology,Digital Therapeutic,2.4,3.4,3.7,2.7
R004767,P0014,2025-02-11,HCP00828,Cardiology,Combination Therapy,4.5,4.5,3.4,2.6
R004768,P0082,2026-03-09,HCP00587,Neurology,Combination Therapy,5.0,3.2,4.0,2.6
R004769,P0041,2026-03-17,HCP01734,Respiratory,Combination Therapy,5.0,5.0,5.0,3.5
R004770,P0044,2025-08-25,HCP02370,Immunology,Infusion,5.0,4.1,3.5,3.3
R004771,P0109,2025-11-26,HCP00133,Diabetes,Digital Therapeutic,3.9,5.0,2.9,1.8
R004772,P0086,2026-03-14,HCP02168,Diabetes,Injectable,3.8,3.0,4.3,2.5
R004773,P0067,2025-07-02,HCP00982,Immunology,Infusion,2.2,3.0,3.7,3.0
R004774,P0068,2025-08-01,HCP00433,Immunology,Oral Therapy,3.5,3.6,3.3,3.0
R004775,P0103,2026-01-29,HCP00183,Respiratory,Infusion,4.7,2.9,4.4,3.0
R004776,P0075,2026-02-15,HCP01088,Neurology,Infusion,2.5,3.5,4.3,2.6
R004777,P0026,2026-07-17,HCP00604,Diabetes,Combination Therapy,3.0,4.9,3.5,3.3
R004778,P0066,2026-02-05,HCP00608,Diabetes,Oral Therapy,3.8,3.6,2.9,3.2
R004779,P0076,2025-07-06,HCP00468,Cardiology,Infusion,2.3,2.7,4.6,2.8
R004780,P0007,2026-04-27,HCP00356,Diabetes,Combination Therapy,5.0,4.0,3.5,2.3
R004781,P0016,2026-05-19,HCP01966,Cardiology,Digital Therapeutic,4.2,4.7,4.1,4.0
R004782,P0057,2025-09-07,HCP00971,Immunology,Infusion,4.0,2.5,3.9,2.2
R004783,P0070,2026-06-24,HCP02004,Immunology,Infusion,4.4,2.9,4.3,1.7
R004784,P0007,2026-07-09,HCP01338,Diabetes,Digital Therapeutic,3.4,3.8,4.1,2.2
R004785,P0055,2025-12-05,HCP00197,Diabetes,Digital Therapeutic,3.9,3.0,4.8,2.7
R004786,P0021,2026-06-21,HCP01004,Rare Disease,Infusion,2.9,3.7,4.4,2.2
R004787,P0081,2026-01-15,HCP00217,Oncology,Infusion,1.7,4.8,2.7,1.7
R004788,P0058,2025-09-22,HCP00830,Respiratory,Oral Therapy,3.7,3.5,3.8,2.4
R004789,P0012,2026-05-26,HCP02059,Oncology,Injectable,5.0,4.1,4.1,3.5
R004790,P0049,2025-02-14,HCP00820,Neurology,Digital Therapeutic,5.0,4.2,3.7,1.3
R004791,P0112,2025-03-22,HCP00596,Respiratory,Infusion,3.5,3.2,4.8,2.6
R004792,P0006,2025-07-20,HCP00403,Cardiology,Infusion,3.5,3.1,4.3,1.5
R004793,P0049,2025-04-12,HCP00333,Neurology,Combination Therapy,2.4,4.5,2.8,1.5
R004794,P0017,2026-01-22,HCP00557,Immunology,Infusion,4.6,3.8,3.8,1.0
R004795,P0109,2025-12-01,HCP02274,Diabetes,Infusion,4.1,3.9,4.0,2.5
R004796,P0056,2025-06-13,HCP01324,Immunology,Digital Therapeutic,3.5,3.8,3.5,1.0
R004797,P0076,2025-10-08,HCP01958,Cardiology,Combination Therapy,2.0,3.7,4.4,2.6
R004798,P0117,2025-09-22,HCP00398,Immunology,Injectable,2.2,3.9,4.4,2.4
R004799,P0007,2026-07-23,HCP01523,Diabetes,Oral Therapy,3.8,3.0,4.2,2.9
R004800,P0059,2025-11-03,HCP02074,Cardiology,Digital Therapeutic,2.4,4.1,4.5,1.0
R004801,P0009,2026-05-02,HCP01940,Immunology,Oral Therapy,4.2,3.1,4.9,1.0
R004802,P0093,2025-02-10,HCP01841,Respiratory,Digital Therapeutic,4.2,5.0,4.5,2.1
R004803,P0071,2026-01-26,HCP01880,Immunology,Infusion,2.6,4.2,4.5,2.5
R004804,P0054,2025-09-17,HCP02473,Neurology,Combination Therapy,3.7,4.0,4.0,3.4
R004805,P0035,2026-04-15,HCP00968,Cardiology,Injectable,2.9,3.1,3.6,2.3
R004806,P0024,2026-10-10,HCP00792,Diabetes,Digital Therapeutic,4.5,4.6,5.0,1.8
R004807,P0110,2026-06-18,HCP00236,Rare Disease,Oral Therapy,5.0,3.5,4.3,3.5
R004808,P0003,2025-09-07,HCP00456,Respiratory,Oral Therapy,3.6,4.2,3.4,1.9
R004809,P0016,2026-06-26,HCP01010,Cardiology,Infusion,5.0,3.3,3.9,1.1
R004810,P0046,2026-01-10,HCP00189,Immunology,Digital Therapeutic,4.6,2.5,3.8,2.8
R004811,P0048,2025-05-25,HCP01894,Oncology,Oral Therapy,3.6,4.9,4.5,2.5
R004812,P0111,2026-01-18,HCP00875,Immunology,Digital Therapeutic,4.2,4.2,3.8,3.3
R004813,P0038,2025-11-06,HCP00809,Diabetes,Digital Therapeutic,2.6,3.5,3.0,1.6
R004814,P0039,2026-08-26,HCP02303,Respiratory,Oral Therapy,3.8,5.0,4.4,2.5
R004815,P0029,2025-12-03,HCP00150,Neurology,Combination Therapy,3.4,3.8,3.7,1.9
R004816,P0045,2026-01-27,HCP01478,Neurology,Digital Therapeutic,4.9,4.6,2.5,2.7
R004817,P0033,2026-03-01,HCP01498,Oncology,Injectable,3.2,2.7,4.6,1.9
R004818,P0084,2026-05-12,HCP02397,Immunology,Injectable,2.8,3.6,3.1,2.5
R004819,P0096,2026-03-15,HCP01024,Neurology,Injectable,2.8,3.6,3.4,3.5
R004820,P0089,2025-02-09,HCP02286,Neurology,Digital Therapeutic,4.4,3.1,4.1,2.6
R004821,P0097,2025-10-22,HCP01690,Cardiology,Digital Therapeutic,3.5,3.2,4.1,2.2
R004822,P0074,2026-02-12,HCP00950,Immunology,Injectable,2.3,3.9,3.6,3.8
R004823,P0083,2025-05-15,HCP01323,Immunology,Infusion,4.6,3.7,4.2,2.4
R004824,P0041,2026-05-15,HCP01095,Respiratory,Oral Therapy,2.4,3.7,4.5,2.7
R004825,P0120,2026-06-20,HCP01507,Immunology,Infusion,3.2,3.4,3.4,3.3
R004826,P0114,2026-10-29,HCP00749,Cardiology,Injectable,3.5,4.5,4.0,2.3
R004827,P0007,2026-05-23,HCP00825,Diabetes,Injectable,2.8,2.9,4.1,2.4
R004828,P0043,2026-03-12,HCP01855,Immunology,Injectable,2.3,3.8,4.8,2.4
R004829,P0084,2026-06-14,HCP02454,Immunology,Oral Therapy,4.4,3.5,4.1,2.8
R004830,P0036,2025-10-21,HCP01424,Respiratory,Combination Therapy,4.3,3.4,2.8,4.7
R004831,P0062,2025-06-29,HCP00824,Immunology,Infusion,3.7,2.3,5.0,3.5
R004832,P0102,2025-12-06,HCP00159,Cardiology,Digital Therapeutic,4.0,3.8,4.1,3.4
R004833,P0107,2026-02-28,HCP02347,Diabetes,Combination Therapy,2.3,3.4,4.2,1.7
R004834,P0113,2026-06-24,HCP02297,Neurology,Oral Therapy,4.1,4.0,3.9,2.1
R004835,P0078,2025-11-06,HCP00519,Cardiology,Injectable,4.1,5.0,4.2,3.0
R004836,P0115,2025-08-15,HCP01964,Neurology,Injectable,4.1,3.9,4.3,1.0
R004837,P0078,2026-01-14,HCP01694,Cardiology,Digital Therapeutic,4.1,4.1,4.5,1.8
R004838,P0064,2025-09-26,HCP02333,Cardiology,Combination Therapy,4.5,3.3,3.9,3.6
R004839,P0025,2025-07-24,HCP01259,Respiratory,Digital Therapeutic,3.6,3.9,2.4,3.4
R004840,P0105,2026-02-07,HCP00624,Neurology,Infusion,3.8,3.7,3.7,2.8
R004841,P0031,2025-12-26,HCP00855,Rare Disease,Injectable,2.6,3.2,3.9,3.1
R004842,P0023,2025-08-18,HCP01883,Respiratory,Infusion,4.3,3.2,3.5,4.5
R004843,P0092,2026-02-14,HCP00506,Cardiology,Digital Therapeutic,3.1,4.1,3.3,2.3
R004844,P0107,2025-12-21,HCP01585,Diabetes,Infusion,3.2,3.3,3.7,4.4
R004845,P0118,2025-11-08,HCP02068,Immunology,Digital Therapeutic,3.4,3.1,4.5,2.9
R004846,P0091,2025-07-05,HCP00308,Rare Disease,Injectable,2.8,4.7,4.2,2.3
R004847,P0116,2026-02-27,HCP01321,Rare Disease,Infusion,3.6,4.9,3.1,3.8
R004848,P0048,2025-07-26,HCP00649,Oncology,Injectable,4.4,3.1,2.8,1.8
R004849,P0013,2025-03-14,HCP01245,Respiratory,Infusion,2.8,4.5,2.8,2.6
R004850,P0030,2026-02-12,HCP00480,Cardiology,Oral Therapy,3.7,2.7,4.1,2.3
R004851,P0020,2026-03-31,HCP00799,Cardiology,Digital Therapeutic,4.3,3.1,3.0,3.9
R004852,P0092,2026-02-20,HCP00384,Cardiology,Digital Therapeutic,1.6,2.9,3.9,2.2
R004853,P0051,2025-09-24,HCP00989,Rare Disease,Digital Therapeutic,5.0,3.4,4.4,2.3
R004854,P0052,2026-01-10,HCP01624,Oncology,Injectable,3.3,3.8,4.2,2.4
R004855,P0111,2026-02-12,HCP00763,Immunology,Infusion,2.9,2.9,3.8,1.0
R004856,P0118,2025-12-01,HCP02166,Immunology,Infusion,3.8,3.5,5.0,3.6
R004857,P0018,2025-03-05,HCP01514,Immunology,Combination Therapy,3.1,3.1,3.6,2.5
R004858,P0103,2026-04-13,HCP02470,Respiratory,Combination Therapy,3.6,4.0,4.1,2.1
R004859,P0077,2025-10-02,HCP01689,Neurology,Infusion,3.1,3.9,3.7,3.2
R004860,P0095,2026-01-13,HCP00538,Cardiology,Infusion,4.7,4.8,3.9,2.3
R004861,P0114,2026-06-21,HCP01417,Cardiology,Oral Therapy,5.0,2.6,4.5,2.8
R004862,P0041,2026-05-12,HCP01686,Respiratory,Injectable,4.3,4.6,4.4,1.7
R004863,P0097,2025-09-20,HCP01188,Cardiology,Oral Therapy,3.9,4.6,2.8,1.9
R004864,P0086,2025-12-19,HCP00196,Diabetes,Infusion,3.2,3.4,3.3,2.7
R004865,P0080,2026-05-15,HCP00452,Neurology,Injectable,4.6,3.5,4.5,2.0
R004866,P0091,2025-08-23,HCP00598,Rare Disease,Injectable,3.0,4.0,3.1,1.1
R004867,P0093,2025-03-06,HCP01033,Respiratory,Combination Therapy,4.0,4.5,3.3,3.8
R004868,P0050,2025-08-23,HCP02119,Diabetes,Digital Therapeutic,3.3,2.4,4.2,1.2
R004869,P0112,2025-05-25,HCP00063,Respiratory,Digital Therapeutic,2.6,3.5,4.6,3.3
R004870,P0012,2026-04-29,HCP02354,Oncology,Digital Therapeutic,3.5,4.1,4.5,2.3
R004871,P0023,2025-06-10,HCP01323,Respiratory,Injectable,2.9,3.8,2.9,3.5
R004872,P0089,2025-02-18,HCP02427,Neurology,Injectable,5.0,3.8,3.8,2.5
R004873,P0056,2025-05-14,HCP01703,Immunology,Combination Therapy,3.1,2.7,3.7,2.4
R004874,P0036,2025-10-07,HCP01162,Respiratory,Infusion,3.6,3.4,3.6,2.9
R004875,P0062,2025-07-27,HCP00291,Immunology,Digital Therapeutic,3.1,3.5,3.0,2.5
R004876,P0016,2026-06-02,HCP01840,Cardiology,Infusion,2.6,3.2,4.9,2.7
R004877,P0001,2026-08-08,HCP01523,Respiratory,Oral Therapy,4.3,4.6,3.9,2.4
R004878,P0006,2025-08-06,HCP00923,Cardiology,Combination Therapy,3.6,3.5,3.3,3.3
R004879,P0108,2025-04-07,HCP02042,Diabetes,Oral Therapy,5.0,3.2,4.2,1.9
R004880,P0040,2026-05-16,HCP01753,Neurology,Injectable,4.6,5.0,3.9,3.8
R004881,P0109,2025-11-14,HCP00721,Diabetes,Digital Therapeutic,3.8,4.1,4.5,2.8
R004882,P0062,2025-06-27,HCP00381,Immunology,Infusion,4.0,3.9,3.7,3.5
R004883,P0037,2025-10-21,HCP01647,Neurology,Combination Therapy,3.6,3.7,3.7,1.9
R004884,P0005,2025-01-25,HCP00306,Immunology,Combination Therapy,2.8,3.3,4.0,4.3
R004885,P0013,2025-04-05,HCP01314,Respiratory,Digital Therapeutic,2.5,3.2,4.4,3.1
R004886,P0068,2025-08-26,HCP02460,Immunology,Injectable,2.8,3.0,3.3,4.3
R004887,P0074,2025-09-23,HCP01856,Immunology,Oral Therapy,4.8,3.6,3.1,2.2
R004888,P0108,2025-03-08,HCP00779,Diabetes,Digital Therapeutic,3.9,2.7,4.3,1.6
R004889,P0024,2026-08-12,HCP02403,Diabetes,Injectable,4.2,4.4,4.2,2.4
R004890,P0072,2026-07-09,HCP02243,Immunology,Digital Therapeutic,4.4,3.3,4.0,3.2
R004891,P0011,2025-04-10,HCP01229,Respiratory,Infusion,3.5,4.4,4.0,3.6
R004892,P0063,2025-08-15,HCP00057,Rare Disease,Oral Therapy,3.2,3.2,4.0,2.0
R004893,P0022,2026-06-29,HCP02227,Cardiology,Injectable,5.0,4.1,4.9,3.5
R004894,P0028,2026-04-18,HCP02079,Oncology,Combination Therapy,4.2,2.8,4.1,2.8
R004895,P0050,2025-03-16,HCP02441,Diabetes,Injectable,2.3,3.4,3.9,3.4
R004896,P0053,2025-07-23,HCP02342,Respiratory,Digital Therapeutic,2.2,3.4,3.3,1.5
R004897,P0014,2025-03-18,HCP01231,Cardiology,Digital Therapeutic,4.3,4.0,3.7,1.8
R004898,P0073,2026-05-09,HCP00039,Immunology,Infusion,2.9,2.9,4.3,1.3
R004899,P0049,2025-04-28,HCP00988,Neurology,Digital Therapeutic,3.6,4.8,4.5,2.5
R004900,P0104,2025-06-25,HCP00974,Cardiology,Infusion,1.8,3.8,3.0,3.4
R004901,P0074,2025-11-24,HCP00752,Immunology,Digital Therapeutic,3.3,3.8,4.6,3.7
R004902,P0106,2026-01-19,HCP02021,Respiratory,Injectable,4.5,2.8,3.9,1.9
R004903,P0003,2025-08-04,HCP02024,Respiratory,Combination Therapy,3.2,4.0,5.0,2.9
R004904,P0055,2026-01-04,HCP00012,Diabetes,Injectable,2.7,4.6,4.8,2.9
R004905,P0101,2026-06-16,HCP02285,Cardiology,Infusion,3.5,3.1,3.9,1.0
R004906,P0023,2025-05-05,HCP00763,Respiratory,Combination Therapy,3.7,3.4,3.2,2.8
R004907,P0027,2026-02-09,HCP00440,Cardiology,Digital Therapeutic,3.4,3.6,3.3,1.0
R004908,P0085,2025-12-10,HCP00646,Respiratory,Infusion,2.4,3.6,3.6,2.4
R004909,P0003,2025-07-31,HCP00159,Respiratory,Oral Therapy,4.0,3.1,5.0,1.9
R004910,P0115,2025-05-12,HCP00335,Neurology,Injectable,3.2,4.1,3.8,3.0
R004911,P0114,2026-05-17,HCP00736,Cardiology,Infusion,3.8,4.6,4.1,3.1
R004912,P0115,2025-07-06,HCP00220,Neurology,Combination Therapy,2.9,3.7,3.9,3.7
R004913,P0094,2025-05-22,HCP00432,Cardiology,Combination Therapy,4.8,3.2,3.8,2.6
R004914,P0120,2026-04-05,HCP00623,Immunology,Infusion,4.3,3.0,3.7,2.8
R004915,P0117,2025-08-14,HCP01917,Immunology,Injectable,3.4,5.0,4.9,1.7
R004916,P0031,2025-12-29,HCP00500,Rare Disease,Oral Therapy,4.0,3.5,4.5,2.0
R004917,P0019,2026-05-21,HCP02297,Respiratory,Infusion,5.0,4.2,3.0,2.0
R004918,P0101,2026-05-24,HCP02437,Cardiology,Oral Therapy,4.7,2.6,2.9,2.4
R004919,P0055,2026-02-20,HCP00843,Diabetes,Oral Therapy,5.0,3.3,4.5,4.3
R004920,P0007,2026-05-28,HCP00056,Diabetes,Combination Therapy,4.2,4.6,4.7,2.6
R004921,P0054,2025-09-19,HCP00723,Neurology,Infusion,3.2,3.2,3.4,3.7
R004922,P0002,2025-10-18,HCP00324,Cardiology,Injectable,4.2,3.2,3.7,3.0
R004923,P0070,2026-06-04,HCP00080,Immunology,Infusion,5.0,4.0,4.7,3.2
R004924,P0081,2025-12-05,HCP02018,Oncology,Injectable,4.2,3.3,4.4,2.7
R004925,P0006,2025-07-26,HCP00273,Cardiology,Combination Therapy,3.0,4.2,4.0,2.4
R004926,P0015,2025-09-12,HCP01907,Oncology,Infusion,3.8,3.3,4.4,2.7
R004927,P0109,2025-10-07,HCP01669,Diabetes,Digital Therapeutic,4.3,3.7,3.8,1.8
R004928,P0047,2025-09-01,HCP01171,Respiratory,Infusion,3.8,4.3,3.7,2.0
R004929,P0007,2026-06-06,HCP00799,Diabetes,Infusion,4.3,3.5,4.7,2.5
R004930,P0002,2025-10-23,HCP00964,Cardiology,Infusion,3.2,2.9,3.6,2.6
R004931,P0048,2025-07-27,HCP00776,Oncology,Digital Therapeutic,3.5,3.5,3.7,1.0
R004932,P0011,2025-06-04,HCP00866,Respiratory,Combination Therapy,4.0,3.1,5.0,1.6
R004933,P0017,2026-01-09,HCP00672,Immunology,Injectable,4.0,3.5,3.4,3.0
R004934,P0026,2026-04-07,HCP02434,Diabetes,Injectable,3.2,3.8,5.0,3.2
R004935,P0085,2026-02-09,HCP02297,Respiratory,Digital Therapeutic,1.6,3.8,4.1,1.0
R004936,P0067,2025-09-21,HCP02168,Immunology,Oral Therapy,1.3,4.4,4.0,2.7
R004937,P0094,2025-04-30,HCP02099,Cardiology,Infusion,3.7,3.3,4.3,5.0
R004938,P0040,2026-05-11,HCP00655,Neurology,Combination Therapy,3.9,3.8,4.5,3.5
R004939,P0010,2025-03-31,HCP02168,Diabetes,Digital Therapeutic,3.5,4.8,4.9,1.4
R004940,P0068,2025-06-27,HCP01153,Immunology,Injectable,3.7,4.0,3.8,2.6
R004941,P0116,2026-05-15,HCP00409,Rare Disease,Infusion,5.0,4.5,4.3,2.7
R004942,P0078,2025-11-14,HCP01865,Cardiology,Combination Therapy,3.3,3.8,3.7,2.3
R004943,P0030,2026-01-31,HCP02411,Cardiology,Infusion,4.0,4.4,3.6,3.4
R004944,P0001,2026-08-23,HCP02063,Respiratory,Combination Therapy,5.0,3.7,4.1,3.5
R004945,P0010,2025-03-17,HCP00047,Diabetes,Combination Therapy,2.8,2.8,4.5,2.0
R004946,P0102,2026-01-01,HCP00305,Cardiology,Digital Therapeutic,5.0,4.3,3.4,3.1
R004947,P0035,2026-05-01,HCP00330,Cardiology,Digital Therapeutic,4.5,4.1,2.9,1.9
R004948,P0007,2026-05-04,HCP02390,Diabetes,Oral Therapy,3.4,3.8,3.3,2.4
R004949,P0041,2026-06-28,HCP01327,Respiratory,Injectable,1.5,3.1,3.7,3.9
R004950,P0105,2025-12-24,HCP02049,Neurology,Oral Therapy,4.9,4.9,4.8,1.7
R004951,P0051,2025-08-25,HCP00342,Rare Disease,Infusion,5.0,4.4,3.4,3.2
R004952,P0118,2025-11-28,HCP01259,Immunology,Oral Therapy,3.1,3.4,4.3,1.3
R004953,P0061,2026-06-12,HCP00931,Immunology,Digital Therapeutic,5.0,4.8,4.7,2.0
R004954,P0109,2025-11-20,HCP01252,Diabetes,Infusion,2.3,4.8,3.5,1.9
R004955,P0025,2025-09-24,HCP01675,Respiratory,Combination Therapy,3.9,3.7,4.9,1.7
R004956,P0066,2026-03-25,HCP01268,Diabetes,Digital Therapeutic,3.5,3.2,4.4,1.2
R004957,P0058,2025-09-01,HCP00184,Respiratory,Injectable,2.6,4.1,3.4,1.3
R004958,P0093,2025-03-06,HCP02040,Respiratory,Injectable,3.5,3.7,3.7,1.0
R004959,P0017,2026-01-22,HCP02271,Immunology,Infusion,3.7,5.0,3.5,1.8
R004960,P0021,2026-04-30,HCP01367,Rare Disease,Oral Therapy,2.7,3.1,3.8,1.7
R004961,P0027,2025-11-05,HCP00457,Cardiology,Digital Therapeutic,4.3,4.9,4.2,2.5
R004962,P0113,2026-07-15,HCP02032,Neurology,Oral Therapy,3.1,3.5,3.6,3.7
R004963,P0108,2025-05-18,HCP01499,Diabetes,Combination Therapy,3.4,3.6,4.2,2.9
R004964,P0003,2025-09-23,HCP02159,Respiratory,Infusion,4.9,3.2,4.1,2.8
R004965,P0051,2025-09-17,HCP01539,Rare Disease,Infusion,3.1,3.9,3.3,1.9
R004966,P0067,2025-08-29,HCP01757,Immunology,Oral Therapy,1.8,3.2,4.2,2.9
R004967,P0108,2025-05-07,HCP01962,Diabetes,Digital Therapeutic,3.5,3.6,4.7,3.0
R004968,P0056,2025-07-03,HCP00118,Immunology,Digital Therapeutic,3.8,2.9,3.8,1.9
R004969,P0093,2025-01-26,HCP00611,Respiratory,Infusion,3.5,2.4,4.5,3.4
R004970,P0096,2026-03-23,HCP01120,Neurology,Injectable,4.4,3.6,3.3,2.2
R004971,P0062,2025-08-04,HCP01769,Immunology,Combination Therapy,4.0,4.7,5.0,2.2
R004972,P0090,2025-08-09,HCP00640,Neurology,Infusion,3.2,4.0,4.4,2.8
R004973,P0009,2026-05-06,HCP01124,Immunology,Digital Therapeutic,4.3,3.7,4.4,1.3
R004974,P0040,2026-07-12,HCP00109,Neurology,Digital Therapeutic,4.1,5.0,3.6,2.0
R004975,P0103,2026-03-09,HCP01582,Respiratory,Infusion,4.1,2.2,4.4,2.4
R004976,P0020,2026-05-20,HCP01622,Cardiology,Infusion,3.6,4.0,4.3,1.9
R004977,P0062,2025-07-12,HCP01369,Immunology,Digital Therapeutic,3.9,3.2,4.5,2.9
R004978,P0096,2026-01-15,HCP01283,Neurology,Combination Therapy,3.8,3.8,4.8,1.8
R004979,P0062,2025-07-04,HCP02497,Immunology,Digital Therapeutic,3.4,3.2,3.7,1.9
R004980,P0118,2025-12-03,HCP00153,Immunology,Combination Therapy,4.1,3.3,4.8,3.3
R004981,P0103,2026-03-10,HCP01774,Respiratory,Injectable,4.2,4.0,4.5,2.5
R004982,P0012,2026-04-17,HCP01555,Oncology,Oral Therapy,4.2,3.7,3.2,3.1
R004983,P0064,2025-09-20,HCP01127,Cardiology,Oral Therapy,4.2,3.3,5.0,3.0
R004984,P0088,2025-12-05,HCP00476,Respiratory,Oral Therapy,1.8,2.9,3.6,4.1
R004985,P0090,2025-07-24,HCP02337,Neurology,Infusion,4.5,4.3,4.1,2.1
R004986,P0062,2025-07-24,HCP02344,Immunology,Combination Therapy,2.9,3.6,4.2,1.3
R004987,P0049,2025-02-01,HCP00851,Neurology,Oral Therapy,4.7,2.9,3.4,1.0
R004988,P0038,2025-10-23,HCP01743,Diabetes,Digital Therapeutic,2.5,2.6,4.6,1.9
R004989,P0043,2026-02-22,HCP00271,Immunology,Combination Therapy,5.0,4.0,3.7,3.4
R004990,P0002,2025-12-27,HCP00010,Cardiology,Combination Therapy,1.8,3.6,3.2,3.1
R004991,P0104,2025-06-13,HCP02416,Cardiology,Combination Therapy,4.0,3.9,3.5,2.3
R004992,P0087,2026-05-05,HCP02179,Oncology,Oral Therapy,3.4,5.0,2.8,4.4
R004993,P0035,2026-04-30,HCP00023,Cardiology,Oral Therapy,4.1,4.4,3.1,1.3
R004994,P0016,2026-06-12,HCP00163,Cardiology,Combination Therapy,5.0,3.8,4.6,3.4
R004995,P0063,2025-09-04,HCP00379,Rare Disease,Oral Therapy,3.9,2.6,3.0,2.0
R004996,P0103,2025-12-21,HCP00030,Respiratory,Combination Therapy,4.5,4.9,4.2,4.1
R004997,P0120,2026-06-21,HCP00933,Immunology,Combination Therapy,5.0,3.8,3.6,2.1
R004998,P0032,2026-03-06,HCP00989,Rare Disease,Injectable,3.2,5.0,4.7,3.5
R004999,P0053,2025-07-11,HCP01657,Respiratory,Combination Therapy,4.0,3.2,4.0,2.3
R005000,P0072,2026-08-11,HCP00390,Immunology,Oral Therapy,4.9,2.9,3.2,4.8
R005001,P0072,2026-05-21,HCP02195,Immunology,Oral Therapy,4.0,4.8,4.4,2.7
R005002,P0035,2026-05-03,HCP02045,Cardiology,Injectable,3.2,4.0,3.7,2.5
R005003,P0098,2026-03-28,HCP01751,Cardiology,Injectable,4.1,4.7,4.4,2.8
R005004,P0085,2025-12-08,HCP02362,Respiratory,Infusion,3.8,2.9,4.2,3.1
R005005,P0100,2025-03-16,HCP00480,Neurology,Injectable,4.1,2.9,3.3,3.9
R005006,P0015,2025-08-30,HCP01959,Oncology,Injectable,3.3,3.1,3.9,3.8
R005007,P0082,2026-04-25,HCP01091,Neurology,Injectable,3.9,1.9,3.6,1.0
R005008,P0042,2025-09-03,HCP00921,Rare Disease,Oral Therapy,3.6,3.4,3.8,2.3
R005009,P0092,2026-02-08,HCP01701,Cardiology,Digital Therapeutic,3.3,2.5,3.9,1.9
R005010,P0062,2025-07-24,HCP00731,Immunology,Combination Therapy,4.8,3.9,3.0,3.2
R005011,P0063,2025-09-03,HCP00047,Rare Disease,Infusion,3.3,3.7,4.2,2.0
R005012,P0071,2026-02-02,HCP00857,Immunology,Injectable,3.1,3.2,3.8,4.3
R005013,P0027,2026-01-22,HCP01950,Cardiology,Combination Therapy,2.7,4.2,3.2,1.7
R005014,P0070,2026-08-19,HCP00217,Immunology,Combination Therapy,3.6,3.9,3.2,1.2
R005015,P0106,2026-03-26,HCP02136,Respiratory,Infusion,3.6,4.7,2.9,2.7
R005016,P0010,2025-03-12,HCP02259,Diabetes,Injectable,4.3,5.0,5.0,3.2
R005017,P0021,2026-05-19,HCP01184,Rare Disease,Digital Therapeutic,2.7,3.9,4.0,1.6
R005018,P0005,2025-01-09,HCP00611,Immunology,Combination Therapy,2.3,4.1,4.2,3.6
R005019,P0058,2025-07-18,HCP02032,Respiratory,Oral Therapy,2.1,4.2,4.9,1.9
R005020,P0029,2025-12-08,HCP00626,Neurology,Injectable,4.1,5.0,5.0,2.2
R005021,P0071,2025-12-31,HCP00521,Immunology,Combination Therapy,4.6,2.8,3.5,2.6
R005022,P0005,2025-01-15,HCP01790,Immunology,Oral Therapy,4.5,3.4,3.7,2.0
R005023,P0013,2025-04-03,HCP00797,Respiratory,Injectable,3.3,2.8,3.3,4.3
R005024,P0027,2025-12-09,HCP01545,Cardiology,Combination Therapy,3.8,3.4,3.9,1.3
R005025,P0079,2026-06-20,HCP00572,Oncology,Combination Therapy,1.8,3.5,2.8,1.2
R005026,P0008,2025-10-16,HCP02398,Neurology,Injectable,5.0,3.2,4.8,1.8
R005027,P0064,2025-09-15,HCP00554,Cardiology,Combination Therapy,4.7,4.1,4.3,1.5
R005028,P0064,2025-10-24,HCP02454,Cardiology,Injectable,4.5,4.2,3.9,1.1
R005029,P0039,2026-08-29,HCP01896,Respiratory,Injectable,2.9,3.8,3.0,2.7
R005030,P0013,2025-03-17,HCP01044,Respiratory,Infusion,3.4,4.0,4.9,1.4
R005031,P0086,2026-01-11,HCP01712,Diabetes,Infusion,3.5,5.0,3.7,2.4
R005032,P0050,2025-06-04,HCP02303,Diabetes,Digital Therapeutic,5.0,4.1,5.0,2.1
R005033,P0072,2026-04-23,HCP01567,Immunology,Injectable,4.5,2.9,3.8,3.7
R005034,P0093,2025-02-01,HCP02388,Respiratory,Digital Therapeutic,3.5,3.2,4.0,1.4
R005035,P0002,2025-09-17,HCP02296,Cardiology,Oral Therapy,4.2,3.2,3.2,2.9
R005036,P0093,2025-02-10,HCP02141,Respiratory,Oral Therapy,2.9,4.8,4.8,2.4
R005037,P0011,2025-03-10,HCP02297,Respiratory,Injectable,2.5,3.4,2.9,1.9
R005038,P0068,2025-08-05,HCP02332,Immunology,Combination Therapy,3.6,3.1,4.5,2.4
R005039,P0011,2025-04-10,HCP00059,Respiratory,Digital Therapeutic,2.7,3.0,4.9,2.9
R005040,P0004,2025-02-10,HCP01500,Diabetes,Oral Therapy,2.3,3.4,2.9,1.1
R005041,P0050,2025-05-12,HCP01669,Diabetes,Oral Therapy,3.7,3.4,4.6,2.7
R005042,P0065,2025-06-03,HCP00286,Immunology,Combination Therapy,3.5,3.3,4.9,2.5
R005043,P0038,2025-10-04,HCP01660,Diabetes,Infusion,2.8,4.4,4.3,3.2
R005044,P0031,2025-12-19,HCP02149,Rare Disease,Digital Therapeutic,3.4,3.6,4.4,2.9
R005045,P0022,2026-07-06,HCP01853,Cardiology,Injectable,4.0,3.7,4.2,4.0
R005046,P0069,2026-03-22,HCP00769,Immunology,Injectable,3.5,4.3,4.0,3.5
R005047,P0049,2025-05-07,HCP01226,Neurology,Oral Therapy,3.8,4.4,3.3,2.3
R005048,P0110,2026-07-30,HCP02313,Rare Disease,Infusion,3.6,3.4,4.0,3.8
R005049,P0053,2025-06-01,HCP00676,Respiratory,Infusion,5.0,4.6,3.8,2.7
R005050,P0072,2026-07-20,HCP01299,Immunology,Infusion,4.8,3.8,5.0,3.5
R005051,P0115,2025-05-17,HCP02095,Neurology,Combination Therapy,3.8,3.4,4.0,2.4
R005052,P0113,2026-08-02,HCP01225,Neurology,Digital Therapeutic,3.0,4.4,4.0,2.8
R005053,P0060,2025-08-10,HCP00272,Cardiology,Combination Therapy,3.2,4.1,4.1,1.0
R005054,P0026,2026-07-03,HCP02079,Diabetes,Digital Therapeutic,2.6,4.0,4.3,2.7
R005055,P0048,2025-05-25,HCP00853,Oncology,Oral Therapy,3.0,3.5,3.5,3.0
R005056,P0033,2026-06-13,HCP00971,Oncology,Infusion,4.3,3.8,4.6,3.0
R005057,P0059,2025-10-08,HCP02107,Cardiology,Combination Therapy,3.2,3.3,3.9,1.0
R005058,P0018,2025-05-30,HCP00266,Immunology,Digital Therapeutic,3.6,3.7,4.5,2.2
R005059,P0049,2025-03-26,HCP01866,Neurology,Oral Therapy,4.7,3.5,3.4,1.8
R005060,P0010,2025-03-21,HCP01960,Diabetes,Oral Therapy,4.2,4.0,3.9,2.5
R005061,P0117,2025-09-06,HCP02236,Immunology,Oral Therapy,3.8,4.9,5.0,1.0
R005062,P0002,2025-12-10,HCP00727,Cardiology,Digital Therapeutic,3.6,3.7,5.0,1.8
R005063,P0107,2026-03-07,HCP00059,Diabetes,Infusion,3.5,4.3,4.4,2.6
R005064,P0112,2025-04-06,HCP02115,Respiratory,Infusion,4.5,3.9,3.3,2.1
R005065,P0116,2026-03-12,HCP00387,Rare Disease,Combination Therapy,4.0,4.6,2.8,4.0
R005066,P0055,2026-04-03,HCP02290,Diabetes,Combination Therapy,3.5,5.0,4.4,2.2
R005067,P0093,2025-03-07,HCP01780,Respiratory,Oral Therapy,2.6,3.4,5.0,2.4
R005068,P0113,2026-06-02,HCP00980,Neurology,Combination Therapy,4.1,2.6,3.7,1.0
R005069,P0101,2026-05-25,HCP00929,Cardiology,Combination Therapy,4.0,2.9,3.9,1.6
R005070,P0104,2025-03-26,HCP01677,Cardiology,Oral Therapy,2.4,4.5,4.2,3.3
R005071,P0059,2025-10-07,HCP02132,Cardiology,Combination Therapy,3.6,4.0,5.0,2.0
R005072,P0090,2025-06-24,HCP00045,Neurology,Digital Therapeutic,4.0,3.1,4.1,2.4
R005073,P0026,2026-06-12,HCP00053,Diabetes,Injectable,3.5,4.9,4.1,2.0
R005074,P0111,2026-02-05,HCP01986,Immunology,Digital Therapeutic,5.0,3.6,3.8,3.1
R005075,P0057,2025-08-31,HCP01023,Immunology,Oral Therapy,5.0,3.5,4.1,1.4
R005076,P0032,2026-04-25,HCP01149,Rare Disease,Digital Therapeutic,2.6,3.6,4.7,2.0
R005077,P0036,2025-11-22,HCP00025,Respiratory,Injectable,3.5,4.7,3.6,2.9
R005078,P0103,2026-03-10,HCP00661,Respiratory,Injectable,4.5,3.3,4.6,2.2
R005079,P0024,2026-06-02,HCP01503,Diabetes,Digital Therapeutic,3.6,4.7,4.7,1.0
R005080,P0082,2026-03-07,HCP02189,Neurology,Digital Therapeutic,4.3,4.2,3.5,2.4
R005081,P0034,2025-03-19,HCP00317,Respiratory,Injectable,3.1,4.8,4.5,1.0
R005082,P0072,2026-06-06,HCP01024,Immunology,Oral Therapy,2.4,4.3,5.0,2.4
R005083,P0065,2025-05-20,HCP01843,Immunology,Digital Therapeutic,4.3,4.0,3.2,3.2
R005084,P0075,2026-04-22,HCP02059,Neurology,Combination Therapy,3.4,4.3,3.9,1.9
R005085,P0028,2026-05-07,HCP01224,Oncology,Combination Therapy,5.0,3.9,4.2,3.4
R005086,P0109,2025-11-02,HCP01052,Diabetes,Infusion,4.5,3.3,4.3,3.1
R005087,P0107,2026-03-15,HCP02085,Diabetes,Infusion,2.8,4.3,3.4,3.2
R005088,P0112,2025-04-28,HCP02374,Respiratory,Oral Therapy,4.3,3.7,3.2,1.0
R005089,P0060,2025-08-08,HCP01920,Cardiology,Injectable,3.6,4.7,3.5,2.2
R005090,P0022,2026-07-17,HCP01677,Cardiology,Digital Therapeutic,4.1,4.7,4.1,3.0
R005091,P0067,2025-07-30,HCP01730,Immunology,Digital Therapeutic,3.1,4.2,3.7,2.0
R005092,P0010,2025-03-03,HCP01668,Diabetes,Injectable,4.0,4.5,4.6,1.0
R005093,P0085,2025-12-16,HCP01292,Respiratory,Combination Therapy,4.6,4.1,4.8,3.4
R005094,P0033,2026-03-24,HCP00310,Oncology,Injectable,4.4,4.2,3.4,3.3
R005095,P0024,2026-09-25,HCP02239,Diabetes,Digital Therapeutic,4.6,3.4,4.2,3.7
R005096,P0098,2026-04-12,HCP01869,Cardiology,Digital Therapeutic,5.0,4.0,4.1,1.0
R005097,P0080,2026-04-28,HCP00865,Neurology,Infusion,3.3,4.1,5.0,2.3
R005098,P0012,2026-05-16,HCP01301,Oncology,Injectable,5.0,4.1,3.7,2.1
R005099,P0105,2026-02-19,HCP00188,Neurology,Digital Therapeutic,4.0,4.0,4.3,1.6
R005100,P0080,2026-05-25,HCP01796,Neurology,Injectable,3.4,3.9,5.0,2.6
R005101,P0033,2026-03-02,HCP01028,Oncology,Combination Therapy,3.7,5.0,2.7,2.7
R005102,P0048,2025-05-23,HCP02169,Oncology,Digital Therapeutic,4.5,3.9,5.0,2.2
R005103,P0055,2025-11-30,HCP00561,Diabetes,Infusion,3.4,4.3,3.6,3.9
R005104,P0110,2026-05-07,HCP01758,Rare Disease,Injectable,2.0,3.8,3.1,1.0
R005105,P0067,2025-06-29,HCP00846,Immunology,Oral Therapy,4.4,4.0,4.2,2.9
R005106,P0099,2026-07-15,HCP01248,Rare Disease,Oral Therapy,3.9,3.2,4.1,1.3
R005107,P0004,2025-05-19,HCP00802,Diabetes,Injectable,3.3,3.4,4.4,2.6
R005108,P0061,2026-05-23,HCP02131,Immunology,Injectable,2.6,3.5,4.5,2.9
R005109,P0011,2025-04-16,HCP00519,Respiratory,Digital Therapeutic,4.0,2.8,3.9,3.7
R005110,P0046,2026-01-21,HCP01846,Immunology,Infusion,4.8,3.9,5.0,2.2
R005111,P0067,2025-08-28,HCP00066,Immunology,Oral Therapy,2.9,3.2,4.9,2.6
R005112,P0101,2026-05-27,HCP01912,Cardiology,Infusion,3.9,3.1,4.3,1.0
R005113,P0034,2025-04-08,HCP01181,Respiratory,Digital Therapeutic,5.0,5.0,4.2,3.5
R005114,P0030,2026-01-04,HCP02279,Cardiology,Infusion,4.5,4.6,4.8,3.0
R005115,P0103,2026-01-17,HCP01023,Respiratory,Digital Therapeutic,3.7,5.0,4.0,2.6
R005116,P0066,2025-12-28,HCP00346,Diabetes,Combination Therapy,3.6,3.8,3.2,2.6
R005117,P0088,2025-12-25,HCP01697,Respiratory,Infusion,3.3,3.6,3.9,1.9
R005118,P0112,2025-04-21,HCP01248,Respiratory,Injectable,3.8,4.1,3.8,2.1
R005119,P0006,2025-08-04,HCP00109,Cardiology,Digital Therapeutic,3.4,4.1,4.1,1.8
R005120,P0073,2026-07-06,HCP00310,Immunology,Combination Therapy,3.5,3.6,3.2,1.7
R005121,P0010,2025-02-27,HCP01230,Diabetes,Digital Therapeutic,3.6,3.3,3.3,2.6
R005122,P0112,2025-05-17,HCP01875,Respiratory,Infusion,2.3,4.3,4.8,3.8
R005123,P0053,2025-03-31,HCP02460,Respiratory,Oral Therapy,3.6,2.7,4.1,2.1
R005124,P0054,2025-09-12,HCP01080,Neurology,Digital Therapeutic,5.0,4.3,3.8,2.6
R005125,P0023,2025-06-11,HCP02377,Respiratory,Digital Therapeutic,2.6,3.6,3.7,2.3
R005126,P0076,2025-07-12,HCP01801,Cardiology,Infusion,5.0,4.4,3.9,2.3
R005127,P0066,2026-01-08,HCP01348,Diabetes,Digital Therapeutic,4.6,4.6,4.1,2.2
R005128,P0113,2026-06-17,HCP00305,Neurology,Oral Therapy,4.3,4.2,2.9,3.9
R005129,P0001,2026-08-31,HCP02109,Respiratory,Combination Therapy,3.3,3.0,3.8,2.4
R005130,P0089,2025-04-03,HCP01551,Neurology,Infusion,4.5,2.8,4.1,3.3
R005131,P0115,2025-08-09,HCP01971,Neurology,Combination Therapy,5.0,2.7,3.9,2.4
R005132,P0109,2025-11-17,HCP00283,Diabetes,Digital Therapeutic,4.7,3.5,2.9,4.0
R005133,P0075,2026-03-19,HCP02354,Neurology,Digital Therapeutic,4.0,2.8,4.0,3.7
R005134,P0100,2025-04-03,HCP00883,Neurology,Injectable,3.8,3.8,4.0,3.2
R005135,P0006,2025-09-08,HCP01017,Cardiology,Injectable,3.2,3.2,3.6,3.1
R005136,P0010,2025-03-12,HCP01340,Diabetes,Injectable,3.9,3.4,3.4,3.1
R005137,P0084,2026-04-22,HCP00081,Immunology,Injectable,4.2,3.8,4.1,2.1
R005138,P0032,2026-02-21,HCP01730,Rare Disease,Digital Therapeutic,3.8,4.1,4.1,2.7
R005139,P0086,2025-10-07,HCP00658,Diabetes,Oral Therapy,3.7,3.3,4.3,4.6
R005140,P0089,2025-04-11,HCP01253,Neurology,Digital Therapeutic,3.7,3.5,5.0,2.9
R005141,P0081,2026-01-01,HCP01305,Oncology,Oral Therapy,5.0,4.1,4.4,2.0
R005142,P0107,2025-12-30,HCP01827,Diabetes,Infusion,3.9,3.7,3.5,1.2
R005143,P0027,2026-02-08,HCP02004,Cardiology,Injectable,4.0,3.7,4.8,2.1
R005144,P0097,2025-09-21,HCP00435,Cardiology,Digital Therapeutic,1.7,4.3,3.9,1.5
R005145,P0097,2025-10-22,HCP02018,Cardiology,Injectable,4.6,3.2,3.9,2.8
R005146,P0038,2025-10-20,HCP01605,Diabetes,Combination Therapy,4.3,4.4,3.4,1.3
R005147,P0025,2025-09-12,HCP02286,Respiratory,Combination Therapy,4.2,5.0,4.4,1.1
R005148,P0075,2026-04-09,HCP00965,Neurology,Infusion,4.3,4.0,3.8,2.7
R005149,P0107,2025-12-09,HCP01394,Diabetes,Oral Therapy,3.0,3.5,4.6,1.1
R005150,P0080,2026-04-28,HCP00386,Neurology,Digital Therapeutic,3.5,2.8,4.4,2.7
R005151,P0015,2025-08-10,HCP00878,Oncology,Digital Therapeutic,5.0,3.5,3.5,3.9
R005152,P0053,2025-06-12,HCP02134,Respiratory,Oral Therapy,2.6,4.1,3.4,2.9
R005153,P0048,2025-06-21,HCP01955,Oncology,Infusion,2.6,3.7,4.2,3.1
R005154,P0071,2026-01-07,HCP02440,Immunology,Oral Therapy,2.5,3.8,4.8,3.0
R005155,P0071,2026-01-26,HCP02146,Immunology,Injectable,3.6,3.7,4.7,1.0
R005156,P0119,2025-11-01,HCP00599,Neurology,Digital Therapeutic,5.0,3.5,5.0,1.0
R005157,P0102,2026-02-09,HCP00811,Cardiology,Infusion,4.0,3.8,4.1,2.9
R005158,P0066,2026-03-09,HCP00394,Diabetes,Digital Therapeutic,4.7,3.2,4.6,3.1
R005159,P0018,2025-03-13,HCP01263,Immunology,Infusion,2.1,3.9,4.8,2.9
R005160,P0024,2026-09-07,HCP01912,Diabetes,Injectable,3.1,3.9,5.0,2.8
R005161,P0021,2026-05-26,HCP02063,Rare Disease,Oral Therapy,3.2,4.8,4.3,1.9
R005162,P0061,2026-01-22,HCP02477,Immunology,Digital Therapeutic,5.0,3.3,3.8,2.9
R005163,P0019,2026-03-31,HCP00858,Respiratory,Infusion,3.9,4.3,4.8,3.3
R005164,P0022,2026-06-10,HCP01047,Cardiology,Oral Therapy,3.7,4.4,3.2,2.1
R005165,P0019,2026-04-12,HCP01440,Respiratory,Oral Therapy,4.0,3.6,4.8,1.8
R005166,P0083,2025-05-10,HCP01978,Immunology,Digital Therapeutic,3.6,3.3,4.9,1.3
R005167,P0034,2025-04-17,HCP02402,Respiratory,Combination Therapy,5.0,4.7,4.7,1.3
R005168,P0109,2025-10-19,HCP00368,Diabetes,Injectable,5.0,2.9,3.4,2.1
R005169,P0060,2025-07-10,HCP00856,Cardiology,Combination Therapy,4.7,3.2,4.2,2.7
R005170,P0082,2026-01-21,HCP00571,Neurology,Infusion,4.6,3.0,4.8,3.8
R005171,P0064,2025-12-19,HCP00625,Cardiology,Infusion,3.4,3.3,4.4,2.0
R005172,P0106,2026-03-21,HCP00353,Respiratory,Combination Therapy,4.2,3.6,4.1,1.4
R005173,P0016,2026-06-23,HCP01486,Cardiology,Digital Therapeutic,2.1,4.8,4.2,2.7
R005174,P0088,2026-01-05,HCP01666,Respiratory,Infusion,3.4,3.5,5.0,2.0
R005175,P0070,2026-07-27,HCP01089,Immunology,Oral Therapy,2.5,5.0,3.4,3.6
R005176,P0053,2025-07-29,HCP01469,Respiratory,Infusion,4.2,4.4,3.2,3.1
R005177,P0084,2026-03-16,HCP01732,Immunology,Injectable,3.7,3.4,3.4,3.0
R005178,P0065,2025-06-01,HCP01655,Immunology,Oral Therapy,4.4,3.5,5.0,1.2
R005179,P0076,2025-07-16,HCP02361,Cardiology,Infusion,4.3,3.9,4.5,1.9
R005180,P0064,2025-08-07,HCP00423,Cardiology,Oral Therapy,4.7,3.9,3.7,3.4
R005181,P0015,2025-08-06,HCP02389,Oncology,Combination Therapy,3.1,3.0,5.0,2.3
R005182,P0048,2025-05-19,HCP00204,Oncology,Combination Therapy,2.3,3.3,3.3,1.0
R005183,P0117,2025-11-14,HCP00073,Immunology,Digital Therapeutic,5.0,2.7,3.7,4.0
R005184,P0012,2026-06-05,HCP01335,Oncology,Combination Therapy,3.3,5.0,3.3,2.2
R005185,P0028,2026-04-03,HCP01207,Oncology,Combination Therapy,3.8,3.9,4.1,2.8
R005186,P0085,2026-02-21,HCP01325,Respiratory,Combination Therapy,4.7,3.6,4.4,2.9
R005187,P0018,2025-04-28,HCP02484,Immunology,Oral Therapy,3.5,3.3,4.1,2.4
R005188,P0006,2025-08-12,HCP01054,Cardiology,Combination Therapy,2.8,3.4,4.8,3.6
R005189,P0092,2026-03-20,HCP02120,Cardiology,Injectable,5.0,2.8,3.8,2.3
R005190,P0025,2025-08-26,HCP01708,Respiratory,Oral Therapy,3.3,3.9,3.9,2.2
R005191,P0027,2025-12-12,HCP00159,Cardiology,Combination Therapy,5.0,4.3,4.2,4.7
R005192,P0055,2026-03-17,HCP01047,Diabetes,Digital Therapeutic,4.1,4.9,5.0,1.0
R005193,P0102,2026-02-20,HCP00330,Cardiology,Infusion,4.6,4.4,4.3,2.6
R005194,P0119,2025-09-05,HCP02142,Neurology,Oral Therapy,4.6,4.3,3.9,2.8
R005195,P0032,2026-06-15,HCP00916,Rare Disease,Injectable,3.4,4.6,4.6,3.0
R005196,P0037,2025-06-26,HCP01945,Neurology,Digital Therapeutic,4.3,3.7,3.9,4.3
R005197,P0063,2025-09-18,HCP00185,Rare Disease,Digital Therapeutic,5.0,2.9,4.2,2.6
R005198,P0096,2026-04-21,HCP00840,Neurology,Digital Therapeutic,4.9,4.3,3.9,1.5
R005199,P0009,2026-05-07,HCP02004,Immunology,Injectable,4.8,3.3,3.2,2.7
R005200,P0051,2025-11-05,HCP02236,Rare Disease,Digital Therapeutic,4.4,3.7,3.6,2.5
R005201,P0013,2025-04-19,HCP00066,Respiratory,Oral Therapy,3.7,3.1,5.0,3.6
R005202,P0027,2026-01-21,HCP01231,Cardiology,Injectable,3.1,4.6,4.2,3.1
R005203,P0076,2025-10-14,HCP02191,Cardiology,Oral Therapy,5.0,4.4,4.1,2.3
R005204,P0004,2025-07-10,HCP01162,Diabetes,Combination Therapy,3.3,2.8,4.1,2.1
R005205,P0104,2025-05-14,HCP00750,Cardiology,Injectable,3.4,3.9,3.9,2.9
R005206,P0011,2025-05-17,HCP01803,Respiratory,Infusion,3.8,4.5,4.1,2.7
R005207,P0099,2026-08-02,HCP01981,Rare Disease,Oral Therapy,2.6,3.7,3.8,1.1
R005208,P0051,2025-10-25,HCP02391,Rare Disease,Combination Therapy,3.5,3.8,4.2,1.2
R005209,P0068,2025-08-07,HCP02280,Immunology,Injectable,3.2,4.5,3.4,2.9
R005210,P0049,2025-05-04,HCP00084,Neurology,Infusion,2.6,3.6,4.5,1.6
R005211,P0045,2026-02-22,HCP02030,Neurology,Injectable,2.7,3.7,4.0,1.3
R005212,P0076,2025-09-21,HCP00439,Cardiology,Injectable,3.8,4.4,3.2,2.8
R005213,P0039,2026-08-01,HCP02093,Respiratory,Injectable,4.7,3.1,3.8,1.4
R005214,P0008,2026-01-19,HCP02014,Neurology,Combination Therapy,3.7,3.3,3.8,2.3
R005215,P0002,2025-08-06,HCP00578,Cardiology,Oral Therapy,2.9,2.6,4.7,3.2
R005216,P0035,2026-03-27,HCP01105,Cardiology,Combination Therapy,3.2,5.0,3.9,1.5
R005217,P0027,2025-12-03,HCP01927,Cardiology,Injectable,4.1,3.9,3.5,3.0
R005218,P0003,2025-09-22,HCP02147,Respiratory,Oral Therapy,4.8,4.5,2.7,3.2
R005219,P0012,2026-05-03,HCP02179,Oncology,Combination Therapy,4.6,3.0,3.7,1.6
R005220,P0105,2026-02-10,HCP00879,Neurology,Infusion,4.0,4.7,4.8,3.9
R005221,P0060,2025-07-14,HCP00198,Cardiology,Combination Therapy,5.0,3.6,4.3,1.8
R005222,P0048,2025-06-17,HCP02439,Oncology,Oral Therapy,3.3,4.8,3.5,2.8
R005223,P0111,2026-01-16,HCP02163,Immunology,Oral Therapy,2.8,3.7,3.9,1.5
R005224,P0071,2026-01-24,HCP00540,Immunology,Combination Therapy,3.5,3.0,4.1,1.8
R005225,P0016,2026-05-27,HCP01459,Cardiology,Injectable,4.9,4.6,5.0,3.8
R005226,P0086,2025-11-17,HCP02373,Diabetes,Infusion,4.4,3.8,4.0,4.0
R005227,P0086,2026-01-18,HCP00813,Diabetes,Oral Therapy,4.7,3.0,3.7,3.3
R005228,P0033,2026-02-02,HCP01975,Oncology,Injectable,3.7,2.6,4.3,2.1
R005229,P0081,2026-01-09,HCP01217,Oncology,Infusion,3.9,4.1,4.4,1.6
R005230,P0017,2025-12-25,HCP02436,Immunology,Oral Therapy,3.6,3.8,4.5,1.0
R005231,P0119,2025-09-19,HCP01020,Neurology,Digital Therapeutic,3.1,3.9,4.5,2.7
R005232,P0070,2026-07-22,HCP00405,Immunology,Injectable,3.8,4.0,5.0,1.0
R005233,P0035,2026-03-07,HCP02379,Cardiology,Combination Therapy,3.6,3.7,3.2,2.2
R005234,P0109,2025-10-04,HCP00884,Diabetes,Injectable,3.4,4.1,3.9,2.9
R005235,P0061,2026-07-10,HCP00691,Immunology,Digital Therapeutic,4.3,4.3,4.0,1.6
R005236,P0108,2025-04-13,HCP00495,Diabetes,Combination Therapy,3.9,3.7,3.2,2.4
R005237,P0012,2026-03-13,HCP01027,Oncology,Digital Therapeutic,4.9,4.2,3.3,2.1
R005238,P0037,2025-08-09,HCP02075,Neurology,Combination Therapy,3.1,4.2,3.9,2.9
R005239,P0052,2025-10-24,HCP00860,Oncology,Digital Therapeutic,3.5,4.5,3.8,2.5
R005240,P0032,2026-02-11,HCP00671,Rare Disease,Infusion,2.3,2.2,3.7,1.9
R005241,P0063,2025-09-08,HCP01106,Rare Disease,Combination Therapy,3.0,3.5,2.9,1.2
R005242,P0043,2026-03-22,HCP01315,Immunology,Combination Therapy,4.3,4.2,3.3,4.2
R005243,P0107,2026-02-21,HCP02069,Diabetes,Combination Therapy,4.5,5.0,3.7,1.9
R005244,P0030,2026-02-28,HCP00484,Cardiology,Digital Therapeutic,4.4,4.6,3.9,1.7
R005245,P0023,2025-07-02,HCP00808,Respiratory,Oral Therapy,4.9,4.6,4.2,3.5
R005246,P0116,2026-04-18,HCP01769,Rare Disease,Digital Therapeutic,4.3,5.0,3.9,2.3
R005247,P0086,2026-01-23,HCP01073,Diabetes,Injectable,3.9,3.7,3.6,3.3
R005248,P0005,2025-02-04,HCP01858,Immunology,Injectable,4.4,5.0,4.3,2.5
R005249,P0102,2025-12-25,HCP01105,Cardiology,Digital Therapeutic,3.2,4.3,4.2,2.7
R005250,P0023,2025-08-27,HCP00288,Respiratory,Digital Therapeutic,2.4,3.1,3.4,2.9
R005251,P0083,2025-04-24,HCP02154,Immunology,Oral Therapy,3.5,2.6,5.0,2.4
R005252,P0004,2025-06-12,HCP01715,Diabetes,Combination Therapy,3.6,3.6,2.5,1.6
R005253,P0032,2026-04-14,HCP00339,Rare Disease,Digital Therapeutic,3.9,4.3,4.4,2.1
R005254,P0103,2026-02-28,HCP00414,Respiratory,Combination Therapy,3.1,3.6,4.6,1.0
R005255,P0004,2025-07-17,HCP00850,Diabetes,Combination Therapy,3.3,3.9,4.7,3.1
R005256,P0057,2025-09-15,HCP02386,Immunology,Infusion,4.5,5.0,4.2,1.8
R005257,P0048,2025-06-13,HCP00750,Oncology,Injectable,2.8,3.8,3.1,1.4
R005258,P0028,2026-04-10,HCP02200,Oncology,Oral Therapy,3.7,5.0,5.0,3.1
R005259,P0015,2025-08-09,HCP01221,Oncology,Digital Therapeutic,3.3,4.3,3.1,2.5
R005260,P0048,2025-06-25,HCP00504,Oncology,Injectable,2.4,4.5,3.3,3.5
R005261,P0044,2025-10-18,HCP00289,Immunology,Infusion,3.5,3.6,3.7,1.0
R005262,P0013,2025-02-28,HCP00851,Respiratory,Digital Therapeutic,3.1,3.7,3.2,2.2
R005263,P0086,2025-12-13,HCP00559,Diabetes,Infusion,3.5,3.8,3.2,2.0
R005264,P0013,2025-04-20,HCP01490,Respiratory,Oral Therapy,3.9,3.7,3.4,3.2
R005265,P0046,2026-04-09,HCP02449,Immunology,Combination Therapy,2.0,4.3,2.7,2.7
R005266,P0114,2026-10-03,HCP02018,Cardiology,Infusion,4.7,4.7,4.1,3.9
R005267,P0045,2026-02-05,HCP00776,Neurology,Digital Therapeutic,5.0,5.0,3.7,4.0
R005268,P0084,2026-05-27,HCP02359,Immunology,Digital Therapeutic,3.0,3.3,3.8,3.1
R005269,P0056,2025-06-15,HCP02418,Immunology,Injectable,3.3,3.8,4.2,2.8
R005270,P0077,2025-11-15,HCP01048,Neurology,Combination Therapy,3.1,4.5,3.9,1.2
R005271,P0094,2025-04-27,HCP01219,Cardiology,Combination Therapy,2.9,3.8,3.6,3.0
R005272,P0057,2025-08-28,HCP01223,Immunology,Digital Therapeutic,5.0,2.9,4.3,4.4
R005273,P0079,2026-06-12,HCP01029,Oncology,Combination Therapy,3.6,4.4,3.8,3.7
R005274,P0059,2025-09-27,HCP00392,Cardiology,Digital Therapeutic,4.4,3.2,3.5,2.0
R005275,P0038,2025-10-07,HCP02238,Diabetes,Injectable,4.8,3.9,3.9,2.2
R005276,P0093,2025-02-03,HCP00874,Respiratory,Injectable,4.7,5.0,4.8,4.1
R005277,P0047,2025-08-14,HCP00211,Respiratory,Combination Therapy,4.8,4.3,3.6,1.5
R005278,P0007,2026-06-13,HCP02480,Diabetes,Digital Therapeutic,2.7,4.2,4.4,2.7
R005279,P0033,2026-02-22,HCP00313,Oncology,Infusion,4.6,4.8,3.4,1.9
R005280,P0081,2025-12-23,HCP02344,Oncology,Combination Therapy,3.5,3.7,4.0,2.1
R005281,P0080,2026-05-01,HCP00339,Neurology,Infusion,5.0,4.0,4.2,2.9
R005282,P0067,2025-07-27,HCP01035,Immunology,Infusion,3.1,3.7,3.4,3.0
R005283,P0054,2025-08-29,HCP01302,Neurology,Oral Therapy,2.8,4.4,3.8,2.1
R005284,P0037,2025-08-12,HCP00559,Neurology,Combination Therapy,3.8,2.9,3.4,3.3
R005285,P0006,2025-08-22,HCP01441,Cardiology,Oral Therapy,4.3,3.2,3.4,3.2
R005286,P0026,2026-04-12,HCP01433,Diabetes,Injectable,2.2,3.8,4.0,3.2
R005287,P0120,2026-08-02,HCP02163,Immunology,Digital Therapeutic,3.4,4.2,5.0,2.7
R005288,P0104,2025-07-01,HCP01059,Cardiology,Digital Therapeutic,2.8,5.0,4.3,3.8
R005289,P0010,2025-04-06,HCP02192,Diabetes,Digital Therapeutic,4.5,3.2,4.0,1.6
R005290,P0112,2025-05-11,HCP01882,Respiratory,Combination Therapy,3.3,3.8,4.9,2.7
R005291,P0093,2025-01-23,HCP02021,Respiratory,Infusion,4.7,4.0,3.2,2.2
R005292,P0012,2026-06-18,HCP01575,Oncology,Combination Therapy,3.2,3.0,4.9,2.8
R005293,P0051,2025-09-20,HCP00453,Rare Disease,Infusion,4.0,3.3,3.8,3.5
R005294,P0021,2026-04-14,HCP01652,Rare Disease,Infusion,2.6,2.5,4.2,1.3
R005295,P0087,2026-03-14,HCP01791,Oncology,Injectable,3.7,4.2,4.5,2.5
R005296,P0081,2025-11-12,HCP00936,Oncology,Infusion,2.8,3.2,4.3,2.0
R005297,P0027,2026-01-24,HCP01595,Cardiology,Infusion,5.0,4.7,3.8,3.6
R005298,P0093,2025-02-16,HCP01543,Respiratory,Combination Therapy,4.7,4.1,4.6,3.9
R005299,P0036,2025-10-31,HCP01605,Respiratory,Oral Therapy,3.9,3.7,3.8,1.5
R005300,P0059,2025-10-04,HCP01725,Cardiology,Infusion,4.6,3.3,3.7,3.0
R005301,P0014,2025-03-13,HCP01679,Cardiology,Oral Therapy,3.3,4.1,4.0,5.0
R005302,P0112,2025-04-09,HCP01621,Respiratory,Oral Therapy,4.3,3.6,4.3,2.7
R005303,P0023,2025-08-06,HCP00800,Respiratory,Infusion,3.7,4.2,3.4,2.5
R005304,P0105,2026-01-06,HCP01739,Neurology,Infusion,4.2,4.6,3.4,2.9
R005305,P0102,2026-01-19,HCP00375,Cardiology,Injectable,3.9,3.3,2.9,3.3
R005306,P0016,2026-07-12,HCP02226,Cardiology,Digital Therapeutic,3.7,3.5,3.8,3.8
R005307,P0014,2025-02-28,HCP01985,Cardiology,Oral Therapy,2.2,4.7,4.7,3.9
R005308,P0018,2025-04-14,HCP00671,Immunology,Digital Therapeutic,3.2,4.8,5.0,1.6
R005309,P0101,2026-06-12,HCP00183,Cardiology,Infusion,5.0,3.1,4.2,3.6
R005310,P0011,2025-03-06,HCP00391,Respiratory,Oral Therapy,3.7,3.2,5.0,2.5
R005311,P0074,2026-02-22,HCP01710,Immunology,Combination Therapy,3.2,3.2,4.0,2.3
R005312,P0106,2026-02-13,HCP00087,Respiratory,Infusion,3.8,4.0,4.1,2.3
R005313,P0036,2025-11-22,HCP00248,Respiratory,Infusion,2.5,2.8,3.9,3.2
R005314,P0067,2025-07-17,HCP01751,Immunology,Digital Therapeutic,3.4,3.8,4.0,2.0
R005315,P0010,2025-02-27,HCP01227,Diabetes,Infusion,3.9,3.8,4.0,3.7
R005316,P0113,2026-07-24,HCP00839,Neurology,Digital Therapeutic,4.2,3.4,3.8,2.4
R005317,P0073,2026-06-19,HCP00691,Immunology,Digital Therapeutic,4.1,3.9,5.0,3.2
R005318,P0088,2026-01-05,HCP01265,Respiratory,Injectable,5.0,3.9,4.4,3.0
R005319,P0031,2025-12-30,HCP00748,Rare Disease,Digital Therapeutic,3.2,3.6,3.6,1.6
R005320,P0088,2025-12-07,HCP00184,Respiratory,Digital Therapeutic,2.5,5.0,4.4,1.7
R005321,P0076,2025-10-11,HCP01137,Cardiology,Oral Therapy,3.5,3.5,4.7,3.1
R005322,P0016,2026-06-29,HCP02318,Cardiology,Digital Therapeutic,3.3,3.8,3.2,1.3
R005323,P0069,2026-03-11,HCP01283,Immunology,Injectable,3.9,3.4,4.7,2.6
R005324,P0014,2025-02-20,HCP01472,Cardiology,Oral Therapy,3.5,4.5,4.6,2.1
R005325,P0081,2025-12-08,HCP00831,Oncology,Digital Therapeutic,3.9,3.0,4.3,2.1
R005326,P0112,2025-05-04,HCP00312,Respiratory,Digital Therapeutic,3.9,3.9,5.0,2.8
R005327,P0104,2025-07-04,HCP01864,Cardiology,Infusion,4.5,3.2,4.7,3.7
R005328,P0058,2025-09-17,HCP01016,Respiratory,Digital Therapeutic,3.8,2.6,3.8,3.0
R005329,P0107,2025-12-12,HCP00195,Diabetes,Infusion,3.9,3.3,4.1,1.3
R005330,P0120,2026-05-08,HCP00783,Immunology,Infusion,5.0,3.4,4.9,2.5
R005331,P0055,2026-04-09,HCP00088,Diabetes,Injectable,2.4,4.2,3.7,3.3
R005332,P0039,2026-08-13,HCP02167,Respiratory,Digital Therapeutic,3.9,3.2,3.8,2.2
R005333,P0023,2025-07-06,HCP02474,Respiratory,Infusion,3.7,2.3,4.2,2.4
R005334,P0075,2026-02-05,HCP02191,Neurology,Oral Therapy,3.8,2.4,3.9,2.0
R005335,P0046,2025-12-29,HCP02034,Immunology,Injectable,4.3,3.9,5.0,3.5
R005336,P0069,2026-04-03,HCP01977,Immunology,Injectable,3.1,4.1,4.9,1.6
R005337,P0114,2026-09-10,HCP01179,Cardiology,Digital Therapeutic,3.3,3.9,5.0,2.1
R005338,P0009,2026-05-09,HCP00971,Immunology,Combination Therapy,4.4,3.5,4.8,1.6
R005339,P0036,2025-11-12,HCP00199,Respiratory,Oral Therapy,3.6,4.0,4.2,3.2
R005340,P0063,2025-08-19,HCP02358,Rare Disease,Oral Therapy,2.9,2.5,2.7,1.6
R005341,P0087,2026-03-30,HCP00041,Oncology,Infusion,4.4,2.4,4.3,1.8
R005342,P0111,2026-02-02,HCP00689,Immunology,Combination Therapy,4.3,2.8,3.3,2.2
R005343,P0105,2025-11-29,HCP01076,Neurology,Injectable,3.9,3.7,3.0,2.6
R005344,P0055,2026-01-27,HCP01654,Diabetes,Digital Therapeutic,4.1,4.3,4.8,2.2
R005345,P0067,2025-06-10,HCP02497,Immunology,Digital Therapeutic,4.2,3.1,3.3,2.5
R005346,P0057,2025-10-10,HCP01309,Immunology,Oral Therapy,3.7,3.2,3.6,1.0
R005347,P0013,2025-03-11,HCP02041,Respiratory,Injectable,4.0,4.2,3.7,3.1
R005348,P0085,2025-12-02,HCP01095,Respiratory,Oral Therapy,2.7,3.5,4.1,2.8
R005349,P0099,2026-08-01,HCP02474,Rare Disease,Combination Therapy,3.6,3.9,4.0,2.6
R005350,P0094,2025-05-15,HCP00472,Cardiology,Oral Therapy,4.6,3.9,4.5,1.0
R005351,P0044,2025-12-05,HCP01020,Immunology,Oral Therapy,5.0,2.9,4.4,2.5
R005352,P0100,2025-03-26,HCP00600,Neurology,Digital Therapeutic,3.9,5.0,3.0,1.9
R005353,P0027,2025-11-18,HCP00668,Cardiology,Oral Therapy,3.0,3.2,5.0,1.9
R005354,P0055,2025-12-14,HCP02055,Diabetes,Injectable,3.5,5.0,3.3,2.5
R005355,P0031,2025-11-25,HCP01779,Rare Disease,Infusion,2.5,4.2,3.4,3.6
R005356,P0054,2025-10-01,HCP01672,Neurology,Infusion,4.3,4.0,5.0,4.2
R005357,P0112,2025-03-14,HCP00219,Respiratory,Combination Therapy,3.8,2.8,4.0,3.6
R005358,P0057,2025-09-15,HCP02328,Immunology,Combination Therapy,2.9,4.0,4.7,2.4
R005359,P0091,2025-06-12,HCP02362,Rare Disease,Combination Therapy,3.6,3.7,4.5,4.0
R005360,P0117,2025-09-30,HCP01704,Immunology,Combination Therapy,4.4,3.6,4.3,3.8
R005361,P0019,2026-06-04,HCP01018,Respiratory,Infusion,3.8,2.9,3.5,2.6
R005362,P0112,2025-05-23,HCP00152,Respiratory,Combination Therapy,3.2,4.4,3.9,1.0
R005363,P0014,2025-02-12,HCP01119,Cardiology,Digital Therapeutic,4.6,4.4,5.0,1.7
R005364,P0075,2026-04-24,HCP00291,Neurology,Infusion,4.0,2.6,3.6,1.0
R005365,P0055,2026-03-28,HCP01631,Diabetes,Combination Therapy,3.1,3.4,4.0,2.1
R005366,P0035,2026-07-05,HCP01809,Cardiology,Oral Therapy,3.8,3.6,4.3,2.6
R005367,P0077,2025-09-12,HCP00182,Neurology,Injectable,2.0,4.0,3.7,1.0
R005368,P0109,2025-10-11,HCP00628,Diabetes,Injectable,4.0,3.9,3.6,3.3
R005369,P0009,2026-04-11,HCP01621,Immunology,Infusion,5.0,3.7,3.9,2.7
R005370,P0021,2026-06-19,HCP00622,Rare Disease,Injectable,4.7,4.1,3.9,1.0
R005371,P0061,2026-07-05,HCP02135,Immunology,Infusion,3.6,5.0,3.0,2.7
R005372,P0013,2025-03-14,HCP01016,Respiratory,Combination Therapy,4.0,3.6,4.2,1.0
R005373,P0039,2026-07-11,HCP01684,Respiratory,Digital Therapeutic,4.2,4.5,4.9,4.4
R005374,P0050,2025-06-16,HCP01864,Diabetes,Combination Therapy,4.3,5.0,1.8,1.3
R005375,P0052,2025-11-02,HCP01510,Oncology,Injectable,3.7,4.9,4.1,1.7
R005376,P0083,2025-05-16,HCP01598,Immunology,Injectable,1.9,4.3,2.0,2.1
R005377,P0056,2025-07-20,HCP01436,Immunology,Infusion,3.5,4.3,5.0,2.6
R005378,P0007,2026-05-29,HCP00486,Diabetes,Infusion,3.2,4.1,3.6,2.1
R005379,P0078,2025-12-01,HCP00736,Cardiology,Digital Therapeutic,3.7,5.0,4.0,1.1
R005380,P0038,2025-10-03,HCP02241,Diabetes,Injectable,3.1,3.5,3.3,2.6
R005381,P0002,2025-08-18,HCP00881,Cardiology,Oral Therapy,4.3,3.5,5.0,2.0
R005382,P0095,2026-02-02,HCP02431,Cardiology,Infusion,5.0,3.3,5.0,2.0
R005383,P0052,2026-01-10,HCP01440,Oncology,Combination Therapy,4.6,5.0,3.3,3.9
R005384,P0080,2026-03-19,HCP01980,Neurology,Oral Therapy,3.7,4.9,3.2,2.1
R005385,P0079,2026-06-12,HCP00576,Oncology,Oral Therapy,5.0,3.4,4.5,2.2
R005386,P0011,2025-03-08,HCP00483,Respiratory,Combination Therapy,4.6,3.0,4.6,2.6
R005387,P0100,2025-03-28,HCP00955,Neurology,Injectable,4.4,3.7,3.7,2.9
R005388,P0025,2025-08-10,HCP01985,Respiratory,Infusion,3.3,3.8,3.3,2.7
R005389,P0090,2025-08-22,HCP01717,Neurology,Digital Therapeutic,3.6,4.0,5.0,1.0
R005390,P0088,2025-12-31,HCP01305,Respiratory,Digital Therapeutic,4.2,2.7,3.8,2.2
R005391,P0015,2025-08-03,HCP00453,Oncology,Combination Therapy,5.0,3.3,3.8,2.1
R005392,P0014,2025-02-23,HCP00072,Cardiology,Oral Therapy,5.0,4.7,4.1,1.4
R005393,P0102,2025-12-19,HCP00321,Cardiology,Combination Therapy,4.3,4.2,3.0,1.3
R005394,P0002,2025-10-03,HCP01669,Cardiology,Infusion,3.9,3.3,3.6,3.5
R005395,P0027,2026-02-07,HCP02392,Cardiology,Oral Therapy,4.4,4.5,3.3,2.6
R005396,P0120,2026-07-27,HCP02443,Immunology,Infusion,4.2,4.5,2.7,2.0
R005397,P0014,2025-03-05,HCP01914,Cardiology,Infusion,5.0,5.0,3.4,2.8
R005398,P0074,2026-01-16,HCP01079,Immunology,Oral Therapy,2.8,3.6,4.0,3.6
R005399,P0045,2026-01-15,HCP01797,Neurology,Infusion,3.8,3.3,3.5,3.0
R005400,P0052,2025-12-07,HCP00159,Oncology,Oral Therapy,4.4,3.7,3.9,3.7
R005401,P0016,2026-06-19,HCP00881,Cardiology,Digital Therapeutic,5.0,4.4,3.3,2.7
R005402,P0072,2026-05-30,HCP00577,Immunology,Digital Therapeutic,5.0,2.9,4.4,3.1
R005403,P0041,2026-06-29,HCP02436,Respiratory,Oral Therapy,2.5,3.8,4.6,2.3
R005404,P0081,2025-12-31,HCP01397,Oncology,Infusion,3.1,3.8,4.4,3.6
R005405,P0095,2025-12-13,HCP02348,Cardiology,Injectable,3.7,4.7,4.1,4.0
R005406,P0060,2025-07-23,HCP01978,Cardiology,Digital Therapeutic,2.7,3.4,4.5,2.7
R005407,P0003,2025-08-03,HCP01834,Respiratory,Injectable,5.0,3.7,3.6,1.3
R005408,P0079,2026-07-03,HCP00464,Oncology,Combination Therapy,3.9,4.2,3.5,2.6
R005409,P0060,2025-08-20,HCP00194,Cardiology,Infusion,4.7,3.4,3.9,2.4
R005410,P0086,2025-11-19,HCP00549,Diabetes,Combination Therapy,3.6,3.2,3.6,3.1
R005411,P0095,2026-01-09,HCP02064,Cardiology,Oral Therapy,4.1,5.0,4.9,2.2
R005412,P0022,2026-07-13,HCP02306,Cardiology,Combination Therapy,2.6,4.2,5.0,2.6
R005413,P0014,2025-02-16,HCP01748,Cardiology,Oral Therapy,2.9,4.7,5.0,3.0
R005414,P0051,2026-01-01,HCP02205,Rare Disease,Oral Therapy,2.9,4.3,4.6,1.9
R005415,P0109,2025-12-11,HCP00186,Diabetes,Oral Therapy,2.3,3.7,4.2,2.8
R005416,P0037,2025-07-19,HCP02290,Neurology,Injectable,4.6,3.4,2.7,2.7
R005417,P0052,2025-12-02,HCP00269,Oncology,Combination Therapy,3.7,3.4,3.7,1.0
R005418,P0096,2026-01-24,HCP00440,Neurology,Digital Therapeutic,4.7,3.3,3.5,2.4
R005419,P0098,2026-06-21,HCP02075,Cardiology,Oral Therapy,3.7,3.3,3.6,1.2
R005420,P0093,2025-01-22,HCP02332,Respiratory,Combination Therapy,4.7,3.3,4.9,3.7
R005421,P0113,2026-07-23,HCP00396,Neurology,Injectable,4.6,4.3,4.9,2.0
R005422,P0098,2026-05-08,HCP00850,Cardiology,Combination Therapy,3.6,3.1,3.7,2.1
R005423,P0020,2026-05-05,HCP02066,Cardiology,Injectable,3.9,4.8,3.6,3.2
R005424,P0053,2025-05-29,HCP01293,Respiratory,Digital Therapeutic,4.1,4.3,3.9,1.0
R005425,P0094,2025-06-03,HCP01012,Cardiology,Digital Therapeutic,4.7,4.3,2.8,1.4
R005426,P0070,2026-05-21,HCP01142,Immunology,Combination Therapy,3.7,4.0,4.8,3.6
R005427,P0018,2025-04-30,HCP00735,Immunology,Digital Therapeutic,4.1,4.1,4.5,2.4
R005428,P0085,2025-11-07,HCP02445,Respiratory,Oral Therapy,2.5,3.5,3.2,1.2
R005429,P0021,2026-05-18,HCP01315,Rare Disease,Combination Therapy,3.0,3.2,3.2,1.8
R005430,P0039,2026-06-30,HCP00657,Respiratory,Injectable,3.1,3.5,5.0,1.3
R005431,P0117,2025-08-18,HCP02238,Immunology,Combination Therapy,4.2,2.9,4.6,1.9
R005432,P0118,2025-11-13,HCP02395,Immunology,Oral Therapy,3.2,4.1,5.0,2.1
R005433,P0003,2025-06-17,HCP00161,Respiratory,Combination Therapy,3.8,3.1,3.5,4.1
R005434,P0046,2026-03-11,HCP02398,Immunology,Injectable,3.6,4.3,5.0,1.5
R005435,P0039,2026-08-20,HCP02420,Respiratory,Combination Therapy,3.8,4.3,3.4,1.2
R005436,P0065,2025-05-12,HCP02294,Immunology,Digital Therapeutic,4.5,4.0,4.1,2.2
R005437,P0100,2025-03-22,HCP00356,Neurology,Combination Therapy,3.9,3.4,2.9,2.5
R005438,P0100,2025-03-11,HCP00894,Neurology,Oral Therapy,3.5,3.2,3.7,2.2
R005439,P0017,2025-12-30,HCP02167,Immunology,Digital Therapeutic,4.1,3.3,4.2,2.4
R005440,P0090,2025-06-23,HCP00938,Neurology,Digital Therapeutic,5.0,3.2,3.8,3.9
R005441,P0004,2025-07-08,HCP01091,Diabetes,Combination Therapy,3.8,3.8,4.4,1.5
R005442,P0061,2026-03-14,HCP00511,Immunology,Digital Therapeutic,2.7,3.7,3.5,2.3
R005443,P0069,2026-03-28,HCP01049,Immunology,Oral Therapy,2.6,5.0,4.0,3.8
R005444,P0049,2025-02-21,HCP01189,Neurology,Combination Therapy,3.5,5.0,3.8,4.0
R005445,P0106,2026-01-26,HCP01020,Respiratory,Injectable,2.7,4.9,3.8,2.8
R005446,P0077,2025-09-23,HCP00622,Neurology,Combination Therapy,1.7,3.7,4.6,1.0
R005447,P0118,2025-11-14,HCP00222,Immunology,Digital Therapeutic,3.5,2.8,3.6,3.2
R005448,P0053,2025-04-22,HCP01568,Respiratory,Digital Therapeutic,4.0,3.9,3.9,3.3
R005449,P0049,2025-03-13,HCP00157,Neurology,Digital Therapeutic,4.9,3.6,3.7,2.8
R005450,P0072,2026-06-08,HCP02170,Immunology,Digital Therapeutic,3.7,3.8,5.0,2.1
R005451,P0029,2025-12-05,HCP00182,Neurology,Infusion,4.0,4.1,4.0,1.9
R005452,P0096,2026-02-28,HCP02375,Neurology,Digital Therapeutic,4.1,4.3,4.0,3.3
R005453,P0037,2025-08-07,HCP01387,Neurology,Combination Therapy,3.8,2.6,3.8,2.9
R005454,P0015,2025-08-30,HCP01095,Oncology,Oral Therapy,3.1,4.7,4.3,3.5
R005455,P0057,2025-08-28,HCP02117,Immunology,Combination Therapy,5.0,4.5,3.7,2.3
R005456,P0084,2026-06-29,HCP01079,Immunology,Digital Therapeutic,2.9,3.4,3.7,2.9
R005457,P0065,2025-06-15,HCP00346,Immunology,Infusion,4.1,4.4,3.7,1.6
R005458,P0007,2026-08-01,HCP01287,Diabetes,Combination Therapy,3.0,3.6,4.0,3.9
R005459,P0002,2025-12-09,HCP01221,Cardiology,Combination Therapy,3.8,3.8,4.7,4.1
R005460,P0089,2025-02-21,HCP02280,Neurology,Infusion,4.0,3.7,3.8,2.5
R005461,P0120,2026-07-18,HCP01293,Immunology,Oral Therapy,3.5,3.3,3.2,1.0
R005462,P0026,2026-04-30,HCP00197,Diabetes,Oral Therapy,2.7,2.9,3.0,3.6
R005463,P0116,2026-05-30,HCP00847,Rare Disease,Digital Therapeutic,3.4,5.0,5.0,4.4
R005464,P0060,2025-08-18,HCP00766,Cardiology,Injectable,4.7,4.2,3.5,2.2
R005465,P0017,2025-12-31,HCP00559,Immunology,Injectable,2.4,3.9,5.0,2.2
R005466,P0033,2026-04-17,HCP00493,Oncology,Oral Therapy,5.0,5.0,3.8,2.2
R005467,P0116,2026-04-04,HCP00198,Rare Disease,Injectable,3.8,2.6,3.4,2.2
R005468,P0039,2026-06-04,HCP01938,Respiratory,Digital Therapeutic,4.3,3.6,3.9,3.5
R005469,P0101,2026-06-19,HCP00991,Cardiology,Digital Therapeutic,2.8,3.4,4.4,3.0
R005470,P0076,2025-10-14,HCP00946,Cardiology,Combination Therapy,3.6,3.5,3.9,1.5
R005471,P0097,2025-09-25,HCP01084,Cardiology,Digital Therapeutic,3.1,3.8,3.6,2.3
R005472,P0052,2025-10-04,HCP02411,Oncology,Oral Therapy,4.0,3.5,3.0,2.8
R005473,P0014,2025-02-01,HCP01751,Cardiology,Digital Therapeutic,2.8,2.6,3.6,1.9
R005474,P0059,2025-10-16,HCP02448,Cardiology,Infusion,3.2,3.1,4.3,2.9
R005475,P0114,2026-06-23,HCP01500,Cardiology,Oral Therapy,5.0,3.2,3.0,2.6
R005476,P0120,2026-06-23,HCP02203,Immunology,Digital Therapeutic,4.2,3.5,3.7,3.5
R005477,P0050,2025-05-20,HCP02315,Diabetes,Combination Therapy,4.0,3.1,4.2,3.2
R005478,P0015,2025-09-16,HCP01273,Oncology,Combination Therapy,4.0,3.7,4.8,2.1
R005479,P0026,2026-05-17,HCP01231,Diabetes,Digital Therapeutic,4.9,3.7,3.3,2.5
R005480,P0047,2025-09-12,HCP02328,Respiratory,Injectable,3.6,2.3,5.0,1.8
R005481,P0118,2025-11-09,HCP01805,Immunology,Infusion,4.5,3.0,4.3,4.4
R005482,P0064,2025-12-30,HCP00943,Cardiology,Infusion,1.7,4.0,3.2,3.1
R005483,P0060,2025-07-27,HCP00800,Cardiology,Infusion,3.6,3.7,4.1,1.2
R005484,P0098,2026-05-16,HCP00983,Cardiology,Oral Therapy,3.4,2.6,3.5,2.3
R005485,P0022,2026-06-19,HCP00640,Cardiology,Infusion,3.3,4.4,3.0,1.0
R005486,P0034,2025-04-01,HCP01183,Respiratory,Injectable,4.3,4.2,3.9,2.1
R005487,P0090,2025-07-19,HCP01685,Neurology,Injectable,3.6,5.0,3.9,2.6
R005488,P0048,2025-06-01,HCP01743,Oncology,Injectable,3.6,5.0,4.2,3.3
R005489,P0072,2026-06-08,HCP00106,Immunology,Digital Therapeutic,3.0,3.2,3.4,3.4
R005490,P0099,2026-06-15,HCP00159,Rare Disease,Oral Therapy,3.4,3.7,3.4,1.3
R005491,P0089,2025-02-16,HCP01572,Neurology,Infusion,2.0,3.8,4.6,2.7
R005492,P0064,2025-11-28,HCP01340,Cardiology,Oral Therapy,3.4,4.7,4.5,2.8
R005493,P0009,2026-04-16,HCP00143,Immunology,Combination Therapy,2.5,3.6,3.2,2.6
R005494,P0103,2025-12-06,HCP02415,Respiratory,Injectable,5.0,4.7,2.9,1.1
R005495,P0011,2025-03-25,HCP02446,Respiratory,Combination Therapy,4.3,4.0,3.3,1.8
R005496,P0008,2025-11-07,HCP00169,Neurology,Oral Therapy,4.5,3.2,4.7,2.3
R005497,P0026,2026-04-08,HCP00015,Diabetes,Digital Therapeutic,2.6,3.0,2.1,3.2
R005498,P0035,2026-07-21,HCP00216,Cardiology,Combination Therapy,4.4,4.5,3.6,1.7
R005499,P0096,2026-03-09,HCP01629,Neurology,Oral Therapy,3.1,4.5,4.6,2.0
R005500,P0067,2025-05-28,HCP02360,Immunology,Combination Therapy,3.9,4.6,4.1,2.3
R005501,P0111,2026-01-28,HCP01014,Immunology,Combination Therapy,3.5,2.0,3.9,1.0
R005502,P0015,2025-08-13,HCP02079,Oncology,Combination Therapy,2.5,3.7,4.6,2.1
R005503,P0118,2025-12-19,HCP00526,Immunology,Digital Therapeutic,2.8,4.7,3.9,2.8
R005504,P0058,2025-09-21,HCP00002,Respiratory,Oral Therapy,4.3,2.8,3.6,1.6
R005505,P0072,2026-06-27,HCP01206,Immunology,Oral Therapy,4.2,4.2,4.5,2.1
R005506,P0003,2025-07-24,HCP01129,Respiratory,Injectable,2.5,3.4,5.0,2.0
R005507,P0088,2025-12-02,HCP02492,Respiratory,Digital Therapeutic,4.7,3.1,2.5,3.1
R005508,P0061,2026-06-14,HCP00774,Immunology,Infusion,3.4,3.3,3.5,1.0
R005509,P0090,2025-06-02,HCP01081,Neurology,Oral Therapy,2.6,4.9,3.8,2.0
R005510,P0111,2026-01-21,HCP00419,Immunology,Injectable,3.2,4.4,3.6,3.9
R005511,P0027,2025-12-27,HCP01002,Cardiology,Combination Therapy,2.5,3.7,4.0,3.5
R005512,P0114,2026-06-26,HCP00131,Cardiology,Combination Therapy,3.1,5.0,4.0,3.4
R005513,P0058,2025-09-05,HCP00858,Respiratory,Combination Therapy,3.3,2.5,3.2,3.7
R005514,P0039,2026-06-06,HCP00625,Respiratory,Digital Therapeutic,4.1,3.4,4.4,1.6
R005515,P0085,2026-02-26,HCP00946,Respiratory,Oral Therapy,4.4,4.9,3.9,3.6
R005516,P0001,2026-05-20,HCP01632,Respiratory,Oral Therapy,4.6,3.7,4.8,1.0
R005517,P0082,2026-02-03,HCP01962,Neurology,Combination Therapy,4.4,3.7,4.7,2.0
R005518,P0110,2026-06-11,HCP00760,Rare Disease,Oral Therapy,2.1,3.7,3.9,3.1
R005519,P0026,2026-07-20,HCP02186,Diabetes,Digital Therapeutic,2.5,3.5,4.3,2.7
R005520,P0069,2026-03-24,HCP00770,Immunology,Infusion,4.6,4.4,2.5,2.7
R005521,P0095,2026-02-16,HCP00197,Cardiology,Oral Therapy,3.3,3.2,2.6,1.6
R005522,P0070,2026-07-19,HCP00657,Immunology,Combination Therapy,3.6,5.0,4.7,1.0
R005523,P0112,2025-05-23,HCP00601,Respiratory,Combination Therapy,4.2,2.8,3.9,2.8
R005524,P0098,2026-05-17,HCP00243,Cardiology,Digital Therapeutic,4.8,5.0,4.8,3.4
R005525,P0034,2025-03-12,HCP01648,Respiratory,Combination Therapy,4.1,4.4,4.7,2.6
R005526,P0048,2025-06-04,HCP01483,Oncology,Injectable,3.0,3.3,3.0,2.7
R005527,P0081,2025-10-30,HCP00763,Oncology,Combination Therapy,2.7,4.0,4.4,2.8
R005528,P0051,2025-11-27,HCP01829,Rare Disease,Infusion,2.8,4.4,3.5,1.7
R005529,P0048,2025-06-05,HCP00553,Oncology,Digital Therapeutic,4.7,4.2,3.8,2.4
R005530,P0103,2026-01-01,HCP02451,Respiratory,Infusion,4.4,2.5,3.2,1.4
R005531,P0014,2025-03-05,HCP00875,Cardiology,Combination Therapy,3.7,4.1,4.6,3.4
R005532,P0059,2025-09-22,HCP00567,Cardiology,Digital Therapeutic,2.5,2.8,4.3,1.0
R005533,P0046,2026-03-25,HCP01868,Immunology,Combination Therapy,4.5,4.5,3.6,2.2
R005534,P0089,2025-04-16,HCP00408,Neurology,Infusion,3.9,4.5,3.5,4.1
R005535,P0119,2025-10-31,HCP02398,Neurology,Combination Therapy,3.0,2.8,4.5,2.9
R005536,P0109,2025-12-12,HCP01769,Diabetes,Digital Therapeutic,3.7,2.4,3.5,1.5
R005537,P0043,2026-03-11,HCP00514,Immunology,Injectable,4.1,3.6,3.6,2.9
R005538,P0048,2025-06-05,HCP00808,Oncology,Injectable,3.3,3.6,3.5,3.2
R005539,P0015,2025-09-11,HCP02418,Oncology,Digital Therapeutic,2.8,3.8,3.5,2.6
R005540,P0107,2025-12-11,HCP01272,Diabetes,Oral Therapy,3.9,4.1,4.4,3.0
R005541,P0037,2025-09-23,HCP01372,Neurology,Combination Therapy,3.9,3.7,4.1,1.4
R005542,P0040,2026-06-05,HCP01772,Neurology,Digital Therapeutic,2.1,3.9,3.6,1.9
R005543,P0046,2026-01-07,HCP00642,Immunology,Infusion,3.6,3.2,3.3,2.8
R005544,P0112,2025-04-14,HCP01049,Respiratory,Combination Therapy,3.0,3.1,4.0,2.2
R005545,P0120,2026-05-02,HCP01050,Immunology,Injectable,4.1,4.2,3.8,2.1
R005546,P0037,2025-10-19,HCP00929,Neurology,Combination Therapy,2.3,4.2,4.5,1.6
R005547,P0078,2025-11-30,HCP00786,Cardiology,Oral Therapy,2.6,3.5,3.5,3.8
R005548,P0029,2025-12-21,HCP01100,Neurology,Digital Therapeutic,1.7,3.1,4.3,2.6
R005549,P0056,2025-06-26,HCP01969,Immunology,Injectable,4.1,4.9,3.8,3.4
R005550,P0087,2026-02-15,HCP01143,Oncology,Digital Therapeutic,2.4,5.0,4.2,1.0
R005551,P0061,2026-03-16,HCP00220,Immunology,Injectable,2.6,4.6,5.0,3.3
R005552,P0111,2026-01-29,HCP00002,Immunology,Injectable,3.6,4.2,3.8,1.5
R005553,P0062,2025-07-22,HCP00053,Immunology,Injectable,3.6,3.0,5.0,2.3
R005554,P0093,2025-01-24,HCP00472,Respiratory,Combination Therapy,4.2,4.7,3.9,2.7
R005555,P0056,2025-05-27,HCP01903,Immunology,Infusion,4.3,4.2,3.3,4.3
R005556,P0089,2025-03-10,HCP01524,Neurology,Infusion,4.7,3.1,5.0,4.1
R005557,P0099,2026-04-23,HCP00873,Rare Disease,Injectable,5.0,4.3,5.0,2.4
R005558,P0117,2025-10-04,HCP00044,Immunology,Digital Therapeutic,4.6,3.4,3.4,2.9
R005559,P0041,2026-07-07,HCP00821,Respiratory,Injectable,4.0,4.4,3.5,2.0
R005560,P0067,2025-09-14,HCP00692,Immunology,Infusion,3.9,4.6,4.5,2.5
R005561,P0086,2026-01-25,HCP01244,Diabetes,Injectable,4.2,4.2,4.4,2.5
R005562,P0107,2025-12-20,HCP01102,Diabetes,Combination Therapy,2.0,3.2,3.5,2.8
R005563,P0013,2025-04-05,HCP00431,Respiratory,Injectable,3.6,4.2,3.4,2.0
R005564,P0005,2025-02-01,HCP01105,Immunology,Digital Therapeutic,2.1,4.2,4.2,2.9
R005565,P0011,2025-02-21,HCP00302,Respiratory,Oral Therapy,3.1,3.3,3.9,2.8
R005566,P0016,2026-04-26,HCP00120,Cardiology,Injectable,2.4,3.6,4.4,1.5
R005567,P0034,2025-04-28,HCP02310,Respiratory,Infusion,4.0,5.0,4.4,2.4
R005568,P0033,2026-06-06,HCP02189,Oncology,Combination Therapy,4.2,5.0,4.6,2.0
R005569,P0013,2025-03-19,HCP02489,Respiratory,Infusion,4.7,3.4,2.7,4.3
R005570,P0114,2026-07-06,HCP00227,Cardiology,Oral Therapy,2.9,2.4,5.0,3.7
R005571,P0098,2026-04-05,HCP01695,Cardiology,Combination Therapy,3.1,4.8,4.3,3.4
R005572,P0024,2026-06-29,HCP02190,Diabetes,Injectable,4.6,5.0,3.7,2.1
R005573,P0048,2025-05-26,HCP01005,Oncology,Injectable,3.3,4.9,3.9,4.2
R005574,P0046,2025-12-12,HCP02478,Immunology,Injectable,3.1,3.6,4.4,2.2
R005575,P0102,2026-02-08,HCP02416,Cardiology,Combination Therapy,4.3,4.3,4.2,1.9
R005576,P0005,2025-02-07,HCP00447,Immunology,Injectable,4.1,3.2,4.2,4.5
R005577,P0103,2026-03-17,HCP02167,Respiratory,Combination Therapy,4.5,4.6,3.9,3.1
R005578,P0010,2025-02-24,HCP00177,Diabetes,Combination Therapy,4.1,3.4,5.0,1.8
R005579,P0064,2025-09-18,HCP00389,Cardiology,Combination Therapy,3.4,3.4,4.2,2.2
R005580,P0070,2026-08-04,HCP00303,Immunology,Infusion,4.9,3.7,4.7,3.2
R005581,P0026,2026-05-16,HCP02454,Diabetes,Combination Therapy,4.5,3.4,5.0,2.2
R005582,P0012,2026-04-18,HCP02132,Oncology,Combination Therapy,3.7,4.3,4.6,2.4
R005583,P0052,2025-11-04,HCP00700,Oncology,Injectable,4.5,3.2,4.2,4.0
R005584,P0108,2025-04-25,HCP02431,Diabetes,Injectable,3.7,5.0,2.8,1.9
R005585,P0068,2025-08-17,HCP00321,Immunology,Oral Therapy,2.9,4.2,3.7,2.1
R005586,P0107,2026-04-18,HCP01479,Diabetes,Injectable,3.8,3.6,5.0,5.0
R005587,P0042,2025-11-03,HCP02162,Rare Disease,Infusion,5.0,3.1,4.2,2.9
R005588,P0075,2026-02-28,HCP02369,Neurology,Digital Therapeutic,4.6,3.6,3.1,3.0
R005589,P0105,2026-02-15,HCP00553,Neurology,Infusion,4.1,3.7,3.9,3.9
R005590,P0048,2025-07-08,HCP01925,Oncology,Injectable,2.9,3.6,3.2,3.0
R005591,P0119,2025-10-27,HCP01715,Neurology,Injectable,2.7,3.5,3.7,3.7
R005592,P0107,2026-01-03,HCP01422,Diabetes,Oral Therapy,3.5,3.2,3.7,1.2
R005593,P0072,2026-06-24,HCP02013,Immunology,Injectable,3.2,4.4,3.6,2.9
R005594,P0059,2025-10-29,HCP02286,Cardiology,Oral Therapy,3.7,4.8,4.1,2.4
R005595,P0021,2026-05-29,HCP00369,Rare Disease,Digital Therapeutic,3.8,3.2,2.7,3.0
R005596,P0023,2025-05-16,HCP01171,Respiratory,Injectable,2.5,3.8,4.4,1.0
R005597,P0106,2026-02-22,HCP00526,Respiratory,Oral Therapy,3.0,2.5,4.9,1.2
R005598,P0042,2025-09-17,HCP01030,Rare Disease,Digital Therapeutic,3.4,3.4,2.8,2.5
R005599,P0111,2026-01-17,HCP00946,Immunology,Infusion,4.1,5.0,4.7,3.2
R005600,P0044,2025-11-13,HCP01800,Immunology,Oral Therapy,4.1,4.6,4.4,1.3
R005601,P0031,2025-12-15,HCP01541,Rare Disease,Digital Therapeutic,2.8,4.2,4.2,2.0
R005602,P0070,2026-06-26,HCP01872,Immunology,Digital Therapeutic,2.7,3.0,4.0,2.8
R005603,P0037,2025-09-19,HCP01765,Neurology,Combination Therapy,2.9,3.3,4.1,2.4
R005604,P0049,2025-02-01,HCP00887,Neurology,Digital Therapeutic,4.4,3.4,4.6,3.4
R005605,P0056,2025-07-17,HCP01609,Immunology,Digital Therapeutic,3.3,4.5,4.1,3.5
R005606,P0099,2026-05-29,HCP01190,Rare Disease,Digital Therapeutic,3.8,4.7,5.0,1.6
R005607,P0101,2026-05-16,HCP01343,Cardiology,Digital Therapeutic,4.1,3.8,3.6,2.4
R005608,P0076,2025-09-27,HCP00540,Cardiology,Digital Therapeutic,4.7,4.4,5.0,2.0
R005609,P0114,2026-10-04,HCP00690,Cardiology,Digital Therapeutic,2.7,3.3,3.9,3.6
R005610,P0031,2026-01-06,HCP00300,Rare Disease,Infusion,4.7,4.0,3.7,3.3
R005611,P0079,2026-06-23,HCP00399,Oncology,Oral Therapy,4.2,4.5,4.7,1.7
R005612,P0049,2025-06-02,HCP00880,Neurology,Combination Therapy,5.0,4.9,3.8,3.7
R005613,P0051,2025-10-01,HCP00463,Rare Disease,Combination Therapy,4.9,3.0,5.0,1.3
R005614,P0087,2026-04-15,HCP01232,Oncology,Oral Therapy,3.8,4.8,3.5,2.1
R005615,P0041,2026-03-11,HCP01793,Respiratory,Digital Therapeutic,3.1,5.0,4.8,1.5
R005616,P0030,2026-03-23,HCP00394,Cardiology,Digital Therapeutic,4.3,2.8,4.4,2.1
R005617,P0058,2025-09-11,HCP00523,Respiratory,Injectable,2.7,2.7,3.9,1.0
R005618,P0011,2025-04-30,HCP00408,Respiratory,Injectable,3.9,5.0,3.4,2.5
R005619,P0068,2025-08-25,HCP02029,Immunology,Digital Therapeutic,3.1,3.6,3.4,1.0
R005620,P0086,2026-01-03,HCP00310,Diabetes,Combination Therapy,3.5,3.7,3.4,2.1
R005621,P0019,2026-04-13,HCP02308,Respiratory,Injectable,1.8,4.7,4.7,3.5
R005622,P0049,2025-04-18,HCP02190,Neurology,Digital Therapeutic,3.6,3.2,4.0,2.6
R005623,P0034,2025-03-13,HCP00965,Respiratory,Infusion,3.8,4.0,4.5,4.5
R005624,P0015,2025-09-15,HCP01736,Oncology,Oral Therapy,3.2,2.9,4.1,3.5
R005625,P0016,2026-06-23,HCP00456,Cardiology,Oral Therapy,3.6,4.5,3.3,3.4
R005626,P0058,2025-07-11,HCP00364,Respiratory,Combination Therapy,2.8,4.5,4.2,2.0
R005627,P0066,2026-02-19,HCP01654,Diabetes,Oral Therapy,4.4,4.0,4.4,2.3
R005628,P0068,2025-07-19,HCP01654,Immunology,Oral Therapy,3.7,3.9,2.9,3.0
R005629,P0008,2026-01-26,HCP00756,Neurology,Injectable,5.0,3.9,3.6,2.0
R005630,P0004,2025-06-08,HCP01215,Diabetes,Combination Therapy,3.9,3.7,3.5,2.5
R005631,P0015,2025-08-12,HCP01313,Oncology,Digital Therapeutic,4.0,3.8,3.2,3.5
R005632,P0095,2025-11-10,HCP01414,Cardiology,Infusion,3.3,4.5,4.1,2.6
R005633,P0078,2025-11-20,HCP00711,Cardiology,Digital Therapeutic,4.7,2.6,4.2,1.2
R005634,P0059,2025-11-23,HCP02072,Cardiology,Oral Therapy,3.3,5.0,4.9,3.1
R005635,P0004,2025-05-31,HCP01509,Diabetes,Oral Therapy,5.0,4.0,4.5,2.1
R005636,P0004,2025-06-21,HCP01191,Diabetes,Infusion,5.0,5.0,3.8,2.0
R005637,P0048,2025-07-25,HCP01299,Oncology,Injectable,3.3,4.0,3.8,4.7
R005638,P0104,2025-05-11,HCP00721,Cardiology,Infusion,3.5,3.9,5.0,2.6
R005639,P0014,2025-03-14,HCP00855,Cardiology,Digital Therapeutic,3.1,4.3,4.3,4.4
R005640,P0071,2026-01-31,HCP01951,Immunology,Injectable,2.6,3.0,4.7,1.8
R005641,P0069,2026-02-22,HCP00327,Immunology,Combination Therapy,3.9,3.1,3.1,1.9
R005642,P0116,2026-03-14,HCP00399,Rare Disease,Combination Therapy,3.7,3.7,3.0,2.1
R005643,P0036,2025-10-17,HCP00422,Respiratory,Oral Therapy,4.3,3.9,3.7,2.4
R005644,P0034,2025-04-26,HCP02312,Respiratory,Oral Therapy,3.7,4.6,4.6,2.2
R005645,P0073,2026-08-17,HCP02025,Immunology,Injectable,4.4,3.9,5.0,1.6
R005646,P0050,2025-03-22,HCP02354,Diabetes,Oral Therapy,3.7,4.9,3.5,3.3
R005647,P0021,2026-06-24,HCP00785,Rare Disease,Infusion,3.5,2.0,4.3,2.6
R005648,P0080,2026-03-21,HCP00863,Neurology,Injectable,3.8,5.0,4.3,3.3
R005649,P0116,2026-06-14,HCP00703,Rare Disease,Digital Therapeutic,4.3,3.6,3.2,2.8
R005650,P0110,2026-06-21,HCP01931,Rare Disease,Combination Therapy,3.4,4.3,3.4,4.8
R005651,P0013,2025-04-02,HCP01895,Respiratory,Oral Therapy,4.5,4.7,3.9,2.6
R005652,P0095,2026-01-21,HCP02306,Cardiology,Oral Therapy,3.1,2.9,3.2,3.4
R005653,P0085,2026-03-01,HCP00712,Respiratory,Oral Therapy,3.4,4.9,5.0,3.7
R005654,P0078,2025-12-17,HCP02299,Cardiology,Combination Therapy,2.1,4.4,3.3,1.5
R005655,P0056,2025-06-16,HCP02376,Immunology,Combination Therapy,3.4,5.0,3.7,1.6
R005656,P0096,2026-03-03,HCP00286,Neurology,Digital Therapeutic,2.7,3.9,4.2,1.6
R005657,P0069,2026-04-06,HCP00869,Immunology,Digital Therapeutic,4.2,3.9,4.2,2.2
R005658,P0012,2026-06-15,HCP00420,Oncology,Digital Therapeutic,4.1,3.3,4.4,2.2
R005659,P0016,2026-07-07,HCP02450,Cardiology,Injectable,4.7,3.4,3.3,2.7
R005660,P0087,2026-04-01,HCP01227,Oncology,Infusion,5.0,3.8,3.1,3.9
R005661,P0049,2025-03-15,HCP00031,Neurology,Combination Therapy,3.6,4.3,4.1,1.1
R005662,P0070,2026-09-05,HCP01381,Immunology,Injectable,3.1,4.4,3.4,1.1
R005663,P0097,2025-10-14,HCP00449,Cardiology,Oral Therapy,4.1,3.2,3.5,2.0
R005664,P0033,2026-02-07,HCP00861,Oncology,Injectable,3.4,3.8,3.5,1.6
R005665,P0108,2025-05-03,HCP01438,Diabetes,Infusion,3.2,4.0,3.5,1.2
R005666,P0029,2026-01-26,HCP00192,Neurology,Digital Therapeutic,3.7,2.4,3.1,2.2
R005667,P0054,2025-09-25,HCP02282,Neurology,Infusion,3.2,4.5,3.3,2.7
R005668,P0035,2026-07-15,HCP01074,Cardiology,Infusion,5.0,3.7,3.8,2.4
R005669,P0084,2026-06-11,HCP01616,Immunology,Digital Therapeutic,3.5,3.9,4.7,2.0
R005670,P0015,2025-09-12,HCP00703,Oncology,Injectable,3.7,4.9,5.0,2.5
R005671,P0041,2026-05-31,HCP01921,Respiratory,Digital Therapeutic,4.4,3.2,4.6,1.0
R005672,P0033,2026-03-18,HCP01120,Oncology,Injectable,5.0,3.2,4.2,3.1
R005673,P0087,2026-03-18,HCP01291,Oncology,Oral Therapy,3.5,2.3,4.7,2.5
R005674,P0009,2026-05-15,HCP00684,Immunology,Oral Therapy,2.1,3.8,3.9,2.8
R005675,P0078,2025-12-16,HCP00469,Cardiology,Injectable,3.6,4.6,4.2,2.6
R005676,P0081,2025-09-30,HCP01090,Oncology,Oral Therapy,2.2,2.4,4.5,1.1
R005677,P0088,2025-12-14,HCP00798,Respiratory,Oral Therapy,3.3,3.1,4.4,2.1
R005678,P0062,2025-06-24,HCP01471,Immunology,Infusion,5.0,4.0,4.6,3.7
R005679,P0078,2026-01-06,HCP01475,Cardiology,Combination Therapy,3.0,3.5,4.4,3.0
R005680,P0016,2026-06-11,HCP00901,Cardiology,Combination Therapy,2.8,3.5,3.5,2.3
R005681,P0067,2025-05-13,HCP00337,Immunology,Digital Therapeutic,4.4,4.0,4.4,3.2
R005682,P0084,2026-07-02,HCP00527,Immunology,Combination Therapy,3.5,5.0,3.5,3.4
R005683,P0030,2026-03-13,HCP00677,Cardiology,Digital Therapeutic,4.7,3.9,4.5,3.8
R005684,P0022,2026-07-29,HCP00992,Cardiology,Oral Therapy,3.5,4.0,3.7,3.2
R005685,P0036,2025-10-22,HCP01883,Respiratory,Digital Therapeutic,4.2,4.2,3.2,3.8
R005686,P0060,2025-08-05,HCP00652,Cardiology,Infusion,2.4,2.5,3.1,2.6
R005687,P0006,2025-08-17,HCP01846,Cardiology,Combination Therapy,2.9,4.1,5.0,3.4
R005688,P0111,2026-02-05,HCP00161,Immunology,Injectable,3.5,2.8,3.3,1.6
R005689,P0079,2026-06-26,HCP01632,Oncology,Combination Therapy,3.4,3.9,4.6,3.2
R005690,P0092,2026-03-27,HCP01585,Cardiology,Digital Therapeutic,5.0,4.6,4.4,2.7
R005691,P0102,2026-01-08,HCP01984,Cardiology,Digital Therapeutic,4.6,3.6,4.6,3.1
R005692,P0071,2025-12-21,HCP01585,Immunology,Oral Therapy,4.5,4.6,3.3,3.6
R005693,P0093,2025-01-28,HCP00791,Respiratory,Combination Therapy,3.6,2.6,3.7,1.7
R005694,P0071,2026-01-21,HCP00796,Immunology,Infusion,2.5,4.0,3.4,3.8
R005695,P0093,2025-02-10,HCP02024,Respiratory,Digital Therapeutic,5.0,4.1,4.6,3.1
R005696,P0008,2025-10-17,HCP02399,Neurology,Infusion,2.3,2.0,5.0,2.8
R005697,P0099,2026-05-04,HCP01273,Rare Disease,Oral Therapy,3.2,4.2,4.0,1.4
R005698,P0052,2025-12-10,HCP01973,Oncology,Infusion,4.2,1.8,5.0,2.0
R005699,P0058,2025-09-18,HCP02463,Respiratory,Digital Therapeutic,5.0,4.0,4.2,3.4
R005700,P0037,2025-07-21,HCP02257,Neurology,Oral Therapy,5.0,4.2,3.9,2.5
R005701,P0049,2025-04-19,HCP00086,Neurology,Injectable,4.2,3.5,4.1,3.6
R005702,P0057,2025-07-24,HCP01174,Immunology,Digital Therapeutic,5.0,4.0,4.3,3.3
R005703,P0045,2026-02-11,HCP01504,Neurology,Injectable,3.3,5.0,3.0,1.8
R005704,P0115,2025-07-03,HCP01310,Neurology,Injectable,4.1,3.5,4.2,2.5
R005705,P0062,2025-07-08,HCP01469,Immunology,Oral Therapy,4.9,3.0,3.9,2.4
R005706,P0095,2025-12-24,HCP01729,Cardiology,Infusion,2.5,5.0,3.8,3.3
R005707,P0115,2025-06-13,HCP00571,Neurology,Oral Therapy,4.0,4.0,3.9,2.6
R005708,P0074,2026-01-28,HCP01471,Immunology,Combination Therapy,4.1,4.7,4.6,2.5
R005709,P0041,2026-05-17,HCP01669,Respiratory,Oral Therapy,4.0,2.7,4.0,2.9
R005710,P0085,2026-01-30,HCP01671,Respiratory,Oral Therapy,2.8,2.1,3.3,2.3
R005711,P0002,2025-10-15,HCP01464,Cardiology,Combination Therapy,4.1,3.2,4.0,3.3
R005712,P0088,2025-12-10,HCP01082,Respiratory,Injectable,4.0,3.7,3.8,2.7
R005713,P0002,2025-11-05,HCP00892,Cardiology,Oral Therapy,3.2,3.5,4.0,3.6
R005714,P0055,2026-03-08,HCP00333,Diabetes,Infusion,4.4,3.5,3.9,3.2
R005715,P0034,2025-04-27,HCP01898,Respiratory,Oral Therapy,4.8,2.5,4.2,2.7
R005716,P0104,2025-03-01,HCP02031,Cardiology,Infusion,3.1,4.0,3.1,3.8
R005717,P0078,2026-01-14,HCP02466,Cardiology,Digital Therapeutic,4.1,3.6,3.1,2.0
R005718,P0075,2026-04-08,HCP00969,Neurology,Infusion,4.9,2.3,3.9,2.7
R005719,P0079,2026-05-29,HCP00529,Oncology,Combination Therapy,4.9,3.6,3.8,2.6
R005720,P0089,2025-03-06,HCP01521,Neurology,Digital Therapeutic,3.6,3.7,3.4,2.9
R005721,P0020,2026-05-22,HCP01501,Cardiology,Digital Therapeutic,4.6,4.6,2.7,2.0
R005722,P0002,2025-09-19,HCP00923,Cardiology,Digital Therapeutic,3.5,3.4,4.2,2.6
R005723,P0112,2025-04-07,HCP00857,Respiratory,Digital Therapeutic,4.4,4.5,3.7,2.0
R005724,P0065,2025-06-04,HCP01206,Immunology,Infusion,3.1,4.4,4.2,1.3
R005725,P0081,2025-12-11,HCP01060,Oncology,Oral Therapy,2.4,3.2,4.2,2.4
R005726,P0044,2025-11-30,HCP01598,Immunology,Injectable,4.2,4.3,4.5,2.8
R005727,P0102,2026-02-08,HCP01810,Cardiology,Injectable,4.4,4.6,3.3,1.6
R005728,P0007,2026-06-01,HCP01447,Diabetes,Injectable,4.3,4.6,4.0,2.2
R005729,P0053,2025-04-20,HCP01713,Respiratory,Injectable,3.0,4.1,5.0,3.0
R005730,P0078,2026-01-16,HCP00353,Cardiology,Digital Therapeutic,1.6,3.7,4.2,3.1
R005731,P0056,2025-07-19,HCP00782,Immunology,Combination Therapy,4.4,2.9,5.0,3.2
R005732,P0112,2025-04-26,HCP00589,Respiratory,Infusion,4.9,4.6,4.5,1.6
R005733,P0002,2025-11-18,HCP01997,Cardiology,Infusion,2.1,2.8,3.4,4.5
R005734,P0088,2025-12-08,HCP00435,Respiratory,Injectable,3.4,3.7,5.0,1.1
R005735,P0106,2026-02-28,HCP02169,Respiratory,Digital Therapeutic,2.9,4.6,4.9,2.3
R005736,P0010,2025-03-25,HCP01440,Diabetes,Digital Therapeutic,3.9,3.1,3.2,1.0
R005737,P0077,2025-10-03,HCP00437,Neurology,Oral Therapy,4.8,3.8,3.9,1.6
R005738,P0007,2026-08-07,HCP00987,Diabetes,Infusion,3.5,2.7,5.0,1.7
R005739,P0075,2026-03-09,HCP00139,Neurology,Infusion,3.3,3.6,4.4,3.6
R005740,P0042,2025-10-17,HCP00617,Rare Disease,Infusion,4.0,3.1,2.8,4.0
R005741,P0100,2025-03-11,HCP01505,Neurology,Infusion,1.9,3.3,3.5,2.7
R005742,P0029,2025-12-01,HCP00111,Neurology,Oral Therapy,4.4,4.2,3.5,2.1
R005743,P0045,2026-01-31,HCP01309,Neurology,Digital Therapeutic,4.6,4.3,5.0,1.0
R005744,P0004,2025-06-16,HCP01919,Diabetes,Combination Therapy,3.7,3.4,4.3,1.8
R005745,P0089,2025-03-19,HCP00606,Neurology,Oral Therapy,3.3,4.0,3.8,1.0
R005746,P0005,2025-02-08,HCP00136,Immunology,Combination Therapy,3.5,3.5,3.5,1.9
R005747,P0081,2025-12-24,HCP01559,Oncology,Infusion,3.5,3.6,4.4,2.2
R005748,P0042,2025-11-08,HCP00952,Rare Disease,Combination Therapy,3.7,3.0,3.9,2.7
R005749,P0113,2026-08-12,HCP01025,Neurology,Oral Therapy,2.4,3.4,4.1,2.3
R005750,P0017,2026-01-18,HCP01140,Immunology,Oral Therapy,4.1,2.4,4.4,2.1
R005751,P0077,2025-12-08,HCP01471,Neurology,Oral Therapy,3.4,5.0,4.1,2.0
R005752,P0024,2026-07-19,HCP01133,Diabetes,Infusion,3.7,4.6,3.1,2.4
R005753,P0006,2025-08-10,HCP00760,Cardiology,Infusion,3.2,5.0,4.6,3.5
R005754,P0105,2026-01-06,HCP00347,Neurology,Combination Therapy,4.0,4.6,4.7,3.1
R005755,P0106,2026-02-22,HCP02462,Respiratory,Infusion,4.8,4.0,5.0,1.9
R005756,P0120,2026-06-10,HCP01774,Immunology,Combination Therapy,3.9,2.3,3.6,2.2
R005757,P0023,2025-07-20,HCP01657,Respiratory,Injectable,2.3,4.5,4.8,4.3
R005758,P0097,2025-09-24,HCP00568,Cardiology,Oral Therapy,3.7,4.8,4.8,2.0
R005759,P0059,2025-10-20,HCP00050,Cardiology,Combination Therapy,3.9,3.0,4.7,3.1
R005760,P0028,2026-04-14,HCP01573,Oncology,Oral Therapy,3.7,4.2,4.1,3.4
R005761,P0048,2025-05-21,HCP02257,Oncology,Combination Therapy,3.0,3.9,3.4,2.5
R005762,P0022,2026-04-27,HCP00946,Cardiology,Infusion,3.7,3.8,3.8,1.9
R005763,P0074,2026-02-15,HCP00297,Immunology,Infusion,4.4,4.2,3.3,1.0
R005764,P0070,2026-09-05,HCP01303,Immunology,Injectable,3.4,4.1,3.0,3.0
R005765,P0021,2026-05-09,HCP02467,Rare Disease,Injectable,4.9,3.1,4.5,2.7
R005766,P0095,2025-11-19,HCP01131,Cardiology,Injectable,3.1,4.5,3.5,1.8
R005767,P0068,2025-06-26,HCP00846,Immunology,Digital Therapeutic,2.8,2.8,2.7,3.0
R005768,P0079,2026-06-24,HCP02389,Oncology,Infusion,3.5,4.2,4.1,2.6
R005769,P0017,2026-01-17,HCP00600,Immunology,Oral Therapy,2.0,4.0,4.5,1.8
R005770,P0097,2025-09-26,HCP00867,Cardiology,Oral Therapy,3.7,3.3,4.4,1.2
R005771,P0044,2025-07-29,HCP00608,Immunology,Digital Therapeutic,3.4,4.7,3.4,2.1
R005772,P0059,2025-12-01,HCP00383,Cardiology,Digital Therapeutic,4.3,2.5,3.6,3.8
R005773,P0019,2026-05-24,HCP02216,Respiratory,Injectable,2.2,4.0,4.3,3.1
R005774,P0119,2025-10-18,HCP00903,Neurology,Injectable,4.4,3.9,4.6,2.8
R005775,P0063,2025-09-21,HCP01998,Rare Disease,Combination Therapy,3.8,4.9,4.3,2.9
R005776,P0095,2025-12-21,HCP01248,Cardiology,Oral Therapy,5.0,4.3,4.6,1.7
R005777,P0074,2025-09-26,HCP01820,Immunology,Combination Therapy,3.6,2.3,3.9,2.1
R005778,P0007,2026-05-03,HCP00166,Diabetes,Combination Therapy,4.0,3.5,4.3,2.6
R005779,P0084,2026-07-08,HCP01425,Immunology,Oral Therapy,4.2,4.9,4.1,2.4
R005780,P0044,2025-10-17,HCP02297,Immunology,Infusion,2.0,3.7,3.3,1.5
R005781,P0072,2026-07-15,HCP02469,Immunology,Infusion,4.6,3.0,2.9,1.5
R005782,P0068,2025-07-07,HCP00497,Immunology,Combination Therapy,3.6,3.8,3.4,2.4
R005783,P0095,2025-11-18,HCP01915,Cardiology,Infusion,2.6,5.0,3.5,2.1
R005784,P0027,2026-01-24,HCP02327,Cardiology,Oral Therapy,3.6,3.2,4.9,2.3
R005785,P0117,2025-10-28,HCP01835,Immunology,Injectable,4.7,3.1,3.9,2.3
R005786,P0049,2025-05-24,HCP01011,Neurology,Infusion,3.4,3.6,3.5,3.8
R005787,P0087,2026-03-23,HCP00333,Oncology,Injectable,3.8,3.3,3.9,2.1
R005788,P0076,2025-09-29,HCP01389,Cardiology,Infusion,2.0,4.3,4.1,2.9
R005789,P0068,2025-07-01,HCP00065,Immunology,Combination Therapy,3.0,3.6,3.7,1.5
R005790,P0067,2025-06-10,HCP01708,Immunology,Combination Therapy,4.3,4.0,3.6,3.7
R005791,P0074,2025-09-13,HCP01027,Immunology,Injectable,4.6,4.9,3.7,4.1
R005792,P0104,2025-03-17,HCP00163,Cardiology,Oral Therapy,3.9,3.1,4.1,2.1
R005793,P0034,2025-04-01,HCP01760,Respiratory,Combination Therapy,4.2,4.5,3.9,1.4
R005794,P0032,2026-05-05,HCP01035,Rare Disease,Infusion,3.4,4.4,3.7,1.0
R005795,P0119,2025-09-29,HCP01261,Neurology,Infusion,3.7,2.9,3.5,2.7
R005796,P0111,2026-01-26,HCP00705,Immunology,Oral Therapy,2.8,4.8,4.2,2.2
R005797,P0048,2025-06-05,HCP01086,Oncology,Digital Therapeutic,3.3,2.9,3.7,3.8
R005798,P0039,2026-07-26,HCP00422,Respiratory,Combination Therapy,3.7,2.8,4.4,2.8
R005799,P0090,2025-08-08,HCP00471,Neurology,Oral Therapy,2.4,3.2,5.0,1.9
R005800,P0111,2026-01-29,HCP01673,Immunology,Injectable,5.0,3.2,3.3,3.3
R005801,P0114,2026-08-21,HCP02080,Cardiology,Infusion,3.1,3.6,3.8,1.0
R005802,P0030,2026-01-29,HCP00415,Cardiology,Infusion,3.9,3.0,3.0,2.5
R005803,P0026,2026-05-16,HCP00404,Diabetes,Injectable,2.6,4.2,3.8,2.6
R005804,P0061,2026-04-13,HCP01458,Immunology,Digital Therapeutic,1.1,3.7,5.0,2.9
R005805,P0022,2026-05-26,HCP01396,Cardiology,Injectable,5.0,3.9,4.4,2.0
R005806,P0112,2025-04-20,HCP00977,Respiratory,Injectable,3.7,4.3,3.6,2.4
R005807,P0043,2026-06-07,HCP02473,Immunology,Infusion,1.9,4.9,4.3,2.0
R005808,P0034,2025-04-22,HCP02441,Respiratory,Oral Therapy,2.8,3.5,3.3,3.0
R005809,P0117,2025-08-10,HCP01600,Immunology,Combination Therapy,5.0,3.4,3.3,3.2
R005810,P0102,2025-12-02,HCP02267,Cardiology,Infusion,4.1,4.4,4.4,1.7
R005811,P0114,2026-06-03,HCP01141,Cardiology,Combination Therapy,1.5,4.7,3.8,3.2
R005812,P0061,2026-01-22,HCP00019,Immunology,Injectable,3.3,3.9,3.9,1.4
R005813,P0096,2026-04-05,HCP00267,Neurology,Oral Therapy,3.5,3.8,4.0,2.3
R005814,P0051,2025-09-17,HCP02028,Rare Disease,Injectable,4.1,3.7,3.8,3.3
R005815,P0009,2026-04-21,HCP00313,Immunology,Digital Therapeutic,3.7,3.4,4.8,2.1
R005816,P0080,2026-04-13,HCP00422,Neurology,Oral Therapy,2.2,3.5,3.1,2.1
R005817,P0010,2025-04-01,HCP01704,Diabetes,Infusion,3.2,3.7,3.5,2.7
R005818,P0024,2026-08-22,HCP01177,Diabetes,Digital Therapeutic,2.9,4.3,4.1,1.0
R005819,P0036,2025-10-11,HCP00601,Respiratory,Combination Therapy,4.3,4.4,3.2,1.9
R005820,P0080,2026-05-30,HCP02031,Neurology,Digital Therapeutic,3.2,3.2,3.5,2.1
R005821,P0094,2025-06-03,HCP01798,Cardiology,Injectable,3.2,3.8,4.6,2.3
R005822,P0022,2026-07-01,HCP00719,Cardiology,Digital Therapeutic,3.5,3.3,3.5,2.7
R005823,P0089,2025-03-13,HCP00517,Neurology,Digital Therapeutic,3.0,3.6,4.5,2.5
R005824,P0086,2026-03-27,HCP01835,Diabetes,Infusion,5.0,3.9,3.1,3.6
R005825,P0072,2026-04-26,HCP00590,Immunology,Digital Therapeutic,4.7,4.5,5.0,4.1
R005826,P0074,2025-09-08,HCP00603,Immunology,Infusion,4.7,3.7,4.4,2.4
R005827,P0049,2025-05-22,HCP02203,Neurology,Infusion,2.7,4.1,4.5,1.9
R005828,P0017,2025-12-31,HCP02183,Immunology,Digital Therapeutic,4.0,3.1,3.7,3.6
R005829,P0017,2025-12-26,HCP02443,Immunology,Combination Therapy,4.4,3.0,4.0,2.3
R005830,P0013,2025-03-01,HCP01098,Respiratory,Combination Therapy,2.8,3.6,5.0,1.9
R005831,P0058,2025-08-15,HCP01824,Respiratory,Oral Therapy,2.7,5.0,3.3,3.2
R005832,P0073,2026-07-14,HCP00499,Immunology,Injectable,2.9,3.2,3.6,2.5
R005833,P0018,2025-04-13,HCP02476,Immunology,Combination Therapy,2.5,3.9,3.8,3.3
R005834,P0015,2025-08-20,HCP00134,Oncology,Digital Therapeutic,4.6,4.1,4.1,1.9
R005835,P0084,2026-03-15,HCP02143,Immunology,Digital Therapeutic,4.5,3.8,4.4,2.2
R005836,P0076,2025-08-05,HCP01517,Cardiology,Digital Therapeutic,3.4,3.4,4.3,3.3
R005837,P0112,2025-05-23,HCP02346,Respiratory,Infusion,3.6,4.2,3.3,1.0
R005838,P0120,2026-04-08,HCP01708,Immunology,Digital Therapeutic,3.1,3.2,4.5,2.1
R005839,P0119,2025-09-19,HCP00482,Neurology,Combination Therapy,5.0,4.1,4.5,3.4
R005840,P0015,2025-09-12,HCP01702,Oncology,Oral Therapy,3.3,3.4,4.0,2.3
R005841,P0044,2025-07-29,HCP01857,Immunology,Oral Therapy,3.3,4.5,3.6,3.5
R005842,P0057,2025-07-03,HCP01244,Immunology,Digital Therapeutic,3.6,2.5,4.2,1.8
R005843,P0089,2025-04-11,HCP01471,Neurology,Oral Therapy,2.6,3.7,3.8,2.7
R005844,P0111,2026-01-22,HCP01007,Immunology,Infusion,3.9,3.0,4.0,2.2
R005845,P0100,2025-03-17,HCP00672,Neurology,Oral Therapy,4.9,4.4,4.0,1.0
R005846,P0113,2026-07-07,HCP01548,Neurology,Injectable,3.6,4.4,3.4,2.2
R005847,P0003,2025-06-02,HCP01262,Respiratory,Oral Therapy,4.4,2.0,4.0,2.1
R005848,P0004,2025-04-07,HCP00084,Diabetes,Infusion,2.0,2.9,4.7,1.9
R005849,P0050,2025-03-15,HCP01895,Diabetes,Oral Therapy,2.9,4.5,4.4,1.7
R005850,P0097,2025-10-13,HCP00599,Cardiology,Combination Therapy,3.8,3.7,3.9,3.8
R005851,P0040,2026-07-10,HCP00117,Neurology,Digital Therapeutic,2.1,4.2,3.8,1.9
R005852,P0029,2026-01-02,HCP00639,Neurology,Digital Therapeutic,4.0,3.8,5.0,2.8
R005853,P0029,2025-12-04,HCP02234,Neurology,Digital Therapeutic,3.4,3.9,3.4,2.4
R005854,P0090,2025-10-04,HCP01947,Neurology,Oral Therapy,4.0,4.5,4.4,3.2
R005855,P0095,2026-01-14,HCP01058,Cardiology,Infusion,3.5,3.0,4.8,4.1
R005856,P0043,2026-07-05,HCP01104,Immunology,Injectable,3.6,3.5,3.3,3.9
R005857,P0007,2026-09-01,HCP01073,Diabetes,Combination Therapy,1.5,3.1,3.9,2.0
R005858,P0027,2025-12-11,HCP00115,Cardiology,Digital Therapeutic,2.8,4.0,4.7,3.0
R005859,P0035,2026-07-29,HCP00900,Cardiology,Oral Therapy,4.1,2.9,3.5,3.6
R005860,P0057,2025-09-29,HCP02238,Immunology,Combination Therapy,2.5,4.4,4.1,2.2
R005861,P0047,2025-07-31,HCP01573,Respiratory,Infusion,2.9,3.4,3.1,3.4
R005862,P0022,2026-06-22,HCP00964,Cardiology,Infusion,3.3,4.2,3.7,2.5
R005863,P0119,2025-09-29,HCP02468,Neurology,Oral Therapy,3.4,3.3,4.9,1.3
R005864,P0051,2025-12-24,HCP00193,Rare Disease,Infusion,4.3,4.4,3.2,4.3
R005865,P0027,2025-11-03,HCP02160,Cardiology,Injectable,3.9,4.6,2.9,1.0
R005866,P0048,2025-06-25,HCP01047,Oncology,Injectable,3.1,4.3,4.0,1.3
R005867,P0090,2025-06-14,HCP01259,Neurology,Injectable,2.2,3.2,4.3,2.1
R005868,P0116,2026-02-24,HCP02374,Rare Disease,Oral Therapy,5.0,4.8,3.7,3.3
R005869,P0054,2025-10-10,HCP02331,Neurology,Combination Therapy,3.7,4.3,3.8,3.0
R005870,P0066,2026-02-24,HCP02004,Diabetes,Infusion,4.5,3.4,4.5,4.2
R005871,P0037,2025-08-20,HCP01323,Neurology,Injectable,1.7,4.0,4.8,3.4
R005872,P0084,2026-07-07,HCP01484,Immunology,Infusion,3.4,4.9,4.3,2.7
R005873,P0083,2025-04-18,HCP02261,Immunology,Injectable,3.4,3.2,4.6,3.6
R005874,P0021,2026-06-24,HCP01898,Rare Disease,Infusion,3.3,3.2,4.0,2.2
R005875,P0066,2026-02-07,HCP00756,Diabetes,Oral Therapy,4.4,3.7,3.6,2.6
R005876,P0120,2026-03-10,HCP01292,Immunology,Oral Therapy,3.5,2.8,3.0,2.1
R005877,P0029,2025-12-12,HCP02047,Neurology,Digital Therapeutic,3.3,3.9,3.1,3.5
R005878,P0060,2025-08-05,HCP02010,Cardiology,Oral Therapy,3.7,4.3,3.9,2.2
R005879,P0081,2025-12-25,HCP00748,Oncology,Combination Therapy,3.7,3.9,4.8,1.3
R005880,P0010,2025-04-02,HCP02101,Diabetes,Injectable,2.7,3.3,3.4,1.3
R005881,P0063,2025-08-19,HCP01415,Rare Disease,Infusion,4.5,4.4,5.0,1.5
R005882,P0074,2025-11-18,HCP00844,Immunology,Combination Therapy,3.2,3.7,3.9,2.9
R005883,P0066,2026-01-31,HCP01232,Diabetes,Infusion,3.6,3.2,3.3,2.3
R005884,P0039,2026-07-10,HCP01114,Respiratory,Injectable,5.0,4.0,3.6,2.5
R005885,P0097,2025-10-08,HCP00187,Cardiology,Combination Therapy,5.0,4.6,4.0,2.8
R005886,P0036,2025-11-22,HCP00567,Respiratory,Digital Therapeutic,4.1,3.4,4.9,3.0
R005887,P0062,2025-07-04,HCP00343,Immunology,Digital Therapeutic,2.2,4.9,4.1,2.2
R005888,P0039,2026-07-07,HCP01713,Respiratory,Injectable,3.5,3.9,3.2,2.4
R005889,P0103,2026-01-04,HCP01042,Respiratory,Oral Therapy,5.0,3.9,5.0,2.1
R005890,P0055,2025-12-09,HCP00343,Diabetes,Injectable,3.5,3.9,3.6,2.8
R005891,P0047,2025-07-05,HCP01491,Respiratory,Digital Therapeutic,4.4,3.4,3.5,2.4
R005892,P0035,2026-03-11,HCP01181,Cardiology,Injectable,4.4,2.9,4.3,1.7
R005893,P0065,2025-07-04,HCP01691,Immunology,Digital Therapeutic,3.1,5.0,4.6,2.6
R005894,P0094,2025-05-08,HCP02417,Cardiology,Infusion,5.0,3.0,4.6,3.1
R005895,P0075,2026-03-14,HCP02463,Neurology,Injectable,4.1,4.7,2.9,4.1
R005896,P0022,2026-06-10,HCP01165,Cardiology,Injectable,3.7,5.0,5.0,1.4
R005897,P0003,2025-08-23,HCP00080,Respiratory,Oral Therapy,3.6,3.3,3.3,1.3
R005898,P0018,2025-06-08,HCP00171,Immunology,Injectable,2.7,4.2,4.4,1.2
R005899,P0107,2026-02-10,HCP00347,Diabetes,Combination Therapy,3.0,4.3,4.3,1.9
R005900,P0013,2025-04-10,HCP00046,Respiratory,Infusion,2.8,4.3,4.4,2.3
R005901,P0022,2026-07-13,HCP01611,Cardiology,Digital Therapeutic,5.0,3.4,3.9,2.1
R005902,P0050,2025-03-24,HCP02376,Diabetes,Combination Therapy,4.6,3.5,4.8,1.2
R005903,P0023,2025-08-25,HCP01885,Respiratory,Digital Therapeutic,2.8,4.4,4.0,3.8
R005904,P0014,2025-03-14,HCP01768,Cardiology,Digital Therapeutic,5.0,2.7,4.9,1.0
R005905,P0023,2025-08-02,HCP00800,Respiratory,Infusion,4.9,2.4,3.3,4.1
R005906,P0004,2025-02-07,HCP01775,Diabetes,Infusion,3.2,3.9,5.0,3.0
R005907,P0062,2025-06-20,HCP01291,Immunology,Infusion,4.2,3.7,2.9,3.8
R005908,P0036,2025-10-06,HCP00925,Respiratory,Injectable,3.1,3.9,5.0,1.6
R005909,P0035,2026-06-18,HCP00138,Cardiology,Oral Therapy,4.6,3.3,3.7,2.2
R005910,P0118,2025-11-30,HCP01253,Immunology,Digital Therapeutic,4.1,4.3,4.3,2.3
R005911,P0111,2026-01-23,HCP01056,Immunology,Digital Therapeutic,3.3,4.4,3.7,2.1
R005912,P0002,2025-10-23,HCP01396,Cardiology,Infusion,2.6,3.9,3.4,2.7
R005913,P0109,2025-11-04,HCP01167,Diabetes,Digital Therapeutic,3.6,2.9,3.7,2.7
R005914,P0008,2025-11-06,HCP01918,Neurology,Digital Therapeutic,4.1,4.5,4.5,1.7
R005915,P0071,2026-01-27,HCP02256,Immunology,Combination Therapy,4.8,2.6,4.3,4.2
R005916,P0070,2026-07-12,HCP01274,Immunology,Combination Therapy,4.2,2.9,4.8,1.5
R005917,P0075,2026-03-23,HCP00851,Neurology,Injectable,4.5,4.3,4.4,2.9
R005918,P0060,2025-08-28,HCP00767,Cardiology,Injectable,3.1,3.0,4.3,2.7
R005919,P0081,2026-01-07,HCP02204,Oncology,Infusion,2.0,3.3,5.0,2.7
R005920,P0013,2025-04-03,HCP01332,Respiratory,Injectable,2.3,3.9,4.3,1.0
R005921,P0054,2025-10-08,HCP02430,Neurology,Digital Therapeutic,3.5,4.4,3.4,2.3
R005922,P0108,2025-03-19,HCP01704,Diabetes,Oral Therapy,3.0,4.2,3.2,2.3
R005923,P0068,2025-07-06,HCP01458,Immunology,Injectable,3.6,4.7,5.0,2.8
R005924,P0081,2026-01-10,HCP00145,Oncology,Infusion,4.3,3.5,4.0,1.3
R005925,P0008,2026-01-14,HCP01836,Neurology,Oral Therapy,4.2,3.2,4.1,2.8
R005926,P0060,2025-07-18,HCP01185,Cardiology,Infusion,1.7,2.9,3.6,3.2
R005927,P0012,2026-03-10,HCP00267,Oncology,Oral Therapy,5.0,3.9,3.0,3.1
R005928,P0066,2026-01-08,HCP00862,Diabetes,Combination Therapy,4.0,4.0,5.0,2.5
R005929,P0042,2025-11-08,HCP01136,Rare Disease,Oral Therapy,3.9,5.0,3.2,3.6
R005930,P0096,2026-01-24,HCP02241,Neurology,Infusion,3.6,4.2,3.4,3.3
R005931,P0095,2026-02-16,HCP01593,Cardiology,Injectable,3.5,2.6,3.8,1.9
R005932,P0012,2026-04-07,HCP00971,Oncology,Infusion,4.6,4.6,3.7,2.7
R005933,P0045,2026-01-02,HCP02451,Neurology,Digital Therapeutic,2.9,3.2,3.6,3.4
R005934,P0112,2025-03-18,HCP01573,Respiratory,Injectable,4.0,2.9,4.5,4.0
R005935,P0002,2025-12-26,HCP02429,Cardiology,Digital Therapeutic,5.0,4.5,4.7,1.9
R005936,P0014,2025-02-14,HCP01139,Cardiology,Oral Therapy,3.9,4.4,4.0,1.7
R005937,P0113,2026-08-11,HCP02128,Neurology,Combination Therapy,4.1,4.6,4.2,1.6
R005938,P0056,2025-06-16,HCP02034,Immunology,Digital Therapeutic,2.5,3.4,3.4,1.3
R005939,P0075,2026-02-18,HCP01790,Neurology,Combination Therapy,4.4,5.0,4.4,2.5
R005940,P0030,2025-12-27,HCP02325,Cardiology,Injectable,4.0,4.4,3.8,1.9
R005941,P0050,2025-03-27,HCP01381,Diabetes,Digital Therapeutic,3.6,3.1,3.8,3.0
R005942,P0080,2026-03-27,HCP00210,Neurology,Infusion,4.3,5.0,4.7,2.0
R005943,P0038,2025-10-30,HCP00944,Diabetes,Injectable,2.7,4.2,3.1,1.5
R005944,P0101,2026-06-09,HCP00050,Cardiology,Digital Therapeutic,5.0,3.8,4.7,3.4
R005945,P0112,2025-03-25,HCP00659,Respiratory,Infusion,5.0,3.4,4.0,2.5
R005946,P0075,2026-03-12,HCP01762,Neurology,Digital Therapeutic,3.2,1.5,3.7,3.3
R005947,P0032,2026-03-21,HCP00320,Rare Disease,Oral Therapy,4.7,4.3,5.0,2.1
R005948,P0027,2026-01-08,HCP01579,Cardiology,Oral Therapy,3.6,3.4,4.5,4.1
R005949,P0003,2025-06-18,HCP01590,Respiratory,Digital Therapeutic,2.7,3.6,2.9,2.8
R005950,P0094,2025-04-28,HCP01387,Cardiology,Infusion,4.8,3.7,4.7,1.5
R005951,P0108,2025-04-21,HCP01727,Diabetes,Oral Therapy,3.5,3.2,4.4,1.0
R005952,P0114,2026-09-18,HCP01077,Cardiology,Digital Therapeutic,4.2,4.2,3.2,2.8
R005953,P0118,2025-12-20,HCP01649,Immunology,Oral Therapy,5.0,3.2,4.0,2.9
R005954,P0020,2026-06-21,HCP01875,Cardiology,Oral Therapy,4.1,2.7,4.6,3.1
R005955,P0084,2026-06-01,HCP01459,Immunology,Infusion,3.9,3.8,2.8,1.0
R005956,P0031,2025-11-30,HCP01760,Rare Disease,Oral Therapy,2.9,3.4,4.5,1.0
R005957,P0021,2026-06-10,HCP01913,Rare Disease,Digital Therapeutic,2.9,2.4,3.8,1.0
R005958,P0064,2025-11-03,HCP01042,Cardiology,Infusion,3.6,2.9,3.9,1.7
R005959,P0082,2026-05-27,HCP02289,Neurology,Combination Therapy,3.4,3.9,4.8,3.1
R005960,P0089,2025-04-02,HCP00813,Neurology,Infusion,4.3,3.9,3.5,2.5
R005961,P0060,2025-08-22,HCP00144,Cardiology,Oral Therapy,2.8,4.8,3.3,1.0
R005962,P0016,2026-06-28,HCP02405,Cardiology,Infusion,3.0,4.6,4.5,1.1
R005963,P0009,2026-05-10,HCP02109,Immunology,Digital Therapeutic,3.6,4.1,4.1,2.8
R005964,P0007,2026-06-06,HCP01015,Diabetes,Combination Therapy,3.8,3.3,3.7,3.5
R005965,P0093,2025-01-23,HCP00535,Respiratory,Oral Therapy,3.7,3.4,3.1,3.0
R005966,P0069,2026-02-27,HCP00523,Immunology,Digital Therapeutic,3.5,4.1,3.8,3.9
R005967,P0042,2025-10-21,HCP01431,Rare Disease,Digital Therapeutic,3.0,4.5,3.6,2.9
R005968,P0096,2026-03-14,HCP02401,Neurology,Combination Therapy,4.2,4.2,3.9,3.9
R005969,P0043,2026-05-07,HCP00789,Immunology,Infusion,4.7,3.5,3.0,4.7
R005970,P0036,2025-10-29,HCP01766,Respiratory,Combination Therapy,4.0,3.9,3.6,2.3
R005971,P0097,2025-09-25,HCP00907,Cardiology,Infusion,3.2,3.6,4.3,3.1
R005972,P0070,2026-09-04,HCP01396,Immunology,Oral Therapy,2.1,2.3,4.0,1.0
R005973,P0082,2026-01-16,HCP01596,Neurology,Oral Therapy,5.0,3.7,3.9,3.2
R005974,P0097,2025-09-22,HCP01920,Cardiology,Oral Therapy,3.6,3.5,3.4,1.5
R005975,P0038,2025-10-01,HCP01831,Diabetes,Infusion,4.8,4.4,3.4,3.1
R005976,P0004,2025-01-31,HCP00555,Diabetes,Combination Therapy,5.0,3.0,3.8,2.1
R005977,P0080,2026-06-12,HCP00279,Neurology,Infusion,4.4,3.1,4.0,2.9
R005978,P0041,2026-05-01,HCP01395,Respiratory,Combination Therapy,4.5,4.5,3.5,1.4
R005979,P0117,2025-10-28,HCP01014,Immunology,Infusion,4.4,3.2,4.1,2.2
R005980,P0037,2025-08-22,HCP00684,Neurology,Digital Therapeutic,3.5,3.3,4.1,3.2
R005981,P0096,2026-04-16,HCP00494,Neurology,Injectable,2.7,4.1,3.3,2.8
R005982,P0087,2026-04-04,HCP02158,Oncology,Oral Therapy,4.4,4.3,4.8,1.0
R005983,P0085,2025-11-22,HCP00211,Respiratory,Digital Therapeutic,2.4,4.8,3.5,2.4
R005984,P0080,2026-03-27,HCP00342,Neurology,Oral Therapy,3.4,3.6,3.4,1.9
R005985,P0009,2026-04-16,HCP00860,Immunology,Combination Therapy,3.2,3.6,3.6,1.6
R005986,P0100,2025-03-28,HCP00544,Neurology,Combination Therapy,4.2,3.7,3.1,1.9
R005987,P0033,2026-01-24,HCP00170,Oncology,Injectable,3.9,3.4,2.9,3.2
R005988,P0066,2026-03-11,HCP00610,Diabetes,Oral Therapy,3.2,4.1,4.7,3.9
R005989,P0031,2025-12-01,HCP00911,Rare Disease,Combination Therapy,3.3,3.6,4.6,3.1
R005990,P0028,2026-05-16,HCP01095,Oncology,Combination Therapy,5.0,2.9,3.4,1.9
R005991,P0046,2025-12-14,HCP01320,Immunology,Infusion,3.0,2.6,4.4,2.5
R005992,P0052,2026-01-15,HCP00333,Oncology,Injectable,3.5,3.7,3.6,2.5
R005993,P0110,2026-07-25,HCP02447,Rare Disease,Infusion,4.2,4.2,3.3,3.3
R005994,P0048,2025-06-29,HCP01362,Oncology,Combination Therapy,3.8,3.3,3.8,2.5
R005995,P0114,2026-08-02,HCP01005,Cardiology,Infusion,4.2,2.9,3.8,3.1
R005996,P0081,2026-01-06,HCP01833,Oncology,Oral Therapy,4.6,4.9,4.6,2.6
R005997,P0077,2025-12-06,HCP02339,Neurology,Digital Therapeutic,4.9,3.6,2.5,3.0
R005998,P0115,2025-06-14,HCP00021,Neurology,Combination Therapy,3.7,4.4,3.8,3.3
R005999,P0120,2026-04-12,HCP01253,Immunology,Oral Therapy,4.0,4.5,5.0,1.5
R006000,P0055,2025-11-22,HCP02219,Diabetes,Infusion,3.9,4.9,2.5,2.4
R006001,P0048,2025-08-02,HCP00590,Oncology,Infusion,2.9,3.8,3.6,2.3
R006002,P0077,2025-12-25,HCP02131,Neurology,Digital Therapeutic,3.9,2.8,3.8,3.2
R006003,P0025,2025-11-10,HCP01478,Respiratory,Infusion,2.3,2.5,4.1,2.5
R006004,P0022,2026-04-15,HCP00128,Cardiology,Injectable,4.0,3.6,4.5,1.8
R006005,P0038,2025-10-13,HCP02183,Diabetes,Digital Therapeutic,1.9,5.0,4.1,2.1
R006006,P0069,2026-03-03,HCP00171,Immunology,Oral Therapy,2.9,3.9,5.0,2.6
R006007,P0120,2026-04-30,HCP01779,Immunology,Infusion,4.4,4.8,3.8,3.0
R006008,P0088,2025-11-28,HCP01435,Respiratory,Injectable,4.1,3.1,4.7,1.9
R006009,P0037,2025-09-01,HCP01982,Neurology,Combination Therapy,3.7,4.8,3.9,2.0
R006010,P0092,2026-03-28,HCP00784,Cardiology,Digital Therapeutic,3.3,4.3,4.5,2.0
R006011,P0062,2025-07-03,HCP00293,Immunology,Digital Therapeutic,3.0,3.9,3.6,2.0
R006012,P0117,2025-10-03,HCP01227,Immunology,Oral Therapy,3.2,4.5,3.4,2.1
R006013,P0074,2025-12-10,HCP01864,Immunology,Infusion,4.3,3.4,3.1,2.8
R006014,P0119,2025-10-16,HCP01419,Neurology,Digital Therapeutic,3.5,4.1,3.8,3.3
R006015,P0094,2025-04-27,HCP00214,Cardiology,Infusion,1.9,3.2,3.5,2.0
R006016,P0062,2025-06-27,HCP01595,Immunology,Oral Therapy,2.7,3.4,4.2,1.0
R006017,P0094,2025-05-01,HCP01001,Cardiology,Infusion,3.0,3.2,4.4,2.8
R006018,P0104,2025-02-21,HCP01830,Cardiology,Digital Therapeutic,3.5,3.2,4.7,1.1
R006019,P0025,2025-10-11,HCP02329,Respiratory,Digital Therapeutic,3.5,2.6,4.5,3.7
R006020,P0089,2025-02-25,HCP02143,Neurology,Injectable,2.8,5.0,4.7,2.4
R006021,P0119,2025-09-17,HCP02500,Neurology,Infusion,4.2,3.0,4.4,2.7
R006022,P0063,2025-08-16,HCP01517,Rare Disease,Combination Therapy,2.0,4.5,3.3,3.4
R006023,P0055,2026-01-29,HCP01808,Diabetes,Combination Therapy,3.1,2.6,4.2,2.3
R006024,P0004,2025-02-01,HCP00263,Diabetes,Injectable,4.4,3.4,3.5,2.8
R006025,P0089,2025-03-12,HCP00435,Neurology,Digital Therapeutic,4.2,3.5,3.9,2.8
R006026,P0118,2025-11-17,HCP00341,Immunology,Combination Therapy,3.5,4.8,4.0,4.0
R006027,P0074,2025-12-25,HCP01827,Immunology,Oral Therapy,4.5,4.0,2.4,4.3
R006028,P0116,2026-07-18,HCP01535,Rare Disease,Infusion,3.9,3.0,3.3,2.4
R006029,P0017,2026-01-12,HCP02300,Immunology,Digital Therapeutic,3.8,3.6,3.7,3.8
R006030,P0063,2025-09-18,HCP01772,Rare Disease,Injectable,4.2,4.6,2.2,1.0
R006031,P0094,2025-04-25,HCP02184,Cardiology,Injectable,4.0,4.5,4.9,2.3
R006032,P0042,2025-10-02,HCP01886,Rare Disease,Combination Therapy,4.8,3.3,4.1,3.1
R006033,P0101,2026-06-16,HCP01572,Cardiology,Oral Therapy,3.5,2.8,4.1,1.2
R006034,P0014,2025-02-18,HCP01297,Cardiology,Injectable,3.5,3.4,4.7,4.4
R006035,P0104,2025-07-12,HCP00338,Cardiology,Combination Therapy,3.9,4.3,4.5,3.8
R006036,P0007,2026-09-04,HCP01501,Diabetes,Digital Therapeutic,3.7,2.6,4.5,2.2
R006037,P0011,2025-05-10,HCP01323,Respiratory,Digital Therapeutic,5.0,3.7,4.7,4.4
R006038,P0097,2025-10-12,HCP02437,Cardiology,Infusion,4.1,2.9,4.2,3.2
R006039,P0117,2025-09-07,HCP02273,Immunology,Injectable,3.1,3.5,4.2,2.7
R006040,P0050,2025-07-30,HCP00871,Diabetes,Digital Therapeutic,2.4,4.2,4.3,2.9
R006041,P0027,2026-02-13,HCP00472,Cardiology,Injectable,5.0,3.8,3.1,1.8
R006042,P0068,2025-08-19,HCP00536,Immunology,Injectable,3.4,4.3,2.6,2.6
R006043,P0035,2026-04-26,HCP01218,Cardiology,Infusion,4.0,4.7,2.7,1.8
R006044,P0037,2025-07-11,HCP02423,Neurology,Oral Therapy,3.7,5.0,4.5,2.5
R006045,P0001,2026-10-21,HCP02157,Respiratory,Digital Therapeutic,4.4,4.4,3.7,2.6
R006046,P0074,2025-09-10,HCP02297,Immunology,Combination Therapy,3.2,4.2,3.8,2.7
R006047,P0020,2026-06-03,HCP00579,Cardiology,Digital Therapeutic,3.8,3.3,4.1,2.5
R006048,P0092,2026-02-21,HCP00018,Cardiology,Injectable,3.2,4.4,4.9,4.6
R006049,P0025,2025-10-23,HCP01684,Respiratory,Oral Therapy,5.0,4.9,4.4,1.0
R006050,P0108,2025-04-13,HCP01005,Diabetes,Digital Therapeutic,3.1,3.3,4.1,1.0
R006051,P0083,2025-04-19,HCP01159,Immunology,Infusion,4.2,3.4,4.3,1.7
R006052,P0060,2025-08-28,HCP01838,Cardiology,Combination Therapy,5.0,3.3,5.0,2.5
R006053,P0051,2026-01-05,HCP02474,Rare Disease,Infusion,4.6,2.9,3.4,2.1
R006054,P0037,2025-07-30,HCP00444,Neurology,Oral Therapy,3.7,3.8,4.9,1.2
R006055,P0009,2026-04-16,HCP01522,Immunology,Combination Therapy,3.8,2.9,4.0,4.2
R006056,P0010,2025-04-01,HCP00080,Diabetes,Injectable,3.0,3.7,3.9,3.0
R006057,P0069,2026-03-10,HCP01253,Immunology,Digital Therapeutic,5.0,4.0,4.4,2.2
R006058,P0103,2026-02-27,HCP00092,Respiratory,Oral Therapy,3.5,4.0,2.8,1.7
R006059,P0084,2026-06-17,HCP02041,Immunology,Combination Therapy,3.6,3.5,3.3,2.3
R006060,P0103,2026-02-26,HCP01412,Respiratory,Combination Therapy,3.0,2.7,4.3,2.0
R006061,P0089,2025-03-12,HCP00641,Neurology,Oral Therapy,3.4,4.7,4.3,2.8
R006062,P0043,2026-06-13,HCP00576,Immunology,Combination Therapy,3.8,2.6,4.4,1.3
R006063,P0113,2026-05-23,HCP01636,Neurology,Digital Therapeutic,4.6,3.9,4.5,1.8
R006064,P0025,2025-09-10,HCP00645,Respiratory,Combination Therapy,3.9,4.8,5.0,3.3
R006065,P0033,2026-04-25,HCP00965,Oncology,Injectable,4.6,3.9,3.6,2.0
R006066,P0081,2025-12-07,HCP00038,Oncology,Injectable,1.8,4.7,4.3,3.1
R006067,P0005,2025-01-13,HCP00873,Immunology,Infusion,4.9,4.2,4.5,2.4
R006068,P0091,2025-08-09,HCP01815,Rare Disease,Infusion,2.6,2.8,4.2,2.3
R006069,P0037,2025-08-02,HCP00143,Neurology,Digital Therapeutic,4.4,4.7,3.9,1.9
R006070,P0087,2026-03-30,HCP02110,Oncology,Combination Therapy,1.1,3.4,3.5,2.6
R006071,P0089,2025-03-29,HCP00674,Neurology,Combination Therapy,3.8,3.5,3.9,2.3
R006072,P0009,2026-04-11,HCP01834,Immunology,Combination Therapy,4.5,4.3,4.8,1.0
R006073,P0040,2026-07-24,HCP00350,Neurology,Injectable,3.0,3.1,5.0,3.5
R006074,P0119,2025-10-04,HCP00341,Neurology,Oral Therapy,3.7,4.5,2.9,2.8
R006075,P0112,2025-03-13,HCP02175,Respiratory,Oral Therapy,4.5,4.1,4.0,1.2
R006076,P0066,2026-02-18,HCP02394,Diabetes,Oral Therapy,4.3,5.0,2.8,2.3
R006077,P0052,2025-10-13,HCP00669,Oncology,Digital Therapeutic,2.4,4.6,3.5,2.2
R006078,P0074,2026-02-05,HCP02406,Immunology,Infusion,4.5,3.7,4.2,1.6
R006079,P0088,2025-12-03,HCP02044,Respiratory,Injectable,5.0,3.5,3.2,3.1
R006080,P0006,2025-07-14,HCP00648,Cardiology,Digital Therapeutic,4.7,3.3,3.7,3.8
R006081,P0039,2026-08-01,HCP02012,Respiratory,Oral Therapy,2.7,3.6,3.6,2.1
R006082,P0002,2025-08-12,HCP02458,Cardiology,Injectable,2.8,3.2,4.1,2.1
R006083,P0061,2026-02-23,HCP00756,Immunology,Infusion,3.8,3.6,3.7,1.6
R006084,P0016,2026-06-07,HCP01111,Cardiology,Injectable,4.2,2.9,4.8,1.0
R006085,P0108,2025-05-11,HCP00721,Diabetes,Injectable,4.4,3.1,4.0,2.9
R006086,P0047,2025-08-31,HCP00105,Respiratory,Combination Therapy,3.0,4.8,3.4,4.2
R006087,P0107,2026-02-13,HCP02337,Diabetes,Digital Therapeutic,3.6,2.9,3.0,2.4
R006088,P0114,2026-08-03,HCP01439,Cardiology,Injectable,3.0,2.8,3.4,2.3
R006089,P0033,2026-05-06,HCP00456,Oncology,Combination Therapy,2.8,3.3,3.9,2.4
R006090,P0088,2025-12-10,HCP01317,Respiratory,Oral Therapy,4.0,4.8,4.3,2.0
R006091,P0006,2025-09-13,HCP01951,Cardiology,Combination Therapy,3.6,3.1,4.5,1.5
R006092,P0120,2026-06-16,HCP02146,Immunology,Digital Therapeutic,4.1,3.6,4.6,4.8
R006093,P0091,2025-07-06,HCP01950,Rare Disease,Injectable,3.2,4.0,4.4,2.9
R006094,P0082,2026-03-06,HCP00890,Neurology,Combination Therapy,4.3,4.2,4.6,3.0
R006095,P0070,2026-08-05,HCP02311,Immunology,Oral Therapy,2.7,3.7,3.8,4.5
R006096,P0012,2026-05-20,HCP01917,Oncology,Infusion,3.3,4.1,3.9,2.7
R006097,P0032,2026-06-06,HCP01118,Rare Disease,Infusion,2.8,4.5,3.6,1.7
R006098,P0084,2026-04-23,HCP01967,Immunology,Combination Therapy,3.9,2.9,3.5,1.5
R006099,P0026,2026-04-08,HCP02482,Diabetes,Injectable,5.0,3.3,4.9,4.2
R006100,P0077,2025-11-25,HCP00088,Neurology,Combination Therapy,4.0,3.2,3.9,3.2
R006101,P0100,2025-03-19,HCP01523,Neurology,Oral Therapy,3.6,3.5,3.3,2.4
R006102,P0107,2025-11-01,HCP01683,Diabetes,Injectable,3.5,4.7,3.4,2.0
R006103,P0008,2025-10-08,HCP02182,Neurology,Oral Therapy,3.2,4.5,5.0,2.2
R006104,P0066,2025-12-23,HCP01199,Diabetes,Injectable,4.6,3.7,4.2,2.9
R006105,P0016,2026-06-25,HCP00858,Cardiology,Digital Therapeutic,4.1,4.4,4.3,4.1
R006106,P0030,2026-02-21,HCP00507,Cardiology,Oral Therapy,2.3,5.0,3.6,2.4
R006107,P0106,2026-02-03,HCP01033,Respiratory,Oral Therapy,4.6,2.9,2.5,1.7
R006108,P0088,2025-11-27,HCP01043,Respiratory,Infusion,3.0,3.3,3.2,1.3
R006109,P0082,2026-03-30,HCP02076,Neurology,Oral Therapy,3.1,3.6,3.6,3.1
R006110,P0091,2025-05-26,HCP02144,Rare Disease,Digital Therapeutic,4.0,4.1,3.6,3.5
R006111,P0015,2025-09-07,HCP01266,Oncology,Digital Therapeutic,3.2,4.2,4.0,4.2
R006112,P0062,2025-07-09,HCP01725,Immunology,Digital Therapeutic,5.0,3.1,4.5,4.9
R006113,P0028,2026-04-19,HCP01837,Oncology,Oral Therapy,3.5,3.9,4.0,1.1
R006114,P0012,2026-05-25,HCP01568,Oncology,Infusion,4.2,4.4,4.3,2.5
R006115,P0110,2026-05-29,HCP01876,Rare Disease,Injectable,2.4,2.9,4.6,2.1
R006116,P0050,2025-07-20,HCP00204,Diabetes,Oral Therapy,3.2,3.9,4.9,2.3
R006117,P0025,2025-10-31,HCP01157,Respiratory,Oral Therapy,3.6,3.4,3.4,1.8
R006118,P0101,2026-06-16,HCP01667,Cardiology,Injectable,4.5,2.8,4.3,2.8
R006119,P0085,2025-12-04,HCP01296,Respiratory,Digital Therapeutic,2.8,4.5,4.3,1.4
R006120,P0037,2025-07-26,HCP01897,Neurology,Infusion,4.7,4.1,4.2,2.9
R006121,P0099,2026-05-25,HCP00791,Rare Disease,Oral Therapy,3.8,3.2,3.7,3.6
R006122,P0088,2025-12-03,HCP02375,Respiratory,Injectable,4.0,4.4,3.3,2.0
R006123,P0033,2026-06-07,HCP00311,Oncology,Oral Therapy,3.1,5.0,3.9,3.5
R006124,P0031,2026-01-07,HCP01996,Rare Disease,Oral Therapy,2.9,3.9,4.1,2.6
R006125,P0021,2026-06-10,HCP01816,Rare Disease,Combination Therapy,1.8,2.8,4.7,3.4
R006126,P0040,2026-03-27,HCP00200,Neurology,Combination Therapy,4.0,3.6,3.9,2.8
R006127,P0035,2026-07-24,HCP00614,Cardiology,Oral Therapy,4.2,2.4,3.2,1.7
R006128,P0041,2026-07-02,HCP02359,Respiratory,Infusion,3.4,3.7,3.3,2.5
R006129,P0025,2025-06-27,HCP01705,Respiratory,Combination Therapy,2.4,3.5,3.2,2.1
R006130,P0017,2025-12-25,HCP01980,Immunology,Infusion,3.2,4.3,3.9,3.3
R006131,P0086,2025-11-17,HCP02111,Diabetes,Injectable,4.0,3.4,3.1,2.3
R006132,P0043,2026-05-05,HCP00009,Immunology,Oral Therapy,3.9,4.4,3.5,3.5
R006133,P0013,2025-03-16,HCP02126,Respiratory,Oral Therapy,4.3,3.2,5.0,3.0
R006134,P0087,2026-04-04,HCP01782,Oncology,Combination Therapy,2.3,3.7,3.9,2.7
R006135,P0028,2026-04-23,HCP00612,Oncology,Digital Therapeutic,3.4,2.8,4.0,2.7
R006136,P0049,2025-04-09,HCP00760,Neurology,Combination Therapy,3.6,3.1,3.1,3.4
R006137,P0102,2025-12-23,HCP00986,Cardiology,Combination Therapy,4.2,4.3,3.9,3.1
R006138,P0036,2025-11-02,HCP01513,Respiratory,Injectable,3.2,4.5,2.9,3.4
R006139,P0023,2025-05-19,HCP00672,Respiratory,Digital Therapeutic,4.2,3.3,4.1,1.6
R006140,P0085,2025-10-19,HCP00707,Respiratory,Oral Therapy,2.9,4.2,3.2,2.0
R006141,P0010,2025-03-29,HCP01353,Diabetes,Digital Therapeutic,3.9,4.3,4.8,2.5
R006142,P0062,2025-06-28,HCP01826,Immunology,Digital Therapeutic,3.5,3.1,5.0,2.3
R006143,P0099,2026-08-12,HCP01076,Rare Disease,Infusion,3.4,4.1,3.6,1.7
R006144,P0053,2025-06-04,HCP00467,Respiratory,Infusion,5.0,3.8,3.0,3.6
R006145,P0019,2026-05-04,HCP00281,Respiratory,Infusion,3.4,4.0,3.7,1.5
R006146,P0096,2026-04-05,HCP02087,Neurology,Combination Therapy,3.3,3.7,2.9,3.4
R006147,P0088,2025-12-05,HCP01223,Respiratory,Infusion,2.5,2.3,3.8,4.1
R006148,P0046,2026-02-09,HCP00183,Immunology,Infusion,4.5,3.9,3.4,2.0
R006149,P0019,2026-04-28,HCP00933,Respiratory,Injectable,3.2,3.7,4.7,1.0
R006150,P0066,2026-02-09,HCP00061,Diabetes,Combination Therapy,3.7,3.6,2.6,2.1
R006151,P0094,2025-05-31,HCP00504,Cardiology,Oral Therapy,3.0,2.7,3.1,1.8
R006152,P0004,2025-07-15,HCP00330,Diabetes,Digital Therapeutic,4.1,4.5,4.5,1.2
R006153,P0059,2025-10-21,HCP02320,Cardiology,Infusion,4.5,3.8,3.6,2.9
R006154,P0041,2026-05-03,HCP00962,Respiratory,Injectable,4.8,2.4,5.0,2.9
R006155,P0044,2025-08-28,HCP00434,Immunology,Infusion,3.6,4.8,4.0,2.9
R006156,P0029,2025-12-18,HCP01642,Neurology,Digital Therapeutic,3.2,4.1,4.1,1.7
R006157,P0079,2026-06-06,HCP02487,Oncology,Injectable,3.1,4.4,4.2,3.5
R006158,P0107,2025-11-12,HCP01202,Diabetes,Injectable,3.7,3.6,4.2,1.9
R006159,P0012,2026-04-07,HCP00457,Oncology,Combination Therapy,3.9,3.8,3.9,1.6
R006160,P0003,2025-10-07,HCP01190,Respiratory,Infusion,4.2,4.5,3.9,1.5
R006161,P0048,2025-07-16,HCP01560,Oncology,Combination Therapy,3.0,4.1,4.8,1.8
R006162,P0085,2025-10-25,HCP02164,Respiratory,Injectable,3.8,3.7,3.5,2.6
R006163,P0010,2025-04-03,HCP00351,Diabetes,Combination Therapy,2.8,3.4,4.1,1.6
R006164,P0091,2025-04-24,HCP01399,Rare Disease,Infusion,3.6,2.0,3.7,1.8
R006165,P0087,2026-02-18,HCP00105,Oncology,Injectable,4.9,4.4,4.4,3.9
R006166,P0040,2026-03-29,HCP01270,Neurology,Digital Therapeutic,3.5,4.5,4.8,1.9
R006167,P0040,2026-04-11,HCP00038,Neurology,Combination Therapy,2.9,4.3,3.7,3.3
R006168,P0031,2025-11-27,HCP01049,Rare Disease,Injectable,4.0,4.6,3.4,2.6
R006169,P0086,2026-03-09,HCP01238,Diabetes,Combination Therapy,4.5,3.2,3.5,3.4
R006170,P0020,2026-04-28,HCP02447,Cardiology,Injectable,3.0,3.6,4.6,2.7
R006171,P0041,2026-04-06,HCP00482,Respiratory,Combination Therapy,2.5,3.5,4.2,2.5
R006172,P0034,2025-03-13,HCP00608,Respiratory,Infusion,3.0,2.4,3.9,2.2
R006173,P0045,2026-01-07,HCP01449,Neurology,Infusion,3.3,3.4,3.9,1.8
R006174,P0110,2026-06-10,HCP00389,Rare Disease,Injectable,5.0,3.9,3.5,2.7
R006175,P0003,2025-08-10,HCP00146,Respiratory,Oral Therapy,2.5,4.5,4.6,2.0
R006176,P0006,2025-08-16,HCP01231,Cardiology,Oral Therapy,2.3,4.2,4.1,1.0
R006177,P0050,2025-04-16,HCP00599,Diabetes,Oral Therapy,3.9,3.4,5.0,2.8
R006178,P0055,2025-11-27,HCP01695,Diabetes,Digital Therapeutic,3.1,4.5,4.0,2.4
R006179,P0120,2026-05-09,HCP00233,Immunology,Digital Therapeutic,2.9,4.0,4.2,2.8
R006180,P0032,2026-02-19,HCP00055,Rare Disease,Infusion,4.3,2.7,3.7,2.5
R006181,P0068,2025-08-21,HCP00556,Immunology,Combination Therapy,3.8,3.9,3.6,3.2
R006182,P0084,2026-04-07,HCP02143,Immunology,Combination Therapy,4.6,4.4,4.0,2.9
R006183,P0084,2026-05-24,HCP01382,Immunology,Infusion,4.3,4.2,4.8,2.4
R006184,P0041,2026-06-09,HCP00708,Respiratory,Digital Therapeutic,2.7,3.0,3.7,2.9
R006185,P0103,2025-12-02,HCP01492,Respiratory,Oral Therapy,2.3,3.2,3.7,3.7
R006186,P0042,2025-10-25,HCP01614,Rare Disease,Infusion,4.7,5.0,3.1,1.7
R006187,P0052,2025-12-07,HCP01106,Oncology,Infusion,3.6,3.2,5.0,1.0
R006188,P0007,2026-05-14,HCP00434,Diabetes,Injectable,5.0,3.9,3.6,3.4
R006189,P0120,2026-05-27,HCP00924,Immunology,Injectable,4.5,2.1,3.1,3.1
R006190,P0110,2026-05-10,HCP02180,Rare Disease,Oral Therapy,4.9,4.7,4.1,5.0
R006191,P0030,2026-01-26,HCP01755,Cardiology,Infusion,2.9,4.4,4.2,2.6
R006192,P0063,2025-08-22,HCP00898,Rare Disease,Infusion,3.6,5.0,4.5,2.3
R006193,P0101,2026-05-25,HCP02246,Cardiology,Oral Therapy,4.4,3.1,4.1,2.9
R006194,P0009,2026-05-13,HCP00468,Immunology,Infusion,3.6,4.7,2.9,3.3
R006195,P0081,2026-01-05,HCP00418,Oncology,Injectable,3.7,3.1,3.5,3.1
R006196,P0091,2025-08-31,HCP00050,Rare Disease,Infusion,3.9,4.9,4.7,2.3
R006197,P0078,2026-01-12,HCP00229,Cardiology,Combination Therapy,3.1,2.1,4.6,3.7
R006198,P0094,2025-05-11,HCP00772,Cardiology,Infusion,2.9,4.6,4.3,1.6
R006199,P0027,2026-01-30,HCP00137,Cardiology,Digital Therapeutic,3.5,3.9,5.0,1.9
R006200,P0056,2025-07-16,HCP00949,Immunology,Injectable,3.3,4.3,3.8,3.9
R006201,P0077,2025-10-01,HCP00175,Neurology,Combination Therapy,3.0,4.2,4.8,3.1
R006202,P0118,2025-11-11,HCP00088,Immunology,Infusion,3.6,4.1,3.7,2.1
R006203,P0008,2025-11-16,HCP01457,Neurology,Injectable,2.6,5.0,5.0,2.6
R006204,P0028,2026-04-20,HCP01389,Oncology,Oral Therapy,4.3,5.0,3.7,4.4
R006205,P0040,2026-04-06,HCP01988,Neurology,Combination Therapy,4.2,4.2,3.2,2.3
R006206,P0102,2026-01-19,HCP01137,Cardiology,Infusion,4.3,4.0,3.2,1.9
R006207,P0092,2026-02-28,HCP02161,Cardiology,Oral Therapy,3.0,4.9,4.9,2.6
R006208,P0102,2025-12-30,HCP01233,Cardiology,Infusion,2.9,4.9,5.0,3.3
R006209,P0078,2025-11-14,HCP00680,Cardiology,Injectable,4.8,3.9,3.4,2.8
R006210,P0063,2025-09-15,HCP00334,Rare Disease,Digital Therapeutic,3.5,3.9,3.6,3.5
R006211,P0049,2025-03-19,HCP01226,Neurology,Oral Therapy,4.2,3.2,2.4,1.8
R006212,P0065,2025-05-30,HCP00958,Immunology,Digital Therapeutic,2.7,4.1,3.2,1.4
R006213,P0013,2025-04-01,HCP01285,Respiratory,Oral Therapy,3.5,4.0,3.8,3.5
R006214,P0014,2025-03-16,HCP02420,Cardiology,Digital Therapeutic,4.7,4.5,3.8,1.5
R006215,P0009,2026-04-27,HCP00133,Immunology,Injectable,3.8,5.0,2.6,1.5
R006216,P0016,2026-05-11,HCP00894,Cardiology,Combination Therapy,3.5,4.7,3.0,1.8
R006217,P0040,2026-06-02,HCP00342,Neurology,Infusion,4.2,4.6,5.0,1.7
R006218,P0051,2025-08-16,HCP01983,Rare Disease,Oral Therapy,4.0,3.7,4.7,1.9
R006219,P0119,2025-10-18,HCP01344,Neurology,Combination Therapy,5.0,3.6,4.1,1.0
R006220,P0111,2026-01-24,HCP00311,Immunology,Combination Therapy,3.7,4.4,4.1,3.8
R006221,P0093,2025-02-19,HCP01992,Respiratory,Injectable,4.3,4.2,4.0,1.1
R006222,P0026,2026-03-13,HCP00308,Diabetes,Injectable,3.6,4.3,3.9,4.6
R006223,P0064,2025-10-10,HCP01930,Cardiology,Oral Therapy,2.9,3.2,4.0,3.2
R006224,P0058,2025-07-24,HCP02498,Respiratory,Digital Therapeutic,4.1,3.1,3.0,5.0
R006225,P0076,2025-09-09,HCP01281,Cardiology,Infusion,2.5,3.5,3.8,1.9
R006226,P0008,2025-10-05,HCP01621,Neurology,Oral Therapy,4.5,4.3,2.7,2.1
R006227,P0008,2025-12-01,HCP00060,Neurology,Digital Therapeutic,2.6,3.8,3.9,3.8
R006228,P0036,2025-10-26,HCP01663,Respiratory,Injectable,2.9,4.9,4.3,1.6
R006229,P0010,2025-02-27,HCP00379,Diabetes,Injectable,2.9,3.1,3.6,3.3
R006230,P0045,2026-02-06,HCP01065,Neurology,Combination Therapy,4.2,3.1,4.2,2.4
R006231,P0047,2025-09-05,HCP01286,Respiratory,Digital Therapeutic,2.7,3.7,3.9,3.4
R006232,P0116,2026-05-14,HCP01903,Rare Disease,Oral Therapy,4.1,3.4,4.3,3.8
R006233,P0082,2026-03-09,HCP01960,Neurology,Infusion,3.1,3.2,4.2,2.1
R006234,P0024,2026-07-16,HCP02321,Diabetes,Infusion,3.6,3.9,3.4,1.8
R006235,P0071,2025-12-30,HCP01883,Immunology,Oral Therapy,3.2,3.9,3.1,1.4
R006236,P0013,2025-02-25,HCP00206,Respiratory,Oral Therapy,5.0,2.9,3.1,1.2
R006237,P0117,2025-09-23,HCP01711,Immunology,Combination Therapy,2.3,3.4,3.4,2.0
R006238,P0007,2026-07-07,HCP00432,Diabetes,Oral Therapy,4.1,4.3,4.5,2.5
R006239,P0028,2026-02-13,HCP02369,Oncology,Infusion,3.7,3.6,4.5,2.0
R006240,P0063,2025-08-28,HCP02166,Rare Disease,Combination Therapy,3.0,3.2,3.7,2.8
R006241,P0083,2025-05-03,HCP00774,Immunology,Injectable,4.0,3.6,3.8,3.2
R006242,P0063,2025-08-24,HCP00198,Rare Disease,Digital Therapeutic,2.9,2.9,3.1,2.0
R006243,P0113,2026-07-17,HCP02262,Neurology,Infusion,2.8,5.0,3.2,2.1
R006244,P0024,2026-07-29,HCP00898,Diabetes,Digital Therapeutic,2.7,4.4,4.3,3.6
R006245,P0120,2026-07-29,HCP02127,Immunology,Injectable,3.8,5.0,3.7,2.9
R006246,P0030,2025-12-21,HCP00209,Cardiology,Injectable,3.2,3.9,3.8,2.4
R006247,P0088,2025-11-27,HCP00634,Respiratory,Infusion,3.0,3.6,4.4,1.9
R006248,P0039,2026-06-20,HCP01020,Respiratory,Oral Therapy,4.0,3.2,4.3,3.3
R006249,P0082,2026-04-28,HCP00320,Neurology,Infusion,4.6,4.1,3.8,2.3
R006250,P0002,2025-12-22,HCP01118,Cardiology,Digital Therapeutic,2.5,3.5,4.8,1.0
R006251,P0087,2026-04-03,HCP02311,Oncology,Combination Therapy,4.0,3.1,3.7,1.0
R006252,P0099,2026-07-01,HCP00451,Rare Disease,Injectable,4.1,4.7,3.4,1.8
R006253,P0041,2026-06-20,HCP01050,Respiratory,Oral Therapy,4.8,3.8,3.2,1.6
R006254,P0093,2025-03-08,HCP00205,Respiratory,Injectable,3.5,4.0,4.8,2.6
R006255,P0064,2025-12-26,HCP01646,Cardiology,Combination Therapy,5.0,4.0,3.6,1.0
R006256,P0039,2026-07-22,HCP01044,Respiratory,Infusion,4.2,4.1,4.0,2.6
R006257,P0070,2026-06-27,HCP01275,Immunology,Oral Therapy,2.1,2.6,5.0,1.6
R006258,P0069,2026-02-21,HCP01287,Immunology,Injectable,4.0,3.0,3.5,3.4
R006259,P0042,2025-09-13,HCP01645,Rare Disease,Combination Therapy,3.7,5.0,4.1,1.8
R006260,P0040,2026-06-16,HCP01843,Neurology,Combination Therapy,4.5,3.8,4.1,3.3
R006261,P0054,2025-08-10,HCP02422,Neurology,Oral Therapy,4.7,4.1,4.0,2.4
R006262,P0004,2025-06-24,HCP01815,Diabetes,Infusion,2.9,4.4,4.6,2.1
R006263,P0070,2026-07-15,HCP02114,Immunology,Combination Therapy,4.5,3.5,4.2,1.4
R006264,P0071,2026-02-05,HCP00175,Immunology,Oral Therapy,3.6,3.1,4.1,1.8
R006265,P0065,2025-07-13,HCP00306,Immunology,Oral Therapy,3.1,2.8,5.0,3.7
R006266,P0087,2026-03-27,HCP01095,Oncology,Infusion,4.9,3.1,3.0,2.4
R006267,P0060,2025-08-02,HCP00348,Cardiology,Oral Therapy,3.3,3.3,3.2,1.7
R006268,P0041,2026-03-26,HCP02110,Respiratory,Infusion,3.7,3.3,4.0,2.8
R006269,P0097,2025-10-22,HCP02146,Cardiology,Digital Therapeutic,3.6,2.9,4.3,2.1
R006270,P0029,2026-01-04,HCP01493,Neurology,Injectable,4.1,4.4,4.0,1.9
R006271,P0002,2025-10-06,HCP01218,Cardiology,Combination Therapy,4.8,4.8,3.6,2.1
R006272,P0032,2026-03-06,HCP02138,Rare Disease,Combination Therapy,5.0,3.1,4.8,3.4
R006273,P0086,2026-03-02,HCP01420,Diabetes,Digital Therapeutic,4.5,2.6,4.5,2.5
R006274,P0042,2025-09-03,HCP02378,Rare Disease,Infusion,2.3,3.8,3.6,3.1
R006275,P0021,2026-05-20,HCP02015,Rare Disease,Oral Therapy,4.9,4.9,5.0,2.1
R006276,P0057,2025-07-18,HCP00836,Immunology,Injectable,4.2,2.9,3.7,1.9
R006277,P0023,2025-08-01,HCP01617,Respiratory,Combination Therapy,4.6,2.9,3.8,3.8
R006278,P0091,2025-04-17,HCP00333,Rare Disease,Infusion,3.4,2.1,3.0,1.5
R006279,P0013,2025-04-11,HCP00117,Respiratory,Infusion,3.7,4.0,4.2,2.2
R006280,P0024,2026-07-29,HCP00210,Diabetes,Digital Therapeutic,4.5,3.1,5.0,3.5
R006281,P0094,2025-05-07,HCP02467,Cardiology,Injectable,5.0,4.4,5.0,2.1
R006282,P0085,2026-03-13,HCP00317,Respiratory,Injectable,3.9,4.3,3.8,4.2
R006283,P0030,2025-12-23,HCP00516,Cardiology,Injectable,2.6,4.8,3.6,1.7
R006284,P0116,2026-05-29,HCP01707,Rare Disease,Combination Therapy,4.2,4.6,4.0,3.1
R006285,P0008,2025-12-07,HCP00434,Neurology,Infusion,3.5,2.7,4.9,4.0
R006286,P0022,2026-06-29,HCP00299,Cardiology,Oral Therapy,2.8,3.6,4.1,2.7
R006287,P0028,2026-04-19,HCP01740,Oncology,Infusion,3.6,4.6,4.5,2.9
R006288,P0061,2026-06-09,HCP02382,Immunology,Injectable,4.1,2.8,4.5,3.2
R006289,P0062,2025-07-08,HCP00322,Immunology,Infusion,4.6,3.5,4.7,1.0
R006290,P0044,2025-08-24,HCP01648,Immunology,Combination Therapy,3.3,3.8,4.6,3.8
R006291,P0029,2026-01-06,HCP01337,Neurology,Injectable,3.3,3.8,3.6,2.8
R006292,P0073,2026-06-28,HCP02389,Immunology,Injectable,3.6,4.0,4.1,2.6
R006293,P0049,2025-06-10,HCP02386,Neurology,Infusion,5.0,3.3,3.7,2.6
R006294,P0106,2026-03-07,HCP01409,Respiratory,Oral Therapy,4.8,3.1,4.6,1.0
R006295,P0010,2025-03-04,HCP02213,Diabetes,Injectable,4.2,4.1,4.3,3.3
R006296,P0107,2025-12-22,HCP00506,Diabetes,Oral Therapy,4.1,3.7,4.4,2.8
R006297,P0099,2026-07-10,HCP01478,Rare Disease,Combination Therapy,3.4,5.0,4.2,1.6
R006298,P0054,2025-09-01,HCP00421,Neurology,Digital Therapeutic,4.4,3.0,3.0,2.9
R006299,P0084,2026-07-01,HCP00063,Immunology,Oral Therapy,2.9,3.8,4.4,3.0
R006300,P0091,2025-07-25,HCP01920,Rare Disease,Injectable,4.1,2.9,3.2,2.0
R006301,P0107,2026-01-03,HCP01413,Diabetes,Oral Therapy,2.0,4.1,3.3,3.6
R006302,P0062,2025-08-01,HCP00001,Immunology,Digital Therapeutic,2.3,3.7,4.7,2.4
R006303,P0010,2025-03-25,HCP02018,Diabetes,Oral Therapy,2.1,4.2,3.7,2.2
R006304,P0093,2025-02-05,HCP02189,Respiratory,Digital Therapeutic,5.0,3.3,3.1,3.1
R006305,P0019,2026-04-24,HCP00996,Respiratory,Infusion,3.6,2.5,3.6,1.7
R006306,P0107,2026-02-17,HCP00074,Diabetes,Digital Therapeutic,2.6,4.7,4.5,2.1
R006307,P0099,2026-05-20,HCP00739,Rare Disease,Combination Therapy,5.0,4.4,3.7,1.5
R006308,P0086,2026-01-28,HCP01512,Diabetes,Combination Therapy,3.0,4.5,4.7,2.3
R006309,P0042,2025-09-29,HCP00135,Rare Disease,Injectable,4.1,4.4,4.6,2.2
R006310,P0008,2026-01-19,HCP00973,Neurology,Combination Therapy,3.0,3.9,4.7,2.6
R006311,P0052,2025-11-28,HCP00550,Oncology,Oral Therapy,4.4,4.2,4.4,3.4
R006312,P0030,2026-03-06,HCP01529,Cardiology,Oral Therapy,3.7,3.2,3.2,3.1
R006313,P0117,2025-10-01,HCP00518,Immunology,Combination Therapy,3.1,3.5,3.8,2.6
R006314,P0095,2025-11-27,HCP01956,Cardiology,Combination Therapy,2.6,4.6,4.3,3.7
R006315,P0023,2025-08-07,HCP00759,Respiratory,Digital Therapeutic,3.1,5.0,3.5,1.9
R006316,P0003,2025-09-10,HCP00280,Respiratory,Injectable,2.8,4.0,4.3,2.9
R006317,P0111,2026-01-16,HCP00678,Immunology,Infusion,2.2,1.5,4.7,3.3
R006318,P0063,2025-09-25,HCP02366,Rare Disease,Combination Therapy,4.3,4.0,3.3,4.2
R006319,P0088,2025-11-30,HCP01993,Respiratory,Injectable,4.6,4.8,2.8,2.6
R006320,P0074,2025-11-12,HCP01490,Immunology,Infusion,3.1,3.6,4.1,2.2
R006321,P0038,2025-09-30,HCP00520,Diabetes,Injectable,1.9,3.1,5.0,2.5
R006322,P0099,2026-07-18,HCP00955,Rare Disease,Oral Therapy,4.0,4.5,4.0,2.6
R006323,P0027,2025-12-14,HCP01166,Cardiology,Infusion,3.8,3.6,3.2,1.9
R006324,P0097,2025-10-07,HCP02448,Cardiology,Digital Therapeutic,2.8,3.5,4.4,2.5
R006325,P0117,2025-11-09,HCP00811,Immunology,Injectable,3.6,2.6,4.2,4.1
R006326,P0009,2026-04-26,HCP02030,Immunology,Digital Therapeutic,1.4,2.6,4.4,1.0
R006327,P0094,2025-05-10,HCP00715,Cardiology,Combination Therapy,3.7,4.4,5.0,1.0
R006328,P0082,2026-03-18,HCP00406,Neurology,Combination Therapy,3.6,2.9,3.2,1.1
R006329,P0093,2025-03-05,HCP01930,Respiratory,Combination Therapy,4.8,5.0,4.5,1.7
R006330,P0095,2025-12-20,HCP00222,Cardiology,Infusion,3.9,5.0,4.0,1.4
R006331,P0113,2026-06-10,HCP01919,Neurology,Digital Therapeutic,3.8,3.1,4.3,1.8
R006332,P0013,2025-03-14,HCP02308,Respiratory,Digital Therapeutic,5.0,3.3,3.6,1.6
R006333,P0037,2025-09-02,HCP00369,Neurology,Combination Therapy,3.0,4.3,3.1,2.9
R006334,P0059,2025-11-18,HCP01463,Cardiology,Infusion,2.4,4.9,5.0,1.6
R006335,P0107,2026-03-30,HCP00415,Diabetes,Combination Therapy,4.5,3.9,5.0,1.5
R006336,P0078,2025-11-29,HCP01159,Cardiology,Infusion,4.6,3.3,5.0,1.0
R006337,P0073,2026-06-12,HCP01156,Immunology,Combination Therapy,4.6,3.5,3.5,3.4
R006338,P0042,2025-11-24,HCP00194,Rare Disease,Injectable,3.5,3.9,3.9,3.7
R006339,P0015,2025-09-01,HCP00465,Oncology,Oral Therapy,3.1,3.4,4.8,2.7
R006340,P0045,2025-12-23,HCP01355,Neurology,Injectable,2.6,4.7,3.9,2.6
R006341,P0058,2025-08-30,HCP02100,Respiratory,Injectable,2.9,3.3,3.6,3.1
R006342,P0013,2025-04-09,HCP00679,Respiratory,Combination Therapy,2.4,4.1,4.3,3.2
R006343,P0020,2026-05-31,HCP02099,Cardiology,Digital Therapeutic,3.3,4.3,3.2,1.5
R006344,P0093,2025-01-26,HCP00483,Respiratory,Digital Therapeutic,5.0,3.8,2.8,2.3
R006345,P0030,2026-01-31,HCP00062,Cardiology,Oral Therapy,3.2,3.6,5.0,3.4
R006346,P0029,2026-01-12,HCP00978,Neurology,Digital Therapeutic,3.8,3.8,3.8,2.0
R006347,P0013,2025-04-18,HCP00006,Respiratory,Digital Therapeutic,4.2,3.2,4.5,2.6
R006348,P0053,2025-07-14,HCP00090,Respiratory,Combination Therapy,3.4,4.3,3.8,3.6
R006349,P0006,2025-09-06,HCP00763,Cardiology,Injectable,3.4,3.7,4.2,4.7
R006350,P0062,2025-07-31,HCP01495,Immunology,Digital Therapeutic,4.8,3.6,4.0,3.4
R006351,P0009,2026-04-23,HCP02407,Immunology,Oral Therapy,3.9,3.0,3.0,1.4
R006352,P0011,2025-04-23,HCP01553,Respiratory,Digital Therapeutic,4.7,5.0,3.6,1.9
R006353,P0118,2025-11-06,HCP01685,Immunology,Combination Therapy,5.0,4.4,4.5,3.6
R006354,P0052,2025-09-23,HCP01738,Oncology,Digital Therapeutic,3.0,2.8,4.2,1.8
R006355,P0036,2025-10-18,HCP01310,Respiratory,Infusion,3.6,4.2,4.0,3.3
R006356,P0019,2026-06-17,HCP00058,Respiratory,Infusion,3.6,3.4,2.7,4.0
R006357,P0054,2025-08-22,HCP00854,Neurology,Oral Therapy,3.3,3.2,4.3,3.5
R006358,P0028,2026-03-16,HCP00439,Oncology,Infusion,3.3,3.3,3.7,4.1
R006359,P0027,2026-01-24,HCP01401,Cardiology,Digital Therapeutic,4.9,4.2,3.6,1.5
R006360,P0043,2026-02-16,HCP01931,Immunology,Combination Therapy,3.8,3.7,3.5,1.0
R006361,P0017,2025-12-30,HCP01065,Immunology,Oral Therapy,5.0,3.8,4.1,1.8
R006362,P0059,2025-09-20,HCP01437,Cardiology,Infusion,3.4,4.0,3.9,2.5
R006363,P0050,2025-06-21,HCP01597,Diabetes,Injectable,5.0,4.5,3.7,1.7
R006364,P0053,2025-06-28,HCP00023,Respiratory,Injectable,5.0,5.0,4.9,1.8
R006365,P0094,2025-05-31,HCP01874,Cardiology,Digital Therapeutic,3.6,3.6,4.0,2.4
R006366,P0009,2026-05-11,HCP01827,Immunology,Oral Therapy,4.1,3.5,3.1,2.1
R006367,P0033,2026-05-14,HCP02413,Oncology,Oral Therapy,4.5,3.9,3.6,3.3
R006368,P0043,2026-06-28,HCP01042,Immunology,Injectable,3.2,4.3,4.1,2.5
R006369,P0047,2025-09-16,HCP02429,Respiratory,Injectable,5.0,4.6,4.4,2.0
R006370,P0005,2025-01-28,HCP00658,Immunology,Digital Therapeutic,3.0,3.1,3.4,3.4
R006371,P0031,2025-11-23,HCP01016,Rare Disease,Injectable,3.3,5.0,3.4,5.0
R006372,P0031,2025-12-19,HCP01886,Rare Disease,Combination Therapy,3.3,3.0,4.3,2.9
R006373,P0110,2026-06-01,HCP01244,Rare Disease,Combination Therapy,3.9,4.4,4.1,2.0
R006374,P0011,2025-05-27,HCP00901,Respiratory,Digital Therapeutic,4.0,4.3,4.2,1.0
R006375,P0060,2025-08-07,HCP01443,Cardiology,Infusion,3.2,2.8,3.6,2.3
R006376,P0021,2026-05-20,HCP01135,Rare Disease,Digital Therapeutic,3.6,4.0,4.5,1.4
R006377,P0118,2025-11-29,HCP00236,Immunology,Oral Therapy,2.8,2.6,4.5,2.9
R006378,P0061,2026-03-21,HCP02152,Immunology,Combination Therapy,4.7,3.2,4.4,4.0
R006379,P0040,2026-07-18,HCP01904,Neurology,Injectable,4.3,3.8,3.7,1.7
R006380,P0112,2025-05-24,HCP00375,Respiratory,Infusion,3.4,3.9,3.7,2.0
R006381,P0078,2026-01-06,HCP00540,Cardiology,Combination Therapy,3.5,4.7,3.9,3.1
R006382,P0024,2026-10-12,HCP01415,Diabetes,Oral Therapy,3.1,3.3,2.9,1.8
R006383,P0086,2025-10-07,HCP01128,Diabetes,Oral Therapy,2.9,4.1,3.7,1.0
R006384,P0088,2025-12-26,HCP00260,Respiratory,Digital Therapeutic,2.8,4.4,4.6,3.6
R006385,P0061,2026-04-03,HCP00896,Immunology,Combination Therapy,2.9,3.8,3.4,1.2
R006386,P0006,2025-08-22,HCP02445,Cardiology,Combination Therapy,4.5,3.8,5.0,2.4
R006387,P0089,2025-03-11,HCP00709,Neurology,Combination Therapy,4.6,2.8,3.2,2.4
R006388,P0041,2026-07-20,HCP00780,Respiratory,Infusion,2.5,2.7,3.4,2.1
R006389,P0013,2025-04-11,HCP02049,Respiratory,Digital Therapeutic,4.3,3.2,3.5,3.0
R006390,P0049,2025-05-22,HCP02276,Neurology,Combination Therapy,2.7,4.8,4.4,1.1
R006391,P0060,2025-08-14,HCP00472,Cardiology,Oral Therapy,4.3,4.8,3.8,2.8
R006392,P0014,2025-02-03,HCP00918,Cardiology,Combination Therapy,3.8,4.7,3.2,1.7
R006393,P0027,2025-11-17,HCP02115,Cardiology,Combination Therapy,3.3,4.1,4.3,2.5
R006394,P0077,2025-12-23,HCP02116,Neurology,Oral Therapy,4.1,4.2,4.2,1.7
R006395,P0081,2025-09-17,HCP01007,Oncology,Infusion,4.8,3.5,3.5,2.6
R006396,P0018,2025-05-16,HCP01912,Immunology,Infusion,2.1,3.5,5.0,3.2
R006397,P0030,2026-02-09,HCP00764,Cardiology,Digital Therapeutic,4.7,2.4,4.5,2.3
R006398,P0097,2025-10-14,HCP00582,Cardiology,Infusion,3.0,3.9,4.4,2.2
R006399,P0011,2025-06-05,HCP02363,Respiratory,Combination Therapy,4.9,4.1,3.6,1.8
R006400,P0071,2026-01-06,HCP01618,Immunology,Infusion,4.4,3.4,3.3,2.6
R006401,P0051,2025-11-13,HCP01953,Rare Disease,Infusion,2.7,4.4,4.9,3.4
R006402,P0089,2025-02-07,HCP00584,Neurology,Injectable,3.2,4.7,3.4,2.4
R006403,P0005,2025-01-19,HCP00050,Immunology,Combination Therapy,4.1,3.0,4.3,3.7
R006404,P0020,2026-04-11,HCP00048,Cardiology,Infusion,4.5,5.0,4.6,2.2
R006405,P0099,2026-07-25,HCP01743,Rare Disease,Infusion,4.1,4.2,3.1,4.2
R006406,P0039,2026-06-21,HCP00752,Respiratory,Digital Therapeutic,4.0,4.9,3.8,1.0
R006407,P0046,2026-01-08,HCP01295,Immunology,Digital Therapeutic,3.2,3.3,3.4,2.0
R006408,P0085,2025-12-26,HCP01777,Respiratory,Digital Therapeutic,3.7,4.8,4.2,1.7
R006409,P0057,2025-08-28,HCP01919,Immunology,Oral Therapy,3.6,4.3,3.5,2.4
R006410,P0055,2026-02-24,HCP00447,Diabetes,Combination Therapy,2.4,3.6,3.4,3.0
R006411,P0007,2026-09-10,HCP01437,Diabetes,Combination Therapy,4.0,3.0,3.1,4.8
R006412,P0076,2025-08-25,HCP01570,Cardiology,Digital Therapeutic,3.4,3.8,3.9,2.6
R006413,P0017,2026-01-13,HCP01420,Immunology,Infusion,4.9,4.3,2.9,3.3
R006414,P0050,2025-05-14,HCP01913,Diabetes,Digital Therapeutic,4.7,3.9,5.0,1.8
R006415,P0043,2026-05-23,HCP00900,Immunology,Digital Therapeutic,3.9,3.9,3.8,2.2
R006416,P0081,2025-10-14,HCP00776,Oncology,Injectable,4.6,3.5,4.5,3.1
R006417,P0082,2026-01-17,HCP00796,Neurology,Infusion,4.2,2.9,3.9,1.1
R006418,P0077,2025-11-30,HCP00256,Neurology,Oral Therapy,3.7,3.9,4.2,1.5
R006419,P0074,2026-01-01,HCP00107,Immunology,Oral Therapy,2.5,3.1,3.1,2.6
R006420,P0036,2025-11-12,HCP01492,Respiratory,Infusion,3.6,4.5,4.3,2.4
R006421,P0042,2025-11-05,HCP02494,Rare Disease,Digital Therapeutic,3.4,4.4,3.2,2.7
R006422,P0106,2026-02-09,HCP00329,Respiratory,Digital Therapeutic,3.6,5.0,4.9,1.0
R006423,P0086,2026-02-18,HCP00629,Diabetes,Combination Therapy,3.5,3.5,3.6,2.2
R006424,P0088,2025-12-06,HCP00007,Respiratory,Injectable,4.6,3.8,4.4,2.3
R006425,P0105,2025-11-20,HCP00610,Neurology,Infusion,4.7,2.8,3.2,2.7
R006426,P0009,2026-04-18,HCP00327,Immunology,Combination Therapy,3.3,3.4,4.5,3.3
R006427,P0001,2026-09-10,HCP02491,Respiratory,Oral Therapy,2.6,3.8,2.9,2.5
R006428,P0005,2025-02-02,HCP00667,Immunology,Digital Therapeutic,2.9,3.9,2.9,1.5
R006429,P0060,2025-08-18,HCP02332,Cardiology,Injectable,4.8,3.5,4.6,2.8
R006430,P0086,2026-02-16,HCP01694,Diabetes,Injectable,4.5,3.4,4.6,1.0
R006431,P0115,2025-04-30,HCP00771,Neurology,Infusion,2.7,4.0,3.7,2.6
R006432,P0076,2025-10-14,HCP00832,Cardiology,Injectable,2.5,3.6,3.7,2.9
R006433,P0089,2025-03-12,HCP00234,Neurology,Infusion,3.2,4.7,3.9,2.4
R006434,P0111,2026-02-08,HCP02297,Immunology,Digital Therapeutic,5.0,4.0,4.2,3.1
R006435,P0021,2026-02-23,HCP02009,Rare Disease,Infusion,4.1,3.4,4.6,1.3
R006436,P0082,2026-04-20,HCP01856,Neurology,Infusion,3.5,4.6,3.8,4.5
R006437,P0080,2026-05-16,HCP00055,Neurology,Injectable,3.6,3.1,3.0,1.7
R006438,P0025,2025-09-06,HCP02469,Respiratory,Oral Therapy,2.1,3.5,3.9,1.0
R006439,P0057,2025-09-29,HCP00620,Immunology,Injectable,3.5,3.1,3.5,1.3
R006440,P0006,2025-08-01,HCP01664,Cardiology,Infusion,4.8,3.6,4.8,5.0
R006441,P0058,2025-08-08,HCP01435,Respiratory,Injectable,3.4,4.8,3.7,3.5
R006442,P0064,2025-09-19,HCP00054,Cardiology,Oral Therapy,3.5,3.9,4.8,1.4
R006443,P0046,2026-01-31,HCP00988,Immunology,Infusion,4.0,2.6,4.0,3.6
R006444,P0060,2025-07-25,HCP00373,Cardiology,Infusion,2.7,3.5,3.6,3.7
R006445,P0077,2025-11-19,HCP00430,Neurology,Combination Therapy,4.0,4.0,4.7,1.2
R006446,P0113,2026-05-25,HCP00674,Neurology,Combination Therapy,3.0,4.0,3.5,3.6
R006447,P0048,2025-05-21,HCP00014,Oncology,Infusion,3.3,3.7,4.0,2.1
R006448,P0086,2025-10-30,HCP01759,Diabetes,Oral Therapy,3.4,4.3,3.7,3.1
R006449,P0053,2025-05-22,HCP01859,Respiratory,Digital Therapeutic,3.4,4.2,3.4,3.4
R006450,P0109,2025-09-30,HCP01614,Diabetes,Infusion,3.8,3.7,4.2,3.3
R006451,P0068,2025-07-29,HCP01141,Immunology,Infusion,3.6,4.0,3.6,2.3
R006452,P0091,2025-05-04,HCP00514,Rare Disease,Digital Therapeutic,3.5,3.7,3.4,1.8
R006453,P0035,2026-06-26,HCP01538,Cardiology,Digital Therapeutic,3.8,3.8,3.9,3.0
R006454,P0080,2026-05-29,HCP01746,Neurology,Infusion,2.9,3.9,3.6,3.2
R006455,P0031,2025-12-31,HCP00535,Rare Disease,Combination Therapy,1.9,4.5,3.7,2.9
R006456,P0068,2025-07-21,HCP00698,Immunology,Injectable,3.7,4.1,3.9,2.4
R006457,P0024,2026-08-10,HCP02145,Diabetes,Digital Therapeutic,3.1,3.8,4.4,3.1
R006458,P0070,2026-07-02,HCP01672,Immunology,Infusion,4.1,3.5,3.7,1.0
R006459,P0022,2026-04-29,HCP01235,Cardiology,Combination Therapy,3.2,4.3,3.1,3.2
R006460,P0061,2026-03-01,HCP00777,Immunology,Combination Therapy,2.1,4.0,4.3,2.3
R006461,P0059,2025-10-09,HCP00550,Cardiology,Injectable,3.6,3.7,3.6,3.5
R006462,P0101,2026-06-06,HCP00526,Cardiology,Combination Therapy,4.6,3.6,4.2,2.6
R006463,P0013,2025-02-26,HCP02216,Respiratory,Infusion,4.0,3.8,4.7,3.0
R006464,P0029,2026-01-26,HCP01238,Neurology,Injectable,2.5,3.3,3.9,3.0
R006465,P0086,2025-10-25,HCP01405,Diabetes,Digital Therapeutic,3.2,2.8,3.4,2.2
R006466,P0110,2026-06-04,HCP02452,Rare Disease,Combination Therapy,3.3,4.9,3.8,1.8
R006467,P0097,2025-09-30,HCP01740,Cardiology,Digital Therapeutic,3.5,4.9,3.5,3.3
R006468,P0068,2025-08-17,HCP01617,Immunology,Oral Therapy,3.2,3.9,3.4,2.8
R006469,P0033,2026-04-29,HCP00564,Oncology,Infusion,2.2,4.2,3.7,2.7
R006470,P0053,2025-07-23,HCP00880,Respiratory,Injectable,3.6,3.7,3.2,3.3
R006471,P0103,2026-04-03,HCP00164,Respiratory,Injectable,4.9,4.2,3.3,3.1
R006472,P0026,2026-06-20,HCP01297,Diabetes,Digital Therapeutic,3.1,3.9,4.4,3.7
R006473,P0119,2025-09-02,HCP00684,Neurology,Oral Therapy,2.6,3.9,4.0,2.2
R006474,P0034,2025-04-08,HCP01097,Respiratory,Combination Therapy,4.9,3.1,4.2,3.0
R006475,P0058,2025-08-26,HCP01061,Respiratory,Combination Therapy,5.0,5.0,4.4,3.7
R006476,P0071,2026-01-01,HCP00079,Immunology,Oral Therapy,3.4,3.0,2.8,1.9
R006477,P0036,2025-10-07,HCP01259,Respiratory,Injectable,3.9,4.4,3.8,1.6
R006478,P0019,2026-03-15,HCP01686,Respiratory,Injectable,3.9,3.3,4.9,2.4
R006479,P0038,2025-10-11,HCP02010,Diabetes,Oral Therapy,4.5,2.4,5.0,2.5
R006480,P0001,2026-09-19,HCP00514,Respiratory,Oral Therapy,2.8,4.5,3.5,2.7
R006481,P0077,2025-09-17,HCP00987,Neurology,Digital Therapeutic,3.7,3.9,3.4,3.2
R006482,P0032,2026-07-23,HCP01336,Rare Disease,Infusion,2.8,2.9,2.6,3.0
R006483,P0054,2025-08-25,HCP02070,Neurology,Injectable,4.0,4.3,3.7,4.9
R006484,P0037,2025-09-21,HCP00178,Neurology,Infusion,5.0,3.6,4.3,3.7
R006485,P0025,2025-06-24,HCP01235,Respiratory,Injectable,4.0,5.0,4.5,2.0
R006486,P0113,2026-05-18,HCP01976,Neurology,Infusion,3.0,2.8,3.1,3.3
R006487,P0042,2025-10-15,HCP00104,Rare Disease,Oral Therapy,4.5,3.4,3.8,2.5
R006488,P0070,2026-05-28,HCP00044,Immunology,Oral Therapy,3.2,4.4,3.6,3.1
R006489,P0041,2026-06-07,HCP00218,Respiratory,Combination Therapy,4.1,3.5,3.2,2.8
R006490,P0049,2025-03-28,HCP00804,Neurology,Injectable,3.0,3.3,3.5,1.0
R006491,P0030,2025-12-28,HCP00294,Cardiology,Injectable,2.6,4.0,4.5,1.9
R006492,P0118,2025-12-21,HCP00959,Immunology,Digital Therapeutic,3.1,4.6,4.2,2.6
R006493,P0073,2026-05-29,HCP00747,Immunology,Infusion,1.4,3.8,4.2,3.2
R006494,P0045,2025-12-28,HCP01931,Neurology,Oral Therapy,2.8,3.7,4.8,1.5
R006495,P0067,2025-05-23,HCP00943,Immunology,Digital Therapeutic,5.0,3.3,3.9,3.7
R006496,P0115,2025-05-14,HCP02434,Neurology,Oral Therapy,1.3,3.5,3.8,3.3
R006497,P0075,2026-03-19,HCP00392,Neurology,Infusion,2.4,3.0,4.2,1.6
R006498,P0113,2026-07-13,HCP00479,Neurology,Injectable,5.0,4.7,3.3,2.5
R006499,P0080,2026-04-25,HCP02005,Neurology,Digital Therapeutic,2.9,4.3,4.5,3.3
R006500,P0083,2025-04-19,HCP00348,Immunology,Infusion,3.4,2.9,4.3,3.6
R006501,P0045,2026-01-08,HCP00939,Neurology,Infusion,3.7,3.4,4.2,1.3
R006502,P0064,2025-08-06,HCP01555,Cardiology,Combination Therapy,2.3,4.3,3.5,1.9
R006503,P0073,2026-06-18,HCP02232,Immunology,Infusion,4.6,4.3,4.4,3.4
R006504,P0099,2026-04-30,HCP00544,Rare Disease,Oral Therapy,3.6,3.8,5.0,1.5
R006505,P0090,2025-09-30,HCP00692,Neurology,Oral Therapy,3.2,3.6,4.3,3.0
R006506,P0039,2026-07-09,HCP00061,Respiratory,Injectable,4.5,3.8,3.6,2.5
R006507,P0052,2025-10-17,HCP01014,Oncology,Oral Therapy,2.6,3.5,5.0,2.3
R006508,P0045,2026-01-09,HCP00580,Neurology,Combination Therapy,3.7,4.6,4.2,1.0
R006509,P0119,2025-08-23,HCP00727,Neurology,Digital Therapeutic,2.8,4.3,5.0,3.5
R006510,P0025,2025-06-22,HCP00587,Respiratory,Digital Therapeutic,2.6,4.0,3.3,1.8
R006511,P0070,2026-08-09,HCP02491,Immunology,Digital Therapeutic,5.0,3.1,3.5,2.0
R006512,P0031,2025-12-13,HCP01379,Rare Disease,Digital Therapeutic,3.8,3.4,4.5,2.9
R006513,P0016,2026-05-10,HCP01251,Cardiology,Injectable,4.5,3.4,2.2,2.5
R006514,P0017,2026-01-17,HCP01126,Immunology,Oral Therapy,3.3,3.6,5.0,2.5
R006515,P0003,2025-11-08,HCP01466,Respiratory,Oral Therapy,2.8,3.9,4.8,2.4
R006516,P0103,2026-02-28,HCP00834,Respiratory,Infusion,1.1,4.9,3.5,2.0
R006517,P0101,2026-06-19,HCP00376,Cardiology,Injectable,3.4,3.9,4.8,1.9
R006518,P0001,2026-09-09,HCP00723,Respiratory,Combination Therapy,2.3,2.9,4.0,3.0
R006519,P0033,2026-06-15,HCP00802,Oncology,Combination Therapy,3.8,4.3,3.8,1.6
R006520,P0051,2025-11-06,HCP00670,Rare Disease,Digital Therapeutic,2.6,2.9,3.3,1.9
R006521,P0019,2026-06-02,HCP00367,Respiratory,Infusion,4.1,4.1,4.6,2.5
R006522,P0044,2025-11-11,HCP02155,Immunology,Combination Therapy,5.0,3.5,4.4,3.1
R006523,P0111,2026-01-22,HCP01081,Immunology,Infusion,5.0,4.2,4.1,1.8
R006524,P0047,2025-05-18,HCP01153,Respiratory,Infusion,4.0,4.2,3.2,1.8
R006525,P0062,2025-07-12,HCP02228,Immunology,Digital Therapeutic,3.7,3.9,4.3,2.2
R006526,P0102,2025-12-04,HCP02138,Cardiology,Injectable,3.1,3.1,4.6,1.7
R006527,P0001,2026-10-13,HCP00617,Respiratory,Infusion,3.0,3.4,5.0,2.4
R006528,P0099,2026-07-11,HCP02490,Rare Disease,Injectable,2.9,4.2,3.9,1.0
R006529,P0055,2026-03-25,HCP01054,Diabetes,Oral Therapy,5.0,3.9,3.6,3.8
R006530,P0080,2026-04-16,HCP01240,Neurology,Digital Therapeutic,3.4,5.0,3.3,2.4
R006531,P0116,2026-05-12,HCP02335,Rare Disease,Combination Therapy,5.0,3.9,4.0,1.0
R006532,P0083,2025-04-23,HCP02322,Immunology,Infusion,2.9,4.4,4.5,2.0
R006533,P0037,2025-08-23,HCP02348,Neurology,Oral Therapy,3.6,3.5,5.0,2.5
R006534,P0097,2025-09-19,HCP00437,Cardiology,Injectable,2.6,3.2,4.3,2.4
R006535,P0029,2025-12-16,HCP00198,Neurology,Combination Therapy,4.2,4.6,4.8,1.3
R006536,P0047,2025-09-09,HCP00775,Respiratory,Digital Therapeutic,3.5,3.3,4.1,3.6
R006537,P0078,2025-12-08,HCP00710,Cardiology,Injectable,3.7,2.8,4.4,3.3
R006538,P0055,2026-03-17,HCP01648,Diabetes,Combination Therapy,3.4,2.9,3.6,1.3
R006539,P0103,2026-03-14,HCP00402,Respiratory,Oral Therapy,4.2,4.1,4.2,2.8
R006540,P0030,2025-12-08,HCP00596,Cardiology,Infusion,4.3,3.3,3.3,1.7
R006541,P0077,2025-10-25,HCP01996,Neurology,Infusion,4.4,2.7,4.7,1.3
R006542,P0029,2025-12-13,HCP01480,Neurology,Oral Therapy,2.9,5.0,5.0,1.7
R006543,P0072,2026-05-05,HCP01987,Immunology,Oral Therapy,4.0,2.3,4.1,3.1
R006544,P0113,2026-06-07,HCP02248,Neurology,Digital Therapeutic,3.3,3.5,3.7,1.6
R006545,P0117,2025-08-01,HCP02342,Immunology,Oral Therapy,4.8,4.9,5.0,2.7
R006546,P0092,2026-02-13,HCP02435,Cardiology,Infusion,3.9,3.8,4.7,1.2
R006547,P0077,2025-11-18,HCP01684,Neurology,Digital Therapeutic,4.0,5.0,5.0,3.1
R006548,P0055,2025-12-19,HCP01338,Diabetes,Infusion,3.5,4.3,4.3,2.2
R006549,P0038,2025-10-26,HCP01606,Diabetes,Injectable,3.0,3.0,3.3,2.8
R006550,P0005,2025-01-17,HCP01842,Immunology,Combination Therapy,3.8,4.3,3.9,1.4
R006551,P0061,2026-01-28,HCP02182,Immunology,Infusion,4.7,3.4,4.1,4.4
R006552,P0090,2025-09-19,HCP01509,Neurology,Infusion,3.0,3.6,4.0,4.2
R006553,P0101,2026-05-18,HCP01456,Cardiology,Digital Therapeutic,4.8,3.1,3.3,1.0
R006554,P0114,2026-10-24,HCP01050,Cardiology,Injectable,4.2,3.3,4.0,3.6
R006555,P0022,2026-05-31,HCP02035,Cardiology,Injectable,2.0,4.3,3.2,2.6
R006556,P0112,2025-03-16,HCP00892,Respiratory,Combination Therapy,2.9,3.2,3.1,2.9
R006557,P0034,2025-03-22,HCP00858,Respiratory,Injectable,5.0,2.4,3.5,2.9
R006558,P0086,2025-11-30,HCP01536,Diabetes,Digital Therapeutic,3.6,4.1,3.8,3.3
R006559,P0090,2025-08-17,HCP01581,Neurology,Digital Therapeutic,2.9,3.6,3.9,1.9
R006560,P0078,2025-12-13,HCP00865,Cardiology,Injectable,3.0,4.4,3.9,1.1
R006561,P0051,2025-10-01,HCP00029,Rare Disease,Injectable,3.6,3.3,5.0,1.9
R006562,P0015,2025-08-14,HCP01873,Oncology,Injectable,4.5,4.5,3.9,1.8
R006563,P0061,2026-07-01,HCP00223,Immunology,Infusion,3.4,4.3,2.8,2.5
R006564,P0011,2025-03-10,HCP00316,Respiratory,Digital Therapeutic,3.0,4.2,3.8,2.5
R006565,P0076,2025-10-06,HCP00275,Cardiology,Digital Therapeutic,1.8,2.9,3.8,2.0
R006566,P0032,2026-03-10,HCP01797,Rare Disease,Injectable,2.9,3.8,2.5,1.9
R006567,P0024,2026-07-02,HCP01881,Diabetes,Infusion,3.1,4.4,4.0,3.1
R006568,P0068,2025-07-26,HCP01278,Immunology,Digital Therapeutic,4.0,3.4,3.6,1.5
R006569,P0030,2025-12-12,HCP00232,Cardiology,Oral Therapy,4.0,2.3,3.9,3.2
R006570,P0110,2026-05-16,HCP00205,Rare Disease,Oral Therapy,4.9,3.3,4.1,2.4
R006571,P0012,2026-06-23,HCP01405,Oncology,Oral Therapy,2.7,3.1,3.9,2.0
R006572,P0105,2025-11-29,HCP02099,Neurology,Oral Therapy,3.8,3.4,3.9,1.6
R006573,P0093,2025-01-26,HCP01770,Respiratory,Combination Therapy,3.8,2.8,3.6,3.8
R006574,P0037,2025-09-30,HCP01375,Neurology,Injectable,2.9,4.3,4.3,1.0
R006575,P0069,2026-03-12,HCP01258,Immunology,Combination Therapy,4.5,4.2,3.7,2.9
R006576,P0044,2025-09-08,HCP01838,Immunology,Combination Therapy,5.0,3.2,4.4,2.4
R006577,P0029,2026-01-16,HCP00529,Neurology,Injectable,3.7,3.5,3.2,2.3
R006578,P0038,2025-11-03,HCP00310,Diabetes,Oral Therapy,3.3,3.2,3.7,1.3
R006579,P0041,2026-03-26,HCP00888,Respiratory,Injectable,5.0,4.1,4.2,1.8
R006580,P0064,2025-10-10,HCP00388,Cardiology,Digital Therapeutic,4.1,3.1,3.2,4.6
R006581,P0070,2026-09-16,HCP00675,Immunology,Infusion,2.7,3.2,3.6,3.5
R006582,P0098,2026-04-10,HCP02197,Cardiology,Combination Therapy,3.5,3.9,4.3,3.4
R006583,P0069,2026-03-09,HCP01201,Immunology,Injectable,3.4,3.2,3.4,3.1
R006584,P0094,2025-04-25,HCP01168,Cardiology,Oral Therapy,3.0,5.0,4.7,2.7
R006585,P0111,2026-01-16,HCP01875,Immunology,Digital Therapeutic,3.0,3.3,4.0,3.8
R006586,P0107,2026-04-04,HCP00740,Diabetes,Combination Therapy,3.1,4.3,3.7,2.7
R006587,P0049,2025-05-04,HCP01769,Neurology,Infusion,4.4,4.4,4.3,4.6
R006588,P0063,2025-08-19,HCP01298,Rare Disease,Digital Therapeutic,3.4,2.8,4.0,3.7
R006589,P0097,2025-09-30,HCP01432,Cardiology,Infusion,3.8,3.6,4.0,2.8
R006590,P0079,2026-05-31,HCP00929,Oncology,Injectable,4.5,3.2,3.8,3.1
R006591,P0016,2026-08-11,HCP02327,Cardiology,Infusion,3.4,4.4,3.8,2.5
R006592,P0115,2025-05-12,HCP02435,Neurology,Combination Therapy,2.7,3.7,3.3,4.1
R006593,P0093,2025-01-24,HCP00313,Respiratory,Combination Therapy,4.5,4.4,4.4,2.0
R006594,P0082,2026-05-31,HCP00493,Neurology,Combination Therapy,3.4,4.9,3.6,3.1
R006595,P0119,2025-08-25,HCP01872,Neurology,Infusion,5.0,5.0,4.6,2.6
R006596,P0021,2026-06-30,HCP01326,Rare Disease,Oral Therapy,4.6,3.0,3.3,1.8
R006597,P0107,2025-12-26,HCP01927,Diabetes,Infusion,4.1,3.0,4.7,2.9
R006598,P0040,2026-06-19,HCP00832,Neurology,Combination Therapy,3.9,3.0,3.4,1.0
R006599,P0098,2026-06-04,HCP01617,Cardiology,Combination Therapy,4.7,4.6,4.4,3.3
R006600,P0010,2025-03-04,HCP00413,Diabetes,Infusion,3.9,4.3,3.7,3.9
R006601,P0067,2025-07-19,HCP02405,Immunology,Oral Therapy,1.9,4.3,4.1,2.0
R006602,P0014,2025-02-07,HCP01704,Cardiology,Combination Therapy,3.6,4.2,3.6,2.2
R006603,P0114,2026-08-07,HCP01613,Cardiology,Combination Therapy,4.2,3.5,3.4,2.3
R006604,P0060,2025-07-13,HCP00343,Cardiology,Infusion,2.8,3.9,3.7,3.4
R006605,P0103,2025-12-29,HCP02232,Respiratory,Infusion,5.0,4.0,4.4,3.9
R006606,P0089,2025-02-11,HCP00687,Neurology,Digital Therapeutic,3.6,3.9,4.4,3.7
R006607,P0058,2025-08-28,HCP00307,Respiratory,Injectable,4.2,3.3,4.3,3.6
R006608,P0023,2025-09-13,HCP01219,Respiratory,Combination Therapy,4.7,4.9,4.1,2.9
R006609,P0057,2025-06-29,HCP02418,Immunology,Injectable,4.2,3.0,5.0,1.0
R006610,P0039,2026-07-19,HCP01060,Respiratory,Digital Therapeutic,3.6,3.5,3.4,2.3
R006611,P0031,2025-12-13,HCP00020,Rare Disease,Digital Therapeutic,4.0,4.8,3.9,3.3
R006612,P0041,2026-04-06,HCP02277,Respiratory,Oral Therapy,3.5,4.5,2.4,3.3
R006613,P0028,2026-04-23,HCP01635,Oncology,Oral Therapy,3.6,2.9,4.2,2.3
R006614,P0101,2026-06-15,HCP01628,Cardiology,Digital Therapeutic,2.7,2.3,3.4,1.0
R006615,P0110,2026-07-31,HCP01393,Rare Disease,Infusion,3.5,3.1,3.9,3.3
R006616,P0023,2025-05-15,HCP00174,Respiratory,Combination Therapy,2.7,3.9,3.5,1.7
R006617,P0026,2026-03-21,HCP01750,Diabetes,Digital Therapeutic,3.7,3.8,3.8,1.7
R006618,P0005,2025-01-26,HCP00359,Immunology,Combination Therapy,3.4,3.8,4.0,3.4
R006619,P0051,2025-12-10,HCP00519,Rare Disease,Oral Therapy,4.1,4.2,3.5,2.7
R006620,P0075,2026-02-21,HCP01466,Neurology,Digital Therapeutic,2.4,3.8,4.1,3.3
R006621,P0032,2026-04-11,HCP01295,Rare Disease,Infusion,2.9,4.5,3.7,1.3
R006622,P0064,2025-10-02,HCP00564,Cardiology,Injectable,2.9,4.3,3.5,2.4
R006623,P0041,2026-06-11,HCP00166,Respiratory,Injectable,3.7,2.3,4.4,1.0
R006624,P0001,2026-06-19,HCP00490,Respiratory,Combination Therapy,3.5,3.9,4.1,3.4
R006625,P0029,2025-12-12,HCP00111,Neurology,Infusion,4.6,3.6,2.8,3.2
R006626,P0092,2026-02-04,HCP02469,Cardiology,Oral Therapy,3.7,4.0,3.7,1.6
R006627,P0106,2026-01-28,HCP00196,Respiratory,Infusion,3.7,3.6,3.3,2.3
R006628,P0051,2026-01-03,HCP01774,Rare Disease,Digital Therapeutic,2.8,2.7,4.8,3.1
R006629,P0070,2026-08-22,HCP00938,Immunology,Digital Therapeutic,3.5,4.1,3.5,1.6
R006630,P0066,2026-03-22,HCP00757,Diabetes,Infusion,2.6,4.3,3.5,1.0
R006631,P0037,2025-10-26,HCP00009,Neurology,Digital Therapeutic,4.1,2.5,4.0,2.5
R006632,P0081,2025-11-14,HCP00070,Oncology,Combination Therapy,4.4,5.0,4.3,3.2
R006633,P0049,2025-02-25,HCP02493,Neurology,Oral Therapy,2.4,4.5,3.5,1.6
R006634,P0007,2026-08-15,HCP01988,Diabetes,Infusion,3.7,3.2,4.0,3.7
R006635,P0047,2025-09-26,HCP00704,Respiratory,Combination Therapy,3.6,3.0,4.1,2.9
R006636,P0021,2026-03-19,HCP01444,Rare Disease,Infusion,4.7,3.9,2.9,3.7
R006637,P0058,2025-09-08,HCP02242,Respiratory,Combination Therapy,2.9,3.9,4.2,1.6
R006638,P0056,2025-06-03,HCP00779,Immunology,Combination Therapy,3.1,4.2,3.6,1.6
R006639,P0057,2025-10-05,HCP02404,Immunology,Oral Therapy,3.9,4.1,3.2,1.9
R006640,P0021,2026-03-22,HCP01319,Rare Disease,Injectable,3.3,4.2,5.0,3.8
R006641,P0114,2026-09-01,HCP01138,Cardiology,Injectable,3.3,3.0,3.4,2.6
R006642,P0014,2025-02-01,HCP02242,Cardiology,Infusion,3.3,3.7,4.4,2.3
R006643,P0036,2025-11-19,HCP01143,Respiratory,Digital Therapeutic,4.1,4.0,4.3,3.7
R006644,P0039,2026-07-01,HCP00159,Respiratory,Combination Therapy,4.7,3.6,2.9,1.4
R006645,P0055,2026-01-24,HCP00371,Diabetes,Infusion,3.6,4.3,3.5,2.7
R006646,P0052,2025-12-23,HCP01830,Oncology,Oral Therapy,3.5,4.6,3.2,2.4
R006647,P0119,2025-09-09,HCP01579,Neurology,Combination Therapy,4.3,3.2,4.5,4.0
R006648,P0102,2026-01-28,HCP02157,Cardiology,Injectable,3.9,3.8,4.5,3.4
R006649,P0007,2026-05-13,HCP00493,Diabetes,Injectable,3.8,3.4,5.0,2.1
R006650,P0072,2026-06-11,HCP01302,Immunology,Combination Therapy,4.7,3.5,3.3,4.0
R006651,P0062,2025-07-07,HCP00938,Immunology,Combination Therapy,2.8,2.6,5.0,2.7
R006652,P0112,2025-04-15,HCP02403,Respiratory,Combination Therapy,3.5,4.1,4.5,3.0
R006653,P0041,2026-05-30,HCP01999,Respiratory,Combination Therapy,2.9,5.0,5.0,2.9
R006654,P0055,2026-02-10,HCP00580,Diabetes,Oral Therapy,3.2,4.1,4.0,4.0
R006655,P0112,2025-03-28,HCP01859,Respiratory,Oral Therapy,2.6,5.0,3.8,1.0
R006656,P0057,2025-10-06,HCP01804,Immunology,Infusion,3.4,4.7,3.4,3.0
R006657,P0073,2026-07-13,HCP00976,Immunology,Combination Therapy,4.0,3.3,4.8,4.5
R006658,P0038,2025-10-01,HCP01063,Diabetes,Injectable,1.5,4.1,3.9,1.4
R006659,P0094,2025-04-23,HCP00593,Cardiology,Injectable,3.4,4.3,3.9,1.6
R006660,P0010,2025-03-12,HCP00948,Diabetes,Combination Therapy,3.6,4.3,4.7,2.7
R006661,P0118,2025-12-20,HCP00254,Immunology,Combination Therapy,3.5,3.3,4.5,3.6
R006662,P0021,2026-06-21,HCP01591,Rare Disease,Infusion,2.3,3.9,3.8,2.8
R006663,P0070,2026-06-11,HCP01255,Immunology,Infusion,4.5,5.0,4.1,2.3
R006664,P0009,2026-04-30,HCP01524,Immunology,Injectable,4.5,2.7,4.1,2.5
R006665,P0012,2026-04-19,HCP02406,Oncology,Combination Therapy,4.7,4.5,4.0,2.2
R006666,P0085,2026-02-17,HCP00918,Respiratory,Combination Therapy,3.2,4.6,4.7,2.1
R006667,P0095,2026-01-22,HCP00317,Cardiology,Injectable,3.8,2.6,4.3,1.3
R006668,P0042,2025-10-11,HCP00939,Rare Disease,Digital Therapeutic,3.1,3.4,3.8,4.4
R006669,P0007,2026-06-14,HCP00882,Diabetes,Infusion,2.8,3.6,4.8,2.7
R006670,P0004,2025-07-04,HCP01200,Diabetes,Digital Therapeutic,2.7,4.4,3.6,1.6
R006671,P0113,2026-06-29,HCP02111,Neurology,Infusion,3.9,3.8,3.9,3.5
R006672,P0091,2025-08-25,HCP02483,Rare Disease,Digital Therapeutic,4.4,3.4,3.8,1.0
R006673,P0047,2025-05-14,HCP01582,Respiratory,Digital Therapeutic,4.8,3.9,3.7,1.3
R006674,P0031,2025-12-10,HCP01997,Rare Disease,Infusion,3.7,4.1,3.8,2.8
R006675,P0085,2026-01-09,HCP00721,Respiratory,Injectable,3.1,3.7,4.6,2.5
R006676,P0108,2025-02-13,HCP00916,Diabetes,Oral Therapy,3.6,4.9,4.0,3.0
R006677,P0079,2026-05-18,HCP02193,Oncology,Combination Therapy,4.5,3.8,5.0,1.7
R006678,P0099,2026-06-25,HCP00908,Rare Disease,Digital Therapeutic,5.0,4.3,3.6,2.1
R006679,P0103,2026-03-11,HCP00927,Respiratory,Infusion,4.7,3.1,3.6,2.3
R006680,P0037,2025-07-16,HCP02242,Neurology,Infusion,4.6,4.1,3.1,1.8
R006681,P0088,2026-01-08,HCP02005,Respiratory,Infusion,4.9,3.4,3.1,1.5
R006682,P0029,2025-12-08,HCP01949,Neurology,Infusion,3.8,3.4,3.5,3.9
R006683,P0027,2025-11-03,HCP01814,Cardiology,Infusion,3.9,4.9,3.5,1.6
R006684,P0120,2026-04-29,HCP01634,Immunology,Combination Therapy,4.6,3.3,3.6,2.3
R006685,P0040,2026-04-05,HCP01377,Neurology,Infusion,4.1,3.4,4.1,1.6
R006686,P0099,2026-06-12,HCP01786,Rare Disease,Digital Therapeutic,4.4,2.6,3.5,1.9
R006687,P0042,2025-09-01,HCP00088,Rare Disease,Infusion,3.2,3.2,5.0,1.2
R006688,P0112,2025-05-17,HCP00143,Respiratory,Digital Therapeutic,4.9,2.6,3.9,1.3
R006689,P0034,2025-04-11,HCP02175,Respiratory,Oral Therapy,3.3,4.6,4.5,2.2
R006690,P0003,2025-06-01,HCP00232,Respiratory,Digital Therapeutic,4.6,4.1,3.4,2.2
R006691,P0056,2025-07-18,HCP01625,Immunology,Injectable,3.6,4.4,3.7,2.7
R006692,P0072,2026-05-25,HCP00790,Immunology,Infusion,3.2,4.1,4.2,4.4
R006693,P0047,2025-07-20,HCP01866,Respiratory,Digital Therapeutic,2.0,3.1,4.3,2.7
R006694,P0032,2026-05-29,HCP01182,Rare Disease,Infusion,3.5,4.4,4.6,2.0
R006695,P0100,2025-03-22,HCP00758,Neurology,Oral Therapy,2.6,3.7,3.1,1.0
R006696,P0045,2026-01-30,HCP01778,Neurology,Infusion,2.9,4.2,5.0,1.3
R006697,P0085,2025-11-09,HCP02452,Respiratory,Oral Therapy,4.1,1.9,5.0,4.1
R006698,P0011,2025-03-24,HCP01956,Respiratory,Injectable,2.4,3.0,4.1,3.1
R006699,P0105,2026-01-24,HCP00571,Neurology,Infusion,4.7,3.3,4.2,2.8
R006700,P0090,2025-06-27,HCP02212,Neurology,Digital Therapeutic,5.0,4.0,4.1,3.0
R006701,P0021,2026-04-04,HCP02497,Rare Disease,Infusion,3.3,2.7,3.4,1.4
R006702,P0064,2025-09-02,HCP00678,Cardiology,Injectable,4.7,5.0,3.1,2.8
R006703,P0090,2025-06-18,HCP01625,Neurology,Oral Therapy,2.5,4.7,3.2,2.3
R006704,P0096,2026-04-13,HCP01871,Neurology,Oral Therapy,4.0,4.7,3.2,3.5
R006705,P0051,2026-01-12,HCP01556,Rare Disease,Infusion,4.0,4.8,5.0,2.4
R006706,P0014,2025-02-11,HCP02487,Cardiology,Combination Therapy,5.0,4.2,3.7,1.8
R006707,P0008,2026-01-10,HCP00632,Neurology,Combination Therapy,3.4,3.0,4.7,2.8
R006708,P0120,2026-05-11,HCP00521,Immunology,Infusion,4.1,4.1,3.8,2.1
R006709,P0014,2025-02-10,HCP02216,Cardiology,Injectable,3.5,3.5,3.9,3.0
R006710,P0042,2025-11-25,HCP00175,Rare Disease,Injectable,3.4,3.6,3.8,2.5
R006711,P0103,2025-12-15,HCP00079,Respiratory,Infusion,3.6,4.4,3.6,3.4
R006712,P0115,2025-04-15,HCP02242,Neurology,Digital Therapeutic,3.5,3.4,5.0,1.6
R006713,P0057,2025-08-09,HCP02122,Immunology,Infusion,3.2,3.4,4.1,3.9
R006714,P0082,2026-05-10,HCP00338,Neurology,Infusion,3.9,4.5,4.9,2.9
R006715,P0062,2025-07-05,HCP02066,Immunology,Digital Therapeutic,2.9,3.2,4.1,2.5
R006716,P0014,2025-03-10,HCP01800,Cardiology,Combination Therapy,3.4,3.6,4.9,3.4
R006717,P0059,2025-11-27,HCP02266,Cardiology,Infusion,5.0,3.7,4.1,3.1
R006718,P0094,2025-05-09,HCP00969,Cardiology,Oral Therapy,3.6,4.2,3.8,3.1
R006719,P0076,2025-07-08,HCP00810,Cardiology,Combination Therapy,4.5,4.3,3.0,2.9
R006720,P0068,2025-08-26,HCP00889,Immunology,Combination Therapy,3.6,3.3,4.5,3.1
R006721,P0100,2025-04-04,HCP01642,Neurology,Infusion,4.4,2.6,5.0,2.3
R006722,P0023,2025-05-15,HCP02352,Respiratory,Oral Therapy,3.6,4.7,4.6,3.0
R006723,P0069,2026-03-18,HCP02352,Immunology,Combination Therapy,1.5,2.2,3.7,2.0
R006724,P0023,2025-09-01,HCP00878,Respiratory,Oral Therapy,3.7,4.1,4.5,1.8
R006725,P0008,2025-12-07,HCP00169,Neurology,Combination Therapy,2.8,3.8,3.3,2.0
R006726,P0115,2025-04-27,HCP01020,Neurology,Oral Therapy,3.4,4.0,3.3,1.0
R006727,P0094,2025-05-31,HCP01118,Cardiology,Oral Therapy,4.3,4.0,3.5,1.4
R006728,P0120,2026-04-16,HCP00040,Immunology,Injectable,5.0,3.6,3.6,2.2
R006729,P0056,2025-05-01,HCP02444,Immunology,Infusion,2.5,3.7,4.4,1.0
R006730,P0070,2026-05-26,HCP00459,Immunology,Combination Therapy,3.5,4.0,4.5,2.1
R006731,P0008,2025-11-24,HCP01447,Neurology,Oral Therapy,3.7,4.0,3.7,3.2
R006732,P0023,2025-07-13,HCP00904,Respiratory,Injectable,3.7,1.9,5.0,2.2
R006733,P0011,2025-04-26,HCP01784,Respiratory,Digital Therapeutic,3.7,3.8,3.7,2.1
R006734,P0041,2026-04-02,HCP01665,Respiratory,Infusion,4.2,4.4,4.8,2.3
R006735,P0049,2025-02-15,HCP02279,Neurology,Combination Therapy,3.3,3.3,3.8,1.0
R006736,P0026,2026-04-01,HCP00160,Diabetes,Infusion,3.5,4.1,4.0,2.6
R006737,P0094,2025-04-18,HCP00699,Cardiology,Digital Therapeutic,4.0,4.5,4.0,3.1
R006738,P0073,2026-03-31,HCP00874,Immunology,Injectable,3.1,3.9,4.5,3.3
R006739,P0053,2025-06-15,HCP02246,Respiratory,Injectable,3.2,3.9,3.9,2.1
R006740,P0049,2025-03-16,HCP00914,Neurology,Infusion,3.6,2.9,2.9,3.8
R006741,P0068,2025-06-17,HCP01277,Immunology,Digital Therapeutic,3.2,3.7,4.5,2.7
R006742,P0046,2025-12-20,HCP01978,Immunology,Combination Therapy,2.9,4.1,4.0,3.4
R006743,P0093,2025-02-27,HCP02296,Respiratory,Injectable,2.8,3.5,5.0,2.2
R006744,P0097,2025-10-12,HCP00688,Cardiology,Digital Therapeutic,3.7,3.5,3.2,3.8
R006745,P0023,2025-05-11,HCP01654,Respiratory,Injectable,4.9,4.2,3.9,2.0
R006746,P0116,2026-05-26,HCP02230,Rare Disease,Injectable,4.0,4.0,3.0,2.8
R006747,P0055,2026-02-11,HCP00673,Diabetes,Oral Therapy,2.9,4.1,4.1,2.5
R006748,P0024,2026-08-30,HCP02360,Diabetes,Injectable,5.0,2.7,4.1,1.4
R006749,P0103,2026-03-17,HCP00985,Respiratory,Digital Therapeutic,3.3,4.1,4.9,3.9
R006750,P0050,2025-07-04,HCP00554,Diabetes,Infusion,5.0,2.7,4.3,2.2
R006751,P0018,2025-05-15,HCP01991,Immunology,Combination Therapy,3.6,3.6,3.7,1.4
R006752,P0065,2025-04-17,HCP00945,Immunology,Injectable,3.9,5.0,4.1,1.7
R006753,P0050,2025-08-13,HCP01039,Diabetes,Infusion,3.4,4.2,4.6,3.2
R006754,P0030,2025-12-26,HCP01834,Cardiology,Oral Therapy,3.4,4.0,2.9,4.0
R006755,P0088,2026-01-01,HCP00554,Respiratory,Injectable,4.9,3.2,4.4,1.7
R006756,P0049,2025-05-16,HCP00672,Neurology,Oral Therapy,3.5,4.9,3.5,2.9
R006757,P0064,2025-10-08,HCP01790,Cardiology,Injectable,4.5,4.0,3.8,2.1
R006758,P0007,2026-07-03,HCP02066,Diabetes,Oral Therapy,3.7,2.2,4.0,1.0
R006759,P0045,2026-02-16,HCP00451,Neurology,Digital Therapeutic,3.6,3.3,3.0,3.1
R006760,P0005,2025-01-31,HCP02435,Immunology,Combination Therapy,4.2,4.0,3.0,1.6
R006761,P0034,2025-03-23,HCP00125,Respiratory,Oral Therapy,3.6,3.6,4.4,3.1
R006762,P0095,2025-11-12,HCP01579,Cardiology,Injectable,3.0,4.6,3.7,3.0
R006763,P0112,2025-03-23,HCP01049,Respiratory,Combination Therapy,3.1,3.0,4.0,2.1
R006764,P0041,2026-05-03,HCP00404,Respiratory,Oral Therapy,4.2,3.9,4.1,2.8
R006765,P0084,2026-05-26,HCP01957,Immunology,Digital Therapeutic,1.8,3.4,3.2,3.3
R006766,P0085,2025-12-23,HCP00005,Respiratory,Infusion,4.0,3.9,3.5,1.0
R006767,P0094,2025-05-23,HCP00701,Cardiology,Combination Therapy,2.5,3.4,3.4,2.8
R006768,P0010,2025-03-25,HCP01025,Diabetes,Infusion,3.8,3.8,2.5,2.9
R006769,P0036,2025-11-09,HCP01732,Respiratory,Oral Therapy,4.8,4.9,3.9,2.3
R006770,P0081,2026-01-07,HCP00568,Oncology,Infusion,2.9,2.7,3.9,3.9
R006771,P0036,2025-10-09,HCP00133,Respiratory,Combination Therapy,4.1,5.0,4.3,2.7
R006772,P0079,2026-06-13,HCP01935,Oncology,Infusion,4.7,5.0,4.2,4.5
R006773,P0108,2025-03-19,HCP00207,Diabetes,Oral Therapy,3.2,3.4,2.9,3.8
R006774,P0099,2026-07-18,HCP01175,Rare Disease,Oral Therapy,3.1,4.8,2.9,4.2
R006775,P0059,2025-11-22,HCP01670,Cardiology,Infusion,4.0,4.4,3.6,3.2
R006776,P0025,2025-10-02,HCP01581,Respiratory,Digital Therapeutic,4.8,4.3,4.1,3.6
R006777,P0039,2026-08-02,HCP00263,Respiratory,Injectable,5.0,3.3,3.7,2.3
R006778,P0067,2025-09-09,HCP01516,Immunology,Injectable,3.1,3.1,3.5,4.4
R006779,P0090,2025-08-26,HCP00032,Neurology,Combination Therapy,4.3,3.5,4.9,1.5
R006780,P0109,2025-12-02,HCP00091,Diabetes,Combination Therapy,3.3,3.5,4.4,4.1
R006781,P0102,2025-11-26,HCP00591,Cardiology,Combination Therapy,2.7,2.9,4.5,2.4
R006782,P0027,2025-11-24,HCP01770,Cardiology,Infusion,3.5,3.2,4.2,1.3
R006783,P0014,2025-03-19,HCP00530,Cardiology,Combination Therapy,3.5,4.5,3.3,3.1
R006784,P0015,2025-08-10,HCP02065,Oncology,Infusion,3.8,4.9,4.5,2.4
R006785,P0027,2025-10-30,HCP00345,Cardiology,Combination Therapy,4.1,3.2,5.0,3.1
R006786,P0042,2025-11-22,HCP01179,Rare Disease,Injectable,3.9,5.0,4.4,4.3
R006787,P0005,2025-01-19,HCP01203,Immunology,Combination Therapy,4.7,2.8,3.9,1.5
R006788,P0116,2026-05-20,HCP01456,Rare Disease,Infusion,5.0,3.0,3.0,3.9
R006789,P0042,2025-11-09,HCP00952,Rare Disease,Combination Therapy,3.7,2.5,3.5,3.2
R006790,P0019,2026-04-26,HCP00360,Respiratory,Infusion,3.3,2.5,4.5,3.3
R006791,P0064,2025-07-20,HCP01819,Cardiology,Combination Therapy,3.5,4.6,4.4,1.0
R006792,P0015,2025-09-03,HCP01647,Oncology,Infusion,3.5,3.5,3.3,3.0
R006793,P0103,2026-02-26,HCP01641,Respiratory,Combination Therapy,3.2,3.8,4.3,3.5
R006794,P0120,2026-04-02,HCP02350,Immunology,Combination Therapy,2.4,3.5,3.4,4.3
R006795,P0110,2026-07-04,HCP02216,Rare Disease,Oral Therapy,2.6,2.9,4.6,1.1
R006796,P0048,2025-07-23,HCP01780,Oncology,Infusion,4.3,2.6,4.4,2.2
R006797,P0077,2025-12-26,HCP01087,Neurology,Oral Therapy,4.3,2.2,4.6,5.0
R006798,P0018,2025-04-23,HCP00037,Immunology,Injectable,4.0,3.5,3.7,1.0
R006799,P0006,2025-07-18,HCP00544,Cardiology,Oral Therapy,3.5,4.0,4.5,3.6
R006800,P0068,2025-08-19,HCP00774,Immunology,Infusion,3.3,3.1,4.1,2.8
R006801,P0090,2025-08-07,HCP00741,Neurology,Injectable,2.5,2.1,4.3,1.9
R006802,P0002,2025-11-10,HCP02385,Cardiology,Oral Therapy,3.1,4.3,4.0,2.2
R006803,P0120,2026-07-21,HCP00159,Immunology,Injectable,3.1,4.4,3.4,4.8
R006804,P0052,2025-10-13,HCP01671,Oncology,Infusion,2.5,2.7,4.2,3.3
R006805,P0075,2026-02-05,HCP01212,Neurology,Oral Therapy,3.9,2.8,4.3,2.4
R006806,P0005,2025-02-15,HCP00812,Immunology,Combination Therapy,3.1,4.2,3.3,1.8
R006807,P0107,2025-11-27,HCP01836,Diabetes,Injectable,3.7,2.3,4.4,3.4
R006808,P0068,2025-07-09,HCP01502,Immunology,Injectable,2.4,2.7,4.3,2.3
R006809,P0058,2025-09-10,HCP02109,Respiratory,Oral Therapy,4.2,4.7,3.6,1.7
R006810,P0075,2026-04-11,HCP00409,Neurology,Oral Therapy,4.1,3.3,4.2,2.4
R006811,P0100,2025-03-15,HCP00678,Neurology,Digital Therapeutic,3.3,3.7,3.6,2.9
R006812,P0001,2026-06-24,HCP02312,Respiratory,Oral Therapy,4.9,2.9,4.4,2.4
R006813,P0006,2025-08-30,HCP02178,Cardiology,Oral Therapy,3.6,4.5,3.4,4.2
R006814,P0062,2025-07-12,HCP00975,Immunology,Digital Therapeutic,3.8,3.6,4.9,3.3
R006815,P0094,2025-05-10,HCP01013,Cardiology,Injectable,2.4,4.4,4.8,2.3
R006816,P0114,2026-09-15,HCP00481,Cardiology,Digital Therapeutic,3.0,3.3,4.5,3.3
R006817,P0012,2026-06-24,HCP00200,Oncology,Digital Therapeutic,3.1,2.9,5.0,2.3
R006818,P0048,2025-07-14,HCP00188,Oncology,Digital Therapeutic,4.4,3.6,4.9,2.4
R006819,P0094,2025-04-24,HCP00016,Cardiology,Oral Therapy,4.5,3.1,4.6,2.5
R006820,P0115,2025-08-10,HCP00088,Neurology,Digital Therapeutic,3.2,3.3,5.0,2.1
R006821,P0031,2025-12-16,HCP00936,Rare Disease,Combination Therapy,3.8,3.1,3.9,3.6
R006822,P0116,2026-06-19,HCP01613,Rare Disease,Combination Therapy,4.4,2.8,3.6,3.5
R006823,P0097,2025-10-10,HCP01609,Cardiology,Combination Therapy,3.4,4.2,4.6,1.7
R006824,P0029,2025-12-14,HCP01704,Neurology,Combination Therapy,2.5,4.0,3.9,4.1
R006825,P0098,2026-06-19,HCP01612,Cardiology,Combination Therapy,4.3,3.0,4.6,3.0
R006826,P0070,2026-09-07,HCP01647,Immunology,Injectable,4.1,4.9,3.5,1.0
R006827,P0102,2026-02-05,HCP00963,Cardiology,Injectable,3.9,3.2,3.6,2.7
R006828,P0100,2025-04-08,HCP00786,Neurology,Infusion,4.5,4.3,3.1,3.1
R006829,P0025,2025-06-25,HCP01064,Respiratory,Oral Therapy,4.6,1.8,3.3,1.9
R006830,P0086,2026-03-20,HCP01982,Diabetes,Digital Therapeutic,4.2,3.5,4.2,4.7
R006831,P0055,2025-12-30,HCP01353,Diabetes,Combination Therapy,2.7,2.4,3.1,1.7
R006832,P0092,2026-05-12,HCP02100,Cardiology,Injectable,2.4,3.1,3.4,3.0
R006833,P0017,2026-01-10,HCP00826,Immunology,Injectable,4.0,4.0,3.5,1.9
R006834,P0032,2026-06-08,HCP01508,Rare Disease,Digital Therapeutic,3.8,3.9,3.7,1.9
R006835,P0028,2026-05-03,HCP01609,Oncology,Digital Therapeutic,3.8,3.1,4.1,2.6
R006836,P0111,2026-02-06,HCP01539,Immunology,Digital Therapeutic,5.0,3.7,5.0,1.8
R006837,P0045,2026-01-11,HCP00267,Neurology,Infusion,4.5,3.9,4.5,2.2
R006838,P0029,2026-01-04,HCP00482,Neurology,Oral Therapy,3.5,3.2,3.6,1.9
R006839,P0089,2025-03-19,HCP01555,Neurology,Injectable,3.1,4.2,4.0,1.1
R006840,P0078,2025-11-07,HCP02146,Cardiology,Oral Therapy,4.2,3.8,3.7,2.2
R006841,P0077,2025-09-01,HCP01210,Neurology,Oral Therapy,4.1,3.3,4.6,4.4
R006842,P0107,2026-03-23,HCP00212,Diabetes,Digital Therapeutic,3.5,5.0,4.4,2.0
R006843,P0109,2025-11-01,HCP02175,Diabetes,Oral Therapy,1.4,3.4,3.6,2.4
R006844,P0044,2025-08-22,HCP02006,Immunology,Oral Therapy,2.9,2.9,4.3,2.6
R006845,P0116,2026-04-11,HCP02027,Rare Disease,Injectable,4.4,4.4,4.3,4.1
R006846,P0067,2025-07-03,HCP01047,Immunology,Infusion,2.6,4.1,4.0,2.9
R006847,P0107,2026-04-24,HCP01624,Diabetes,Oral Therapy,4.2,2.3,4.3,1.7
R006848,P0083,2025-04-26,HCP00246,Immunology,Oral Therapy,4.1,2.3,4.4,1.0
R006849,P0010,2025-02-27,HCP00067,Diabetes,Combination Therapy,2.9,4.0,5.0,1.7
R006850,P0112,2025-03-26,HCP00154,Respiratory,Combination Therapy,4.5,3.2,4.8,2.6
R006851,P0070,2026-09-15,HCP01065,Immunology,Injectable,3.6,3.9,3.4,1.4
R006852,P0054,2025-09-30,HCP02472,Neurology,Infusion,3.6,3.4,4.2,3.7
R006853,P0041,2026-03-10,HCP00137,Respiratory,Digital Therapeutic,2.7,4.0,5.0,2.2
R006854,P0073,2026-06-11,HCP01423,Immunology,Injectable,4.8,4.2,4.2,3.7
R006855,P0111,2026-01-20,HCP01891,Immunology,Infusion,2.7,2.4,5.0,2.1
R006856,P0018,2025-04-23,HCP01111,Immunology,Combination Therapy,2.7,3.0,5.0,1.7
R006857,P0027,2026-01-02,HCP00131,Cardiology,Oral Therapy,3.8,4.8,3.4,1.6
R006858,P0008,2025-11-29,HCP02314,Neurology,Oral Therapy,2.9,4.0,4.0,3.0
R006859,P0024,2026-08-04,HCP02248,Diabetes,Combination Therapy,5.0,4.2,4.0,3.6
R006860,P0003,2025-09-21,HCP01158,Respiratory,Combination Therapy,2.9,5.0,3.2,2.9
R006861,P0026,2026-06-09,HCP02103,Diabetes,Digital Therapeutic,4.4,4.5,4.9,1.4
R006862,P0058,2025-07-24,HCP02118,Respiratory,Combination Therapy,5.0,3.8,4.2,2.6
R006863,P0100,2025-03-31,HCP01629,Neurology,Digital Therapeutic,4.3,2.9,2.9,2.3
R006864,P0066,2026-02-09,HCP02135,Diabetes,Digital Therapeutic,3.1,4.6,4.2,1.0
R006865,P0028,2026-03-24,HCP01749,Oncology,Oral Therapy,4.0,4.7,3.5,2.5
R006866,P0011,2025-03-18,HCP01876,Respiratory,Combination Therapy,4.9,3.9,4.0,3.3
R006867,P0107,2026-02-04,HCP00277,Diabetes,Injectable,2.4,5.0,2.4,4.0
R006868,P0022,2026-07-29,HCP00238,Cardiology,Combination Therapy,4.6,4.0,3.9,3.2
R006869,P0093,2025-02-10,HCP00394,Respiratory,Oral Therapy,4.1,3.8,4.5,1.1
R006870,P0032,2026-02-20,HCP02387,Rare Disease,Infusion,5.0,4.6,3.7,1.7
R006871,P0076,2025-07-26,HCP01031,Cardiology,Digital Therapeutic,4.1,4.1,2.8,3.3
R006872,P0107,2026-04-12,HCP01569,Diabetes,Oral Therapy,3.8,4.3,4.0,1.5
R006873,P0110,2026-07-18,HCP01436,Rare Disease,Injectable,4.3,2.3,3.9,3.0
R006874,P0012,2026-03-17,HCP01022,Oncology,Oral Therapy,2.6,4.1,5.0,2.1
R006875,P0062,2025-08-01,HCP01774,Immunology,Infusion,3.0,3.4,4.3,2.4
R006876,P0059,2025-09-28,HCP01917,Cardiology,Oral Therapy,3.8,3.4,3.9,1.5
R006877,P0106,2026-02-04,HCP02387,Respiratory,Injectable,3.3,3.6,3.2,2.8
R006878,P0095,2026-02-08,HCP00185,Cardiology,Infusion,3.2,3.3,4.0,2.1
R006879,P0018,2025-05-07,HCP00896,Immunology,Infusion,5.0,4.3,5.0,4.1
R006880,P0105,2026-01-21,HCP00447,Neurology,Oral Therapy,5.0,3.0,4.2,2.1
R006881,P0044,2025-08-20,HCP01367,Immunology,Combination Therapy,1.5,2.5,4.4,4.6
R006882,P0084,2026-04-09,HCP01695,Immunology,Infusion,3.7,3.7,2.4,3.0
R006883,P0022,2026-04-25,HCP00450,Cardiology,Injectable,2.7,4.7,4.6,2.3
R006884,P0032,2026-05-21,HCP01574,Rare Disease,Injectable,4.7,3.4,4.1,1.9
R006885,P0009,2026-04-28,HCP00128,Immunology,Oral Therapy,3.9,3.6,4.0,2.3
R006886,P0015,2025-08-07,HCP01311,Oncology,Combination Therapy,4.9,3.6,4.1,2.1
R006887,P0112,2025-04-04,HCP02438,Respiratory,Digital Therapeutic,3.0,5.0,4.1,2.5
R006888,P0019,2026-03-18,HCP01687,Respiratory,Oral Therapy,2.9,4.5,3.8,2.3
R006889,P0075,2026-02-10,HCP01956,Neurology,Combination Therapy,3.5,3.4,3.7,3.9
R006890,P0093,2025-01-21,HCP02375,Respiratory,Digital Therapeutic,3.2,3.7,3.1,3.2
R006891,P0010,2025-03-08,HCP01301,Diabetes,Digital Therapeutic,3.6,3.2,3.8,3.4
R006892,P0036,2025-10-18,HCP00326,Respiratory,Oral Therapy,4.7,5.0,4.7,3.6
R006893,P0058,2025-07-25,HCP01461,Respiratory,Injectable,4.1,2.7,3.6,2.1
R006894,P0041,2026-04-04,HCP00858,Respiratory,Infusion,3.4,3.1,4.5,1.4
R006895,P0106,2026-03-25,HCP02392,Respiratory,Digital Therapeutic,3.7,4.4,3.3,2.9
R006896,P0022,2026-05-28,HCP00734,Cardiology,Injectable,2.4,5.0,3.1,2.5
R006897,P0087,2026-03-23,HCP01319,Oncology,Combination Therapy,2.0,3.8,3.7,2.4
R006898,P0053,2025-07-15,HCP02339,Respiratory,Infusion,4.7,3.6,4.6,4.6
R006899,P0047,2025-09-27,HCP01873,Respiratory,Combination Therapy,3.1,3.8,3.0,3.0
R006900,P0041,2026-05-02,HCP00469,Respiratory,Oral Therapy,4.9,3.9,5.0,1.6
R006901,P0082,2026-04-22,HCP02176,Neurology,Injectable,3.4,5.0,5.0,2.8
R006902,P0043,2026-04-20,HCP00920,Immunology,Infusion,3.8,4.1,4.5,2.9
R006903,P0076,2025-07-29,HCP01775,Cardiology,Digital Therapeutic,4.4,3.5,3.7,1.9
R006904,P0005,2025-01-09,HCP02265,Immunology,Infusion,4.5,4.1,3.7,3.2
R006905,P0033,2026-03-16,HCP02449,Oncology,Injectable,3.3,4.5,3.6,1.5
R006906,P0056,2025-07-24,HCP01676,Immunology,Combination Therapy,3.8,3.1,3.6,1.8
R006907,P0027,2025-11-16,HCP01847,Cardiology,Oral Therapy,3.7,4.0,3.9,2.2
R006908,P0014,2025-02-05,HCP00078,Cardiology,Oral Therapy,4.0,3.8,2.8,2.1
R006909,P0027,2025-11-25,HCP02377,Cardiology,Injectable,3.9,3.0,4.2,2.6
R006910,P0065,2025-05-14,HCP02401,Immunology,Oral Therapy,3.1,3.5,3.3,1.8
R006911,P0115,2025-05-23,HCP00538,Neurology,Injectable,3.8,3.5,3.4,2.9
R006912,P0081,2026-01-12,HCP00151,Oncology,Combination Therapy,2.5,3.5,3.5,2.8
R006913,P0109,2025-12-11,HCP02366,Diabetes,Infusion,3.7,5.0,4.2,1.0
R006914,P0066,2026-02-05,HCP01305,Diabetes,Infusion,3.8,3.8,4.7,3.7
R006915,P0004,2025-06-28,HCP00444,Diabetes,Injectable,2.9,4.0,3.3,2.9
R006916,P0018,2025-04-01,HCP00606,Immunology,Digital Therapeutic,3.5,4.3,4.8,2.3
R006917,P0092,2026-03-09,HCP01656,Cardiology,Injectable,3.3,3.8,3.3,1.8
R006918,P0074,2026-01-09,HCP01580,Immunology,Injectable,3.3,3.5,3.5,3.1
R006919,P0101,2026-06-19,HCP01529,Cardiology,Oral Therapy,4.3,4.8,4.6,1.9
R006920,P0050,2025-03-19,HCP00710,Diabetes,Digital Therapeutic,4.1,4.8,2.9,2.1
R006921,P0112,2025-04-26,HCP01907,Respiratory,Digital Therapeutic,4.5,4.4,3.6,2.2
R006922,P0044,2025-09-05,HCP02044,Immunology,Infusion,5.0,3.7,3.4,2.2
R006923,P0101,2026-05-28,HCP00103,Cardiology,Injectable,4.6,4.0,3.7,2.3
R006924,P0018,2025-04-29,HCP01413,Immunology,Combination Therapy,2.4,3.2,3.6,1.0
R006925,P0055,2026-01-27,HCP01745,Diabetes,Combination Therapy,3.1,3.9,2.9,2.9
R006926,P0120,2026-08-09,HCP00783,Immunology,Infusion,4.8,3.0,4.4,1.8
R006927,P0096,2026-02-18,HCP01747,Neurology,Injectable,3.4,4.4,4.2,2.4
R006928,P0048,2025-08-05,HCP02165,Oncology,Digital Therapeutic,3.3,5.0,4.6,2.1
R006929,P0108,2025-04-21,HCP02242,Diabetes,Digital Therapeutic,4.0,3.0,3.7,2.5
R006930,P0055,2026-02-13,HCP01944,Diabetes,Injectable,3.5,5.0,3.9,2.3
R006931,P0114,2026-08-12,HCP01768,Cardiology,Combination Therapy,5.0,4.2,4.6,2.1
R006932,P0012,2026-04-21,HCP01233,Oncology,Injectable,3.6,3.3,4.1,2.6
R006933,P0100,2025-03-28,HCP00240,Neurology,Oral Therapy,5.0,4.0,4.6,3.3
R006934,P0082,2026-03-14,HCP01229,Neurology,Injectable,3.2,4.9,4.5,2.8
R006935,P0022,2026-04-26,HCP01961,Cardiology,Digital Therapeutic,3.1,4.7,4.0,3.5
R006936,P0034,2025-04-25,HCP01170,Respiratory,Infusion,3.0,4.6,4.1,3.6
R006937,P0099,2026-08-01,HCP02319,Rare Disease,Digital Therapeutic,3.0,3.5,4.0,2.1
R006938,P0089,2025-03-26,HCP01351,Neurology,Infusion,4.3,3.1,4.1,4.0
R006939,P0023,2025-08-06,HCP00018,Respiratory,Oral Therapy,2.6,3.8,3.6,2.1
R006940,P0009,2026-04-15,HCP02146,Immunology,Digital Therapeutic,2.8,3.9,4.2,1.3
R006941,P0039,2026-07-19,HCP01110,Respiratory,Digital Therapeutic,4.1,3.6,4.1,2.7
R006942,P0036,2025-11-21,HCP00185,Respiratory,Combination Therapy,1.9,3.4,3.6,3.0
R006943,P0076,2025-07-08,HCP01721,Cardiology,Oral Therapy,2.4,3.1,4.3,4.3
R006944,P0090,2025-10-20,HCP00972,Neurology,Oral Therapy,3.7,4.3,4.8,3.3
R006945,P0034,2025-03-28,HCP01961,Respiratory,Injectable,4.0,3.3,4.0,3.7
R006946,P0048,2025-06-05,HCP01876,Oncology,Digital Therapeutic,3.4,4.4,4.0,3.6
R006947,P0023,2025-09-08,HCP02371,Respiratory,Oral Therapy,4.1,3.6,4.1,2.0
R006948,P0005,2025-02-01,HCP02411,Immunology,Combination Therapy,3.0,3.7,2.8,3.0
R006949,P0110,2026-07-18,HCP01887,Rare Disease,Combination Therapy,5.0,3.0,3.8,1.9
R006950,P0095,2026-02-05,HCP00383,Cardiology,Digital Therapeutic,4.5,4.1,5.0,2.6
R006951,P0095,2025-11-08,HCP02048,Cardiology,Combination Therapy,3.0,3.6,4.0,2.6
R006952,P0116,2026-03-25,HCP00109,Rare Disease,Digital Therapeutic,3.5,3.0,3.4,2.8
R006953,P0005,2025-01-14,HCP01149,Immunology,Oral Therapy,2.0,3.6,4.0,4.0
R006954,P0046,2026-03-30,HCP02013,Immunology,Combination Therapy,4.5,3.2,3.6,3.7
R006955,P0090,2025-08-21,HCP02256,Neurology,Digital Therapeutic,2.6,2.7,4.1,2.5
R006956,P0075,2026-02-20,HCP02427,Neurology,Combination Therapy,3.2,4.3,4.1,2.2
R006957,P0095,2026-01-17,HCP00317,Cardiology,Oral Therapy,3.5,3.0,4.0,3.6
R006958,P0045,2026-01-14,HCP01787,Neurology,Injectable,2.5,4.1,4.6,2.7
R006959,P0012,2026-05-20,HCP00207,Oncology,Oral Therapy,3.0,5.0,3.2,3.7
R006960,P0067,2025-09-13,HCP01386,Immunology,Digital Therapeutic,4.0,3.1,4.2,1.0
R006961,P0089,2025-02-26,HCP00874,Neurology,Digital Therapeutic,3.3,4.1,4.7,2.5
R006962,P0089,2025-04-15,HCP00584,Neurology,Infusion,4.4,3.5,3.8,3.7
R006963,P0022,2026-07-04,HCP01872,Cardiology,Oral Therapy,4.3,4.0,4.5,1.4
R006964,P0076,2025-06-23,HCP02396,Cardiology,Oral Therapy,3.0,2.6,3.9,1.2
R006965,P0076,2025-08-17,HCP00868,Cardiology,Combination Therapy,3.3,4.1,3.3,1.2
R006966,P0038,2025-11-02,HCP01806,Diabetes,Injectable,3.3,3.9,2.8,2.6
R006967,P0032,2026-07-06,HCP01913,Rare Disease,Combination Therapy,3.4,5.0,3.6,1.9
R006968,P0024,2026-09-03,HCP01736,Diabetes,Infusion,5.0,2.4,3.8,2.9
R006969,P0014,2025-03-07,HCP00831,Cardiology,Oral Therapy,3.9,3.5,5.0,3.4
R006970,P0066,2026-03-17,HCP02205,Diabetes,Infusion,2.3,4.1,4.0,1.9
R006971,P0038,2025-10-01,HCP01766,Diabetes,Combination Therapy,3.1,4.4,3.6,3.0
R006972,P0080,2026-04-27,HCP02190,Neurology,Infusion,3.3,3.7,4.3,2.6
R006973,P0071,2026-01-04,HCP00616,Immunology,Combination Therapy,4.1,4.7,3.7,1.0
R006974,P0069,2026-04-07,HCP00202,Immunology,Digital Therapeutic,5.0,3.8,4.7,1.6
R006975,P0116,2026-06-14,HCP01720,Rare Disease,Combination Therapy,4.4,3.9,5.0,3.0
R006976,P0016,2026-07-21,HCP00050,Cardiology,Combination Therapy,3.6,2.6,4.1,3.0
R006977,P0005,2025-01-08,HCP00498,Immunology,Digital Therapeutic,3.0,4.2,2.8,1.2
R006978,P0043,2026-06-21,HCP00557,Immunology,Injectable,4.9,4.9,3.9,2.4
R006979,P0003,2025-10-16,HCP00486,Respiratory,Digital Therapeutic,3.4,3.1,3.9,1.0
R006980,P0090,2025-08-05,HCP02276,Neurology,Injectable,2.5,3.5,5.0,2.5
R006981,P0045,2026-02-14,HCP02187,Neurology,Digital Therapeutic,4.0,2.8,4.3,3.0
R006982,P0018,2025-04-07,HCP01335,Immunology,Digital Therapeutic,2.6,4.1,3.7,1.1
R006983,P0010,2025-03-23,HCP01688,Diabetes,Digital Therapeutic,4.3,3.7,4.9,1.6
R006984,P0107,2025-12-05,HCP01619,Diabetes,Injectable,3.4,4.4,3.9,1.3
R006985,P0046,2026-02-04,HCP02181,Immunology,Injectable,3.4,3.7,3.9,2.7
R006986,P0056,2025-05-05,HCP00865,Immunology,Combination Therapy,1.4,3.7,3.7,3.2
R006987,P0021,2026-03-08,HCP01762,Rare Disease,Injectable,4.6,3.8,4.8,4.0
R006988,P0095,2026-02-07,HCP01063,Cardiology,Digital Therapeutic,2.7,3.9,3.7,1.1
R006989,P0089,2025-03-28,HCP01274,Neurology,Combination Therapy,3.1,3.8,4.4,2.5
R006990,P0041,2026-06-01,HCP00751,Respiratory,Injectable,3.9,4.1,4.3,3.4
R006991,P0103,2026-01-22,HCP01884,Respiratory,Injectable,3.6,4.8,4.0,2.8
R006992,P0044,2025-10-10,HCP02351,Immunology,Oral Therapy,5.0,4.5,4.6,1.3
R006993,P0109,2025-11-24,HCP02457,Diabetes,Oral Therapy,2.2,5.0,5.0,2.3
R006994,P0117,2025-09-07,HCP01031,Immunology,Digital Therapeutic,3.4,3.0,3.2,3.4
R006995,P0056,2025-05-28,HCP00215,Immunology,Oral Therapy,4.4,3.3,3.9,2.5
R006996,P0069,2026-03-25,HCP02090,Immunology,Injectable,3.3,4.6,3.8,3.1
R006997,P0101,2026-06-04,HCP00068,Cardiology,Oral Therapy,3.7,3.1,4.1,3.3
R006998,P0013,2025-03-19,HCP00389,Respiratory,Oral Therapy,5.0,4.9,3.6,1.2
R006999,P0058,2025-08-14,HCP02236,Respiratory,Combination Therapy,3.8,3.4,3.3,1.8
R007000,P0115,2025-07-22,HCP00794,Neurology,Injectable,4.9,3.7,3.9,1.9
R007001,P0025,2025-09-11,HCP01359,Respiratory,Infusion,4.3,3.5,4.7,2.4
R007002,P0045,2025-12-27,HCP00454,Neurology,Digital Therapeutic,4.3,3.8,3.9,2.4
R007003,P0103,2026-03-23,HCP00671,Respiratory,Combination Therapy,3.5,5.0,4.3,3.3
R007004,P0086,2025-11-17,HCP00734,Diabetes,Digital Therapeutic,2.3,4.7,5.0,1.8
R007005,P0059,2025-09-25,HCP00548,Cardiology,Infusion,4.6,5.0,4.1,3.8
R007006,P0016,2026-05-28,HCP01670,Cardiology,Oral Therapy,4.2,5.0,4.6,3.8
R007007,P0022,2026-04-27,HCP01686,Cardiology,Infusion,4.2,3.5,4.7,3.3
R007008,P0103,2025-11-30,HCP00354,Respiratory,Digital Therapeutic,3.6,3.1,4.8,4.0
R007009,P0062,2025-07-27,HCP02447,Immunology,Oral Therapy,3.1,3.9,5.0,2.3
R007010,P0116,2026-05-30,HCP01340,Rare Disease,Digital Therapeutic,4.8,4.0,3.9,1.2
R007011,P0013,2025-03-14,HCP01804,Respiratory,Oral Therapy,4.0,2.8,4.6,1.3
R007012,P0046,2026-03-01,HCP00008,Immunology,Combination Therapy,2.1,4.4,4.1,2.7
R007013,P0012,2026-03-14,HCP00972,Oncology,Combination Therapy,3.7,3.1,4.3,2.2
R007014,P0018,2025-04-10,HCP02458,Immunology,Oral Therapy,3.4,3.5,4.3,1.8
R007015,P0002,2025-10-30,HCP02147,Cardiology,Combination Therapy,1.5,4.3,4.8,3.2
R007016,P0067,2025-08-23,HCP00089,Immunology,Injectable,3.1,4.1,3.7,2.4
R007017,P0029,2025-12-11,HCP01687,Neurology,Oral Therapy,5.0,3.9,4.3,1.3
R007018,P0020,2026-06-19,HCP01886,Cardiology,Combination Therapy,1.7,4.0,3.2,1.4
R007019,P0106,2026-02-09,HCP00346,Respiratory,Injectable,2.7,4.3,3.5,3.4
R007020,P0054,2025-09-26,HCP02174,Neurology,Infusion,1.6,3.4,3.6,1.2
R007021,P0065,2025-04-26,HCP00450,Immunology,Combination Therapy,2.4,4.0,4.4,1.3
R007022,P0075,2026-04-03,HCP02491,Neurology,Combination Therapy,2.1,3.8,4.3,3.5
R007023,P0053,2025-06-05,HCP00023,Respiratory,Infusion,2.7,3.9,4.9,3.2
R007024,P0017,2026-01-08,HCP01626,Immunology,Digital Therapeutic,5.0,4.6,4.6,3.8
R007025,P0059,2025-10-09,HCP00596,Cardiology,Injectable,4.5,4.0,4.0,3.2
R007026,P0114,2026-08-15,HCP01517,Cardiology,Oral Therapy,3.5,4.8,5.0,3.0
R007027,P0083,2025-04-28,HCP01917,Immunology,Digital Therapeutic,5.0,3.5,4.1,2.7
R007028,P0085,2025-11-29,HCP01394,Respiratory,Infusion,3.3,3.7,3.1,2.7
R007029,P0069,2026-03-15,HCP01864,Immunology,Combination Therapy,2.9,2.7,3.2,3.5
R007030,P0044,2025-08-24,HCP01912,Immunology,Injectable,3.3,3.1,4.5,1.7
R007031,P0057,2025-09-05,HCP00829,Immunology,Injectable,2.4,3.5,3.0,2.3
R007032,P0050,2025-03-18,HCP02177,Diabetes,Digital Therapeutic,2.1,4.1,4.1,1.5
R007033,P0070,2026-06-12,HCP00206,Immunology,Infusion,4.3,3.5,3.8,2.7
R007034,P0102,2026-01-02,HCP01320,Cardiology,Oral Therapy,4.0,3.0,5.0,3.1
R007035,P0002,2025-08-24,HCP01884,Cardiology,Digital Therapeutic,2.6,4.0,3.2,2.9
R007036,P0058,2025-07-28,HCP01801,Respiratory,Combination Therapy,4.1,2.6,4.6,1.6
R007037,P0032,2026-04-23,HCP00794,Rare Disease,Digital Therapeutic,4.1,2.7,3.8,3.5
R007038,P0119,2025-10-01,HCP02407,Neurology,Digital Therapeutic,3.2,3.2,3.7,1.9
R007039,P0018,2025-04-01,HCP02468,Immunology,Oral Therapy,2.9,4.1,5.0,2.3
R007040,P0008,2026-01-05,HCP00280,Neurology,Infusion,4.4,3.2,3.7,3.4
R007041,P0085,2026-01-03,HCP00241,Respiratory,Digital Therapeutic,4.1,3.9,3.4,2.6
R007042,P0033,2026-03-19,HCP01475,Oncology,Infusion,5.0,4.3,3.7,2.3
R007043,P0027,2025-12-23,HCP00469,Cardiology,Combination Therapy,4.1,4.1,3.3,4.8
R007044,P0063,2025-08-28,HCP00169,Rare Disease,Combination Therapy,2.2,5.0,3.0,2.8
R007045,P0112,2025-03-16,HCP02033,Respiratory,Infusion,2.4,3.9,3.5,2.5
R007046,P0017,2026-01-08,HCP01090,Immunology,Combination Therapy,3.5,4.8,3.0,2.3
R007047,P0065,2025-05-17,HCP02158,Immunology,Oral Therapy,4.4,4.2,3.4,2.2
R007048,P0043,2026-05-07,HCP01816,Immunology,Combination Therapy,4.0,3.5,3.4,2.6
R007049,P0023,2025-07-16,HCP01651,Respiratory,Oral Therapy,3.2,3.1,4.2,1.8
R007050,P0063,2025-08-25,HCP00951,Rare Disease,Combination Therapy,2.3,3.9,3.2,1.8
R007051,P0116,2026-04-29,HCP01866,Rare Disease,Infusion,4.9,2.9,4.4,2.1
R007052,P0032,2026-05-23,HCP00251,Rare Disease,Injectable,4.9,3.6,2.6,3.1
R007053,P0027,2025-11-24,HCP00777,Cardiology,Combination Therapy,2.5,3.7,3.4,3.4
R007054,P0020,2026-03-17,HCP02075,Cardiology,Oral Therapy,4.3,4.6,3.9,1.0
R007055,P0075,2026-02-20,HCP01700,Neurology,Infusion,3.9,3.3,3.7,2.8
R007056,P0033,2026-04-06,HCP00610,Oncology,Injectable,4.3,4.1,4.0,2.3
R007057,P0072,2026-07-09,HCP02127,Immunology,Injectable,5.0,3.1,3.1,4.8
R007058,P0010,2025-03-23,HCP01256,Diabetes,Combination Therapy,4.9,4.4,5.0,2.3
R007059,P0085,2026-02-14,HCP01836,Respiratory,Oral Therapy,4.1,4.9,5.0,1.5
R007060,P0024,2026-08-01,HCP00375,Diabetes,Combination Therapy,3.5,3.2,2.3,3.2
R007061,P0011,2025-05-24,HCP00344,Respiratory,Oral Therapy,3.4,3.9,4.4,3.2
R007062,P0008,2026-01-25,HCP02474,Neurology,Injectable,3.5,5.0,3.8,2.3
R007063,P0096,2025-12-30,HCP02288,Neurology,Injectable,5.0,3.3,3.9,2.9
R007064,P0115,2025-04-21,HCP00957,Neurology,Injectable,3.7,2.8,3.9,3.5
R007065,P0051,2025-10-14,HCP02323,Rare Disease,Injectable,4.4,4.0,3.5,3.7
R007066,P0020,2026-04-29,HCP02055,Cardiology,Digital Therapeutic,4.1,3.1,3.9,3.0
R007067,P0099,2026-05-16,HCP00680,Rare Disease,Oral Therapy,2.9,4.1,5.0,1.9
R007068,P0001,2026-06-30,HCP00962,Respiratory,Infusion,4.1,4.4,5.0,1.3
R007069,P0039,2026-05-22,HCP01325,Respiratory,Infusion,3.1,3.1,3.9,1.9
R007070,P0115,2025-08-05,HCP00875,Neurology,Infusion,2.9,2.8,2.9,3.4
R007071,P0047,2025-08-28,HCP00716,Respiratory,Injectable,4.2,4.5,3.8,3.0
R007072,P0092,2026-02-09,HCP00602,Cardiology,Combination Therapy,2.6,5.0,3.8,1.0
R007073,P0044,2025-09-16,HCP01597,Immunology,Injectable,4.4,3.6,4.9,1.0
R007074,P0033,2026-04-12,HCP01012,Oncology,Infusion,4.2,4.8,3.2,1.0
R007075,P0039,2026-07-03,HCP02421,Respiratory,Infusion,4.8,5.0,2.8,2.9
R007076,P0106,2026-02-13,HCP02189,Respiratory,Infusion,4.1,4.3,3.5,2.2
R007077,P0054,2025-09-13,HCP00245,Neurology,Injectable,2.9,3.9,4.4,2.2
R007078,P0105,2026-02-16,HCP01655,Neurology,Digital Therapeutic,4.6,4.3,3.4,2.5
R007079,P0119,2025-10-06,HCP01585,Neurology,Injectable,4.7,4.4,3.8,2.1
R007080,P0089,2025-03-18,HCP00133,Neurology,Infusion,4.5,2.2,4.5,2.0
R007081,P0036,2025-10-18,HCP01974,Respiratory,Combination Therapy,4.3,3.7,3.0,3.8
R007082,P0072,2026-06-14,HCP01353,Immunology,Infusion,2.4,2.9,3.9,3.2
R007083,P0045,2026-02-02,HCP02084,Neurology,Injectable,4.4,3.2,4.1,3.3
R007084,P0071,2026-01-17,HCP01245,Immunology,Digital Therapeutic,2.6,4.0,4.4,3.9
R007085,P0085,2025-12-30,HCP01054,Respiratory,Injectable,3.2,3.7,3.7,3.5
R007086,P0117,2025-10-19,HCP01718,Immunology,Combination Therapy,3.0,3.8,5.0,1.6
R007087,P0094,2025-04-26,HCP01914,Cardiology,Combination Therapy,2.4,3.7,3.7,3.0
R007088,P0056,2025-05-03,HCP01889,Immunology,Combination Therapy,3.9,3.7,4.5,1.0
R007089,P0105,2025-12-19,HCP01206,Neurology,Combination Therapy,3.7,3.8,4.7,1.8
R007090,P0098,2026-04-26,HCP01415,Cardiology,Digital Therapeutic,4.8,4.9,2.3,3.4
R007091,P0035,2026-07-20,HCP02484,Cardiology,Digital Therapeutic,4.7,4.3,5.0,1.9
R007092,P0014,2025-02-10,HCP02190,Cardiology,Injectable,3.9,3.1,3.3,2.9
R007093,P0051,2026-01-01,HCP00996,Rare Disease,Injectable,4.4,3.5,3.7,4.0
R007094,P0085,2025-12-19,HCP01606,Respiratory,Combination Therapy,3.6,4.3,4.7,2.4
R007095,P0030,2026-02-25,HCP00415,Cardiology,Digital Therapeutic,3.6,3.6,3.7,2.3
R007096,P0119,2025-10-10,HCP00846,Neurology,Digital Therapeutic,3.8,4.2,3.9,2.2
R007097,P0117,2025-07-31,HCP01344,Immunology,Injectable,3.6,3.8,4.6,2.2
R007098,P0002,2025-12-21,HCP00941,Cardiology,Injectable,3.9,3.9,4.1,2.1
R007099,P0048,2025-06-26,HCP02328,Oncology,Injectable,4.3,4.7,3.3,2.4
R007100,P0031,2025-12-16,HCP02147,Rare Disease,Digital Therapeutic,2.7,4.1,4.8,2.8
R007101,P0105,2025-12-15,HCP00071,Neurology,Infusion,3.4,5.0,4.2,2.3
R007102,P0095,2025-11-25,HCP00650,Cardiology,Infusion,4.4,3.3,3.0,2.3
R007103,P0081,2025-09-17,HCP00395,Oncology,Digital Therapeutic,3.2,3.2,3.9,2.6
R007104,P0089,2025-03-16,HCP00357,Neurology,Combination Therapy,3.2,4.1,4.2,1.5
R007105,P0096,2026-02-03,HCP01367,Neurology,Combination Therapy,4.6,3.6,3.7,2.3
R007106,P0089,2025-03-09,HCP01881,Neurology,Injectable,3.1,3.9,2.9,3.1
R007107,P0081,2026-01-16,HCP01823,Oncology,Infusion,4.1,4.1,3.1,1.4
R007108,P0118,2025-12-05,HCP01069,Immunology,Infusion,3.8,2.9,3.6,3.0
R007109,P0066,2026-03-04,HCP01019,Diabetes,Combination Therapy,4.5,2.3,4.2,3.1
R007110,P0012,2026-05-27,HCP00567,Oncology,Digital Therapeutic,3.6,4.3,4.7,4.1
R007111,P0052,2025-10-01,HCP02157,Oncology,Combination Therapy,3.0,2.8,3.1,2.8
R007112,P0082,2026-04-03,HCP02074,Neurology,Injectable,3.1,3.4,3.6,1.8
R007113,P0105,2026-02-13,HCP00920,Neurology,Infusion,5.0,3.7,2.6,2.5
R007114,P0077,2025-12-28,HCP00463,Neurology,Infusion,3.2,3.7,4.0,2.0
R007115,P0034,2025-03-13,HCP01174,Respiratory,Infusion,3.2,4.3,5.0,2.3
R007116,P0025,2025-06-20,HCP01832,Respiratory,Infusion,3.3,4.3,4.6,1.3
R007117,P0101,2026-06-24,HCP00695,Cardiology,Combination Therapy,3.5,4.0,3.8,2.4
R007118,P0026,2026-06-17,HCP00851,Diabetes,Injectable,3.4,4.2,3.8,3.6
R007119,P0004,2025-01-28,HCP00374,Diabetes,Infusion,4.2,3.1,3.7,3.7
R007120,P0079,2026-06-28,HCP01781,Oncology,Oral Therapy,3.8,3.3,3.8,3.1
R007121,P0063,2025-09-24,HCP02208,Rare Disease,Digital Therapeutic,3.2,5.0,4.0,1.8
R007122,P0079,2026-05-27,HCP01933,Oncology,Oral Therapy,4.3,3.9,3.7,3.0
R007123,P0056,2025-05-19,HCP02008,Immunology,Digital Therapeutic,3.9,4.4,4.0,2.3
R007124,P0073,2026-07-30,HCP00394,Immunology,Digital Therapeutic,4.8,3.0,3.2,2.2
R007125,P0043,2026-04-04,HCP02168,Immunology,Combination Therapy,4.0,4.3,4.3,3.6
R007126,P0056,2025-05-09,HCP02063,Immunology,Infusion,3.6,3.6,4.4,2.2
R007127,P0021,2026-05-24,HCP00795,Rare Disease,Digital Therapeutic,3.5,3.4,5.0,2.2
R007128,P0083,2025-05-02,HCP01547,Immunology,Combination Therapy,3.8,5.0,4.3,2.9
R007129,P0072,2026-05-23,HCP00184,Immunology,Injectable,4.0,4.9,3.9,1.3
R007130,P0039,2026-06-20,HCP02148,Respiratory,Injectable,3.7,3.8,5.0,2.3
R007131,P0069,2026-03-12,HCP00012,Immunology,Infusion,3.3,4.0,4.9,3.7
R007132,P0029,2025-12-08,HCP00079,Neurology,Oral Therapy,4.2,3.5,3.5,3.8
R007133,P0089,2025-02-10,HCP01541,Neurology,Injectable,4.1,3.0,5.0,1.7
R007134,P0072,2026-07-04,HCP01893,Immunology,Infusion,3.7,3.9,4.2,1.6
R007135,P0079,2026-05-30,HCP02043,Oncology,Injectable,4.3,4.0,3.1,2.0
R007136,P0075,2026-03-11,HCP02465,Neurology,Oral Therapy,3.6,4.5,3.5,1.0
R007137,P0101,2026-05-24,HCP00049,Cardiology,Digital Therapeutic,3.7,4.2,3.6,4.0
R007138,P0098,2026-04-15,HCP01758,Cardiology,Injectable,4.2,3.1,5.0,3.1
R007139,P0033,2026-04-15,HCP00794,Oncology,Oral Therapy,4.4,2.4,4.1,1.5
R007140,P0050,2025-06-22,HCP02295,Diabetes,Digital Therapeutic,4.3,3.6,4.1,1.3
R007141,P0066,2026-02-09,HCP00732,Diabetes,Injectable,3.1,2.9,4.0,2.5
R007142,P0092,2026-03-23,HCP01037,Cardiology,Infusion,4.0,3.7,5.0,2.8
R007143,P0005,2025-02-04,HCP00748,Immunology,Digital Therapeutic,3.7,4.1,3.9,4.4
R007144,P0111,2026-01-13,HCP01755,Immunology,Injectable,4.0,4.0,3.7,2.1
R007145,P0038,2025-10-29,HCP02258,Diabetes,Infusion,5.0,3.5,4.8,2.7
R007146,P0052,2026-01-03,HCP01419,Oncology,Digital Therapeutic,3.5,4.1,4.1,2.1
R007147,P0032,2026-03-07,HCP00874,Rare Disease,Digital Therapeutic,3.7,4.8,4.9,2.4
R007148,P0066,2026-03-28,HCP00839,Diabetes,Injectable,3.2,4.1,3.7,4.2
R007149,P0033,2026-04-02,HCP01710,Oncology,Injectable,3.5,4.1,4.1,5.0
R007150,P0110,2026-06-04,HCP01559,Rare Disease,Oral Therapy,3.1,3.4,5.0,3.1
R007151,P0039,2026-06-17,HCP00603,Respiratory,Oral Therapy,2.8,3.9,3.7,1.3
R007152,P0037,2025-11-02,HCP00903,Neurology,Injectable,2.0,4.9,4.6,3.4
R007153,P0003,2025-08-28,HCP02366,Respiratory,Combination Therapy,3.1,3.8,3.0,2.5
R007154,P0087,2026-05-07,HCP02374,Oncology,Combination Therapy,3.2,3.6,4.5,2.8
R007155,P0110,2026-07-10,HCP00974,Rare Disease,Combination Therapy,3.7,4.7,3.6,2.4
R007156,P0070,2026-07-13,HCP01995,Immunology,Injectable,3.2,3.7,4.6,2.0
R007157,P0110,2026-05-04,HCP00181,Rare Disease,Infusion,4.6,4.2,3.3,3.0
R007158,P0050,2025-08-13,HCP02178,Diabetes,Injectable,3.9,4.0,4.7,2.0
R007159,P0084,2026-03-26,HCP00799,Immunology,Injectable,4.3,4.2,4.0,2.3
R007160,P0104,2025-06-20,HCP01590,Cardiology,Oral Therapy,4.5,4.4,4.3,2.5
R007161,P0089,2025-02-16,HCP01542,Neurology,Combination Therapy,4.9,4.7,4.1,2.8
R007162,P0019,2026-06-05,HCP02102,Respiratory,Digital Therapeutic,4.5,4.6,3.9,1.2
R007163,P0117,2025-08-03,HCP02393,Immunology,Digital Therapeutic,2.9,4.9,3.6,2.8
R007164,P0005,2025-01-09,HCP00918,Immunology,Injectable,4.4,3.7,3.4,2.1
R007165,P0015,2025-08-13,HCP01352,Oncology,Combination Therapy,4.0,3.0,4.4,3.0
R007166,P0025,2025-10-25,HCP01654,Respiratory,Injectable,4.8,3.7,3.2,4.5
R007167,P0087,2026-05-07,HCP01466,Oncology,Oral Therapy,3.7,5.0,3.9,1.7
R007168,P0106,2026-01-30,HCP00835,Respiratory,Infusion,4.7,3.8,3.3,2.4
R007169,P0065,2025-06-10,HCP00957,Immunology,Combination Therapy,3.8,2.5,3.8,2.2
R007170,P0042,2025-11-07,HCP01487,Rare Disease,Digital Therapeutic,3.8,5.0,2.8,2.0
R007171,P0056,2025-07-15,HCP02350,Immunology,Combination Therapy,4.3,4.0,4.8,1.5
R007172,P0083,2025-04-23,HCP00179,Immunology,Infusion,3.4,3.3,4.5,2.6
R007173,P0027,2025-11-10,HCP00567,Cardiology,Injectable,4.2,3.0,4.0,1.7
R007174,P0028,2026-05-03,HCP01981,Oncology,Infusion,2.4,3.9,4.1,4.0
R007175,P0036,2025-10-07,HCP01488,Respiratory,Infusion,4.1,4.4,4.8,2.8
R007176,P0059,2025-11-28,HCP01055,Cardiology,Combination Therapy,2.6,4.3,3.6,1.4
R007177,P0089,2025-03-07,HCP00889,Neurology,Injectable,4.2,4.5,4.8,2.8
R007178,P0063,2025-09-05,HCP02460,Rare Disease,Injectable,1.0,2.8,3.5,2.6
R007179,P0012,2026-05-10,HCP02210,Oncology,Infusion,2.2,3.0,4.0,1.5
R007180,P0030,2026-01-22,HCP02146,Cardiology,Infusion,3.7,3.8,3.1,2.5
R007181,P0006,2025-07-14,HCP00716,Cardiology,Infusion,3.8,4.6,4.9,2.7
R007182,P0047,2025-05-30,HCP01536,Respiratory,Oral Therapy,3.5,3.5,3.8,4.4
R007183,P0061,2026-03-22,HCP02397,Immunology,Combination Therapy,4.3,2.2,4.2,1.5
R007184,P0032,2026-03-22,HCP00665,Rare Disease,Infusion,4.5,4.4,3.5,2.8
R007185,P0006,2025-09-08,HCP00519,Cardiology,Infusion,5.0,1.9,3.9,1.5
R007186,P0013,2025-04-21,HCP01575,Respiratory,Infusion,3.7,3.5,3.3,2.2
R007187,P0083,2025-04-22,HCP00491,Immunology,Combination Therapy,4.6,4.4,3.4,1.6
R007188,P0052,2025-12-21,HCP01892,Oncology,Digital Therapeutic,3.0,4.4,2.9,3.8
R007189,P0117,2025-09-26,HCP02158,Immunology,Infusion,3.2,2.7,3.8,3.7
R007190,P0068,2025-08-10,HCP01181,Immunology,Infusion,3.0,4.5,3.5,3.5
R007191,P0037,2025-10-02,HCP02478,Neurology,Injectable,3.6,4.8,5.0,1.9
R007192,P0011,2025-05-17,HCP01482,Respiratory,Oral Therapy,3.9,4.3,3.2,1.8
R007193,P0089,2025-04-16,HCP01028,Neurology,Combination Therapy,4.6,3.7,3.5,2.5
R007194,P0043,2026-05-22,HCP02191,Immunology,Combination Therapy,4.0,4.2,4.5,4.2
R007195,P0072,2026-08-05,HCP01558,Immunology,Injectable,4.8,3.3,3.3,3.4
R007196,P0056,2025-06-07,HCP00343,Immunology,Injectable,4.9,4.6,3.9,4.7
R007197,P0010,2025-02-24,HCP02155,Diabetes,Combination Therapy,3.7,4.9,4.4,2.2
R007198,P0112,2025-04-08,HCP01249,Respiratory,Injectable,3.6,3.5,4.4,2.5
R007199,P0015,2025-09-02,HCP00856,Oncology,Digital Therapeutic,2.4,4.4,4.0,3.2
R007200,P0074,2025-09-12,HCP02165,Immunology,Combination Therapy,3.2,4.6,3.9,2.4
R007201,P0018,2025-05-28,HCP01933,Immunology,Combination Therapy,3.0,3.7,4.6,2.5
R007202,P0114,2026-09-27,HCP00978,Cardiology,Digital Therapeutic,3.0,2.2,4.7,1.6
R007203,P0035,2026-04-09,HCP02464,Cardiology,Oral Therapy,3.3,4.0,4.0,1.7
R007204,P0063,2025-09-21,HCP02211,Rare Disease,Combination Therapy,4.1,1.7,4.3,4.6
R007205,P0010,2025-03-28,HCP00434,Diabetes,Oral Therapy,3.9,5.0,3.6,2.0
R007206,P0097,2025-10-01,HCP01396,Cardiology,Injectable,4.5,4.3,4.7,3.5
R007207,P0027,2026-02-06,HCP01597,Cardiology,Oral Therapy,4.0,3.7,4.5,1.0
R007208,P0012,2026-05-12,HCP01004,Oncology,Oral Therapy,3.2,4.5,3.7,2.6
R007209,P0034,2025-04-01,HCP01331,Respiratory,Oral Therapy,4.3,3.0,3.6,1.6
R007210,P0068,2025-07-24,HCP02479,Immunology,Infusion,2.5,4.6,5.0,2.3
R007211,P0040,2026-07-28,HCP01419,Neurology,Oral Therapy,4.5,4.0,3.6,3.3
R007212,P0043,2026-06-03,HCP00405,Immunology,Injectable,3.0,4.0,3.8,2.2
R007213,P0010,2025-03-17,HCP02132,Diabetes,Oral Therapy,1.7,3.5,3.1,4.2
R007214,P0088,2025-12-27,HCP00869,Respiratory,Digital Therapeutic,4.2,3.6,4.6,2.8
R007215,P0042,2025-11-06,HCP00418,Rare Disease,Digital Therapeutic,3.4,4.2,3.6,2.7
R007216,P0106,2026-01-27,HCP00550,Respiratory,Injectable,4.7,3.2,4.0,2.2
R007217,P0049,2025-04-17,HCP02079,Neurology,Combination Therapy,4.5,2.9,3.9,1.7
R007218,P0086,2026-02-01,HCP02458,Diabetes,Oral Therapy,2.9,4.6,5.0,1.9
R007219,P0038,2025-10-03,HCP00462,Diabetes,Oral Therapy,5.0,4.2,5.0,2.9
R007220,P0011,2025-05-11,HCP00376,Respiratory,Infusion,2.1,3.1,4.2,1.8
R007221,P0077,2025-08-29,HCP02433,Neurology,Combination Therapy,4.1,3.9,3.5,2.3
R007222,P0075,2026-02-06,HCP00299,Neurology,Injectable,4.9,3.8,4.0,2.2
R007223,P0118,2025-11-23,HCP01396,Immunology,Combination Therapy,2.8,3.3,3.9,4.0
R007224,P0090,2025-09-05,HCP00660,Neurology,Injectable,5.0,4.0,5.0,2.6
R007225,P0076,2025-07-07,HCP00498,Cardiology,Digital Therapeutic,3.8,3.8,5.0,2.7
R007226,P0004,2025-04-08,HCP01522,Diabetes,Injectable,4.0,4.4,4.2,1.7
R007227,P0100,2025-03-15,HCP00442,Neurology,Infusion,4.7,4.1,4.5,1.7
R007228,P0021,2026-06-18,HCP00662,Rare Disease,Injectable,4.1,3.4,5.0,1.6
R007229,P0088,2025-12-31,HCP01619,Respiratory,Injectable,2.6,3.4,4.3,2.4
R007230,P0082,2026-05-23,HCP00818,Neurology,Infusion,1.0,4.1,3.4,1.0
R007231,P0097,2025-10-02,HCP02466,Cardiology,Injectable,2.9,2.5,3.9,3.2
R007232,P0038,2025-10-20,HCP01336,Diabetes,Infusion,2.9,3.0,4.0,2.9
R007233,P0060,2025-07-29,HCP00280,Cardiology,Infusion,2.9,3.7,3.5,1.4
R007234,P0008,2025-11-16,HCP01591,Neurology,Infusion,3.2,3.7,4.0,2.3
R007235,P0043,2026-05-16,HCP01524,Immunology,Oral Therapy,1.3,4.5,3.0,3.5
R007236,P0107,2026-04-14,HCP01450,Diabetes,Infusion,2.7,2.8,2.7,2.5
R007237,P0025,2025-11-10,HCP02402,Respiratory,Digital Therapeutic,4.2,3.5,3.9,1.4
R007238,P0115,2025-05-07,HCP01538,Neurology,Oral Therapy,4.6,3.8,3.8,3.6
R007239,P0007,2026-06-09,HCP01883,Diabetes,Injectable,3.1,3.6,5.0,3.4
R007240,P0045,2026-01-22,HCP01678,Neurology,Oral Therapy,4.3,3.3,3.7,3.6
R007241,P0046,2026-03-09,HCP00634,Immunology,Injectable,1.5,3.4,4.2,1.6
R007242,P0120,2026-04-15,HCP02194,Immunology,Combination Therapy,3.9,4.0,3.7,5.0
R007243,P0066,2025-12-29,HCP01692,Diabetes,Oral Therapy,4.7,3.6,2.8,2.8
R007244,P0103,2025-12-18,HCP01688,Respiratory,Injectable,4.1,3.5,4.0,2.4
R007245,P0102,2025-12-25,HCP00187,Cardiology,Oral Therapy,3.7,3.0,4.1,2.8
R007246,P0067,2025-09-06,HCP01803,Immunology,Combination Therapy,1.5,5.0,3.6,3.3
R007247,P0087,2026-04-09,HCP00233,Oncology,Infusion,5.0,3.9,3.9,3.9
R007248,P0090,2025-07-08,HCP00992,Neurology,Oral Therapy,5.0,4.9,4.6,1.7
R007249,P0061,2026-05-03,HCP01406,Immunology,Injectable,4.3,3.6,3.8,2.2
R007250,P0113,2026-08-08,HCP02362,Neurology,Digital Therapeutic,4.8,3.9,4.8,1.8
R007251,P0052,2025-10-16,HCP00453,Oncology,Digital Therapeutic,3.7,4.2,4.1,1.0
R007252,P0088,2026-01-01,HCP02021,Respiratory,Digital Therapeutic,4.3,3.7,4.7,2.7
R007253,P0043,2026-06-01,HCP01342,Immunology,Infusion,4.4,3.9,5.0,3.3
R007254,P0041,2026-06-12,HCP01457,Respiratory,Infusion,3.6,4.0,3.4,1.8
R007255,P0044,2025-08-08,HCP02278,Immunology,Combination Therapy,3.0,3.6,4.7,1.9
R007256,P0024,2026-06-09,HCP01122,Diabetes,Injectable,4.4,3.7,4.9,1.9
R007257,P0098,2026-05-24,HCP00341,Cardiology,Combination Therapy,5.0,4.5,4.7,3.4
R007258,P0052,2025-11-03,HCP00048,Oncology,Combination Therapy,4.8,3.1,3.8,2.0
R007259,P0081,2025-10-21,HCP00891,Oncology,Combination Therapy,4.0,5.0,2.2,1.0
R007260,P0023,2025-09-11,HCP02467,Respiratory,Digital Therapeutic,3.9,4.2,5.0,2.6
R007261,P0083,2025-04-23,HCP00544,Immunology,Injectable,4.0,3.6,3.0,2.1
R007262,P0003,2025-07-28,HCP00354,Respiratory,Digital Therapeutic,1.8,4.4,5.0,1.5
R007263,P0078,2025-10-10,HCP00088,Cardiology,Infusion,3.6,4.4,3.2,2.5
R007264,P0055,2025-11-14,HCP01273,Diabetes,Combination Therapy,3.5,4.0,3.2,2.7
R007265,P0015,2025-08-15,HCP00902,Oncology,Combination Therapy,2.7,3.7,4.1,2.2
R007266,P0040,2026-06-24,HCP00855,Neurology,Oral Therapy,4.6,2.7,4.0,2.3
R007267,P0005,2025-01-30,HCP01500,Immunology,Digital Therapeutic,3.9,3.3,5.0,1.0
R007268,P0012,2026-06-03,HCP00816,Oncology,Digital Therapeutic,1.5,3.9,3.6,1.6
R007269,P0098,2026-07-02,HCP00141,Cardiology,Digital Therapeutic,3.9,4.2,4.6,2.8
R007270,P0105,2026-01-14,HCP01049,Neurology,Combination Therapy,4.8,3.9,4.3,3.1
R007271,P0100,2025-03-24,HCP01849,Neurology,Oral Therapy,3.2,4.1,3.4,1.8
R007272,P0015,2025-08-17,HCP01432,Oncology,Combination Therapy,2.8,3.6,4.4,4.2
R007273,P0071,2025-12-17,HCP02338,Immunology,Oral Therapy,2.6,4.3,4.0,2.3
R007274,P0076,2025-08-06,HCP00026,Cardiology,Oral Therapy,3.8,5.0,4.8,1.8
R007275,P0042,2025-10-14,HCP00152,Rare Disease,Digital Therapeutic,3.1,3.9,3.9,2.6
R007276,P0069,2026-02-28,HCP00386,Immunology,Combination Therapy,2.5,3.7,5.0,2.8
R007277,P0033,2026-02-11,HCP00085,Oncology,Combination Therapy,5.0,3.8,4.2,2.5
R007278,P0118,2025-12-02,HCP01533,Immunology,Oral Therapy,3.9,4.4,3.2,2.5
R007279,P0030,2026-01-28,HCP01558,Cardiology,Combination Therapy,3.3,3.8,2.8,3.0
R007280,P0031,2026-01-07,HCP01849,Rare Disease,Digital Therapeutic,5.0,4.4,5.0,3.7
R007281,P0093,2025-02-28,HCP00519,Respiratory,Infusion,3.9,4.5,4.0,1.6
R007282,P0029,2026-01-13,HCP01688,Neurology,Digital Therapeutic,3.6,5.0,4.0,1.8
R007283,P0109,2025-11-07,HCP00437,Diabetes,Injectable,3.9,4.1,4.2,2.6
R007284,P0076,2025-09-24,HCP02478,Cardiology,Infusion,3.3,3.9,4.0,3.3
R007285,P0109,2025-12-07,HCP00630,Diabetes,Injectable,3.6,4.1,4.1,1.0
R007286,P0067,2025-07-22,HCP00120,Immunology,Injectable,4.2,3.8,2.9,2.6
R007287,P0116,2026-03-30,HCP00461,Rare Disease,Digital Therapeutic,5.0,3.9,4.6,4.0
R007288,P0098,2026-06-26,HCP01288,Cardiology,Injectable,3.2,4.8,4.1,2.7
R007289,P0097,2025-09-23,HCP01786,Cardiology,Digital Therapeutic,4.2,3.5,4.5,3.0
R007290,P0021,2026-04-28,HCP01047,Rare Disease,Injectable,2.4,2.9,3.6,2.6
R007291,P0097,2025-10-18,HCP00799,Cardiology,Combination Therapy,4.1,3.9,4.0,2.8
R007292,P0037,2025-10-13,HCP00498,Neurology,Oral Therapy,5.0,4.0,3.1,3.1
R007293,P0100,2025-04-03,HCP00308,Neurology,Injectable,3.7,4.5,4.7,1.8
R007294,P0001,2026-08-22,HCP02227,Respiratory,Injectable,3.2,3.7,3.9,1.3
R007295,P0008,2025-11-10,HCP01864,Neurology,Infusion,3.2,3.5,2.4,3.0
R007296,P0087,2026-02-26,HCP00359,Oncology,Infusion,4.1,3.4,3.8,2.5
R007297,P0008,2025-11-28,HCP00388,Neurology,Oral Therapy,3.8,3.4,4.3,4.2
R007298,P0040,2026-06-03,HCP01262,Neurology,Infusion,3.4,3.2,5.0,1.2
R007299,P0056,2025-05-28,HCP00879,Immunology,Infusion,4.3,3.0,3.1,3.3
R007300,P0029,2025-12-09,HCP00481,Neurology,Infusion,3.0,2.3,4.9,1.6
R007301,P0089,2025-04-02,HCP01102,Neurology,Infusion,4.4,4.4,4.5,2.7
R007302,P0073,2026-06-22,HCP01092,Immunology,Digital Therapeutic,3.4,4.0,3.7,3.1
R007303,P0079,2026-06-09,HCP01453,Oncology,Digital Therapeutic,4.3,5.0,4.6,2.5
R007304,P0031,2025-12-28,HCP01977,Rare Disease,Oral Therapy,4.4,2.8,4.2,2.6
R007305,P0003,2025-11-08,HCP00694,Respiratory,Digital Therapeutic,2.0,5.0,3.6,2.4
R007306,P0007,2026-08-06,HCP01752,Diabetes,Combination Therapy,3.6,3.7,4.7,2.5
R007307,P0031,2025-12-27,HCP01823,Rare Disease,Infusion,2.4,2.7,4.9,1.4
R007308,P0029,2025-12-10,HCP01752,Neurology,Injectable,2.2,2.4,3.1,1.7
R007309,P0074,2026-02-02,HCP02324,Immunology,Infusion,3.5,3.4,4.2,2.5
R007310,P0102,2026-01-27,HCP00538,Cardiology,Oral Therapy,4.0,4.4,3.9,2.6
R007311,P0034,2025-04-07,HCP01839,Respiratory,Infusion,2.4,4.0,4.3,2.4
R007312,P0072,2026-05-06,HCP00058,Immunology,Oral Therapy,3.9,3.5,3.8,1.5
R007313,P0111,2026-01-28,HCP00836,Immunology,Injectable,3.0,4.6,5.0,3.4
R007314,P0057,2025-09-04,HCP01801,Immunology,Combination Therapy,3.8,3.9,2.8,2.8
R007315,P0025,2025-07-19,HCP02327,Respiratory,Combination Therapy,5.0,2.7,4.1,2.7
R007316,P0059,2025-10-14,HCP00266,Cardiology,Infusion,3.4,4.7,3.7,2.5
R007317,P0008,2026-01-01,HCP01829,Neurology,Combination Therapy,2.7,3.1,3.8,1.6
R007318,P0120,2026-06-02,HCP00976,Immunology,Injectable,3.7,3.1,2.7,1.0
R007319,P0110,2026-05-25,HCP01338,Rare Disease,Injectable,3.5,3.6,4.8,2.6
R007320,P0004,2025-06-24,HCP02110,Diabetes,Combination Therapy,3.4,4.0,3.1,1.9
R007321,P0032,2026-07-04,HCP02133,Rare Disease,Digital Therapeutic,3.7,3.4,4.3,2.0
R007322,P0020,2026-03-28,HCP01024,Cardiology,Infusion,3.5,2.6,3.6,3.1
R007323,P0106,2026-01-17,HCP02195,Respiratory,Injectable,2.6,3.4,3.8,2.3
R007324,P0104,2025-06-06,HCP01164,Cardiology,Digital Therapeutic,4.4,4.5,4.4,3.1
R007325,P0042,2025-09-04,HCP00576,Rare Disease,Combination Therapy,4.8,3.8,4.8,1.9
R007326,P0065,2025-06-22,HCP02395,Immunology,Injectable,3.4,4.6,3.1,2.2
R007327,P0078,2025-11-30,HCP00896,Cardiology,Digital Therapeutic,4.0,4.2,3.7,2.4
R007328,P0120,2026-06-28,HCP02273,Immunology,Injectable,2.0,3.4,4.2,1.0
R007329,P0099,2026-04-26,HCP02300,Rare Disease,Injectable,3.7,3.3,4.0,1.8
R007330,P0083,2025-05-16,HCP00228,Immunology,Injectable,5.0,3.9,4.6,3.7
R007331,P0055,2025-11-24,HCP01783,Diabetes,Combination Therapy,4.4,3.9,5.0,1.9
R007332,P0087,2026-03-20,HCP02168,Oncology,Injectable,3.8,3.9,3.6,2.6
R007333,P0078,2025-12-28,HCP00515,Cardiology,Infusion,3.7,3.9,3.5,1.8
R007334,P0070,2026-05-28,HCP01237,Immunology,Combination Therapy,3.4,3.7,4.4,1.8
R007335,P0026,2026-06-15,HCP02474,Diabetes,Infusion,4.1,3.7,3.2,2.7
R007336,P0003,2025-09-23,HCP01995,Respiratory,Oral Therapy,4.6,3.2,4.3,1.4
R007337,P0063,2025-09-21,HCP00853,Rare Disease,Combination Therapy,3.3,3.1,4.0,3.2
R007338,P0109,2025-11-11,HCP00881,Diabetes,Oral Therapy,4.3,4.3,3.9,3.1
R007339,P0120,2026-04-07,HCP00272,Immunology,Combination Therapy,3.0,3.1,4.5,3.0
R007340,P0063,2025-09-18,HCP02394,Rare Disease,Injectable,3.3,2.5,3.7,1.0
R007341,P0117,2025-08-17,HCP02205,Immunology,Digital Therapeutic,2.8,3.6,5.0,2.5
R007342,P0002,2025-12-02,HCP01992,Cardiology,Digital Therapeutic,3.8,4.0,3.8,4.2
R007343,P0099,2026-05-11,HCP01013,Rare Disease,Injectable,3.8,3.7,3.5,1.0
R007344,P0026,2026-06-12,HCP01124,Diabetes,Injectable,4.0,3.0,5.0,3.9
R007345,P0043,2026-02-19,HCP00942,Immunology,Oral Therapy,4.0,4.6,4.0,1.0
R007346,P0043,2026-04-20,HCP00902,Immunology,Injectable,4.3,4.0,3.3,3.0
R007347,P0027,2026-02-02,HCP00161,Cardiology,Oral Therapy,5.0,4.6,3.9,1.0
R007348,P0035,2026-05-15,HCP00528,Cardiology,Oral Therapy,4.3,3.8,5.0,2.7
R007349,P0066,2025-12-25,HCP01529,Diabetes,Infusion,2.0,4.1,4.2,3.5
R007350,P0004,2025-07-03,HCP00689,Diabetes,Combination Therapy,3.5,3.0,3.4,1.3
R007351,P0026,2026-05-23,HCP00384,Diabetes,Injectable,3.7,1.7,4.6,4.4
R007352,P0034,2025-04-01,HCP01106,Respiratory,Digital Therapeutic,2.4,3.8,4.4,1.5
R007353,P0011,2025-05-25,HCP02014,Respiratory,Injectable,4.4,2.9,4.4,2.8
R007354,P0108,2025-04-12,HCP00886,Diabetes,Digital Therapeutic,5.0,4.4,2.9,1.6
R007355,P0053,2025-06-10,HCP01885,Respiratory,Infusion,3.0,4.4,3.3,3.6
R007356,P0071,2026-01-22,HCP01611,Immunology,Digital Therapeutic,4.8,4.0,3.0,4.0
R007357,P0070,2026-06-02,HCP00817,Immunology,Digital Therapeutic,4.6,3.2,3.8,2.1
R007358,P0040,2026-04-06,HCP01589,Neurology,Combination Therapy,3.9,3.8,4.9,3.9
R007359,P0033,2026-04-25,HCP01275,Oncology,Infusion,4.4,4.2,2.8,2.7
R007360,P0011,2025-05-12,HCP00484,Respiratory,Injectable,3.1,4.1,3.2,2.2
R007361,P0099,2026-08-09,HCP01065,Rare Disease,Oral Therapy,4.7,3.2,2.9,1.5
R007362,P0091,2025-04-04,HCP00652,Rare Disease,Digital Therapeutic,4.8,2.5,4.5,1.8
R007363,P0079,2026-05-19,HCP01375,Oncology,Injectable,4.1,4.1,5.0,3.3
R007364,P0087,2026-05-06,HCP00113,Oncology,Oral Therapy,4.0,3.8,4.2,1.8
R007365,P0097,2025-09-25,HCP00200,Cardiology,Infusion,3.0,4.2,4.3,3.1
R007366,P0001,2026-08-19,HCP00957,Respiratory,Combination Therapy,4.5,3.8,4.0,2.2
R007367,P0081,2025-11-11,HCP01286,Oncology,Injectable,3.7,3.7,3.9,3.9
R007368,P0120,2026-03-13,HCP01184,Immunology,Infusion,3.6,3.7,4.5,1.9
R007369,P0100,2025-04-03,HCP00205,Neurology,Infusion,4.5,3.6,3.4,1.0
R007370,P0032,2026-06-24,HCP00263,Rare Disease,Digital Therapeutic,3.5,5.0,4.4,1.4
R007371,P0071,2025-12-31,HCP00258,Immunology,Combination Therapy,3.1,3.6,3.8,2.9
R007372,P0032,2026-07-04,HCP00213,Rare Disease,Infusion,4.6,3.6,4.0,2.5
R007373,P0016,2026-07-05,HCP02080,Cardiology,Infusion,2.4,4.3,3.6,2.5
R007374,P0037,2025-07-16,HCP00670,Neurology,Infusion,4.3,4.1,2.6,3.1
R007375,P0042,2025-09-23,HCP01987,Rare Disease,Digital Therapeutic,2.7,3.9,4.5,1.4
R007376,P0116,2026-02-27,HCP01229,Rare Disease,Digital Therapeutic,2.2,3.2,3.9,1.9
R007377,P0057,2025-08-26,HCP02480,Immunology,Injectable,4.3,2.9,4.0,2.1
R007378,P0101,2026-06-03,HCP02459,Cardiology,Injectable,4.0,3.8,5.0,2.6
R007379,P0115,2025-04-24,HCP01509,Neurology,Digital Therapeutic,3.2,3.7,4.1,1.7
R007380,P0077,2025-11-14,HCP02288,Neurology,Infusion,2.7,3.4,3.5,2.1
R007381,P0060,2025-07-26,HCP01006,Cardiology,Digital Therapeutic,4.0,4.4,3.0,2.0
R007382,P0060,2025-07-19,HCP00997,Cardiology,Oral Therapy,3.3,4.4,3.8,1.1
R007383,P0095,2025-11-25,HCP00313,Cardiology,Combination Therapy,4.4,4.6,4.3,2.0
R007384,P0040,2026-06-03,HCP01391,Neurology,Combination Therapy,3.2,3.1,3.1,2.9
R007385,P0055,2026-03-30,HCP01656,Diabetes,Combination Therapy,3.3,4.5,4.7,1.5
R007386,P0041,2026-05-23,HCP01400,Respiratory,Oral Therapy,4.6,2.5,3.7,1.2
R007387,P0032,2026-05-27,HCP00577,Rare Disease,Infusion,2.8,3.8,3.9,2.2
R007388,P0040,2026-07-12,HCP00858,Neurology,Digital Therapeutic,2.5,4.4,4.0,1.9
R007389,P0012,2026-05-29,HCP00637,Oncology,Injectable,2.9,3.1,3.1,1.0
R007390,P0104,2025-06-25,HCP02143,Cardiology,Combination Therapy,3.9,2.9,3.6,1.0
R007391,P0105,2026-01-10,HCP00337,Neurology,Oral Therapy,5.0,3.8,4.3,3.3
R007392,P0082,2025-12-29,HCP00730,Neurology,Digital Therapeutic,3.8,5.0,3.9,1.8
R007393,P0091,2025-07-18,HCP00819,Rare Disease,Infusion,3.0,5.0,3.7,3.3
R007394,P0049,2025-05-12,HCP01068,Neurology,Infusion,3.0,4.6,3.8,3.0
R007395,P0064,2025-10-01,HCP00771,Cardiology,Digital Therapeutic,4.0,3.1,4.3,4.0
R007396,P0120,2026-05-13,HCP02268,Immunology,Infusion,2.2,3.8,4.9,2.7
R007397,P0007,2026-05-10,HCP01265,Diabetes,Oral Therapy,2.1,5.0,3.9,1.9
R007398,P0022,2026-06-04,HCP00865,Cardiology,Infusion,3.9,4.4,3.4,3.1
R007399,P0100,2025-04-08,HCP00849,Neurology,Combination Therapy,4.5,2.7,5.0,1.0
R007400,P0010,2025-03-01,HCP01278,Diabetes,Oral Therapy,4.5,4.4,4.6,3.3
R007401,P0094,2025-05-17,HCP00908,Cardiology,Oral Therapy,4.0,3.3,3.9,4.1
R007402,P0045,2026-02-07,HCP02177,Neurology,Digital Therapeutic,4.7,3.6,3.6,1.4
R007403,P0085,2026-02-04,HCP00307,Respiratory,Oral Therapy,3.5,4.3,5.0,2.3
R007404,P0118,2025-12-15,HCP00819,Immunology,Combination Therapy,3.4,3.5,3.4,2.6
R007405,P0069,2026-02-26,HCP01082,Immunology,Infusion,3.7,3.4,4.0,2.1
R007406,P0003,2025-07-01,HCP02405,Respiratory,Digital Therapeutic,4.0,4.6,4.4,2.4
R007407,P0064,2025-09-12,HCP00743,Cardiology,Digital Therapeutic,5.0,4.3,4.1,1.8
R007408,P0010,2025-02-23,HCP00509,Diabetes,Combination Therapy,3.5,4.0,3.4,1.9
R007409,P0114,2026-05-15,HCP00999,Cardiology,Combination Therapy,3.9,5.0,3.7,5.0
R007410,P0041,2026-06-03,HCP01711,Respiratory,Combination Therapy,5.0,4.0,4.0,2.6
R007411,P0115,2025-05-11,HCP02463,Neurology,Digital Therapeutic,4.2,4.0,3.2,1.0
R007412,P0119,2025-11-16,HCP00151,Neurology,Injectable,2.3,3.6,3.9,2.0
R007413,P0039,2026-08-14,HCP01617,Respiratory,Injectable,5.0,3.1,4.9,2.1
R007414,P0042,2025-10-31,HCP01343,Rare Disease,Injectable,4.0,2.8,5.0,4.0
R007415,P0105,2026-02-06,HCP00844,Neurology,Combination Therapy,1.3,4.4,3.8,3.8
R007416,P0082,2026-01-20,HCP00399,Neurology,Infusion,3.4,3.5,4.0,2.6
R007417,P0061,2026-05-22,HCP01646,Immunology,Oral Therapy,3.1,5.0,3.9,1.5
R007418,P0104,2025-07-04,HCP01572,Cardiology,Oral Therapy,3.3,3.2,2.6,2.7
R007419,P0031,2025-11-25,HCP00333,Rare Disease,Infusion,3.7,3.3,4.3,1.7
R007420,P0081,2025-11-20,HCP01543,Oncology,Oral Therapy,4.3,4.0,4.2,2.8
R007421,P0042,2025-11-30,HCP01279,Rare Disease,Digital Therapeutic,4.8,3.1,4.7,3.4
R007422,P0011,2025-04-14,HCP01042,Respiratory,Oral Therapy,4.8,2.8,4.7,2.0
R007423,P0043,2026-06-30,HCP01330,Immunology,Digital Therapeutic,5.0,4.3,4.4,2.7
R007424,P0018,2025-02-27,HCP02313,Immunology,Infusion,3.5,2.3,4.4,3.2
R007425,P0120,2026-04-14,HCP01087,Immunology,Digital Therapeutic,1.9,3.9,3.3,2.9
R007426,P0032,2026-02-20,HCP02229,Rare Disease,Infusion,1.6,4.0,4.1,1.0
R007427,P0112,2025-05-06,HCP00074,Respiratory,Injectable,4.4,4.5,3.1,2.4
R007428,P0096,2026-03-06,HCP01838,Neurology,Oral Therapy,3.6,4.1,3.7,1.0
R007429,P0045,2026-01-04,HCP01872,Neurology,Infusion,5.0,5.0,5.0,2.8
R007430,P0097,2025-10-17,HCP01800,Cardiology,Oral Therapy,4.1,3.5,4.3,3.3
R007431,P0007,2026-07-11,HCP00924,Diabetes,Combination Therapy,2.2,2.9,4.2,2.9
R007432,P0021,2026-06-01,HCP00171,Rare Disease,Digital Therapeutic,3.2,5.0,4.0,2.8
R007433,P0097,2025-10-13,HCP00138,Cardiology,Combination Therapy,4.1,3.9,4.0,2.8
R007434,P0046,2026-04-02,HCP00809,Immunology,Infusion,2.8,3.2,4.1,3.0
R007435,P0019,2026-04-04,HCP00305,Respiratory,Combination Therapy,5.0,2.7,4.0,1.7
R007436,P0017,2026-01-10,HCP00508,Immunology,Digital Therapeutic,3.3,3.6,4.4,1.9
R007437,P0097,2025-09-24,HCP00048,Cardiology,Combination Therapy,3.4,3.3,5.0,2.6
R007438,P0057,2025-09-01,HCP00972,Immunology,Injectable,2.3,3.3,4.9,3.6
R007439,P0054,2025-08-30,HCP02272,Neurology,Digital Therapeutic,5.0,2.3,3.7,3.0
R007440,P0044,2025-10-20,HCP00273,Immunology,Infusion,3.5,3.5,3.6,3.1
R007441,P0012,2026-03-19,HCP00913,Oncology,Digital Therapeutic,3.9,4.1,3.7,2.2
R007442,P0120,2026-04-20,HCP00796,Immunology,Injectable,3.0,3.1,3.6,2.6
R007443,P0027,2025-12-18,HCP01094,Cardiology,Injectable,3.4,3.5,2.9,2.4
R007444,P0047,2025-05-10,HCP01428,Respiratory,Combination Therapy,4.0,3.5,4.1,1.4
R007445,P0100,2025-03-14,HCP02299,Neurology,Infusion,4.1,3.9,3.7,2.8
R007446,P0007,2026-08-22,HCP00416,Diabetes,Combination Therapy,4.2,5.0,4.0,2.3
R007447,P0071,2026-01-11,HCP00755,Immunology,Injectable,4.6,3.9,3.7,3.3
R007448,P0063,2025-08-16,HCP00265,Rare Disease,Injectable,4.3,3.0,4.0,1.1
R007449,P0087,2026-02-16,HCP00112,Oncology,Infusion,4.2,3.7,3.6,2.1
R007450,P0109,2025-12-13,HCP01767,Diabetes,Oral Therapy,3.1,4.1,3.6,1.0
R007451,P0012,2026-03-31,HCP00729,Oncology,Infusion,3.5,2.9,5.0,2.9
R007452,P0045,2026-02-13,HCP00618,Neurology,Oral Therapy,2.7,3.2,3.2,3.2
R007453,P0044,2025-08-25,HCP01107,Immunology,Oral Therapy,3.3,3.1,5.0,2.8
R007454,P0099,2026-05-04,HCP01196,Rare Disease,Oral Therapy,4.1,3.7,3.1,4.3
R007455,P0055,2026-03-17,HCP01092,Diabetes,Injectable,4.0,3.5,3.5,3.0
R007456,P0051,2025-09-01,HCP02097,Rare Disease,Digital Therapeutic,4.3,2.6,3.2,1.7
R007457,P0033,2026-05-28,HCP01706,Oncology,Injectable,5.0,3.4,3.7,3.6
R007458,P0069,2026-03-25,HCP00947,Immunology,Oral Therapy,2.6,3.8,1.8,4.4
R007459,P0075,2026-04-30,HCP00485,Neurology,Combination Therapy,2.1,4.6,4.6,3.1
R007460,P0061,2026-04-24,HCP00247,Immunology,Oral Therapy,3.5,2.9,3.5,1.8
R007461,P0074,2026-02-14,HCP01770,Immunology,Digital Therapeutic,5.0,3.2,4.2,1.9
R007462,P0105,2026-01-21,HCP01964,Neurology,Infusion,4.9,3.0,5.0,2.8
R007463,P0104,2025-02-21,HCP01745,Cardiology,Oral Therapy,3.9,2.7,3.7,2.1
R007464,P0069,2026-03-03,HCP01847,Immunology,Digital Therapeutic,3.5,1.9,4.3,3.5
R007465,P0114,2026-05-16,HCP01595,Cardiology,Oral Therapy,3.9,4.1,3.4,2.3
R007466,P0046,2026-03-25,HCP01526,Immunology,Oral Therapy,4.7,3.9,4.5,3.3
R007467,P0003,2025-08-04,HCP02413,Respiratory,Oral Therapy,3.0,4.1,4.2,3.1
R007468,P0093,2025-02-14,HCP01345,Respiratory,Oral Therapy,3.2,4.0,3.2,1.3
R007469,P0093,2025-02-27,HCP02259,Respiratory,Injectable,3.8,3.5,4.9,2.4
R007470,P0007,2026-07-15,HCP01881,Diabetes,Oral Therapy,4.7,3.3,3.9,3.4
R007471,P0040,2026-07-19,HCP01105,Neurology,Oral Therapy,4.4,4.5,3.9,2.4
R007472,P0033,2026-06-25,HCP00884,Oncology,Oral Therapy,2.0,4.2,4.4,2.8
R007473,P0064,2025-08-20,HCP00416,Cardiology,Injectable,4.4,3.7,4.7,2.7
R007474,P0035,2026-06-28,HCP00825,Cardiology,Oral Therapy,3.7,3.1,3.3,1.7
R007475,P0090,2025-06-29,HCP01309,Neurology,Injectable,4.2,3.9,4.6,4.1
R007476,P0069,2026-03-23,HCP01569,Immunology,Digital Therapeutic,3.5,3.9,4.0,1.8
R007477,P0105,2026-01-10,HCP02111,Neurology,Oral Therapy,4.1,3.4,3.8,1.7
R007478,P0101,2026-06-18,HCP00417,Cardiology,Combination Therapy,3.7,4.0,3.6,3.4
R007479,P0036,2025-10-14,HCP00405,Respiratory,Infusion,3.2,4.2,4.1,2.0
R007480,P0067,2025-09-20,HCP01584,Immunology,Injectable,3.1,4.1,3.1,2.6
R007481,P0075,2026-03-20,HCP00040,Neurology,Oral Therapy,3.5,4.5,3.5,2.9
R007482,P0055,2026-03-13,HCP02168,Diabetes,Oral Therapy,2.6,4.4,2.9,3.4
R007483,P0116,2026-06-21,HCP00540,Rare Disease,Digital Therapeutic,3.3,4.5,4.5,1.0
R007484,P0008,2026-01-04,HCP01288,Neurology,Oral Therapy,3.4,3.4,4.1,2.4
R007485,P0110,2026-05-25,HCP00193,Rare Disease,Infusion,4.6,4.3,4.2,2.2
R007486,P0117,2025-08-21,HCP00208,Immunology,Oral Therapy,4.3,4.1,3.7,2.5
R007487,P0044,2025-08-02,HCP02237,Immunology,Infusion,5.0,4.4,3.9,3.2
R007488,P0036,2025-11-16,HCP01658,Respiratory,Combination Therapy,2.3,3.9,3.9,3.8
R007489,P0005,2025-01-30,HCP02355,Immunology,Combination Therapy,3.5,4.1,4.2,2.7
R007490,P0016,2026-08-06,HCP02174,Cardiology,Infusion,4.7,3.1,3.0,1.8
R007491,P0029,2025-12-15,HCP02469,Neurology,Injectable,3.9,4.1,4.1,2.7
R007492,P0100,2025-03-29,HCP00493,Neurology,Injectable,3.5,4.7,4.3,3.0
R007493,P0093,2025-01-21,HCP01833,Respiratory,Injectable,2.9,5.0,4.3,2.8
R007494,P0107,2026-02-22,HCP01531,Diabetes,Injectable,4.3,3.7,5.0,3.5
R007495,P0039,2026-08-19,HCP00531,Respiratory,Digital Therapeutic,3.9,5.0,4.2,1.9
R007496,P0036,2025-11-04,HCP00493,Respiratory,Oral Therapy,3.4,3.7,4.6,1.9
R007497,P0099,2026-07-28,HCP00975,Rare Disease,Combination Therapy,4.6,4.3,4.6,2.7
R007498,P0066,2026-02-13,HCP02050,Diabetes,Oral Therapy,5.0,3.8,3.5,3.5
R007499,P0007,2026-06-27,HCP01167,Diabetes,Digital Therapeutic,2.9,4.7,4.5,4.1
R007500,P0095,2025-11-25,HCP00633,Cardiology,Digital Therapeutic,4.2,3.9,2.8,3.0
R007501,P0012,2026-04-09,HCP01458,Oncology,Digital Therapeutic,3.8,3.4,3.5,2.8
R007502,P0003,2025-09-16,HCP01574,Respiratory,Digital Therapeutic,4.3,4.5,4.5,1.6
R007503,P0112,2025-04-12,HCP01546,Respiratory,Infusion,4.8,3.5,3.3,3.2
R007504,P0119,2025-09-23,HCP01474,Neurology,Oral Therapy,4.9,4.0,4.7,1.5
R007505,P0085,2026-01-11,HCP00955,Respiratory,Digital Therapeutic,3.3,2.6,4.7,3.5
R007506,P0039,2026-07-12,HCP00937,Respiratory,Injectable,2.3,4.4,4.3,2.7
R007507,P0020,2026-06-04,HCP00950,Cardiology,Injectable,3.6,2.5,4.2,2.6
R007508,P0058,2025-09-19,HCP02252,Respiratory,Combination Therapy,3.6,3.5,3.9,3.7
R007509,P0063,2025-08-19,HCP01080,Rare Disease,Oral Therapy,1.4,2.8,4.1,2.6
R007510,P0007,2026-05-12,HCP02254,Diabetes,Infusion,4.6,3.0,4.7,2.2
R007511,P0080,2026-05-28,HCP00792,Neurology,Injectable,3.3,3.8,4.8,2.8
R007512,P0006,2025-09-17,HCP00851,Cardiology,Oral Therapy,3.7,3.3,4.1,1.7
R007513,P0060,2025-08-08,HCP00876,Cardiology,Combination Therapy,3.2,4.3,3.1,2.7
R007514,P0014,2025-02-28,HCP00871,Cardiology,Digital Therapeutic,3.5,3.6,3.8,2.4
R007515,P0006,2025-09-01,HCP00814,Cardiology,Infusion,4.8,3.9,4.2,1.9
R007516,P0039,2026-08-24,HCP01638,Respiratory,Combination Therapy,3.8,3.2,4.5,4.7
R007517,P0071,2026-01-04,HCP02408,Immunology,Injectable,5.0,4.3,4.3,2.3
R007518,P0111,2026-01-18,HCP00710,Immunology,Injectable,4.2,3.9,4.8,2.0
R007519,P0007,2026-08-19,HCP00763,Diabetes,Oral Therapy,4.3,4.2,3.6,1.0
R007520,P0062,2025-06-22,HCP00760,Immunology,Digital Therapeutic,3.5,4.3,3.6,1.8
R007521,P0092,2026-01-31,HCP00606,Cardiology,Combination Therapy,3.6,4.4,4.7,3.2
R007522,P0040,2026-06-10,HCP00052,Neurology,Combination Therapy,4.6,4.1,3.4,1.1
R007523,P0097,2025-09-30,HCP00011,Cardiology,Oral Therapy,4.7,3.9,3.3,1.5
R007524,P0055,2026-01-29,HCP00235,Diabetes,Injectable,3.9,4.6,4.0,3.4
R007525,P0001,2026-08-07,HCP00373,Respiratory,Combination Therapy,4.2,3.9,4.5,2.2
R007526,P0032,2026-06-15,HCP01646,Rare Disease,Combination Therapy,3.6,3.5,4.1,2.1
R007527,P0051,2025-09-09,HCP00324,Rare Disease,Injectable,3.9,4.4,2.3,2.6
R007528,P0075,2026-03-28,HCP00803,Neurology,Infusion,3.8,4.5,3.9,3.6
R007529,P0019,2026-05-27,HCP01162,Respiratory,Infusion,3.7,3.8,3.5,1.6
R007530,P0061,2026-04-19,HCP00204,Immunology,Oral Therapy,4.6,4.2,4.8,4.3
R007531,P0095,2025-12-08,HCP01191,Cardiology,Injectable,3.7,4.1,3.0,2.6
R007532,P0046,2026-03-28,HCP02326,Immunology,Digital Therapeutic,3.2,3.9,4.4,2.5
R007533,P0024,2026-06-13,HCP00018,Diabetes,Digital Therapeutic,3.5,2.8,4.0,3.1
R007534,P0083,2025-04-26,HCP00740,Immunology,Oral Therapy,3.5,3.0,4.2,1.0
R007535,P0077,2025-11-03,HCP00223,Neurology,Infusion,4.1,3.5,4.5,2.8
R007536,P0048,2025-06-09,HCP00523,Oncology,Injectable,3.2,3.8,3.9,2.7
R007537,P0100,2025-03-30,HCP02105,Neurology,Digital Therapeutic,4.7,3.0,4.1,4.1
R007538,P0097,2025-10-17,HCP01306,Cardiology,Digital Therapeutic,3.5,2.3,5.0,4.6
R007539,P0013,2025-03-26,HCP00863,Respiratory,Digital Therapeutic,5.0,3.7,4.7,2.7
R007540,P0072,2026-06-01,HCP02077,Immunology,Infusion,3.7,3.8,4.6,2.6
R007541,P0076,2025-09-17,HCP02296,Cardiology,Injectable,4.1,4.4,4.6,2.3
R007542,P0025,2025-09-19,HCP02182,Respiratory,Oral Therapy,4.5,5.0,5.0,2.5
R007543,P0022,2026-07-12,HCP01276,Cardiology,Digital Therapeutic,4.7,2.8,4.4,2.1
R007544,P0020,2026-05-16,HCP00763,Cardiology,Combination Therapy,4.2,4.0,4.1,3.4
R007545,P0040,2026-03-22,HCP01272,Neurology,Infusion,5.0,5.0,4.4,3.7
R007546,P0031,2025-12-02,HCP01856,Rare Disease,Oral Therapy,3.7,2.9,3.6,3.6
R007547,P0085,2025-12-11,HCP01090,Respiratory,Infusion,2.4,3.1,4.6,3.7
R007548,P0111,2026-01-23,HCP01308,Immunology,Oral Therapy,3.7,4.5,4.7,2.9
R007549,P0056,2025-07-13,HCP01932,Immunology,Combination Therapy,4.4,3.9,3.8,3.2
R007550,P0099,2026-04-27,HCP01489,Rare Disease,Digital Therapeutic,4.1,4.0,3.9,3.1
R007551,P0062,2025-07-29,HCP01890,Immunology,Combination Therapy,2.8,4.2,4.2,1.2
R007552,P0117,2025-08-31,HCP01101,Immunology,Digital Therapeutic,3.4,4.3,3.6,2.3
R007553,P0047,2025-07-26,HCP02016,Respiratory,Combination Therapy,3.0,4.1,3.3,2.0
R007554,P0090,2025-07-20,HCP00444,Neurology,Infusion,3.1,4.2,3.8,2.4
R007555,P0102,2025-11-22,HCP01741,Cardiology,Combination Therapy,3.6,3.0,4.1,2.4
R007556,P0110,2026-05-03,HCP02052,Rare Disease,Infusion,4.1,4.5,4.4,3.1
R007557,P0048,2025-06-19,HCP01044,Oncology,Injectable,3.1,4.9,4.4,2.1
R007558,P0043,2026-07-01,HCP01361,Immunology,Combination Therapy,3.2,4.6,4.0,1.0
R007559,P0002,2025-09-26,HCP01537,Cardiology,Injectable,4.3,4.1,4.4,2.8
R007560,P0075,2026-04-21,HCP01005,Neurology,Injectable,3.0,5.0,3.7,2.3
R007561,P0068,2025-08-23,HCP01204,Immunology,Infusion,2.9,3.9,3.0,2.9
R007562,P0047,2025-06-03,HCP01689,Respiratory,Infusion,5.0,4.5,3.9,1.4
R007563,P0027,2026-01-27,HCP01863,Cardiology,Infusion,3.3,5.0,4.2,2.9
R007564,P0104,2025-05-23,HCP01065,Cardiology,Digital Therapeutic,2.1,3.5,3.6,1.7
R007565,P0120,2026-05-22,HCP02212,Immunology,Infusion,2.6,4.7,3.1,1.0
R007566,P0120,2026-05-01,HCP02123,Immunology,Combination Therapy,2.0,3.0,3.4,2.2
R007567,P0055,2026-04-03,HCP01818,Diabetes,Combination Therapy,5.0,3.2,3.2,1.0
R007568,P0090,2025-06-19,HCP00340,Neurology,Digital Therapeutic,3.6,3.1,3.1,1.9
R007569,P0100,2025-03-10,HCP00962,Neurology,Injectable,2.8,2.3,4.0,2.6
R007570,P0094,2025-04-17,HCP00075,Cardiology,Oral Therapy,4.2,3.3,4.8,1.3
R007571,P0043,2026-07-12,HCP02324,Immunology,Oral Therapy,5.0,3.9,4.0,2.8
R007572,P0106,2026-03-03,HCP01424,Respiratory,Digital Therapeutic,3.6,3.6,4.8,1.3
R007573,P0079,2026-06-10,HCP00833,Oncology,Oral Therapy,5.0,2.9,2.3,1.6
R007574,P0012,2026-03-19,HCP00643,Oncology,Digital Therapeutic,3.4,2.1,4.1,1.5
R007575,P0020,2026-03-28,HCP01707,Cardiology,Infusion,2.7,3.3,4.4,3.0
R007576,P0058,2025-09-18,HCP00296,Respiratory,Digital Therapeutic,5.0,3.2,3.5,2.7
R007577,P0113,2026-08-17,HCP00911,Neurology,Combination Therapy,3.1,5.0,3.4,2.1
R007578,P0088,2026-01-02,HCP00076,Respiratory,Oral Therapy,3.2,3.8,3.8,1.0
R007579,P0078,2026-01-04,HCP01866,Cardiology,Infusion,4.6,5.0,4.6,2.4
R007580,P0073,2026-07-25,HCP01926,Immunology,Combination Therapy,3.7,3.3,3.2,1.4
R007581,P0111,2026-02-05,HCP01859,Immunology,Injectable,3.6,4.5,3.5,1.3
R007582,P0065,2025-07-11,HCP02400,Immunology,Digital Therapeutic,3.5,4.0,3.2,3.0
R007583,P0049,2025-04-06,HCP01221,Neurology,Digital Therapeutic,3.1,3.2,4.4,1.7
R007584,P0047,2025-05-25,HCP01540,Respiratory,Combination Therapy,3.9,4.0,3.5,2.5
R007585,P0063,2025-08-19,HCP02162,Rare Disease,Oral Therapy,4.1,3.7,3.9,1.7
R007586,P0027,2026-01-05,HCP01932,Cardiology,Combination Therapy,3.5,3.6,4.3,3.3
R007587,P0116,2026-03-21,HCP01152,Rare Disease,Oral Therapy,4.2,2.6,3.7,3.0
R007588,P0111,2026-01-18,HCP02097,Immunology,Oral Therapy,4.1,5.0,3.0,3.4
R007589,P0046,2026-03-25,HCP01929,Immunology,Oral Therapy,4.0,4.2,4.3,3.6
R007590,P0089,2025-03-15,HCP02014,Neurology,Digital Therapeutic,3.5,3.0,4.4,1.1
R007591,P0093,2025-02-11,HCP01218,Respiratory,Oral Therapy,3.4,4.1,5.0,4.3
R007592,P0074,2025-11-08,HCP00817,Immunology,Digital Therapeutic,4.0,3.6,4.2,1.0
R007593,P0014,2025-02-12,HCP01948,Cardiology,Injectable,2.7,4.8,4.0,2.0
R007594,P0011,2025-03-03,HCP00006,Respiratory,Digital Therapeutic,5.0,3.6,4.2,2.1
R007595,P0086,2026-03-17,HCP02195,Diabetes,Digital Therapeutic,1.6,3.8,3.9,1.0
R007596,P0014,2025-03-10,HCP01571,Cardiology,Injectable,3.2,3.4,4.0,2.0
R007597,P0099,2026-07-29,HCP02073,Rare Disease,Combination Therapy,4.1,4.1,3.6,3.3
R007598,P0052,2025-10-20,HCP02369,Oncology,Injectable,4.3,3.8,4.2,2.6
R007599,P0097,2025-09-22,HCP01827,Cardiology,Oral Therapy,3.0,4.7,4.2,1.0
R007600,P0016,2026-05-10,HCP02219,Cardiology,Digital Therapeutic,3.1,4.0,3.9,2.2
R007601,P0048,2025-08-06,HCP01599,Oncology,Oral Therapy,3.7,5.0,3.4,3.3
R007602,P0018,2025-06-03,HCP00012,Immunology,Injectable,2.5,3.7,3.0,1.8
R007603,P0059,2025-12-01,HCP00944,Cardiology,Infusion,2.7,3.2,3.7,2.1
R007604,P0010,2025-02-28,HCP02261,Diabetes,Combination Therapy,4.4,3.3,3.6,2.9
R007605,P0034,2025-03-31,HCP00568,Respiratory,Digital Therapeutic,4.4,3.3,3.7,3.2
R007606,P0036,2025-10-15,HCP00028,Respiratory,Digital Therapeutic,3.7,3.2,3.7,3.1
R007607,P0062,2025-07-20,HCP01050,Immunology,Infusion,4.4,4.9,5.0,2.2
R007608,P0002,2025-08-08,HCP01329,Cardiology,Injectable,3.8,3.6,3.7,1.0
R007609,P0038,2025-10-12,HCP01246,Diabetes,Combination Therapy,3.0,4.0,3.1,2.7
R007610,P0088,2025-12-20,HCP02132,Respiratory,Oral Therapy,2.7,2.9,4.0,1.1
R007611,P0050,2025-04-28,HCP00444,Diabetes,Oral Therapy,4.2,3.8,3.8,2.4
R007612,P0072,2026-07-25,HCP01041,Immunology,Oral Therapy,3.1,2.2,5.0,1.7
R007613,P0104,2025-03-02,HCP01491,Cardiology,Digital Therapeutic,4.4,4.1,4.2,2.3
R007614,P0061,2026-06-17,HCP01710,Immunology,Injectable,3.4,3.4,4.6,3.6
R007615,P0106,2026-01-13,HCP02102,Respiratory,Oral Therapy,4.8,4.9,4.0,2.7
R007616,P0119,2025-10-25,HCP00582,Neurology,Oral Therapy,2.9,4.4,4.1,3.5
R007617,P0064,2025-11-08,HCP02210,Cardiology,Digital Therapeutic,2.7,4.4,3.7,1.8
R007618,P0058,2025-08-16,HCP02426,Respiratory,Infusion,3.9,3.2,4.0,2.8
R007619,P0038,2025-09-27,HCP02477,Diabetes,Infusion,3.4,4.1,3.4,1.5
R007620,P0105,2026-02-13,HCP00111,Neurology,Digital Therapeutic,3.8,5.0,3.7,2.3
R007621,P0094,2025-05-30,HCP00923,Cardiology,Infusion,3.6,3.3,4.2,2.9
R007622,P0023,2025-08-20,HCP01581,Respiratory,Combination Therapy,3.3,3.2,4.3,1.0
R007623,P0079,2026-07-03,HCP00726,Oncology,Infusion,3.5,3.8,4.1,2.4
R007624,P0032,2026-07-12,HCP00087,Rare Disease,Digital Therapeutic,1.8,4.0,3.6,2.9
R007625,P0119,2025-11-02,HCP00660,Neurology,Injectable,5.0,4.3,5.0,2.1
R007626,P0040,2026-04-22,HCP00105,Neurology,Infusion,3.2,4.2,3.9,3.2
R007627,P0011,2025-05-19,HCP01845,Respiratory,Oral Therapy,4.1,4.0,4.2,2.4
R007628,P0119,2025-10-13,HCP00676,Neurology,Injectable,1.9,3.3,4.8,1.2
R007629,P0073,2026-04-03,HCP01659,Immunology,Combination Therapy,2.9,5.0,3.4,2.8
R007630,P0109,2025-10-01,HCP00038,Diabetes,Combination Therapy,3.9,4.9,3.9,2.5
R007631,P0108,2025-03-10,HCP01982,Diabetes,Infusion,5.0,4.1,5.0,2.3
R007632,P0054,2025-09-11,HCP00519,Neurology,Injectable,4.1,4.7,4.3,2.4
R007633,P0053,2025-07-26,HCP00599,Respiratory,Digital Therapeutic,4.2,3.8,4.5,3.1
R007634,P0102,2026-02-10,HCP00385,Cardiology,Digital Therapeutic,3.3,3.0,3.8,2.5
R007635,P0046,2026-04-06,HCP00206,Immunology,Oral Therapy,3.7,4.5,3.7,3.0
R007636,P0028,2026-04-28,HCP02280,Oncology,Digital Therapeutic,3.5,2.9,3.3,3.8
R007637,P0068,2025-06-15,HCP02344,Immunology,Oral Therapy,4.0,5.0,5.0,3.1
R007638,P0072,2026-07-19,HCP00104,Immunology,Oral Therapy,4.7,3.0,3.7,2.5
R007639,P0099,2026-06-05,HCP00681,Rare Disease,Infusion,3.4,4.8,3.1,2.4
R007640,P0020,2026-04-16,HCP01530,Cardiology,Digital Therapeutic,3.7,5.0,4.8,2.2
R007641,P0059,2025-10-31,HCP01416,Cardiology,Injectable,3.4,2.9,3.6,2.5
R007642,P0070,2026-07-04,HCP01677,Immunology,Combination Therapy,3.5,2.8,4.5,2.6
R007643,P0116,2026-05-25,HCP02267,Rare Disease,Infusion,4.7,4.2,4.4,1.9
R007644,P0027,2026-02-13,HCP02053,Cardiology,Digital Therapeutic,4.1,4.9,4.7,2.0
R007645,P0075,2026-03-04,HCP00785,Neurology,Infusion,4.0,4.3,3.1,1.7
R007646,P0071,2025-12-30,HCP00919,Immunology,Infusion,3.6,3.3,4.2,3.2
R007647,P0115,2025-08-14,HCP00844,Neurology,Injectable,3.0,4.9,3.3,2.7
R007648,P0052,2025-09-18,HCP00455,Oncology,Infusion,4.3,5.0,4.0,2.5
R007649,P0022,2026-07-15,HCP01421,Cardiology,Injectable,4.4,3.2,4.6,1.9
R007650,P0068,2025-07-08,HCP00305,Immunology,Oral Therapy,4.4,4.1,2.9,3.0
R007651,P0103,2026-04-10,HCP00289,Respiratory,Digital Therapeutic,3.7,4.3,3.7,1.9
R007652,P0020,2026-05-31,HCP00357,Cardiology,Injectable,3.0,3.7,3.4,1.9
R007653,P0086,2025-10-29,HCP01862,Diabetes,Oral Therapy,4.2,3.2,4.1,3.1
R007654,P0061,2026-04-21,HCP01311,Immunology,Combination Therapy,4.6,3.1,3.3,2.1
R007655,P0096,2026-01-28,HCP00762,Neurology,Digital Therapeutic,4.4,2.6,4.4,2.7
R007656,P0038,2025-09-26,HCP01492,Diabetes,Injectable,3.0,4.5,3.8,2.0
R007657,P0103,2026-02-21,HCP01795,Respiratory,Digital Therapeutic,4.0,3.5,4.0,2.3
R007658,P0018,2025-05-09,HCP01972,Immunology,Oral Therapy,2.0,5.0,4.1,2.5
R007659,P0064,2025-12-04,HCP01152,Cardiology,Injectable,4.8,4.2,2.2,3.4
R007660,P0061,2026-05-28,HCP02012,Immunology,Injectable,3.8,3.8,3.3,2.8
R007661,P0034,2025-04-09,HCP00804,Respiratory,Infusion,3.9,4.9,4.9,2.9
R007662,P0017,2026-01-13,HCP02107,Immunology,Infusion,5.0,3.8,3.2,2.9
R007663,P0114,2026-08-25,HCP00481,Cardiology,Infusion,3.2,3.5,3.3,3.4
R007664,P0052,2025-10-01,HCP00400,Oncology,Injectable,3.8,4.4,3.8,4.0
R007665,P0112,2025-04-30,HCP01900,Respiratory,Injectable,3.0,3.5,4.5,3.0
R007666,P0039,2026-06-06,HCP01864,Respiratory,Oral Therapy,2.4,4.0,3.1,1.7
R007667,P0078,2025-12-04,HCP02194,Cardiology,Oral Therapy,3.9,4.1,3.8,2.8
R007668,P0066,2026-01-31,HCP00182,Diabetes,Injectable,3.9,3.9,4.8,3.7
R007669,P0049,2025-06-01,HCP02258,Neurology,Digital Therapeutic,1.9,4.1,4.2,1.4
R007670,P0059,2025-10-17,HCP02202,Cardiology,Combination Therapy,4.3,4.1,3.4,4.0
R007671,P0031,2025-11-17,HCP01398,Rare Disease,Combination Therapy,3.7,4.0,4.7,3.1
R007672,P0017,2025-12-28,HCP01314,Immunology,Injectable,4.3,3.5,3.8,2.8
R007673,P0081,2025-10-08,HCP00379,Oncology,Infusion,3.9,3.1,4.3,2.2
R007674,P0034,2025-04-22,HCP01604,Respiratory,Injectable,4.6,3.3,3.5,2.0
R007675,P0064,2025-11-24,HCP01921,Cardiology,Oral Therapy,4.7,3.4,4.6,3.4
R007676,P0067,2025-09-11,HCP01550,Immunology,Digital Therapeutic,3.9,4.3,3.8,1.3
R007677,P0120,2026-06-23,HCP00557,Immunology,Oral Therapy,4.5,5.0,4.1,4.5
R007678,P0101,2026-05-17,HCP01395,Cardiology,Oral Therapy,4.5,3.8,2.8,3.3
R007679,P0023,2025-05-11,HCP00405,Respiratory,Combination Therapy,2.7,4.7,5.0,3.0
R007680,P0008,2025-12-06,HCP01309,Neurology,Combination Therapy,2.9,3.3,4.8,2.8
R007681,P0117,2025-09-29,HCP02202,Immunology,Infusion,2.8,3.7,3.2,1.9
R007682,P0011,2025-04-05,HCP02306,Respiratory,Infusion,4.3,3.7,5.0,2.7
R007683,P0086,2026-01-15,HCP01799,Diabetes,Digital Therapeutic,3.1,4.2,3.1,1.2
R007684,P0096,2026-02-14,HCP00871,Neurology,Infusion,2.0,3.4,3.2,1.5
R007685,P0104,2025-03-27,HCP00864,Cardiology,Digital Therapeutic,2.8,4.3,3.9,1.1
R007686,P0041,2026-05-30,HCP01947,Respiratory,Oral Therapy,3.4,4.1,4.1,2.6
R007687,P0042,2025-10-05,HCP00035,Rare Disease,Combination Therapy,4.1,3.9,4.6,2.1
R007688,P0031,2025-12-10,HCP00905,Rare Disease,Oral Therapy,4.8,3.4,3.9,2.3
R007689,P0021,2026-06-10,HCP01387,Rare Disease,Digital Therapeutic,4.5,2.7,3.3,2.7
R007690,P0028,2026-03-29,HCP00115,Oncology,Combination Therapy,3.9,3.5,4.7,3.6
R007691,P0025,2025-11-21,HCP02009,Respiratory,Oral Therapy,3.0,4.3,3.9,1.1
R007692,P0117,2025-08-16,HCP00946,Immunology,Injectable,2.0,2.6,4.4,3.8
R007693,P0059,2025-11-09,HCP02085,Cardiology,Injectable,3.3,2.7,4.6,2.6
R007694,P0062,2025-07-27,HCP00378,Immunology,Infusion,3.5,3.6,3.6,2.1
R007695,P0076,2025-07-04,HCP00094,Cardiology,Oral Therapy,3.8,3.2,3.8,2.7
R007696,P0020,2026-05-12,HCP01102,Cardiology,Infusion,4.5,5.0,4.4,2.9
R007697,P0119,2025-10-23,HCP02407,Neurology,Combination Therapy,4.3,4.0,4.6,3.5
R007698,P0049,2025-02-08,HCP00206,Neurology,Oral Therapy,3.8,3.5,3.6,2.3
R007699,P0061,2026-06-12,HCP00318,Immunology,Combination Therapy,3.4,4.6,4.0,1.3
R007700,P0032,2026-04-15,HCP01964,Rare Disease,Digital Therapeutic,2.4,3.8,3.1,1.3
R007701,P0036,2025-11-05,HCP00284,Respiratory,Infusion,3.0,3.7,3.7,3.1
R007702,P0021,2026-03-21,HCP01478,Rare Disease,Infusion,2.9,5.0,5.0,3.0
R007703,P0061,2026-02-12,HCP00105,Immunology,Oral Therapy,5.0,2.3,2.8,4.1
R007704,P0118,2025-11-23,HCP00095,Immunology,Combination Therapy,5.0,3.1,5.0,1.2
R007705,P0003,2025-06-21,HCP00971,Respiratory,Oral Therapy,2.6,4.2,5.0,2.9
R007706,P0054,2025-08-13,HCP01614,Neurology,Oral Therapy,4.0,3.1,3.2,3.3
R007707,P0047,2025-07-29,HCP01488,Respiratory,Digital Therapeutic,2.6,3.1,3.3,2.8
R007708,P0083,2025-05-04,HCP02387,Immunology,Oral Therapy,3.9,4.4,4.0,2.3
R007709,P0089,2025-04-13,HCP00137,Neurology,Oral Therapy,3.3,3.3,3.7,2.2
R007710,P0108,2025-04-12,HCP00159,Diabetes,Injectable,3.6,4.1,4.7,2.2
R007711,P0031,2025-12-15,HCP01938,Rare Disease,Infusion,4.6,3.6,4.5,2.7
R007712,P0025,2025-09-24,HCP00892,Respiratory,Injectable,4.0,4.0,4.0,3.6
R007713,P0058,2025-09-26,HCP00532,Respiratory,Combination Therapy,4.4,3.7,3.1,1.4
R007714,P0016,2026-06-07,HCP02237,Cardiology,Combination Therapy,4.1,4.4,3.8,2.2
R007715,P0058,2025-09-02,HCP00793,Respiratory,Infusion,3.1,4.5,5.0,3.9
R007716,P0032,2026-06-13,HCP00084,Rare Disease,Infusion,2.6,3.3,4.2,1.3
R007717,P0038,2025-10-02,HCP00042,Diabetes,Infusion,3.4,2.7,4.9,2.9
R007718,P0086,2026-02-28,HCP02297,Diabetes,Injectable,3.4,3.7,4.3,1.0
R007719,P0018,2025-04-11,HCP00399,Immunology,Infusion,3.3,3.4,5.0,2.1
R007720,P0046,2026-01-22,HCP02472,Immunology,Injectable,3.1,3.3,4.0,1.7
R007721,P0082,2026-01-15,HCP00496,Neurology,Combination Therapy,3.8,2.6,4.8,3.5
R007722,P0059,2025-10-23,HCP00975,Cardiology,Infusion,4.8,3.5,4.6,1.5
R007723,P0103,2026-02-16,HCP00158,Respiratory,Infusion,1.9,3.8,4.1,1.5
R007724,P0003,2025-10-27,HCP01163,Respiratory,Injectable,2.6,3.4,4.1,1.7
R007725,P0049,2025-03-17,HCP02406,Neurology,Oral Therapy,3.9,3.8,3.1,2.0
R007726,P0001,2026-08-26,HCP02471,Respiratory,Oral Therapy,2.1,4.3,3.8,2.1
R007727,P0008,2026-01-12,HCP00933,Neurology,Injectable,2.5,4.8,5.0,2.0
R007728,P0049,2025-04-14,HCP00150,Neurology,Digital Therapeutic,5.0,4.9,5.0,2.8
R007729,P0031,2025-11-27,HCP01729,Rare Disease,Combination Therapy,4.2,3.3,4.0,1.5
R007730,P0019,2026-05-26,HCP00796,Respiratory,Digital Therapeutic,5.0,3.3,3.5,2.9
R007731,P0116,2026-05-16,HCP02172,Rare Disease,Oral Therapy,2.2,2.8,4.8,1.8
R007732,P0095,2025-12-08,HCP00159,Cardiology,Oral Therapy,5.0,4.4,4.2,1.0
R007733,P0053,2025-07-13,HCP00242,Respiratory,Infusion,2.6,3.9,4.3,2.4
R007734,P0115,2025-04-03,HCP01866,Neurology,Infusion,4.5,4.8,3.8,2.9
R007735,P0011,2025-06-03,HCP01626,Respiratory,Oral Therapy,1.8,3.9,5.0,1.6
R007736,P0112,2025-05-05,HCP01629,Respiratory,Infusion,3.9,3.4,4.2,2.6
R007737,P0106,2026-03-05,HCP01367,Respiratory,Oral Therapy,4.0,3.8,4.4,2.1
R007738,P0056,2025-06-24,HCP02159,Immunology,Digital Therapeutic,3.3,3.6,3.3,2.0
R007739,P0086,2026-03-25,HCP01685,Diabetes,Combination Therapy,2.5,3.3,3.5,3.0
R007740,P0035,2026-05-08,HCP00476,Cardiology,Oral Therapy,3.5,3.9,3.3,3.1
R007741,P0116,2026-07-16,HCP02007,Rare Disease,Injectable,3.9,3.2,4.3,1.5
R007742,P0059,2025-09-23,HCP01363,Cardiology,Digital Therapeutic,2.7,4.8,4.1,1.6
R007743,P0027,2026-02-07,HCP00453,Cardiology,Digital Therapeutic,3.5,2.6,3.1,3.1
R007744,P0013,2025-04-18,HCP01783,Respiratory,Infusion,3.6,4.6,4.2,1.5
R007745,P0084,2026-04-01,HCP01693,Immunology,Combination Therapy,4.1,3.4,4.1,1.7
R007746,P0114,2026-09-14,HCP00705,Cardiology,Infusion,2.3,1.8,2.8,2.2
R007747,P0083,2025-04-28,HCP00465,Immunology,Digital Therapeutic,3.2,2.5,3.5,2.0
R007748,P0081,2025-10-31,HCP02225,Oncology,Infusion,3.8,3.8,4.2,2.0
R007749,P0095,2025-12-31,HCP02143,Cardiology,Combination Therapy,3.4,3.5,3.3,2.2
R007750,P0035,2026-04-04,HCP00495,Cardiology,Infusion,2.8,4.1,3.8,2.3
R007751,P0041,2026-04-11,HCP01723,Respiratory,Oral Therapy,4.5,3.5,3.5,2.7
R007752,P0092,2026-03-29,HCP00296,Cardiology,Combination Therapy,4.5,4.2,3.0,2.6
R007753,P0078,2026-01-16,HCP02280,Cardiology,Infusion,4.3,3.8,2.6,4.0
R007754,P0030,2025-12-03,HCP00703,Cardiology,Digital Therapeutic,3.4,4.3,3.2,3.1
R007755,P0008,2025-11-24,HCP00430,Neurology,Infusion,3.5,4.4,5.0,2.4
R007756,P0091,2025-06-15,HCP01995,Rare Disease,Injectable,4.8,4.2,3.2,4.0
R007757,P0104,2025-06-14,HCP02401,Cardiology,Injectable,4.4,3.6,3.9,1.7
R007758,P0049,2025-06-21,HCP01786,Neurology,Oral Therapy,4.8,4.8,4.0,4.2
R007759,P0100,2025-03-27,HCP02242,Neurology,Oral Therapy,3.8,3.8,5.0,4.8
R007760,P0104,2025-06-13,HCP02228,Cardiology,Injectable,4.2,3.3,2.7,3.3
R007761,P0085,2025-11-05,HCP00736,Respiratory,Digital Therapeutic,4.3,3.5,3.5,2.4
R007762,P0119,2025-11-16,HCP01542,Neurology,Oral Therapy,4.9,4.1,4.2,3.4
R007763,P0117,2025-11-15,HCP01724,Immunology,Digital Therapeutic,1.8,4.5,3.9,3.6
R007764,P0039,2026-06-28,HCP02296,Respiratory,Digital Therapeutic,3.8,4.3,3.7,1.7
R007765,P0108,2025-04-25,HCP01352,Diabetes,Digital Therapeutic,4.5,4.3,4.4,3.2
R007766,P0067,2025-05-15,HCP01359,Immunology,Digital Therapeutic,4.7,3.5,2.6,2.3
R007767,P0046,2026-02-13,HCP02043,Immunology,Combination Therapy,3.3,4.6,3.8,1.8
R007768,P0029,2026-01-25,HCP02296,Neurology,Injectable,4.0,3.8,3.6,2.8
R007769,P0083,2025-04-20,HCP00162,Immunology,Digital Therapeutic,4.3,3.4,4.6,2.6
R007770,P0097,2025-10-19,HCP02176,Cardiology,Combination Therapy,4.8,2.5,2.6,1.3
R007771,P0025,2025-11-28,HCP00979,Respiratory,Digital Therapeutic,4.0,4.2,3.8,3.8
R007772,P0060,2025-08-09,HCP01184,Cardiology,Combination Therapy,3.9,3.4,3.9,2.7
R007773,P0107,2026-03-17,HCP01080,Diabetes,Combination Therapy,3.5,3.0,3.7,3.3
R007774,P0119,2025-09-09,HCP00017,Neurology,Infusion,4.7,2.9,3.6,3.3
R007775,P0053,2025-05-22,HCP01433,Respiratory,Digital Therapeutic,4.8,4.4,3.9,1.9
R007776,P0107,2026-03-09,HCP02465,Diabetes,Infusion,4.6,3.9,4.7,4.5
R007777,P0103,2026-01-26,HCP01792,Respiratory,Combination Therapy,4.3,4.2,4.4,4.4
R007778,P0033,2026-01-23,HCP01243,Oncology,Oral Therapy,3.9,3.6,3.5,1.6
R007779,P0055,2026-03-14,HCP00058,Diabetes,Combination Therapy,3.2,3.8,3.5,2.5
R007780,P0015,2025-09-13,HCP01853,Oncology,Combination Therapy,3.1,3.8,3.3,2.7
R007781,P0001,2026-08-23,HCP01672,Respiratory,Injectable,4.6,3.0,4.6,1.9
R007782,P0075,2026-04-05,HCP01131,Neurology,Oral Therapy,4.7,4.4,3.6,2.2
R007783,P0001,2026-06-05,HCP00914,Respiratory,Infusion,3.9,3.2,3.2,4.7
R007784,P0039,2026-06-05,HCP00906,Respiratory,Digital Therapeutic,3.9,3.4,4.0,2.1
R007785,P0022,2026-07-24,HCP00538,Cardiology,Injectable,3.9,4.1,4.1,4.3
R007786,P0031,2025-11-25,HCP00896,Rare Disease,Digital Therapeutic,4.7,4.5,3.8,3.6
R007787,P0029,2026-01-23,HCP00404,Neurology,Infusion,4.3,3.4,4.0,2.9
R007788,P0066,2025-12-28,HCP00889,Diabetes,Injectable,3.3,4.3,3.8,3.7
R007789,P0093,2025-02-11,HCP02338,Respiratory,Infusion,4.1,4.0,4.3,3.4
R007790,P0065,2025-07-02,HCP01449,Immunology,Oral Therapy,2.4,3.6,4.1,3.1
R007791,P0091,2025-04-17,HCP01454,Rare Disease,Infusion,3.2,3.7,3.5,3.5
R007792,P0065,2025-04-20,HCP02020,Immunology,Digital Therapeutic,2.2,3.7,4.4,2.1
R007793,P0083,2025-05-08,HCP02193,Immunology,Combination Therapy,3.0,4.0,3.4,2.4
R007794,P0036,2025-10-30,HCP01423,Respiratory,Injectable,3.1,4.6,3.2,1.3
R007795,P0040,2026-07-04,HCP00904,Neurology,Oral Therapy,1.9,4.0,4.1,3.2
R007796,P0019,2026-04-17,HCP01315,Respiratory,Oral Therapy,4.7,3.6,4.2,2.0
R007797,P0063,2025-09-15,HCP02171,Rare Disease,Combination Therapy,3.3,3.5,4.5,1.2
R007798,P0023,2025-07-20,HCP00767,Respiratory,Combination Therapy,3.4,3.9,5.0,3.1
R007799,P0076,2025-06-29,HCP02453,Cardiology,Digital Therapeutic,3.0,3.5,2.8,2.3
R007800,P0087,2026-04-09,HCP01158,Oncology,Infusion,4.2,2.6,3.6,4.0
R007801,P0107,2026-04-10,HCP01822,Diabetes,Combination Therapy,4.9,4.6,4.0,3.3
R007802,P0057,2025-07-18,HCP00450,Immunology,Digital Therapeutic,4.1,3.7,5.0,3.8
R007803,P0120,2026-07-05,HCP02463,Immunology,Injectable,4.0,3.7,3.7,2.5
R007804,P0057,2025-07-17,HCP01862,Immunology,Injectable,2.0,4.7,2.9,2.8
R007805,P0086,2026-03-14,HCP02238,Diabetes,Combination Therapy,3.6,3.4,3.2,3.4
R007806,P0118,2025-11-20,HCP01958,Immunology,Oral Therapy,4.3,4.1,3.8,1.0
R007807,P0064,2025-11-05,HCP01077,Cardiology,Digital Therapeutic,4.7,3.8,4.2,1.1
R007808,P0111,2026-02-10,HCP00597,Immunology,Oral Therapy,4.2,4.0,5.0,2.5
R007809,P0070,2026-07-26,HCP02002,Immunology,Digital Therapeutic,5.0,3.4,3.5,1.0
R007810,P0008,2025-11-22,HCP01418,Neurology,Injectable,3.1,4.4,4.3,1.8
R007811,P0060,2025-08-05,HCP00608,Cardiology,Oral Therapy,3.1,5.0,4.6,3.1
R007812,P0096,2026-01-27,HCP00712,Neurology,Oral Therapy,4.0,3.1,3.6,2.9
R007813,P0078,2025-10-10,HCP00474,Cardiology,Oral Therapy,4.8,4.3,5.0,3.2
R007814,P0030,2026-02-01,HCP02444,Cardiology,Combination Therapy,4.9,3.9,3.6,1.5
R007815,P0035,2026-07-01,HCP01759,Cardiology,Combination Therapy,2.0,4.1,3.3,3.4
R007816,P0087,2026-02-19,HCP00748,Oncology,Injectable,3.8,4.1,4.9,1.8
R007817,P0096,2026-04-16,HCP00541,Neurology,Injectable,4.5,2.9,3.9,3.1
R007818,P0021,2026-06-02,HCP02161,Rare Disease,Oral Therapy,4.5,3.2,3.2,3.2
R007819,P0055,2026-02-18,HCP01804,Diabetes,Infusion,4.2,3.6,3.7,4.5
R007820,P0018,2025-03-30,HCP01751,Immunology,Combination Therapy,3.6,4.7,3.5,4.1
R007821,P0036,2025-11-09,HCP00164,Respiratory,Infusion,1.1,3.6,3.6,3.2
R007822,P0113,2026-08-29,HCP02415,Neurology,Digital Therapeutic,5.0,4.1,4.1,2.3
R007823,P0004,2025-03-16,HCP01099,Diabetes,Combination Therapy,4.2,3.8,3.7,2.7
R007824,P0067,2025-07-31,HCP01799,Immunology,Combination Therapy,3.0,3.8,5.0,2.9
R007825,P0055,2026-01-13,HCP00452,Diabetes,Injectable,3.4,3.9,3.7,2.0
R007826,P0042,2025-10-25,HCP01523,Rare Disease,Injectable,3.9,3.2,3.8,3.1
R007827,P0108,2025-03-10,HCP00231,Diabetes,Infusion,4.1,3.7,4.9,3.2
R007828,P0107,2025-12-20,HCP01152,Diabetes,Oral Therapy,2.5,3.5,4.7,3.2
R007829,P0003,2025-10-23,HCP00589,Respiratory,Infusion,2.9,3.8,4.4,1.5
R007830,P0035,2026-04-01,HCP01178,Cardiology,Digital Therapeutic,4.1,3.3,3.7,2.5
R007831,P0029,2026-01-17,HCP02174,Neurology,Oral Therapy,3.2,5.0,4.9,3.4
R007832,P0008,2025-10-09,HCP00004,Neurology,Combination Therapy,2.2,2.6,3.7,3.2
R007833,P0061,2026-06-26,HCP01153,Immunology,Combination Therapy,3.0,2.6,3.2,2.4
R007834,P0048,2025-07-27,HCP02493,Oncology,Injectable,3.7,4.1,3.5,2.5
R007835,P0048,2025-08-02,HCP02432,Oncology,Injectable,2.3,4.4,4.5,2.2
R007836,P0085,2026-03-18,HCP01420,Respiratory,Combination Therapy,5.0,4.9,3.8,3.1
R007837,P0117,2025-11-15,HCP01662,Immunology,Combination Therapy,4.7,3.6,4.1,1.1
R007838,P0080,2026-04-05,HCP01468,Neurology,Digital Therapeutic,4.5,3.8,3.3,1.7
R007839,P0075,2026-04-20,HCP01142,Neurology,Injectable,3.8,4.2,4.5,2.0
R007840,P0057,2025-10-13,HCP00452,Immunology,Infusion,2.6,4.8,3.5,3.0
R007841,P0049,2025-04-19,HCP02021,Neurology,Digital Therapeutic,3.0,2.9,3.4,3.8
R007842,P0062,2025-07-22,HCP01080,Immunology,Digital Therapeutic,4.8,3.9,3.8,2.9
R007843,P0032,2026-07-10,HCP02184,Rare Disease,Injectable,3.0,4.2,3.1,1.5
R007844,P0064,2025-11-29,HCP00548,Cardiology,Oral Therapy,3.7,3.6,3.3,2.3
R007845,P0046,2026-03-14,HCP00490,Immunology,Oral Therapy,3.5,4.1,3.4,1.7
R007846,P0045,2026-02-22,HCP00548,Neurology,Injectable,3.6,3.4,4.1,2.3
R007847,P0105,2026-02-08,HCP01629,Neurology,Infusion,3.6,4.7,3.5,1.7
R007848,P0010,2025-04-06,HCP01369,Diabetes,Oral Therapy,3.5,2.6,4.1,2.2
R007849,P0099,2026-08-05,HCP01643,Rare Disease,Oral Therapy,3.3,3.6,3.8,1.8
R007850,P0019,2026-05-08,HCP00603,Respiratory,Injectable,3.4,4.2,3.6,4.4
R007851,P0046,2026-02-14,HCP00899,Immunology,Combination Therapy,3.5,3.6,4.7,2.9
R007852,P0087,2026-03-24,HCP01667,Oncology,Injectable,2.9,4.4,2.9,1.7
R007853,P0110,2026-06-01,HCP01258,Rare Disease,Digital Therapeutic,2.5,3.8,4.3,2.5
R007854,P0098,2026-06-22,HCP00942,Cardiology,Digital Therapeutic,3.4,4.0,3.2,4.1
R007855,P0088,2025-12-24,HCP00808,Respiratory,Digital Therapeutic,3.0,4.2,3.4,3.3
R007856,P0048,2025-06-05,HCP00942,Oncology,Combination Therapy,3.6,3.8,3.7,2.4
R007857,P0044,2025-11-23,HCP00696,Immunology,Injectable,2.8,2.6,3.8,2.0
R007858,P0040,2026-05-11,HCP01756,Neurology,Oral Therapy,2.1,5.0,3.9,2.8
R007859,P0101,2026-05-31,HCP00408,Cardiology,Oral Therapy,4.9,4.8,4.0,2.0
R007860,P0073,2026-08-11,HCP01677,Immunology,Infusion,3.2,4.3,3.6,3.6
R007861,P0008,2025-12-12,HCP00192,Neurology,Infusion,1.8,3.5,2.4,4.8
R007862,P0003,2025-06-14,HCP01010,Respiratory,Infusion,4.3,4.1,3.5,2.7
R007863,P0015,2025-08-14,HCP01249,Oncology,Combination Therapy,3.3,2.6,4.5,2.6
R007864,P0069,2026-03-11,HCP02326,Immunology,Oral Therapy,3.6,2.7,4.3,1.4
R007865,P0118,2025-12-09,HCP01655,Immunology,Digital Therapeutic,3.8,5.0,4.3,3.9
R007866,P0057,2025-07-30,HCP00821,Immunology,Injectable,4.5,2.9,3.8,3.0
R007867,P0030,2026-01-26,HCP00923,Cardiology,Digital Therapeutic,3.9,3.6,4.2,1.0
R007868,P0054,2025-09-15,HCP01796,Neurology,Oral Therapy,2.4,3.9,3.6,2.8
R007869,P0085,2026-01-08,HCP02169,Respiratory,Oral Therapy,2.6,4.0,3.7,2.5
R007870,P0001,2026-06-12,HCP01985,Respiratory,Infusion,2.4,3.8,3.5,2.6
R007871,P0079,2026-06-10,HCP02251,Oncology,Injectable,3.2,3.5,4.5,2.2
R007872,P0114,2026-10-17,HCP00546,Cardiology,Combination Therapy,4.0,3.7,2.2,2.6
R007873,P0113,2026-07-25,HCP01232,Neurology,Digital Therapeutic,2.9,4.6,4.0,1.6
R007874,P0021,2026-06-06,HCP01186,Rare Disease,Infusion,3.0,4.2,4.0,2.6
R007875,P0118,2025-12-09,HCP01049,Immunology,Injectable,3.0,4.3,4.1,3.3
R007876,P0014,2025-02-01,HCP00053,Cardiology,Digital Therapeutic,3.1,2.4,3.9,2.4
R007877,P0057,2025-08-15,HCP00557,Immunology,Infusion,4.2,4.2,4.7,1.9
R007878,P0047,2025-06-24,HCP00826,Respiratory,Digital Therapeutic,3.4,3.9,3.9,3.8
R007879,P0081,2025-11-15,HCP01027,Oncology,Digital Therapeutic,4.6,3.4,3.8,3.6
R007880,P0094,2025-04-18,HCP00675,Cardiology,Combination Therapy,3.2,5.0,4.3,1.6
R007881,P0074,2025-10-17,HCP00887,Immunology,Injectable,3.7,2.8,2.9,2.2
R007882,P0092,2026-02-02,HCP01929,Cardiology,Digital Therapeutic,3.5,3.8,3.4,2.6
R007883,P0118,2025-11-07,HCP00817,Immunology,Infusion,3.9,4.6,4.6,2.8
R007884,P0062,2025-07-12,HCP00552,Immunology,Oral Therapy,4.1,3.9,4.1,3.1
R007885,P0070,2026-08-27,HCP01167,Immunology,Injectable,3.7,2.4,3.0,2.3
R007886,P0066,2026-01-23,HCP00064,Diabetes,Oral Therapy,5.0,4.8,5.0,1.7
R007887,P0033,2026-05-23,HCP00569,Oncology,Injectable,4.9,2.6,3.8,2.8
R007888,P0055,2026-01-28,HCP00060,Diabetes,Oral Therapy,3.2,3.0,3.4,1.9
R007889,P0068,2025-08-02,HCP00170,Immunology,Oral Therapy,4.8,4.5,3.0,3.1
R007890,P0004,2025-03-17,HCP01910,Diabetes,Oral Therapy,4.7,3.1,4.8,3.0
R007891,P0048,2025-06-22,HCP00061,Oncology,Oral Therapy,2.6,3.6,3.3,4.1
R007892,P0034,2025-03-27,HCP00359,Respiratory,Infusion,1.9,3.1,3.7,3.7
R007893,P0080,2026-04-23,HCP00443,Neurology,Combination Therapy,3.9,3.9,4.1,3.1
R007894,P0047,2025-09-22,HCP01611,Respiratory,Infusion,3.6,4.6,2.6,2.2
R007895,P0017,2025-12-28,HCP00828,Immunology,Infusion,1.6,2.7,4.5,1.8
R007896,P0067,2025-09-04,HCP00504,Immunology,Digital Therapeutic,3.8,4.0,3.3,3.5
R007897,P0056,2025-07-18,HCP01835,Immunology,Infusion,3.7,2.6,4.6,2.9
R007898,P0080,2026-03-19,HCP00555,Neurology,Oral Therapy,3.2,5.0,4.1,1.8
R007899,P0090,2025-08-02,HCP02345,Neurology,Infusion,5.0,3.2,4.7,2.7
R007900,P0119,2025-10-13,HCP02017,Neurology,Combination Therapy,3.5,4.2,4.1,2.4
R007901,P0075,2026-03-02,HCP02209,Neurology,Injectable,3.3,4.0,4.6,2.3
R007902,P0061,2026-02-13,HCP01706,Immunology,Oral Therapy,3.7,3.9,4.2,2.7
R007903,P0034,2025-03-30,HCP00692,Respiratory,Digital Therapeutic,2.5,3.5,3.9,2.0
R007904,P0081,2025-12-22,HCP01637,Oncology,Digital Therapeutic,2.9,2.8,4.1,1.5
R007905,P0050,2025-06-01,HCP01889,Diabetes,Digital Therapeutic,1.3,4.8,2.0,4.2
R007906,P0116,2026-06-24,HCP02322,Rare Disease,Digital Therapeutic,4.0,3.1,3.6,2.3
R007907,P0083,2025-04-27,HCP00129,Immunology,Injectable,4.5,3.7,4.7,3.1
R007908,P0034,2025-04-12,HCP02176,Respiratory,Infusion,3.9,3.6,3.1,1.1
R007909,P0113,2026-08-06,HCP02029,Neurology,Combination Therapy,3.9,4.5,3.5,1.3
R007910,P0055,2026-02-20,HCP02118,Diabetes,Oral Therapy,3.6,5.0,2.9,1.7
R007911,P0075,2026-03-14,HCP00502,Neurology,Digital Therapeutic,5.0,3.3,2.8,1.7
R007912,P0087,2026-04-24,HCP00341,Oncology,Digital Therapeutic,3.5,3.9,3.7,1.6
R007913,P0079,2026-05-23,HCP01653,Oncology,Injectable,4.4,4.6,4.2,1.7
R007914,P0068,2025-06-12,HCP00415,Immunology,Combination Therapy,4.3,4.7,3.7,3.2
R007915,P0088,2025-11-27,HCP00465,Respiratory,Oral Therapy,2.5,3.7,3.1,1.8
R007916,P0108,2025-04-24,HCP02456,Diabetes,Combination Therapy,4.2,3.7,3.1,1.0
R007917,P0020,2026-04-19,HCP02275,Cardiology,Infusion,2.7,4.7,3.3,2.6
R007918,P0068,2025-06-14,HCP01442,Immunology,Oral Therapy,3.2,2.5,3.7,2.1
R007919,P0073,2026-04-23,HCP01620,Immunology,Infusion,3.5,4.4,3.3,3.9
R007920,P0111,2026-01-13,HCP01374,Immunology,Injectable,4.7,3.2,4.6,2.4
R007921,P0070,2026-07-06,HCP01858,Immunology,Infusion,3.1,3.9,3.4,3.6
R007922,P0018,2025-05-06,HCP01265,Immunology,Digital Therapeutic,3.9,3.8,3.6,2.3
R007923,P0092,2026-02-19,HCP01527,Cardiology,Digital Therapeutic,2.3,3.4,4.3,2.0
R007924,P0097,2025-09-28,HCP01840,Cardiology,Oral Therapy,3.5,4.0,2.6,3.0
R007925,P0101,2026-06-23,HCP01986,Cardiology,Digital Therapeutic,3.3,3.5,4.9,1.4
R007926,P0026,2026-02-28,HCP01487,Diabetes,Digital Therapeutic,4.7,4.5,4.4,3.5
R007927,P0019,2026-06-05,HCP01853,Respiratory,Oral Therapy,3.0,3.3,4.4,2.2
R007928,P0006,2025-07-18,HCP00375,Cardiology,Combination Therapy,2.3,3.1,3.4,1.1
R007929,P0052,2025-12-29,HCP00127,Oncology,Oral Therapy,3.3,3.9,3.3,3.0
R007930,P0014,2025-03-23,HCP00257,Cardiology,Injectable,3.1,3.7,3.5,2.3
R007931,P0092,2026-02-25,HCP01861,Cardiology,Injectable,3.9,4.9,3.7,1.4
R007932,P0070,2026-06-09,HCP00758,Immunology,Oral Therapy,4.8,3.8,4.7,2.9
R007933,P0038,2025-10-05,HCP01974,Diabetes,Digital Therapeutic,3.4,3.8,2.6,2.1
R007934,P0035,2026-05-05,HCP02176,Cardiology,Infusion,4.0,3.0,4.8,3.1
R007935,P0054,2025-08-23,HCP01755,Neurology,Combination Therapy,3.6,3.9,3.8,2.4
R007936,P0018,2025-03-24,HCP01006,Immunology,Injectable,4.1,3.0,4.6,2.9
R007937,P0050,2025-04-10,HCP00267,Diabetes,Combination Therapy,2.8,3.7,4.2,2.2
R007938,P0076,2025-11-05,HCP02181,Cardiology,Infusion,3.7,3.2,4.3,1.1
R007939,P0056,2025-05-26,HCP00842,Immunology,Oral Therapy,4.5,4.2,4.5,3.3
R007940,P0059,2025-09-25,HCP01432,Cardiology,Injectable,3.0,3.7,3.8,1.8
R007941,P0100,2025-03-20,HCP01811,Neurology,Injectable,3.5,4.6,3.3,1.0
R007942,P0046,2026-02-08,HCP02324,Immunology,Infusion,3.6,3.1,3.3,2.1
R007943,P0015,2025-08-04,HCP01300,Oncology,Digital Therapeutic,2.4,3.8,4.5,1.9
R007944,P0065,2025-05-30,HCP02212,Immunology,Oral Therapy,4.3,3.9,4.9,3.3
R007945,P0021,2026-07-02,HCP01814,Rare Disease,Combination Therapy,3.2,3.7,3.4,1.9
R007946,P0104,2025-06-06,HCP00940,Cardiology,Oral Therapy,3.6,4.6,4.6,2.4
R007947,P0019,2026-04-16,HCP00873,Respiratory,Combination Therapy,4.2,3.7,4.5,3.0
R007948,P0087,2026-04-28,HCP01378,Oncology,Injectable,4.3,3.1,2.9,2.5
R007949,P0055,2025-12-30,HCP01790,Diabetes,Combination Therapy,2.7,4.1,4.5,3.4
R007950,P0060,2025-07-10,HCP01775,Cardiology,Oral Therapy,4.0,5.0,3.5,3.4
R007951,P0107,2025-12-11,HCP01846,Diabetes,Injectable,4.5,3.3,4.9,1.7
R007952,P0099,2026-04-24,HCP00115,Rare Disease,Combination Therapy,3.1,3.7,4.1,2.8
R007953,P0021,2026-04-27,HCP01056,Rare Disease,Oral Therapy,4.3,3.9,5.0,4.0
R007954,P0104,2025-04-18,HCP00400,Cardiology,Injectable,4.0,4.4,3.9,1.7
R007955,P0039,2026-05-25,HCP00087,Respiratory,Infusion,4.1,4.3,3.5,1.5
R007956,P0046,2026-01-21,HCP01826,Immunology,Oral Therapy,4.4,3.9,4.3,3.1
R007957,P0100,2025-03-16,HCP02469,Neurology,Injectable,2.9,3.5,4.4,1.8
R007958,P0018,2025-06-05,HCP02287,Immunology,Digital Therapeutic,2.9,3.5,4.3,4.3
R007959,P0050,2025-06-22,HCP02184,Diabetes,Infusion,4.7,4.1,3.7,2.2
R007960,P0014,2025-02-12,HCP00760,Cardiology,Infusion,3.4,3.3,4.4,1.7
R007961,P0068,2025-08-09,HCP00396,Immunology,Digital Therapeutic,2.4,2.8,3.2,2.0
R007962,P0077,2025-12-10,HCP00986,Neurology,Combination Therapy,3.5,3.6,2.5,3.8
R007963,P0070,2026-08-25,HCP01104,Immunology,Combination Therapy,3.6,3.4,4.2,1.3
R007964,P0113,2026-05-24,HCP02187,Neurology,Oral Therapy,3.9,3.5,5.0,2.2
R007965,P0086,2025-12-31,HCP00803,Diabetes,Digital Therapeutic,3.4,4.2,4.3,2.3
R007966,P0005,2025-01-07,HCP00666,Immunology,Infusion,5.0,3.9,3.4,1.0
R007967,P0025,2025-09-29,HCP02451,Respiratory,Infusion,2.9,3.6,3.7,2.1
R007968,P0060,2025-08-19,HCP02316,Cardiology,Injectable,2.0,3.0,3.9,2.3
R007969,P0055,2025-11-14,HCP01789,Diabetes,Injectable,2.4,3.5,3.4,1.7
R007970,P0024,2026-09-13,HCP00353,Diabetes,Digital Therapeutic,3.1,2.7,3.3,3.2
R007971,P0064,2025-08-27,HCP01408,Cardiology,Combination Therapy,4.1,3.3,4.2,3.2
R007972,P0064,2025-08-02,HCP00631,Cardiology,Infusion,3.5,3.2,4.2,2.6
R007973,P0055,2025-12-23,HCP00387,Diabetes,Injectable,4.0,3.8,3.3,1.5
R007974,P0103,2026-04-15,HCP00089,Respiratory,Injectable,3.1,3.8,3.1,1.7
R007975,P0046,2026-01-06,HCP00799,Immunology,Oral Therapy,4.0,3.6,3.8,3.5
R007976,P0095,2025-11-15,HCP00234,Cardiology,Infusion,2.3,3.0,3.7,4.6
R007977,P0084,2026-03-05,HCP00227,Immunology,Digital Therapeutic,3.8,2.6,4.4,3.3
R007978,P0117,2025-11-07,HCP00638,Immunology,Digital Therapeutic,4.2,4.7,3.4,2.9
R007979,P0077,2025-11-16,HCP01190,Neurology,Digital Therapeutic,2.9,3.2,4.1,1.6
R007980,P0059,2025-10-05,HCP01638,Cardiology,Combination Therapy,5.0,3.6,4.2,2.6
R007981,P0001,2026-08-31,HCP02172,Respiratory,Combination Therapy,2.1,3.5,4.4,1.3
R007982,P0080,2026-03-19,HCP00503,Neurology,Injectable,4.3,4.4,3.9,3.0
R007983,P0064,2025-11-11,HCP01960,Cardiology,Combination Therapy,4.4,4.0,3.5,2.2
R007984,P0108,2025-05-09,HCP02349,Diabetes,Oral Therapy,2.9,3.3,3.7,1.4
R007985,P0072,2026-07-20,HCP01923,Immunology,Digital Therapeutic,4.0,4.2,3.8,2.1
R007986,P0084,2026-03-20,HCP00872,Immunology,Infusion,3.0,2.9,5.0,2.9
R007987,P0110,2026-06-05,HCP00784,Rare Disease,Oral Therapy,3.9,3.7,3.6,2.7
R007988,P0116,2026-05-10,HCP01297,Rare Disease,Injectable,3.5,1.7,5.0,2.5
R007989,P0027,2025-11-06,HCP02071,Cardiology,Combination Therapy,3.7,4.0,4.0,2.8
R007990,P0030,2026-03-11,HCP01663,Cardiology,Digital Therapeutic,3.2,3.5,3.7,1.5
R007991,P0095,2026-01-08,HCP01127,Cardiology,Infusion,3.2,3.6,3.5,1.6
R007992,P0017,2025-12-29,HCP00341,Immunology,Digital Therapeutic,3.0,4.6,3.2,1.7
R007993,P0099,2026-07-16,HCP01670,Rare Disease,Oral Therapy,4.2,3.3,3.8,1.3
R007994,P0018,2025-05-18,HCP01720,Immunology,Oral Therapy,5.0,3.3,3.9,2.5
R007995,P0044,2025-08-12,HCP01258,Immunology,Digital Therapeutic,5.0,2.8,3.9,1.2
R007996,P0103,2026-02-09,HCP00302,Respiratory,Infusion,4.5,3.8,5.0,2.7
R007997,P0017,2026-01-04,HCP01108,Immunology,Injectable,3.7,3.8,4.8,1.1
R007998,P0007,2026-06-01,HCP02066,Diabetes,Oral Therapy,4.5,4.3,4.0,3.2
R007999,P0092,2026-04-30,HCP02385,Cardiology,Infusion,4.0,3.8,3.7,2.7
R008000,P0098,2026-03-29,HCP01221,Cardiology,Digital Therapeutic,3.4,4.0,3.0,1.1
R008001,P0091,2025-06-10,HCP02121,Rare Disease,Injectable,5.0,4.2,4.1,2.9
R008002,P0056,2025-05-23,HCP00224,Immunology,Infusion,4.5,4.1,4.6,2.4
R008003,P0092,2026-02-28,HCP00168,Cardiology,Oral Therapy,3.1,3.7,4.8,3.5
R008004,P0083,2025-04-29,HCP01770,Immunology,Combination Therapy,4.5,4.2,3.6,2.4
R008005,P0046,2026-02-13,HCP02429,Immunology,Combination Therapy,4.2,4.3,3.0,1.0
R008006,P0090,2025-07-27,HCP00192,Neurology,Injectable,2.9,4.5,3.9,2.1
R008007,P0024,2026-08-12,HCP00370,Diabetes,Infusion,3.8,5.0,4.2,2.3
R008008,P0051,2025-12-02,HCP02437,Rare Disease,Digital Therapeutic,3.6,3.1,3.7,2.0
R008009,P0100,2025-03-15,HCP02395,Neurology,Oral Therapy,1.5,4.2,4.2,3.0
R008010,P0018,2025-04-09,HCP01135,Immunology,Infusion,2.5,3.8,3.8,3.4
R008011,P0051,2025-11-04,HCP00109,Rare Disease,Injectable,4.6,3.9,4.0,2.9
R008012,P0075,2026-03-09,HCP00958,Neurology,Infusion,3.1,4.3,4.1,1.6
R008013,P0072,2026-06-24,HCP01682,Immunology,Infusion,4.2,4.0,3.9,2.8
R008014,P0115,2025-07-23,HCP00787,Neurology,Infusion,4.8,3.1,3.1,2.4
R008015,P0080,2026-05-10,HCP00828,Neurology,Digital Therapeutic,1.9,3.4,4.7,1.8
R008016,P0004,2025-04-16,HCP01125,Diabetes,Injectable,5.0,4.2,3.5,3.8
R008017,P0120,2026-06-11,HCP01132,Immunology,Digital Therapeutic,3.6,3.3,2.4,2.6
R008018,P0028,2026-05-24,HCP01953,Oncology,Injectable,4.0,3.0,3.8,1.8
R008019,P0072,2026-04-23,HCP01248,Immunology,Oral Therapy,5.0,3.6,4.1,2.4
R008020,P0105,2026-01-14,HCP01301,Neurology,Digital Therapeutic,4.5,2.8,4.5,2.7
R008021,P0073,2026-03-21,HCP01017,Immunology,Infusion,3.5,3.3,4.0,4.0
R008022,P0009,2026-05-15,HCP01609,Immunology,Digital Therapeutic,3.2,5.0,4.0,3.0
R008023,P0043,2026-06-16,HCP01744,Immunology,Injectable,3.3,3.4,4.0,1.9
R008024,P0002,2025-12-16,HCP00144,Cardiology,Digital Therapeutic,3.2,4.1,3.4,3.1
R008025,P0051,2025-11-10,HCP00103,Rare Disease,Oral Therapy,4.8,3.2,3.7,2.6
R008026,P0106,2026-02-13,HCP02130,Respiratory,Combination Therapy,4.2,4.2,4.5,1.1
R008027,P0031,2025-11-17,HCP00122,Rare Disease,Combination Therapy,3.9,3.6,3.6,1.3
R008028,P0093,2025-02-18,HCP01322,Respiratory,Injectable,3.5,4.4,4.0,1.8
R008029,P0006,2025-09-14,HCP02090,Cardiology,Injectable,4.3,3.6,3.6,1.6
R008030,P0031,2025-11-24,HCP01310,Rare Disease,Oral Therapy,2.1,3.5,3.5,1.5
R008031,P0069,2026-03-01,HCP00223,Immunology,Combination Therapy,5.0,3.7,3.8,2.9
R008032,P0116,2026-05-09,HCP00631,Rare Disease,Oral Therapy,3.5,3.8,3.8,3.3
R008033,P0075,2026-03-22,HCP00392,Neurology,Combination Therapy,2.9,4.0,3.8,1.3
R008034,P0086,2025-12-17,HCP00194,Diabetes,Oral Therapy,4.7,3.3,4.1,2.4
R008035,P0093,2025-01-26,HCP00880,Respiratory,Combination Therapy,4.7,3.2,2.7,3.6
R008036,P0015,2025-08-23,HCP00841,Oncology,Injectable,3.6,2.8,3.6,3.3
R008037,P0116,2026-05-06,HCP01637,Rare Disease,Infusion,4.8,3.4,4.3,2.2
R008038,P0056,2025-05-16,HCP02047,Immunology,Oral Therapy,4.6,2.6,4.8,2.1
R008039,P0038,2025-10-21,HCP01444,Diabetes,Injectable,4.0,2.9,3.1,3.9
R008040,P0104,2025-07-03,HCP01368,Cardiology,Combination Therapy,2.3,3.6,3.2,3.7
R008041,P0059,2025-09-26,HCP02009,Cardiology,Infusion,3.8,4.2,4.0,3.9
R008042,P0081,2025-09-22,HCP00660,Oncology,Injectable,3.7,3.6,4.6,2.3
R008043,P0045,2026-01-27,HCP01195,Neurology,Combination Therapy,3.5,5.0,3.4,2.3
R008044,P0071,2026-01-28,HCP01483,Immunology,Combination Therapy,3.4,4.0,2.7,1.5
R008045,P0019,2026-03-22,HCP02016,Respiratory,Infusion,4.3,3.9,4.1,2.7
R008046,P0051,2026-01-06,HCP00879,Rare Disease,Injectable,2.6,3.0,3.3,2.1
R008047,P0055,2026-01-22,HCP01252,Diabetes,Combination Therapy,4.7,4.2,4.9,2.5
R008048,P0030,2025-12-13,HCP00560,Cardiology,Infusion,3.7,4.2,3.8,1.0
R008049,P0110,2026-06-14,HCP00787,Rare Disease,Injectable,3.0,3.1,3.1,2.1
R008050,P0074,2025-11-21,HCP01850,Immunology,Infusion,3.5,3.8,3.3,3.7
R008051,P0105,2025-12-27,HCP02112,Neurology,Injectable,3.9,4.9,4.0,2.6
R008052,P0019,2026-05-10,HCP00419,Respiratory,Injectable,4.9,4.0,3.7,1.0
R008053,P0051,2025-09-20,HCP02479,Rare Disease,Digital Therapeutic,4.3,4.4,4.0,3.1
R008054,P0098,2026-08-03,HCP01463,Cardiology,Injectable,4.7,3.6,5.0,3.6
R008055,P0020,2026-04-12,HCP02473,Cardiology,Infusion,3.6,2.6,3.2,1.1
R008056,P0026,2026-07-02,HCP01835,Diabetes,Digital Therapeutic,3.5,4.1,4.4,2.7
R008057,P0111,2026-02-07,HCP00322,Immunology,Combination Therapy,5.0,3.7,4.8,2.2
R008058,P0015,2025-08-19,HCP00155,Oncology,Combination Therapy,3.6,4.0,4.7,2.9
R008059,P0055,2025-12-10,HCP02278,Diabetes,Combination Therapy,3.2,3.8,3.2,3.1
R008060,P0009,2026-05-16,HCP01740,Immunology,Digital Therapeutic,3.1,3.3,4.0,2.3
R008061,P0041,2026-05-29,HCP02165,Respiratory,Infusion,4.0,3.8,3.0,2.6
R008062,P0098,2026-05-07,HCP00029,Cardiology,Infusion,2.8,3.4,4.4,4.1
R008063,P0044,2025-08-11,HCP00396,Immunology,Oral Therapy,3.9,3.1,3.6,5.0
R008064,P0057,2025-08-01,HCP02030,Immunology,Digital Therapeutic,3.8,4.3,4.1,3.2
R008065,P0110,2026-07-04,HCP02119,Rare Disease,Combination Therapy,4.2,3.2,4.8,2.8
R008066,P0048,2025-06-29,HCP00696,Oncology,Digital Therapeutic,2.2,3.7,4.1,2.0
R008067,P0073,2026-04-01,HCP02472,Immunology,Combination Therapy,2.0,3.2,4.0,2.5
R008068,P0063,2025-09-17,HCP00385,Rare Disease,Infusion,3.3,4.8,3.8,2.6
R008069,P0087,2026-03-05,HCP00765,Oncology,Oral Therapy,3.6,4.1,4.7,2.7
R008070,P0071,2025-12-25,HCP00326,Immunology,Combination Therapy,2.8,3.1,3.5,1.0
R008071,P0100,2025-04-01,HCP01424,Neurology,Infusion,2.5,3.8,4.2,2.0
R008072,P0106,2026-03-09,HCP01090,Respiratory,Infusion,4.1,3.8,4.3,2.3
R008073,P0119,2025-11-01,HCP01509,Neurology,Digital Therapeutic,3.4,3.9,4.4,2.2
R008074,P0042,2025-08-29,HCP00721,Rare Disease,Infusion,4.4,3.4,4.1,2.9
R008075,P0022,2026-05-27,HCP01319,Cardiology,Infusion,2.5,3.3,3.3,4.1
R008076,P0023,2025-06-10,HCP01172,Respiratory,Digital Therapeutic,3.6,4.8,3.9,3.1
R008077,P0095,2026-01-05,HCP00710,Cardiology,Injectable,5.0,3.2,2.8,3.0
R008078,P0105,2026-02-21,HCP02114,Neurology,Infusion,3.4,3.1,3.8,3.2
R008079,P0029,2025-11-30,HCP02151,Neurology,Oral Therapy,3.2,2.5,4.3,3.8
R008080,P0058,2025-08-31,HCP00263,Respiratory,Injectable,4.5,3.6,4.6,5.0
R008081,P0003,2025-08-10,HCP00738,Respiratory,Digital Therapeutic,4.7,2.9,3.5,2.8
R008082,P0070,2026-07-13,HCP00652,Immunology,Infusion,3.2,5.0,5.0,2.8
R008083,P0085,2026-03-12,HCP00693,Respiratory,Injectable,3.2,2.8,2.9,2.9
R008084,P0019,2026-05-25,HCP00284,Respiratory,Combination Therapy,4.4,3.3,4.2,2.9
R008085,P0112,2025-03-20,HCP00970,Respiratory,Injectable,4.0,5.0,4.3,1.9
R008086,P0104,2025-04-27,HCP01593,Cardiology,Infusion,4.0,4.6,4.3,2.6
R008087,P0115,2025-07-13,HCP00933,Neurology,Oral Therapy,3.9,2.5,4.2,1.9
R008088,P0113,2026-05-26,HCP01558,Neurology,Combination Therapy,3.7,3.8,4.0,3.5
R008089,P0010,2025-03-16,HCP00178,Diabetes,Combination Therapy,4.6,4.0,5.0,5.0
R008090,P0054,2025-09-09,HCP02122,Neurology,Combination Therapy,4.9,3.1,3.3,2.8
R008091,P0052,2025-09-16,HCP01299,Oncology,Injectable,2.8,4.2,3.7,3.3
R008092,P0003,2025-11-06,HCP01824,Respiratory,Infusion,4.5,2.8,4.0,3.7
R008093,P0113,2026-06-23,HCP01224,Neurology,Infusion,3.7,2.6,3.8,1.6
R008094,P0004,2025-03-14,HCP01749,Diabetes,Injectable,2.6,4.5,3.3,3.3
R008095,P0084,2026-03-07,HCP01412,Immunology,Oral Therapy,2.9,4.2,4.3,2.9
R008096,P0037,2025-06-25,HCP00402,Neurology,Digital Therapeutic,3.4,5.0,4.1,1.2
R008097,P0072,2026-05-14,HCP00574,Immunology,Oral Therapy,4.6,3.7,5.0,2.4
R008098,P0060,2025-08-19,HCP02048,Cardiology,Combination Therapy,2.8,4.9,4.5,1.0
R008099,P0027,2025-11-27,HCP00852,Cardiology,Oral Therapy,2.2,3.4,4.6,1.0
R008100,P0052,2025-11-11,HCP00019,Oncology,Infusion,3.5,4.6,4.6,1.4
R008101,P0085,2026-01-27,HCP01309,Respiratory,Injectable,3.3,5.0,3.3,1.2
R008102,P0069,2026-03-05,HCP01788,Immunology,Injectable,4.6,3.2,3.7,3.8
R008103,P0027,2025-12-12,HCP02132,Cardiology,Combination Therapy,3.9,2.5,3.7,1.4
R008104,P0031,2025-12-12,HCP02037,Rare Disease,Oral Therapy,4.3,3.9,4.7,2.8
R008105,P0084,2026-06-28,HCP02357,Immunology,Combination Therapy,3.4,3.9,4.1,2.4
R008106,P0026,2026-07-12,HCP00567,Diabetes,Infusion,2.7,3.7,4.0,2.4
R008107,P0072,2026-05-25,HCP01787,Immunology,Digital Therapeutic,4.8,4.5,3.9,2.1
R008108,P0117,2025-08-28,HCP00780,Immunology,Infusion,3.2,3.0,4.7,1.9
R008109,P0070,2026-07-04,HCP02191,Immunology,Oral Therapy,4.3,3.7,3.3,3.2
R008110,P0034,2025-03-20,HCP00606,Respiratory,Infusion,3.4,3.3,4.0,1.0
R008111,P0081,2025-11-24,HCP01789,Oncology,Oral Therapy,4.3,4.9,5.0,3.4
R008112,P0114,2026-08-12,HCP02049,Cardiology,Infusion,4.0,4.3,4.3,2.1
R008113,P0078,2025-11-22,HCP01483,Cardiology,Infusion,3.8,3.3,3.7,2.7
R008114,P0069,2026-03-12,HCP01053,Immunology,Infusion,4.1,3.8,4.2,3.1
R008115,P0074,2026-02-02,HCP01164,Immunology,Digital Therapeutic,3.5,3.7,3.0,3.7
R008116,P0009,2026-04-15,HCP00909,Immunology,Injectable,2.3,2.9,3.5,1.8
R008117,P0003,2025-10-05,HCP00290,Respiratory,Combination Therapy,3.9,4.9,3.8,2.1
R008118,P0072,2026-06-27,HCP01256,Immunology,Infusion,4.7,3.5,3.3,1.1
R008119,P0058,2025-09-10,HCP01514,Respiratory,Digital Therapeutic,3.7,5.0,4.4,2.8
R008120,P0119,2025-10-10,HCP01827,Neurology,Infusion,3.4,3.8,3.2,4.3
R008121,P0058,2025-09-09,HCP00148,Respiratory,Injectable,3.9,4.7,4.8,2.0
R008122,P0101,2026-06-07,HCP01652,Cardiology,Infusion,4.5,3.8,4.3,2.3
R008123,P0080,2026-05-18,HCP00723,Neurology,Combination Therapy,3.5,4.0,3.6,2.9
R008124,P0037,2025-08-14,HCP01770,Neurology,Infusion,2.4,3.5,3.7,2.4
R008125,P0104,2025-07-07,HCP01243,Cardiology,Oral Therapy,3.8,2.5,4.0,3.2
R008126,P0012,2026-04-14,HCP02369,Oncology,Digital Therapeutic,4.0,5.0,4.6,2.5
R008127,P0084,2026-06-02,HCP00271,Immunology,Injectable,3.8,3.4,3.9,3.4
R008128,P0056,2025-05-28,HCP00638,Immunology,Digital Therapeutic,3.3,4.8,4.6,2.1
R008129,P0087,2026-04-18,HCP01802,Oncology,Combination Therapy,4.0,5.0,4.0,2.6
R008130,P0012,2026-06-21,HCP00518,Oncology,Infusion,3.5,3.3,4.4,1.6
R008131,P0025,2025-07-17,HCP00632,Respiratory,Combination Therapy,3.3,3.2,4.9,1.9
R008132,P0036,2025-11-05,HCP01625,Respiratory,Digital Therapeutic,3.5,3.4,4.1,2.6
R008133,P0068,2025-07-20,HCP01280,Immunology,Digital Therapeutic,3.8,2.5,3.3,2.5
R008134,P0111,2026-01-24,HCP00366,Immunology,Combination Therapy,3.9,4.0,3.9,3.4
R008135,P0109,2025-10-21,HCP00817,Diabetes,Combination Therapy,3.3,4.7,5.0,2.8
R008136,P0079,2026-06-15,HCP01609,Oncology,Digital Therapeutic,3.9,3.1,3.7,2.4
R008137,P0014,2025-03-15,HCP00165,Cardiology,Combination Therapy,4.0,4.1,2.8,2.1
R008138,P0095,2025-12-13,HCP02391,Cardiology,Digital Therapeutic,4.2,3.6,3.4,2.6
R008139,P0102,2025-12-19,HCP01000,Cardiology,Combination Therapy,4.1,3.6,3.8,3.3
R008140,P0065,2025-07-13,HCP01147,Immunology,Digital Therapeutic,4.8,3.8,4.3,1.9
R008141,P0008,2025-12-29,HCP01643,Neurology,Infusion,4.3,4.0,4.7,5.0
R008142,P0021,2026-05-28,HCP00537,Rare Disease,Injectable,5.0,3.4,3.5,1.3
R008143,P0097,2025-10-09,HCP01405,Cardiology,Combination Therapy,4.6,3.8,4.8,1.8
R008144,P0019,2026-03-22,HCP02488,Respiratory,Combination Therapy,4.5,3.4,4.5,2.1
R008145,P0041,2026-03-31,HCP02398,Respiratory,Infusion,2.7,3.9,4.7,3.3
R008146,P0092,2026-01-25,HCP00958,Cardiology,Oral Therapy,4.3,3.2,4.6,3.8
R008147,P0019,2026-04-13,HCP02478,Respiratory,Combination Therapy,4.4,4.4,3.7,2.2
R008148,P0052,2025-09-10,HCP00285,Oncology,Injectable,3.7,3.6,5.0,1.7
R008149,P0083,2025-04-30,HCP02250,Immunology,Digital Therapeutic,2.0,2.9,4.8,1.7
R008150,P0060,2025-07-11,HCP01041,Cardiology,Injectable,1.7,3.6,4.0,3.4
R008151,P0106,2026-03-28,HCP00784,Respiratory,Combination Therapy,3.5,3.7,4.9,1.4
R008152,P0022,2026-06-08,HCP00220,Cardiology,Infusion,3.2,3.5,5.0,2.8
R008153,P0069,2026-02-17,HCP01549,Immunology,Injectable,2.4,2.7,4.6,2.9
R008154,P0044,2025-08-15,HCP00208,Immunology,Digital Therapeutic,4.0,3.7,2.7,2.8
R008155,P0068,2025-06-20,HCP01825,Immunology,Digital Therapeutic,2.7,3.9,2.9,1.8
R008156,P0016,2026-07-13,HCP00119,Cardiology,Injectable,2.3,4.1,4.2,1.4
R008157,P0083,2025-05-09,HCP01312,Immunology,Oral Therapy,5.0,4.5,3.4,2.5
R008158,P0025,2025-09-05,HCP01136,Respiratory,Combination Therapy,4.1,4.1,3.5,3.1
R008159,P0098,2026-06-29,HCP02472,Cardiology,Combination Therapy,3.3,4.0,4.2,2.2
R008160,P0107,2025-11-15,HCP01148,Diabetes,Digital Therapeutic,2.5,4.2,3.8,3.1
R008161,P0041,2026-04-23,HCP00791,Respiratory,Oral Therapy,2.9,3.4,4.6,2.4
R008162,P0087,2026-02-03,HCP01834,Oncology,Combination Therapy,3.2,4.5,4.6,3.0
R008163,P0066,2026-01-31,HCP02171,Diabetes,Infusion,3.2,3.7,3.3,1.6
R008164,P0103,2025-12-02,HCP01361,Respiratory,Digital Therapeutic,3.4,3.7,4.2,2.3
R008165,P0112,2025-05-12,HCP01896,Respiratory,Digital Therapeutic,2.7,2.9,3.7,4.0
R008166,P0105,2026-01-10,HCP02151,Neurology,Infusion,3.0,4.1,4.5,2.0
R008167,P0032,2026-06-18,HCP01149,Rare Disease,Injectable,2.2,4.0,3.9,2.8
R008168,P0071,2026-01-17,HCP02183,Immunology,Combination Therapy,2.0,4.3,4.6,2.5
R008169,P0012,2026-03-14,HCP02001,Oncology,Infusion,2.4,2.8,4.0,2.0
R008170,P0037,2025-08-06,HCP00428,Neurology,Combination Therapy,3.2,4.3,5.0,3.2
R008171,P0044,2025-07-21,HCP01080,Immunology,Oral Therapy,3.4,3.7,4.2,1.9
R008172,P0060,2025-07-14,HCP00104,Cardiology,Digital Therapeutic,4.1,3.2,3.0,3.5
R008173,P0100,2025-04-09,HCP01919,Neurology,Oral Therapy,4.1,3.5,4.4,3.1
R008174,P0003,2025-11-02,HCP01766,Respiratory,Oral Therapy,4.2,3.2,3.8,1.3
R008175,P0060,2025-07-16,HCP00099,Cardiology,Combination Therapy,3.4,4.0,2.7,3.2
R008176,P0099,2026-06-07,HCP00025,Rare Disease,Oral Therapy,4.3,3.5,3.8,2.6
R008177,P0028,2026-03-12,HCP01518,Oncology,Oral Therapy,1.9,3.7,4.4,1.5
R008178,P0097,2025-10-04,HCP00985,Cardiology,Oral Therapy,4.2,3.5,4.5,2.0
R008179,P0010,2025-03-21,HCP00111,Diabetes,Injectable,3.7,3.7,4.4,1.8
R008180,P0061,2026-03-27,HCP00136,Immunology,Oral Therapy,4.5,3.0,4.0,2.8
R008181,P0119,2025-11-01,HCP02165,Neurology,Oral Therapy,1.4,2.4,3.8,4.2
R008182,P0046,2025-12-06,HCP01148,Immunology,Infusion,4.5,5.0,3.4,2.5
R008183,P0077,2025-11-07,HCP01894,Neurology,Injectable,2.3,3.8,4.5,2.0
R008184,P0021,2026-05-26,HCP01125,Rare Disease,Infusion,4.7,5.0,4.5,2.5
R008185,P0051,2025-11-07,HCP02301,Rare Disease,Oral Therapy,3.0,3.7,3.6,2.4
R008186,P0010,2025-03-23,HCP02115,Diabetes,Digital Therapeutic,4.1,3.8,5.0,3.0
R008187,P0014,2025-03-03,HCP02263,Cardiology,Infusion,3.6,3.6,4.6,2.1
R008188,P0039,2026-06-04,HCP01614,Respiratory,Combination Therapy,4.6,4.2,4.6,1.0
R008189,P0118,2025-12-12,HCP00037,Immunology,Combination Therapy,3.8,3.9,4.0,2.6
R008190,P0113,2026-06-13,HCP01007,Neurology,Injectable,5.0,2.9,5.0,2.2
R008191,P0008,2025-10-21,HCP00245,Neurology,Injectable,3.1,3.1,3.5,1.5
R008192,P0009,2026-04-30,HCP01274,Immunology,Combination Therapy,2.8,2.9,2.6,2.3
R008193,P0083,2025-05-05,HCP01204,Immunology,Injectable,3.1,3.9,4.6,3.6
R008194,P0114,2026-07-16,HCP01373,Cardiology,Combination Therapy,4.2,3.9,4.6,1.7
R008195,P0061,2026-01-29,HCP02347,Immunology,Oral Therapy,4.3,3.9,4.6,2.4
R008196,P0064,2026-01-04,HCP00566,Cardiology,Digital Therapeutic,2.6,3.3,4.8,2.1
R008197,P0073,2026-08-09,HCP02179,Immunology,Infusion,3.0,2.9,4.8,1.3
R008198,P0053,2025-05-28,HCP01939,Respiratory,Combination Therapy,3.9,4.6,4.8,2.7
R008199,P0090,2025-07-24,HCP01116,Neurology,Oral Therapy,4.8,3.9,4.3,2.4
R008200,P0015,2025-09-12,HCP01169,Oncology,Combination Therapy,3.1,4.2,4.3,4.5
R008201,P0008,2025-11-11,HCP00981,Neurology,Combination Therapy,2.5,4.5,4.1,3.1
R008202,P0009,2026-04-17,HCP01595,Immunology,Infusion,4.6,2.4,4.7,3.2
R008203,P0027,2025-11-25,HCP01937,Cardiology,Digital Therapeutic,2.2,3.8,3.6,1.7
R008204,P0066,2026-02-14,HCP00080,Diabetes,Infusion,4.2,4.6,3.9,3.2
R008205,P0032,2026-06-17,HCP02480,Rare Disease,Digital Therapeutic,1.9,2.9,3.3,3.0
R008206,P0072,2026-05-28,HCP00278,Immunology,Infusion,3.6,3.0,4.4,1.0
R008207,P0003,2025-06-29,HCP00393,Respiratory,Digital Therapeutic,3.4,3.0,5.0,3.5
R008208,P0053,2025-07-22,HCP01474,Respiratory,Infusion,3.0,2.7,3.5,2.4
R008209,P0018,2025-03-04,HCP00263,Immunology,Combination Therapy,4.9,4.2,2.9,1.7
R008210,P0035,2026-05-27,HCP01861,Cardiology,Combination Therapy,3.6,3.9,4.0,2.4
R008211,P0078,2025-10-24,HCP00547,Cardiology,Digital Therapeutic,3.6,2.9,4.2,1.9
R008212,P0002,2025-11-11,HCP00802,Cardiology,Oral Therapy,3.5,2.5,3.9,2.8
R008213,P0093,2025-02-06,HCP01480,Respiratory,Injectable,3.0,3.2,3.2,2.1
R008214,P0033,2026-02-01,HCP02365,Oncology,Injectable,5.0,4.5,4.7,4.0
R008215,P0104,2025-03-16,HCP00497,Cardiology,Oral Therapy,3.4,3.0,4.2,4.0
R008216,P0086,2025-12-28,HCP02124,Diabetes,Combination Therapy,5.0,2.5,5.0,2.7
R008217,P0109,2025-10-11,HCP01641,Diabetes,Injectable,3.0,3.7,4.6,3.0
R008218,P0073,2026-06-29,HCP01312,Immunology,Digital Therapeutic,3.7,2.9,3.5,4.0
R008219,P0050,2025-07-24,HCP02200,Diabetes,Combination Therapy,3.3,4.9,4.3,2.2
R008220,P0019,2026-04-10,HCP01600,Respiratory,Injectable,3.0,3.8,4.4,2.3
R008221,P0009,2026-05-15,HCP02024,Immunology,Digital Therapeutic,3.5,3.5,5.0,3.0
R008222,P0096,2026-03-25,HCP01483,Neurology,Digital Therapeutic,5.0,3.5,3.6,2.5
R008223,P0078,2025-10-14,HCP01189,Cardiology,Digital Therapeutic,4.8,3.3,3.2,2.7
R008224,P0018,2025-04-16,HCP00765,Immunology,Oral Therapy,3.7,3.4,4.0,2.2
R008225,P0012,2026-05-17,HCP00667,Oncology,Infusion,2.5,5.0,3.9,1.6
R008226,P0096,2026-03-04,HCP00157,Neurology,Infusion,4.0,4.4,3.9,1.6
R008227,P0008,2025-11-24,HCP00717,Neurology,Oral Therapy,3.3,3.6,4.2,3.6
R008228,P0062,2025-07-09,HCP02012,Immunology,Combination Therapy,2.9,3.9,2.2,2.9
R008229,P0039,2026-07-16,HCP00747,Respiratory,Digital Therapeutic,4.2,3.2,3.3,3.3
R008230,P0087,2026-04-07,HCP01152,Oncology,Digital Therapeutic,2.6,4.4,4.1,1.7
R008231,P0007,2026-08-23,HCP00958,Diabetes,Injectable,3.8,1.4,3.9,2.9
R008232,P0010,2025-02-26,HCP02105,Diabetes,Combination Therapy,4.1,3.3,5.0,3.1
R008233,P0017,2025-12-29,HCP01448,Immunology,Infusion,4.3,2.9,4.0,1.9
R008234,P0089,2025-03-14,HCP00937,Neurology,Oral Therapy,2.6,4.3,3.1,2.1
R008235,P0086,2025-12-17,HCP02328,Diabetes,Combination Therapy,5.0,3.7,3.5,3.8
R008236,P0087,2026-04-28,HCP00036,Oncology,Infusion,3.9,2.4,4.6,2.3
R008237,P0070,2026-07-28,HCP00333,Immunology,Infusion,3.7,3.6,3.8,3.1
R008238,P0022,2026-05-10,HCP00318,Cardiology,Digital Therapeutic,2.6,3.6,2.7,1.8
R008239,P0028,2026-05-10,HCP00243,Oncology,Oral Therapy,3.0,4.7,4.4,3.8
R008240,P0017,2026-01-21,HCP00394,Immunology,Oral Therapy,3.4,3.8,4.7,2.2
R008241,P0016,2026-04-30,HCP01716,Cardiology,Infusion,3.7,3.6,3.9,2.4
R008242,P0090,2025-10-17,HCP01828,Neurology,Combination Therapy,4.0,3.7,3.6,2.9
R008243,P0055,2026-01-04,HCP00201,Diabetes,Combination Therapy,3.4,2.0,4.6,5.0
R008244,P0050,2025-04-21,HCP00081,Diabetes,Injectable,4.9,3.1,2.7,2.1
R008245,P0018,2025-03-06,HCP02260,Immunology,Combination Therapy,3.4,2.3,4.5,2.6
R008246,P0078,2025-10-14,HCP02049,Cardiology,Combination Therapy,3.8,5.0,4.0,3.7
R008247,P0100,2025-03-11,HCP01975,Neurology,Combination Therapy,4.6,3.3,4.6,2.6
R008248,P0002,2025-11-28,HCP01727,Cardiology,Injectable,3.2,4.1,3.3,2.6
R008249,P0112,2025-05-20,HCP01044,Respiratory,Digital Therapeutic,2.5,2.9,4.0,4.4
R008250,P0023,2025-09-16,HCP00809,Respiratory,Combination Therapy,3.3,3.4,4.6,3.7
R008251,P0110,2026-06-20,HCP00830,Rare Disease,Infusion,4.5,3.4,4.4,4.5
R008252,P0090,2025-07-09,HCP01305,Neurology,Combination Therapy,3.7,4.0,2.4,2.0
R008253,P0107,2026-04-05,HCP00119,Diabetes,Injectable,4.2,3.5,4.6,3.3
R008254,P0024,2026-10-05,HCP02331,Diabetes,Combination Therapy,2.6,3.2,4.7,2.6
R008255,P0068,2025-07-09,HCP02437,Immunology,Oral Therapy,2.3,2.2,4.3,2.5
R008256,P0010,2025-03-03,HCP00175,Diabetes,Digital Therapeutic,4.2,5.0,4.0,2.6
R008257,P0054,2025-10-03,HCP01312,Neurology,Injectable,4.0,3.3,4.7,3.2
R008258,P0022,2026-05-24,HCP00909,Cardiology,Infusion,2.9,3.3,4.1,2.6
R008259,P0009,2026-04-30,HCP00938,Immunology,Digital Therapeutic,2.7,3.2,2.8,1.8
R008260,P0100,2025-04-07,HCP00978,Neurology,Infusion,3.5,4.6,3.5,1.8
R008261,P0091,2025-04-29,HCP01306,Rare Disease,Combination Therapy,3.6,3.2,5.0,1.5
R008262,P0042,2025-09-26,HCP02408,Rare Disease,Infusion,2.6,3.3,3.8,2.6
R008263,P0050,2025-04-18,HCP01835,Diabetes,Infusion,3.6,3.8,4.2,3.1
R008264,P0064,2025-11-23,HCP02439,Cardiology,Injectable,2.4,4.5,2.9,3.6
R008265,P0073,2026-04-10,HCP00682,Immunology,Digital Therapeutic,3.1,3.6,4.4,3.0
R008266,P0070,2026-05-29,HCP02104,Immunology,Injectable,2.6,3.7,4.4,2.8
R008267,P0037,2025-08-02,HCP01031,Neurology,Digital Therapeutic,3.6,3.5,5.0,3.6
R008268,P0045,2026-01-15,HCP00955,Neurology,Infusion,3.1,3.3,4.5,1.3
R008269,P0119,2025-10-26,HCP00133,Neurology,Infusion,4.8,4.9,4.6,3.0
R008270,P0012,2026-07-04,HCP02224,Oncology,Infusion,3.9,3.1,2.8,3.0
R008271,P0049,2025-04-26,HCP00290,Neurology,Oral Therapy,2.6,3.9,3.6,1.5
R008272,P0031,2025-11-28,HCP01211,Rare Disease,Digital Therapeutic,4.5,3.2,5.0,1.0
R008273,P0030,2026-02-18,HCP02431,Cardiology,Combination Therapy,3.5,4.0,4.6,2.5
R008274,P0019,2026-05-22,HCP01611,Respiratory,Digital Therapeutic,4.3,3.6,4.3,3.2
R008275,P0012,2026-03-20,HCP00305,Oncology,Oral Therapy,2.6,3.8,5.0,1.3
R008276,P0110,2026-07-30,HCP02320,Rare Disease,Digital Therapeutic,4.2,3.7,3.5,2.0
R008277,P0105,2026-01-08,HCP01499,Neurology,Oral Therapy,5.0,2.9,4.3,2.5
R008278,P0089,2025-04-03,HCP00621,Neurology,Digital Therapeutic,4.2,3.6,4.3,3.5
R008279,P0112,2025-03-16,HCP00654,Respiratory,Infusion,3.2,2.4,3.9,2.9
R008280,P0099,2026-08-08,HCP02152,Rare Disease,Combination Therapy,4.7,3.8,3.1,2.9
R008281,P0016,2026-08-16,HCP01480,Cardiology,Infusion,3.1,3.3,5.0,2.3
R008282,P0098,2026-07-28,HCP00999,Cardiology,Oral Therapy,4.1,3.5,4.1,3.9
R008283,P0097,2025-10-07,HCP00742,Cardiology,Combination Therapy,5.0,3.6,4.3,2.9
R008284,P0001,2026-05-29,HCP02179,Respiratory,Infusion,3.2,3.7,3.6,2.0
R008285,P0106,2026-02-15,HCP00883,Respiratory,Combination Therapy,4.1,2.0,3.5,2.1
R008286,P0090,2025-09-02,HCP01372,Neurology,Oral Therapy,5.0,3.4,3.8,2.4
R008287,P0120,2026-05-03,HCP00194,Immunology,Injectable,4.5,3.8,3.9,2.3
R008288,P0058,2025-08-13,HCP00619,Respiratory,Oral Therapy,4.3,4.7,4.7,1.0
R008289,P0090,2025-07-24,HCP01971,Neurology,Injectable,2.0,5.0,4.3,2.0
R008290,P0093,2025-02-21,HCP01914,Respiratory,Infusion,2.9,5.0,3.4,2.9
R008291,P0080,2026-05-06,HCP02461,Neurology,Digital Therapeutic,4.4,3.1,3.0,1.8
R008292,P0116,2026-06-10,HCP00288,Rare Disease,Injectable,3.4,4.0,4.6,2.6
R008293,P0018,2025-03-02,HCP01297,Immunology,Infusion,3.3,4.4,4.7,1.5
R008294,P0043,2026-03-25,HCP00359,Immunology,Digital Therapeutic,4.7,4.1,3.8,1.0
R008295,P0012,2026-06-26,HCP01867,Oncology,Infusion,4.2,3.6,3.6,2.2
R008296,P0073,2026-08-07,HCP00371,Immunology,Combination Therapy,3.0,3.9,4.0,2.7
R008297,P0003,2025-09-19,HCP00304,Respiratory,Oral Therapy,4.3,3.9,4.0,2.0
R008298,P0037,2025-08-13,HCP02101,Neurology,Digital Therapeutic,2.9,3.2,4.2,1.6
R008299,P0089,2025-03-09,HCP00319,Neurology,Combination Therapy,2.3,3.9,4.7,3.1
R008300,P0108,2025-04-19,HCP02179,Diabetes,Infusion,3.9,2.8,4.6,2.5
R008301,P0027,2026-01-21,HCP01869,Cardiology,Injectable,2.6,5.0,4.6,3.1
R008302,P0031,2025-12-09,HCP01432,Rare Disease,Oral Therapy,2.6,3.4,3.3,4.2
R008303,P0004,2025-06-30,HCP00362,Diabetes,Combination Therapy,2.8,4.1,4.3,2.9
R008304,P0043,2026-04-11,HCP00699,Immunology,Oral Therapy,3.8,3.9,4.2,2.9
R008305,P0085,2025-12-04,HCP00509,Respiratory,Oral Therapy,4.3,3.8,3.2,1.9
R008306,P0107,2026-03-01,HCP00986,Diabetes,Oral Therapy,3.4,4.2,3.8,2.5
R008307,P0051,2025-12-13,HCP00505,Rare Disease,Oral Therapy,2.6,4.5,4.3,1.4
R008308,P0013,2025-03-27,HCP00460,Respiratory,Injectable,2.7,3.8,3.1,1.6
R008309,P0039,2026-08-24,HCP00825,Respiratory,Injectable,2.3,4.3,3.6,2.8
R008310,P0060,2025-08-25,HCP00010,Cardiology,Infusion,4.3,4.1,4.1,2.2
R008311,P0073,2026-04-26,HCP02270,Immunology,Combination Therapy,2.9,2.8,3.7,2.0
R008312,P0070,2026-08-27,HCP02100,Immunology,Injectable,3.9,3.8,4.7,2.6
R008313,P0097,2025-10-17,HCP00673,Cardiology,Oral Therapy,2.1,3.6,4.5,2.0
R008314,P0070,2026-09-08,HCP00487,Immunology,Oral Therapy,4.7,4.2,3.2,2.3
R008315,P0049,2025-04-16,HCP02185,Neurology,Combination Therapy,3.7,4.2,3.4,2.8
R008316,P0015,2025-09-06,HCP00198,Oncology,Oral Therapy,2.3,3.8,4.7,2.1
R008317,P0113,2026-08-01,HCP01912,Neurology,Combination Therapy,3.1,4.0,4.4,1.7
R008318,P0005,2025-02-13,HCP00330,Immunology,Oral Therapy,3.8,3.9,2.1,3.6
R008319,P0040,2026-04-29,HCP00190,Neurology,Oral Therapy,2.9,3.4,4.9,4.2
R008320,P0050,2025-04-09,HCP02316,Diabetes,Oral Therapy,4.0,4.6,4.0,2.5
R008321,P0107,2026-03-14,HCP01373,Diabetes,Combination Therapy,4.7,4.2,4.0,2.3
R008322,P0055,2026-02-15,HCP00909,Diabetes,Oral Therapy,4.4,5.0,3.4,2.5
R008323,P0050,2025-08-23,HCP00114,Diabetes,Combination Therapy,3.6,3.6,4.8,1.9
R008324,P0114,2026-05-27,HCP01621,Cardiology,Oral Therapy,4.9,3.4,4.3,3.5
R008325,P0044,2025-07-25,HCP01414,Immunology,Digital Therapeutic,3.8,2.3,3.9,3.4
R008326,P0091,2025-06-22,HCP00079,Rare Disease,Infusion,3.6,5.0,2.2,2.1
R008327,P0004,2025-05-11,HCP01782,Diabetes,Injectable,3.6,4.1,3.7,2.2
R008328,P0072,2026-07-29,HCP01323,Immunology,Digital Therapeutic,3.7,4.3,3.3,2.8
R008329,P0088,2025-12-28,HCP02145,Respiratory,Digital Therapeutic,4.0,5.0,3.7,3.6
R008330,P0026,2026-06-11,HCP01867,Diabetes,Infusion,2.9,3.9,3.4,2.9
R008331,P0092,2026-03-08,HCP01494,Cardiology,Oral Therapy,4.6,3.3,4.5,3.0
R008332,P0109,2025-11-14,HCP00164,Diabetes,Injectable,4.8,4.4,5.0,2.9
R008333,P0007,2026-05-16,HCP00523,Diabetes,Oral Therapy,5.0,3.6,4.0,2.7
R008334,P0024,2026-09-03,HCP00748,Diabetes,Digital Therapeutic,2.2,2.5,3.2,2.8
R008335,P0018,2025-03-09,HCP02371,Immunology,Injectable,3.7,4.9,3.8,3.2
R008336,P0114,2026-06-12,HCP00806,Cardiology,Digital Therapeutic,3.0,3.0,3.7,2.8
R008337,P0035,2026-03-30,HCP01309,Cardiology,Infusion,4.2,3.3,5.0,2.3
R008338,P0114,2026-10-18,HCP02219,Cardiology,Digital Therapeutic,4.7,4.3,4.0,4.6
R008339,P0046,2025-12-21,HCP00081,Immunology,Infusion,3.7,2.4,4.9,1.1
R008340,P0118,2025-11-14,HCP01663,Immunology,Injectable,3.4,3.9,3.1,3.3
R008341,P0068,2025-08-30,HCP02220,Immunology,Digital Therapeutic,3.3,4.0,4.0,2.1
R008342,P0034,2025-03-19,HCP02164,Respiratory,Combination Therapy,3.5,4.5,3.3,1.0
R008343,P0062,2025-07-18,HCP01270,Immunology,Digital Therapeutic,4.0,4.2,3.9,1.0
R008344,P0017,2025-12-29,HCP00939,Immunology,Oral Therapy,4.0,4.3,4.3,2.3
R008345,P0024,2026-07-29,HCP00462,Diabetes,Injectable,4.9,4.4,3.0,4.3
R008346,P0076,2025-11-05,HCP01478,Cardiology,Combination Therapy,3.5,4.8,3.6,4.2
R008347,P0091,2025-05-25,HCP02249,Rare Disease,Digital Therapeutic,4.4,3.5,3.9,2.0
R008348,P0051,2025-10-23,HCP01295,Rare Disease,Digital Therapeutic,2.9,3.1,4.1,2.0
R008349,P0103,2026-03-29,HCP01652,Respiratory,Digital Therapeutic,2.6,3.1,3.0,2.2
R008350,P0047,2025-07-24,HCP00691,Respiratory,Injectable,4.5,4.2,4.3,2.7
R008351,P0045,2026-02-19,HCP01853,Neurology,Combination Therapy,4.0,3.6,4.3,4.2
R008352,P0067,2025-06-25,HCP01057,Immunology,Oral Therapy,3.2,3.4,4.6,3.4
R008353,P0048,2025-06-06,HCP00901,Oncology,Combination Therapy,2.9,4.5,3.0,3.1
R008354,P0083,2025-04-16,HCP00613,Immunology,Injectable,3.3,4.2,3.8,2.7
R008355,P0109,2025-10-30,HCP01643,Diabetes,Injectable,3.9,4.9,4.0,1.0
R008356,P0040,2026-03-30,HCP00041,Neurology,Digital Therapeutic,3.8,4.0,4.1,1.0
R008357,P0059,2025-11-03,HCP02322,Cardiology,Infusion,2.5,4.2,4.0,1.8
R008358,P0041,2026-03-12,HCP02421,Respiratory,Combination Therapy,2.6,3.5,3.6,1.4
R008359,P0071,2025-12-20,HCP02390,Immunology,Combination Therapy,3.8,2.3,4.1,1.0
R008360,P0074,2025-12-09,HCP02396,Immunology,Combination Therapy,4.2,3.4,5.0,3.4
R008361,P0055,2026-02-10,HCP02102,Diabetes,Infusion,3.0,3.3,4.4,2.3
R008362,P0009,2026-04-17,HCP02061,Immunology,Combination Therapy,2.5,2.8,3.0,1.7
R008363,P0112,2025-05-08,HCP01057,Respiratory,Digital Therapeutic,3.7,3.9,5.0,1.3
R008364,P0084,2026-04-19,HCP00437,Immunology,Injectable,1.8,4.4,5.0,3.2
R008365,P0087,2026-02-20,HCP00015,Oncology,Infusion,3.4,3.5,4.5,2.5
R008366,P0096,2026-02-20,HCP00051,Neurology,Injectable,4.2,4.1,4.8,1.2
R008367,P0004,2025-07-04,HCP01761,Diabetes,Injectable,3.5,3.4,5.0,2.1
R008368,P0106,2026-02-21,HCP00490,Respiratory,Digital Therapeutic,2.4,3.7,4.2,4.2
R008369,P0011,2025-05-22,HCP00388,Respiratory,Infusion,5.0,3.4,4.7,3.4
R008370,P0091,2025-08-25,HCP02179,Rare Disease,Injectable,3.7,4.0,5.0,2.6
R008371,P0115,2025-05-01,HCP00386,Neurology,Combination Therapy,3.9,4.2,3.5,2.8
R008372,P0061,2026-01-26,HCP00383,Immunology,Injectable,4.4,5.0,5.0,2.1
R008373,P0086,2026-01-29,HCP01187,Diabetes,Digital Therapeutic,3.5,3.4,4.1,2.3
R008374,P0105,2026-01-06,HCP00584,Neurology,Injectable,3.5,3.6,4.6,1.5
R008375,P0068,2025-07-05,HCP00186,Immunology,Injectable,4.7,4.6,4.6,1.9
R008376,P0059,2025-09-30,HCP01729,Cardiology,Infusion,3.0,3.6,3.6,2.9
R008377,P0097,2025-09-24,HCP01293,Cardiology,Infusion,4.5,4.2,4.9,3.8
R008378,P0095,2026-02-10,HCP01194,Cardiology,Digital Therapeutic,2.7,3.4,3.7,2.8
R008379,P0010,2025-02-28,HCP00600,Diabetes,Injectable,3.1,4.1,4.2,3.4
R008380,P0008,2026-01-18,HCP01636,Neurology,Oral Therapy,3.9,4.2,4.5,1.0
R008381,P0086,2025-11-20,HCP01411,Diabetes,Oral Therapy,4.9,4.7,4.4,2.9
R008382,P0086,2025-10-29,HCP01408,Diabetes,Oral Therapy,3.8,3.3,3.6,2.8
R008383,P0098,2026-06-01,HCP02331,Cardiology,Combination Therapy,2.5,4.1,3.2,1.8
R008384,P0011,2025-03-02,HCP01432,Respiratory,Oral Therapy,4.3,3.7,3.5,2.4
R008385,P0019,2026-04-08,HCP02314,Respiratory,Combination Therapy,3.0,2.7,4.5,3.7
R008386,P0004,2025-02-14,HCP02182,Diabetes,Digital Therapeutic,4.2,3.4,4.3,2.9
R008387,P0034,2025-03-11,HCP00265,Respiratory,Oral Therapy,3.9,3.3,3.9,2.2
R008388,P0061,2026-02-05,HCP00545,Immunology,Injectable,2.4,4.1,3.8,4.2
R008389,P0044,2025-12-09,HCP01716,Immunology,Digital Therapeutic,4.0,3.2,3.8,2.5
R008390,P0015,2025-08-06,HCP00349,Oncology,Infusion,2.7,3.9,3.3,3.9
R008391,P0067,2025-06-03,HCP01818,Immunology,Combination Therapy,4.8,3.8,4.6,2.2
R008392,P0040,2026-04-11,HCP01013,Neurology,Infusion,2.4,4.3,3.3,2.5
R008393,P0035,2026-03-17,HCP00772,Cardiology,Injectable,3.6,3.5,4.1,3.8
R008394,P0093,2025-01-27,HCP01337,Respiratory,Injectable,2.9,2.8,4.8,1.6
R008395,P0039,2026-05-28,HCP00737,Respiratory,Digital Therapeutic,4.9,4.4,4.0,4.6
R008396,P0067,2025-05-24,HCP01227,Immunology,Digital Therapeutic,2.4,3.4,5.0,1.8
R008397,P0009,2026-04-27,HCP01905,Immunology,Digital Therapeutic,5.0,4.6,3.3,3.1
R008398,P0089,2025-03-05,HCP01350,Neurology,Oral Therapy,3.4,3.8,3.1,3.0
R008399,P0066,2026-01-09,HCP02460,Diabetes,Injectable,3.2,3.8,2.5,1.5
R008400,P0095,2025-12-03,HCP01216,Cardiology,Digital Therapeutic,4.4,4.2,4.5,1.1
R008401,P0037,2025-08-21,HCP02037,Neurology,Injectable,3.7,4.3,2.7,1.3
R008402,P0058,2025-08-12,HCP01295,Respiratory,Digital Therapeutic,3.0,3.7,5.0,2.3
R008403,P0052,2025-09-23,HCP02103,Oncology,Combination Therapy,3.1,3.5,5.0,3.1
R008404,P0119,2025-11-08,HCP02330,Neurology,Injectable,3.3,3.8,4.2,2.2
R008405,P0013,2025-03-18,HCP02199,Respiratory,Injectable,3.1,2.5,3.5,2.0
R008406,P0025,2025-08-14,HCP00125,Respiratory,Digital Therapeutic,4.4,4.5,2.8,1.9
R008407,P0117,2025-10-03,HCP00378,Immunology,Digital Therapeutic,3.8,3.2,4.3,2.3
R008408,P0011,2025-03-21,HCP02355,Respiratory,Injectable,4.1,3.4,4.0,2.2
R008409,P0034,2025-04-10,HCP01969,Respiratory,Infusion,3.3,3.5,4.2,2.1
R008410,P0039,2026-08-21,HCP01469,Respiratory,Infusion,4.2,4.1,4.3,1.6
R008411,P0095,2026-02-01,HCP01609,Cardiology,Combination Therapy,3.1,3.7,3.3,1.8
R008412,P0092,2026-02-27,HCP00120,Cardiology,Digital Therapeutic,2.9,4.3,3.9,3.2
R008413,P0105,2025-11-29,HCP01275,Neurology,Oral Therapy,3.3,4.2,4.1,1.9
R008414,P0012,2026-03-25,HCP00134,Oncology,Oral Therapy,4.9,3.2,5.0,3.2
R008415,P0026,2026-03-25,HCP01573,Diabetes,Combination Therapy,3.2,3.2,4.5,2.6
R008416,P0057,2025-09-01,HCP01429,Immunology,Digital Therapeutic,3.2,3.6,4.1,4.2
R008417,P0088,2025-12-19,HCP01606,Respiratory,Combination Therapy,3.9,4.3,3.3,2.6
R008418,P0069,2026-03-03,HCP01723,Immunology,Oral Therapy,3.6,4.2,4.8,3.0
R008419,P0063,2025-08-22,HCP02500,Rare Disease,Infusion,2.8,4.2,5.0,1.5
R008420,P0097,2025-10-07,HCP01301,Cardiology,Oral Therapy,2.7,3.6,3.0,1.3
R008421,P0024,2026-10-12,HCP02031,Diabetes,Infusion,4.3,4.5,2.8,4.2
R008422,P0102,2026-01-31,HCP01123,Cardiology,Injectable,2.7,4.0,4.0,3.3
R008423,P0080,2026-04-09,HCP01866,Neurology,Injectable,4.5,3.4,3.9,1.3
R008424,P0029,2025-12-30,HCP00693,Neurology,Injectable,3.3,3.6,4.9,3.1
R008425,P0053,2025-05-30,HCP01083,Respiratory,Oral Therapy,1.7,4.4,3.3,3.2
R008426,P0033,2026-05-27,HCP01517,Oncology,Oral Therapy,4.2,4.9,3.4,3.9
R008427,P0038,2025-10-10,HCP02425,Diabetes,Infusion,4.4,2.6,3.0,1.7
R008428,P0083,2025-04-26,HCP02244,Immunology,Injectable,4.2,4.0,3.3,2.4
R008429,P0037,2025-08-19,HCP00672,Neurology,Injectable,3.3,2.7,4.1,2.0
R008430,P0104,2025-03-17,HCP01057,Cardiology,Digital Therapeutic,3.4,3.3,3.0,2.7
R008431,P0012,2026-06-25,HCP00195,Oncology,Infusion,3.3,4.1,5.0,2.1
R008432,P0021,2026-04-14,HCP01740,Rare Disease,Combination Therapy,3.1,3.9,2.4,3.1
R008433,P0110,2026-07-24,HCP00174,Rare Disease,Digital Therapeutic,3.9,3.2,3.6,1.2
R008434,P0087,2026-03-13,HCP00044,Oncology,Combination Therapy,3.5,3.5,4.2,2.7
R008435,P0053,2025-06-20,HCP01853,Respiratory,Digital Therapeutic,3.3,4.5,4.8,1.2
R008436,P0029,2026-01-09,HCP01125,Neurology,Combination Therapy,3.1,3.9,3.3,3.6
R008437,P0031,2025-12-28,HCP00459,Rare Disease,Digital Therapeutic,3.8,3.8,2.8,2.3
R008438,P0022,2026-06-28,HCP01905,Cardiology,Digital Therapeutic,4.8,4.5,3.3,2.4
R008439,P0108,2025-04-22,HCP01944,Diabetes,Injectable,3.8,4.3,5.0,3.2
R008440,P0041,2026-04-22,HCP02105,Respiratory,Digital Therapeutic,2.5,3.5,2.7,2.7
R008441,P0113,2026-05-21,HCP02035,Neurology,Infusion,3.7,4.2,4.7,2.5
R008442,P0096,2026-04-17,HCP01343,Neurology,Injectable,4.1,3.6,4.2,2.0
R008443,P0044,2025-11-21,HCP02364,Immunology,Oral Therapy,4.3,3.9,4.3,2.3
R008444,P0090,2025-07-12,HCP01417,Neurology,Combination Therapy,4.1,2.6,4.8,1.6
R008445,P0058,2025-07-12,HCP01738,Respiratory,Injectable,3.8,3.4,3.5,1.6
R008446,P0058,2025-09-26,HCP00347,Respiratory,Injectable,5.0,3.9,4.6,2.8
R008447,P0093,2025-01-23,HCP01356,Respiratory,Digital Therapeutic,2.7,3.0,4.1,1.3
R008448,P0086,2025-10-10,HCP00739,Diabetes,Digital Therapeutic,5.0,3.6,3.1,2.3
R008449,P0027,2026-02-13,HCP02004,Cardiology,Digital Therapeutic,4.2,2.7,3.9,2.7
R008450,P0049,2025-05-07,HCP01669,Neurology,Digital Therapeutic,5.0,4.3,4.0,2.8
R008451,P0113,2026-07-19,HCP01754,Neurology,Combination Therapy,2.5,4.8,2.4,1.0
R008452,P0026,2026-05-26,HCP01918,Diabetes,Combination Therapy,5.0,3.1,3.4,1.9
R008453,P0086,2026-02-11,HCP01570,Diabetes,Infusion,5.0,2.7,4.3,3.2
R008454,P0102,2026-01-12,HCP00205,Cardiology,Oral Therapy,3.6,4.2,4.1,3.0
R008455,P0073,2026-07-28,HCP00576,Immunology,Oral Therapy,3.0,4.0,4.7,2.5
R008456,P0007,2026-08-14,HCP02403,Diabetes,Injectable,5.0,4.1,4.8,2.0
R008457,P0103,2025-12-26,HCP01734,Respiratory,Infusion,3.0,4.3,3.4,2.3
R008458,P0109,2025-11-15,HCP02384,Diabetes,Infusion,4.6,3.9,3.5,2.8
R008459,P0078,2025-11-09,HCP00175,Cardiology,Digital Therapeutic,5.0,4.8,3.0,2.2
R008460,P0095,2026-01-08,HCP00469,Cardiology,Digital Therapeutic,3.6,4.8,4.3,3.0
R008461,P0006,2025-07-25,HCP01663,Cardiology,Digital Therapeutic,3.6,5.0,3.6,3.4
R008462,P0087,2026-04-26,HCP00114,Oncology,Digital Therapeutic,5.0,5.0,4.8,2.2
R008463,P0097,2025-09-28,HCP00175,Cardiology,Combination Therapy,3.4,3.3,4.7,3.0
R008464,P0069,2026-02-26,HCP00853,Immunology,Oral Therapy,3.2,4.5,4.3,2.0
R008465,P0063,2025-08-19,HCP01693,Rare Disease,Injectable,1.4,3.9,3.7,2.2
R008466,P0098,2026-06-03,HCP02397,Cardiology,Combination Therapy,4.7,2.5,4.7,3.0
R008467,P0080,2026-04-17,HCP02435,Neurology,Oral Therapy,3.4,4.2,4.0,4.2
R008468,P0004,2025-05-29,HCP01108,Diabetes,Infusion,4.4,3.3,4.2,2.3
R008469,P0023,2025-07-02,HCP01836,Respiratory,Digital Therapeutic,3.6,3.8,2.7,4.6
R008470,P0071,2026-01-01,HCP00785,Immunology,Combination Therapy,4.8,3.0,4.2,2.0
R008471,P0073,2026-05-14,HCP01765,Immunology,Combination Therapy,4.9,4.7,4.0,3.5
R008472,P0032,2026-03-19,HCP02237,Rare Disease,Combination Therapy,2.9,3.2,3.9,3.4
R008473,P0017,2026-01-16,HCP01582,Immunology,Oral Therapy,3.3,3.3,3.6,3.6
R008474,P0077,2025-09-12,HCP00336,Neurology,Combination Therapy,4.2,4.6,3.0,2.2
R008475,P0038,2025-11-04,HCP00699,Diabetes,Infusion,4.9,4.0,4.0,3.0
R008476,P0081,2025-10-15,HCP02353,Oncology,Digital Therapeutic,3.8,5.0,2.6,2.7
R008477,P0080,2026-03-18,HCP01972,Neurology,Injectable,3.9,4.4,3.8,2.4
R008478,P0026,2026-06-02,HCP02023,Diabetes,Digital Therapeutic,4.0,4.6,3.6,2.4
R008479,P0093,2025-02-22,HCP00127,Respiratory,Oral Therapy,3.0,3.1,4.9,1.3
R008480,P0019,2026-05-13,HCP00959,Respiratory,Infusion,3.3,4.0,5.0,2.4
R008481,P0048,2025-06-17,HCP01291,Oncology,Oral Therapy,3.5,5.0,3.0,2.1
R008482,P0071,2025-12-24,HCP01969,Immunology,Infusion,4.6,3.0,4.5,2.3
R008483,P0107,2026-04-02,HCP00260,Diabetes,Combination Therapy,5.0,3.8,3.6,1.4
R008484,P0113,2026-07-07,HCP01891,Neurology,Infusion,2.9,3.7,3.7,2.2
R008485,P0084,2026-04-30,HCP01532,Immunology,Oral Therapy,4.3,4.0,3.7,2.8
R008486,P0080,2026-04-05,HCP01450,Neurology,Infusion,3.9,4.3,4.8,1.7
R008487,P0061,2026-06-05,HCP02157,Immunology,Injectable,3.3,3.9,3.9,2.8
R008488,P0059,2025-12-02,HCP01954,Cardiology,Injectable,2.9,5.0,4.3,2.6
R008489,P0067,2025-08-02,HCP01782,Immunology,Infusion,3.9,2.2,2.9,2.2
R008490,P0113,2026-08-01,HCP01251,Neurology,Injectable,3.2,1.9,3.3,3.0
R008491,P0079,2026-06-20,HCP02431,Oncology,Injectable,4.0,3.6,3.6,3.4
R008492,P0099,2026-05-12,HCP02107,Rare Disease,Oral Therapy,2.8,4.7,4.0,2.1
R008493,P0067,2025-07-07,HCP00747,Immunology,Digital Therapeutic,2.8,3.7,4.4,1.9
R008494,P0088,2025-12-09,HCP01984,Respiratory,Digital Therapeutic,4.6,3.5,3.6,3.1
R008495,P0103,2026-01-22,HCP01424,Respiratory,Combination Therapy,3.9,2.5,4.9,2.0
R008496,P0053,2025-07-12,HCP02266,Respiratory,Infusion,3.8,3.6,3.8,1.4
R008497,P0078,2025-12-30,HCP00935,Cardiology,Oral Therapy,3.3,3.4,3.5,3.1
R008498,P0059,2025-11-02,HCP01994,Cardiology,Injectable,4.3,3.7,4.6,2.0
R008499,P0062,2025-06-26,HCP00652,Immunology,Combination Therapy,3.5,3.7,4.5,3.0
R008500,P0032,2026-04-11,HCP02303,Rare Disease,Digital Therapeutic,4.4,4.3,2.8,1.3
R008501,P0101,2026-06-12,HCP00433,Cardiology,Infusion,3.3,3.5,5.0,2.7
R008502,P0099,2026-06-29,HCP00446,Rare Disease,Combination Therapy,2.8,3.2,3.6,2.5
R008503,P0111,2026-01-29,HCP02451,Immunology,Injectable,3.1,3.8,3.9,3.2
R008504,P0035,2026-05-03,HCP00694,Cardiology,Oral Therapy,4.1,3.8,3.4,1.0
R008505,P0120,2026-08-05,HCP01298,Immunology,Digital Therapeutic,2.9,2.9,3.7,1.3
R008506,P0085,2026-03-08,HCP01132,Respiratory,Combination Therapy,5.0,4.1,2.9,3.6
R008507,P0041,2026-06-08,HCP01969,Respiratory,Oral Therapy,2.5,2.9,4.2,2.4
R008508,P0105,2026-02-11,HCP00608,Neurology,Oral Therapy,3.6,4.3,3.6,1.5
R008509,P0068,2025-06-19,HCP00845,Immunology,Digital Therapeutic,4.7,3.4,3.8,2.9
R008510,P0067,2025-05-25,HCP02242,Immunology,Digital Therapeutic,3.9,3.0,4.6,2.0
R008511,P0091,2025-07-27,HCP02297,Rare Disease,Oral Therapy,3.4,5.0,4.3,1.9
R008512,P0019,2026-05-20,HCP00450,Respiratory,Combination Therapy,4.7,3.9,4.0,4.0
R008513,P0056,2025-05-21,HCP01220,Immunology,Combination Therapy,2.9,4.5,5.0,2.1
R008514,P0003,2025-10-17,HCP01148,Respiratory,Injectable,3.5,3.7,3.2,1.0
R008515,P0052,2025-12-24,HCP01285,Oncology,Combination Therapy,2.3,4.7,4.0,2.2
R008516,P0081,2025-10-09,HCP01305,Oncology,Combination Therapy,4.5,4.3,4.8,1.8
R008517,P0119,2025-10-13,HCP00123,Neurology,Infusion,4.2,3.6,5.0,1.0
R008518,P0027,2026-01-31,HCP02183,Cardiology,Digital Therapeutic,4.2,4.5,3.0,3.1
R008519,P0106,2026-03-11,HCP00620,Respiratory,Infusion,3.8,4.6,3.5,3.6
R008520,P0005,2025-01-22,HCP00648,Immunology,Combination Therapy,3.8,3.5,4.7,2.8
R008521,P0002,2025-12-06,HCP02028,Cardiology,Oral Therapy,3.8,3.8,3.7,2.3
R008522,P0042,2025-09-26,HCP02424,Rare Disease,Oral Therapy,4.0,5.0,4.0,2.1
R008523,P0035,2026-07-29,HCP02256,Cardiology,Injectable,3.8,3.9,3.7,2.3
R008524,P0070,2026-09-24,HCP00730,Immunology,Oral Therapy,2.9,4.6,4.0,3.3
R008525,P0024,2026-07-08,HCP01864,Diabetes,Oral Therapy,1.8,4.4,1.7,1.0
R008526,P0067,2025-08-08,HCP00408,Immunology,Digital Therapeutic,5.0,4.6,3.7,2.5
R008527,P0119,2025-11-14,HCP01011,Neurology,Infusion,3.1,4.5,4.0,3.4
R008528,P0021,2026-03-31,HCP00634,Rare Disease,Infusion,3.6,1.9,3.7,1.3
R008529,P0052,2025-12-19,HCP00568,Oncology,Digital Therapeutic,4.6,3.4,4.1,3.3
R008530,P0073,2026-06-21,HCP02203,Immunology,Combination Therapy,4.0,3.6,3.1,3.9
R008531,P0052,2025-11-09,HCP02222,Oncology,Injectable,2.5,4.0,4.2,2.0
R008532,P0050,2025-06-28,HCP00382,Diabetes,Infusion,2.7,3.2,5.0,1.3
R008533,P0005,2025-01-24,HCP00925,Immunology,Digital Therapeutic,4.4,3.7,4.8,1.9
R008534,P0058,2025-09-04,HCP00080,Respiratory,Oral Therapy,4.2,2.9,4.5,2.8
R008535,P0112,2025-05-24,HCP02065,Respiratory,Infusion,3.3,2.4,4.2,4.7
R008536,P0105,2025-12-10,HCP00729,Neurology,Infusion,3.7,5.0,3.5,1.8
R008537,P0096,2026-01-17,HCP01498,Neurology,Injectable,3.7,3.5,3.7,1.8
R008538,P0010,2025-03-21,HCP01362,Diabetes,Digital Therapeutic,3.9,4.7,4.6,2.4
R008539,P0016,2026-08-15,HCP00496,Cardiology,Injectable,4.1,4.4,3.9,2.6
R008540,P0064,2025-12-09,HCP00892,Cardiology,Injectable,3.4,3.5,5.0,2.5
R008541,P0036,2025-10-25,HCP00278,Respiratory,Digital Therapeutic,4.3,4.9,2.9,1.0
R008542,P0021,2026-06-07,HCP00402,Rare Disease,Infusion,4.2,3.2,3.9,1.4
R008543,P0023,2025-09-09,HCP02120,Respiratory,Oral Therapy,4.4,3.7,3.6,3.2
R008544,P0022,2026-05-17,HCP00911,Cardiology,Digital Therapeutic,4.4,4.2,4.5,3.7
R008545,P0012,2026-03-22,HCP01134,Oncology,Injectable,4.3,3.8,4.6,1.3
R008546,P0074,2026-02-21,HCP01732,Immunology,Digital Therapeutic,3.3,3.7,3.2,3.6
R008547,P0050,2025-04-09,HCP02195,Diabetes,Infusion,3.6,2.4,3.1,1.0
R008548,P0081,2025-09-13,HCP01091,Oncology,Injectable,3.0,4.3,3.5,2.7
R008549,P0026,2026-04-11,HCP02178,Diabetes,Oral Therapy,3.9,4.4,4.4,2.2
R008550,P0073,2026-08-03,HCP01432,Immunology,Injectable,3.0,3.5,4.3,2.8
R008551,P0023,2025-08-17,HCP00128,Respiratory,Digital Therapeutic,4.1,4.5,2.9,1.3
R008552,P0111,2026-01-22,HCP02368,Immunology,Digital Therapeutic,4.7,4.0,4.2,3.2
R008553,P0021,2026-05-23,HCP00655,Rare Disease,Combination Therapy,3.7,4.6,4.1,2.2
R008554,P0096,2026-04-19,HCP01871,Neurology,Injectable,3.2,4.3,4.0,1.8
R008555,P0083,2025-04-16,HCP02178,Immunology,Combination Therapy,4.1,3.6,4.4,2.1
R008556,P0024,2026-09-27,HCP02010,Diabetes,Digital Therapeutic,4.6,5.0,4.1,3.2
R008557,P0011,2025-04-24,HCP01523,Respiratory,Injectable,3.1,3.2,4.1,2.4
R008558,P0077,2025-12-14,HCP00721,Neurology,Injectable,3.8,1.7,4.8,2.8
R008559,P0006,2025-07-17,HCP01617,Cardiology,Infusion,4.0,2.0,5.0,3.1
R008560,P0075,2026-02-26,HCP01279,Neurology,Digital Therapeutic,3.5,4.1,3.7,1.8
R008561,P0082,2026-02-12,HCP01656,Neurology,Infusion,4.1,2.2,4.0,1.9
R008562,P0078,2025-12-27,HCP00862,Cardiology,Oral Therapy,2.3,3.4,4.4,4.8
R008563,P0118,2025-12-06,HCP01719,Immunology,Digital Therapeutic,4.0,4.6,3.9,1.3
R008564,P0052,2025-10-24,HCP01212,Oncology,Infusion,5.0,2.0,4.5,1.0
R008565,P0061,2026-03-02,HCP02429,Immunology,Oral Therapy,4.2,3.6,4.1,1.8
R008566,P0114,2026-07-28,HCP00280,Cardiology,Oral Therapy,3.7,3.7,4.5,2.2
R008567,P0104,2025-03-16,HCP01810,Cardiology,Infusion,2.7,2.7,4.4,3.1
R008568,P0056,2025-07-16,HCP01297,Immunology,Infusion,3.4,4.0,3.9,1.9
R008569,P0051,2025-12-19,HCP01439,Rare Disease,Oral Therapy,4.0,3.7,4.6,3.2
R008570,P0095,2026-01-20,HCP01315,Cardiology,Digital Therapeutic,3.8,4.2,4.5,2.0
R008571,P0068,2025-07-16,HCP00340,Immunology,Digital Therapeutic,2.7,3.8,5.0,2.9
R008572,P0058,2025-08-29,HCP01438,Respiratory,Infusion,3.9,3.5,2.8,3.5
R008573,P0098,2026-04-27,HCP01048,Cardiology,Oral Therapy,3.0,4.1,4.4,1.9
R008574,P0095,2025-11-20,HCP00587,Cardiology,Oral Therapy,3.2,4.7,4.7,3.2
R008575,P0050,2025-04-21,HCP02313,Diabetes,Oral Therapy,4.5,4.8,5.0,1.4
R008576,P0048,2025-07-01,HCP00554,Oncology,Combination Therapy,3.5,4.2,3.7,2.5
R008577,P0081,2026-01-13,HCP01054,Oncology,Injectable,3.2,4.4,4.1,2.7
R008578,P0001,2026-05-31,HCP00920,Respiratory,Oral Therapy,2.9,3.3,3.7,2.6
R008579,P0094,2025-04-30,HCP01134,Cardiology,Injectable,3.1,3.6,5.0,2.7
R008580,P0060,2025-07-14,HCP01345,Cardiology,Digital Therapeutic,3.2,4.1,3.5,2.7
R008581,P0105,2026-01-01,HCP01576,Neurology,Injectable,4.4,4.0,3.7,1.0
R008582,P0066,2026-03-24,HCP00842,Diabetes,Digital Therapeutic,3.7,4.2,3.1,2.6
R008583,P0047,2025-05-17,HCP00868,Respiratory,Oral Therapy,4.7,4.8,2.2,1.0
R008584,P0014,2025-03-02,HCP01766,Cardiology,Combination Therapy,2.7,3.7,4.0,1.9
R008585,P0001,2026-06-06,HCP01744,Respiratory,Infusion,4.8,2.8,3.9,3.2
R008586,P0080,2026-03-18,HCP01463,Neurology,Combination Therapy,3.6,3.2,3.8,2.9
R008587,P0024,2026-08-11,HCP01298,Diabetes,Digital Therapeutic,3.5,3.9,4.4,3.8
R008588,P0103,2026-01-31,HCP00283,Respiratory,Oral Therapy,3.5,3.5,4.5,2.8
R008589,P0060,2025-08-27,HCP01416,Cardiology,Digital Therapeutic,5.0,2.9,3.6,1.8
R008590,P0105,2025-12-17,HCP00560,Neurology,Combination Therapy,3.3,3.8,4.0,1.3
R008591,P0056,2025-06-23,HCP00183,Immunology,Infusion,5.0,3.3,3.9,3.5
R008592,P0046,2025-12-19,HCP01512,Immunology,Oral Therapy,4.4,4.2,4.0,1.5
R008593,P0017,2026-01-12,HCP01309,Immunology,Infusion,2.8,4.9,5.0,1.4
R008594,P0050,2025-07-27,HCP01330,Diabetes,Infusion,2.9,4.6,4.3,2.5
R008595,P0099,2026-06-05,HCP01832,Rare Disease,Digital Therapeutic,3.9,3.2,4.7,3.5
R008596,P0104,2025-03-14,HCP00848,Cardiology,Oral Therapy,3.8,3.4,3.9,2.5
R008597,P0058,2025-08-19,HCP00840,Respiratory,Digital Therapeutic,3.4,2.7,3.3,2.2
R008598,P0120,2026-03-13,HCP00430,Immunology,Injectable,3.2,4.6,4.7,1.8
R008599,P0005,2025-02-01,HCP00190,Immunology,Injectable,5.0,3.9,4.5,2.8
R008600,P0007,2026-05-29,HCP02302,Diabetes,Digital Therapeutic,3.8,4.9,3.7,1.0
R008601,P0008,2025-12-18,HCP00721,Neurology,Infusion,4.1,4.2,3.9,1.2
R008602,P0008,2025-12-24,HCP01124,Neurology,Combination Therapy,3.8,3.5,4.4,1.7
R008603,P0001,2026-11-05,HCP02269,Respiratory,Injectable,3.7,2.6,4.2,1.8
R008604,P0007,2026-05-23,HCP00532,Diabetes,Injectable,5.0,4.0,3.9,1.9
R008605,P0096,2026-04-17,HCP00438,Neurology,Combination Therapy,4.2,5.0,3.3,3.3
R008606,P0056,2025-05-28,HCP01803,Immunology,Infusion,5.0,4.4,5.0,3.6
R008607,P0094,2025-04-23,HCP00887,Cardiology,Injectable,4.4,3.7,4.0,1.6
R008608,P0095,2026-02-07,HCP00640,Cardiology,Combination Therapy,3.1,4.4,4.7,2.2
R008609,P0083,2025-05-03,HCP01949,Immunology,Oral Therapy,4.8,4.3,2.4,1.8
R008610,P0012,2026-05-19,HCP00665,Oncology,Infusion,3.6,4.7,3.2,1.9
R008611,P0015,2025-08-14,HCP00014,Oncology,Injectable,5.0,3.2,4.7,2.9
R008612,P0083,2025-04-21,HCP02068,Immunology,Combination Therapy,3.1,4.1,3.9,3.5
R008613,P0115,2025-04-07,HCP02427,Neurology,Oral Therapy,2.4,2.8,4.7,3.6
R008614,P0021,2026-06-15,HCP02270,Rare Disease,Injectable,3.8,2.5,3.6,2.5
R008615,P0077,2025-08-30,HCP00289,Neurology,Oral Therapy,4.9,4.3,3.9,1.0
R008616,P0004,2025-04-24,HCP01171,Diabetes,Oral Therapy,3.2,4.7,3.5,1.2
R008617,P0024,2026-07-02,HCP02212,Diabetes,Injectable,4.2,3.8,4.6,1.0
R008618,P0072,2026-07-26,HCP01581,Immunology,Infusion,3.1,3.7,3.8,3.4
R008619,P0079,2026-06-20,HCP00748,Oncology,Infusion,4.5,4.0,4.5,1.9
R008620,P0072,2026-04-30,HCP00903,Immunology,Infusion,3.4,4.6,5.0,2.6
R008621,P0055,2025-11-30,HCP00784,Diabetes,Combination Therapy,3.9,4.4,3.9,3.8
R008622,P0034,2025-03-18,HCP01585,Respiratory,Combination Therapy,3.4,4.0,3.9,1.5
R008623,P0096,2026-03-22,HCP01632,Neurology,Injectable,3.1,4.3,3.7,2.2
R008624,P0039,2026-05-27,HCP01821,Respiratory,Oral Therapy,2.1,4.4,5.0,2.5
R008625,P0086,2025-11-14,HCP00696,Diabetes,Digital Therapeutic,2.6,3.0,3.9,1.2
R008626,P0043,2026-05-04,HCP01803,Immunology,Oral Therapy,3.5,4.2,3.8,3.2
R008627,P0063,2025-08-22,HCP01099,Rare Disease,Digital Therapeutic,4.1,2.9,3.3,3.5
R008628,P0112,2025-04-11,HCP00102,Respiratory,Oral Therapy,5.0,4.6,3.6,3.1
R008629,P0048,2025-06-12,HCP01954,Oncology,Oral Therapy,3.3,4.4,3.7,3.1
R008630,P0104,2025-04-24,HCP00247,Cardiology,Digital Therapeutic,3.2,3.8,4.7,2.6
R008631,P0008,2025-10-03,HCP00024,Neurology,Digital Therapeutic,2.6,3.7,3.8,2.8
R008632,P0064,2025-09-18,HCP01770,Cardiology,Injectable,4.4,4.6,3.8,3.6
R008633,P0062,2025-07-18,HCP00218,Immunology,Injectable,4.2,4.0,4.5,3.5
R008634,P0116,2026-04-24,HCP01330,Rare Disease,Oral Therapy,4.1,4.0,4.0,2.8
R008635,P0032,2026-07-20,HCP00838,Rare Disease,Combination Therapy,4.0,4.0,3.3,1.7
R008636,P0070,2026-07-01,HCP02359,Immunology,Combination Therapy,3.4,4.1,5.0,1.0
R008637,P0071,2026-01-01,HCP00773,Immunology,Oral Therapy,4.9,4.6,3.6,3.7
R008638,P0013,2025-03-05,HCP00259,Respiratory,Digital Therapeutic,3.0,2.7,4.2,4.0
R008639,P0120,2026-06-02,HCP00340,Immunology,Combination Therapy,3.3,3.7,4.3,1.9
R008640,P0059,2025-11-03,HCP02475,Cardiology,Combination Therapy,2.8,2.4,2.6,3.5
R008641,P0053,2025-04-02,HCP02405,Respiratory,Infusion,3.6,4.1,3.8,1.0
R008642,P0108,2025-05-10,HCP00334,Diabetes,Oral Therapy,3.0,3.4,3.6,3.1
R008643,P0009,2026-05-17,HCP00842,Immunology,Infusion,3.2,3.9,3.2,2.8
R008644,P0080,2026-06-12,HCP00079,Neurology,Injectable,2.7,3.3,3.9,1.9
R008645,P0003,2025-10-07,HCP02054,Respiratory,Injectable,2.9,3.2,4.1,4.3
R008646,P0115,2025-04-15,HCP02248,Neurology,Digital Therapeutic,2.3,3.5,4.4,2.3
R008647,P0098,2026-07-22,HCP01766,Cardiology,Infusion,4.0,3.9,4.1,3.3
R008648,P0064,2025-09-25,HCP01261,Cardiology,Oral Therapy,3.0,4.3,4.0,4.2
R008649,P0048,2025-07-27,HCP00924,Oncology,Digital Therapeutic,5.0,3.3,5.0,2.4
R008650,P0110,2026-05-25,HCP00717,Rare Disease,Combination Therapy,4.5,3.9,3.8,3.3
R008651,P0030,2026-02-22,HCP01783,Cardiology,Oral Therapy,3.8,4.1,2.9,2.5
R008652,P0092,2026-03-30,HCP01430,Cardiology,Combination Therapy,4.2,3.5,3.5,2.8
R008653,P0050,2025-05-29,HCP01164,Diabetes,Oral Therapy,4.4,4.1,4.7,1.6
R008654,P0099,2026-06-02,HCP00944,Rare Disease,Infusion,3.3,2.9,3.9,2.6
R008655,P0090,2025-06-07,HCP01826,Neurology,Oral Therapy,3.5,3.2,3.4,2.7
R008656,P0119,2025-11-06,HCP02472,Neurology,Combination Therapy,4.6,4.5,4.5,2.6
R008657,P0073,2026-07-24,HCP00306,Immunology,Digital Therapeutic,4.7,2.2,5.0,3.5
R008658,P0037,2025-10-25,HCP01935,Neurology,Combination Therapy,3.0,3.6,3.9,2.7
R008659,P0107,2026-01-29,HCP01134,Diabetes,Oral Therapy,5.0,3.8,4.4,1.6
R008660,P0076,2025-08-07,HCP01640,Cardiology,Digital Therapeutic,2.6,4.0,5.0,3.0
R008661,P0085,2026-01-20,HCP01998,Respiratory,Combination Therapy,1.8,4.0,5.0,2.0
R008662,P0031,2025-12-05,HCP00806,Rare Disease,Oral Therapy,5.0,3.6,4.4,2.7
R008663,P0064,2025-12-25,HCP00501,Cardiology,Combination Therapy,4.3,3.5,4.0,2.6
R008664,P0103,2026-02-09,HCP00065,Respiratory,Oral Therapy,3.9,3.2,4.0,3.1
R008665,P0045,2026-02-03,HCP02415,Neurology,Oral Therapy,4.4,4.9,2.6,2.7
R008666,P0071,2026-01-20,HCP01994,Immunology,Injectable,3.1,4.3,3.2,3.0
R008667,P0025,2025-08-20,HCP01798,Respiratory,Combination Therapy,2.2,4.0,4.3,2.6
R008668,P0022,2026-07-06,HCP00120,Cardiology,Combination Therapy,3.3,3.8,5.0,4.6
R008669,P0093,2025-02-12,HCP02307,Respiratory,Infusion,3.1,3.4,3.6,2.2
R008670,P0051,2025-08-29,HCP00283,Rare Disease,Infusion,2.9,3.8,3.9,2.0
R008671,P0025,2025-08-24,HCP00726,Respiratory,Oral Therapy,3.2,3.1,4.3,3.1
R008672,P0022,2026-04-20,HCP01473,Cardiology,Combination Therapy,3.2,4.8,5.0,2.1
R008673,P0015,2025-09-04,HCP00030,Oncology,Oral Therapy,3.3,3.2,3.5,3.2
R008674,P0055,2026-02-21,HCP01893,Diabetes,Digital Therapeutic,4.0,2.9,3.7,1.4
R008675,P0038,2025-11-03,HCP02318,Diabetes,Injectable,4.2,5.0,4.0,2.7
R008676,P0010,2025-03-15,HCP01023,Diabetes,Combination Therapy,4.0,3.7,4.1,2.9
R008677,P0058,2025-09-26,HCP00303,Respiratory,Oral Therapy,1.5,3.2,4.1,1.5
R008678,P0116,2026-05-31,HCP01473,Rare Disease,Injectable,2.8,4.3,4.3,2.9
R008679,P0118,2025-11-23,HCP01945,Immunology,Digital Therapeutic,2.8,2.9,4.4,1.0
R008680,P0072,2026-05-26,HCP02435,Immunology,Digital Therapeutic,4.7,3.3,4.2,2.5
R008681,P0070,2026-09-19,HCP00680,Immunology,Oral Therapy,3.0,4.4,4.0,3.6
R008682,P0119,2025-09-04,HCP00704,Neurology,Oral Therapy,2.1,5.0,3.1,1.7
R008683,P0091,2025-04-04,HCP00208,Rare Disease,Injectable,4.3,4.5,3.2,2.5
R008684,P0021,2026-03-07,HCP00110,Rare Disease,Digital Therapeutic,3.8,4.3,3.5,1.8
R008685,P0064,2025-11-12,HCP01842,Cardiology,Digital Therapeutic,5.0,4.8,4.8,3.1
R008686,P0047,2025-08-28,HCP00555,Respiratory,Infusion,2.5,3.6,5.0,3.2
R008687,P0018,2025-04-21,HCP00760,Immunology,Infusion,3.5,2.8,3.2,3.0
R008688,P0112,2025-04-12,HCP01117,Respiratory,Injectable,2.8,3.3,4.6,3.2
R008689,P0071,2025-12-25,HCP00194,Immunology,Infusion,2.8,4.8,3.0,1.9
R008690,P0084,2026-03-06,HCP01944,Immunology,Digital Therapeutic,3.0,3.0,4.4,2.4
R008691,P0096,2026-03-26,HCP01423,Neurology,Injectable,2.8,3.7,3.7,1.5
R008692,P0009,2026-04-19,HCP01049,Immunology,Oral Therapy,3.9,3.8,2.6,1.7
R008693,P0038,2025-11-07,HCP00583,Diabetes,Injectable,3.8,4.1,3.4,2.3
R008694,P0106,2026-03-18,HCP01473,Respiratory,Digital Therapeutic,3.7,4.2,3.7,3.6
R008695,P0025,2025-10-24,HCP01799,Respiratory,Combination Therapy,4.8,4.3,4.3,1.7
R008696,P0023,2025-07-11,HCP01415,Respiratory,Infusion,4.2,5.0,4.0,2.8
R008697,P0074,2025-11-08,HCP01895,Immunology,Combination Therapy,4.4,4.3,4.0,1.7
R008698,P0032,2026-07-05,HCP01220,Rare Disease,Infusion,3.8,4.8,3.9,1.4
R008699,P0100,2025-03-11,HCP00307,Neurology,Digital Therapeutic,4.0,3.8,4.7,3.7
R008700,P0088,2026-01-10,HCP00398,Respiratory,Infusion,4.5,5.0,3.4,3.5
R008701,P0093,2025-02-28,HCP01988,Respiratory,Oral Therapy,2.7,3.3,4.4,1.8
R008702,P0086,2025-10-16,HCP00171,Diabetes,Injectable,3.1,4.5,5.0,2.2
R008703,P0018,2025-03-18,HCP01139,Immunology,Digital Therapeutic,3.8,3.7,4.4,2.7
R008704,P0080,2026-06-08,HCP00508,Neurology,Digital Therapeutic,3.7,4.5,4.4,1.6
R008705,P0021,2026-05-20,HCP01892,Rare Disease,Digital Therapeutic,2.5,4.2,3.6,3.0
R008706,P0001,2026-07-15,HCP00676,Respiratory,Injectable,4.3,4.7,5.0,1.1
R008707,P0118,2025-12-14,HCP01909,Immunology,Oral Therapy,4.9,4.2,3.5,2.0
R008708,P0030,2026-02-23,HCP00469,Cardiology,Combination Therapy,4.9,3.8,4.0,2.2
R008709,P0084,2026-07-01,HCP01521,Immunology,Injectable,3.1,4.5,2.6,2.9
R008710,P0042,2025-10-05,HCP00482,Rare Disease,Digital Therapeutic,4.4,3.2,3.6,3.6
R008711,P0085,2026-01-15,HCP01168,Respiratory,Oral Therapy,3.4,2.6,4.5,1.6
R008712,P0049,2025-04-29,HCP01521,Neurology,Combination Therapy,3.8,2.3,3.9,2.4
R008713,P0053,2025-04-01,HCP00386,Respiratory,Combination Therapy,4.6,5.0,4.7,3.0
R008714,P0009,2026-05-05,HCP01137,Immunology,Digital Therapeutic,4.8,4.0,4.2,2.4
R008715,P0056,2025-06-30,HCP01782,Immunology,Injectable,3.3,4.1,4.3,2.3
R008716,P0082,2025-12-29,HCP00626,Neurology,Oral Therapy,3.3,3.6,4.7,3.2
R008717,P0086,2026-02-23,HCP00133,Diabetes,Injectable,5.0,4.0,3.0,1.0
R008718,P0107,2026-01-14,HCP00590,Diabetes,Infusion,3.6,3.3,4.6,2.3
R008719,P0071,2026-01-08,HCP00989,Immunology,Combination Therapy,1.1,3.8,3.8,2.5
R008720,P0119,2025-09-07,HCP00359,Neurology,Digital Therapeutic,4.1,2.5,3.7,2.5
R008721,P0076,2025-10-24,HCP02015,Cardiology,Infusion,3.0,2.5,3.3,1.8
R008722,P0096,2026-01-11,HCP01730,Neurology,Digital Therapeutic,3.5,2.9,4.3,3.3
R008723,P0018,2025-06-15,HCP01267,Immunology,Digital Therapeutic,4.2,3.2,4.1,2.7
R008724,P0025,2025-09-24,HCP01190,Respiratory,Digital Therapeutic,2.1,4.8,4.6,1.0
R008725,P0071,2025-12-28,HCP01988,Immunology,Oral Therapy,4.3,5.0,3.0,3.0
R008726,P0062,2025-07-26,HCP01662,Immunology,Infusion,2.4,4.6,4.7,2.3
R008727,P0060,2025-08-17,HCP01725,Cardiology,Combination Therapy,3.1,1.6,4.3,3.3
R008728,P0110,2026-05-26,HCP00947,Rare Disease,Digital Therapeutic,4.0,5.0,3.4,3.7
R008729,P0058,2025-09-17,HCP00014,Respiratory,Injectable,2.7,3.5,4.7,2.6
R008730,P0008,2025-09-30,HCP00213,Neurology,Infusion,2.7,2.7,4.3,1.8
R008731,P0063,2025-08-19,HCP01842,Rare Disease,Digital Therapeutic,4.0,5.0,3.2,3.3
R008732,P0028,2026-05-22,HCP02058,Oncology,Oral Therapy,4.1,3.5,4.1,3.8
R008733,P0005,2025-02-06,HCP00234,Immunology,Oral Therapy,3.5,3.1,2.4,2.8
R008734,P0032,2026-05-02,HCP00104,Rare Disease,Infusion,4.2,3.4,4.4,2.4
R008735,P0001,2026-07-05,HCP00588,Respiratory,Oral Therapy,5.0,3.6,3.6,3.3
R008736,P0074,2025-12-29,HCP00919,Immunology,Infusion,2.4,4.2,2.9,1.7
R008737,P0056,2025-06-28,HCP00455,Immunology,Digital Therapeutic,1.8,3.9,2.5,2.6
R008738,P0115,2025-04-09,HCP01463,Neurology,Infusion,4.7,3.4,4.2,2.1
R008739,P0008,2025-11-20,HCP02229,Neurology,Combination Therapy,2.7,2.4,3.9,3.0
R008740,P0058,2025-08-28,HCP01662,Respiratory,Oral Therapy,4.0,3.3,3.8,2.3
R008741,P0110,2026-06-28,HCP00832,Rare Disease,Infusion,4.2,4.0,4.2,2.3
R008742,P0068,2025-08-10,HCP01205,Immunology,Combination Therapy,3.7,3.3,4.0,3.0
R008743,P0044,2025-12-01,HCP02365,Immunology,Digital Therapeutic,3.9,3.9,4.5,3.7
R008744,P0077,2025-09-02,HCP01998,Neurology,Combination Therapy,5.0,3.8,4.0,3.1
R008745,P0033,2026-04-14,HCP00387,Oncology,Infusion,3.2,4.6,3.7,3.2
R008746,P0103,2026-02-08,HCP01199,Respiratory,Oral Therapy,4.8,4.0,3.7,3.4
R008747,P0080,2026-04-05,HCP00207,Neurology,Injectable,2.6,4.4,4.1,2.2
R008748,P0035,2026-03-27,HCP02090,Cardiology,Combination Therapy,4.0,3.6,4.3,2.7
R008749,P0010,2025-04-03,HCP01737,Diabetes,Injectable,4.1,5.0,3.6,2.4
R008750,P0076,2025-07-11,HCP00618,Cardiology,Combination Therapy,3.6,3.5,3.7,2.5
R008751,P0108,2025-03-29,HCP01866,Diabetes,Digital Therapeutic,4.5,3.2,4.2,2.2
R008752,P0112,2025-04-28,HCP01182,Respiratory,Digital Therapeutic,3.7,4.7,4.2,2.4
R008753,P0080,2026-04-28,HCP01991,Neurology,Combination Therapy,4.0,3.4,3.4,2.2
R008754,P0113,2026-07-20,HCP00078,Neurology,Combination Therapy,3.1,3.0,3.2,1.8
R008755,P0098,2026-03-27,HCP01073,Cardiology,Infusion,2.9,3.0,4.0,1.0
R008756,P0046,2026-02-10,HCP01446,Immunology,Digital Therapeutic,2.8,3.5,4.3,2.5
R008757,P0102,2026-02-04,HCP00262,Cardiology,Oral Therapy,3.2,3.6,4.2,3.9
R008758,P0014,2025-02-25,HCP01007,Cardiology,Oral Therapy,2.6,4.1,3.1,3.0
R008759,P0107,2026-04-23,HCP01848,Diabetes,Combination Therapy,5.0,4.3,4.2,2.4
R008760,P0111,2026-01-27,HCP01703,Immunology,Oral Therapy,3.4,3.8,4.6,1.3
R008761,P0068,2025-07-01,HCP00264,Immunology,Oral Therapy,3.7,4.5,3.7,1.7
R008762,P0111,2026-01-27,HCP01856,Immunology,Oral Therapy,2.7,4.4,3.6,1.0
R008763,P0016,2026-05-30,HCP01814,Cardiology,Oral Therapy,5.0,3.2,4.8,2.9
R008764,P0012,2026-04-20,HCP01083,Oncology,Infusion,3.5,3.1,4.7,1.8
R008765,P0042,2025-10-10,HCP02049,Rare Disease,Oral Therapy,3.2,3.5,3.4,3.5
R008766,P0010,2025-03-05,HCP01522,Diabetes,Oral Therapy,3.3,2.3,4.1,1.0
R008767,P0029,2025-11-25,HCP02499,Neurology,Combination Therapy,3.5,3.9,3.3,2.0
R008768,P0023,2025-06-11,HCP01831,Respiratory,Oral Therapy,3.4,3.6,4.3,3.4
R008769,P0055,2025-11-15,HCP02497,Diabetes,Oral Therapy,2.6,4.9,3.7,1.3
R008770,P0078,2026-01-07,HCP02092,Cardiology,Infusion,4.4,4.6,3.4,1.3
R008771,P0024,2026-09-28,HCP00838,Diabetes,Injectable,2.8,3.6,3.1,2.0
R008772,P0037,2025-07-25,HCP00263,Neurology,Injectable,4.4,4.5,4.8,1.5
R008773,P0089,2025-04-11,HCP01576,Neurology,Infusion,2.6,3.7,3.7,2.1
R008774,P0029,2025-12-17,HCP01370,Neurology,Oral Therapy,3.8,4.1,5.0,1.0
R008775,P0041,2026-05-01,HCP02465,Respiratory,Digital Therapeutic,2.8,2.4,4.9,3.5
R008776,P0096,2026-02-25,HCP02313,Neurology,Digital Therapeutic,3.1,3.4,4.8,3.2
R008777,P0048,2025-07-31,HCP00010,Oncology,Oral Therapy,4.1,3.9,2.7,2.0
R008778,P0030,2026-02-28,HCP00711,Cardiology,Infusion,4.7,3.6,3.9,1.0
R008779,P0097,2025-10-11,HCP01283,Cardiology,Injectable,5.0,4.7,2.6,1.6
R008780,P0116,2026-06-16,HCP01572,Rare Disease,Infusion,4.0,4.1,4.3,3.1
R008781,P0109,2025-12-07,HCP00996,Diabetes,Digital Therapeutic,3.7,4.2,4.0,3.1
R008782,P0053,2025-06-25,HCP00706,Respiratory,Injectable,2.9,4.0,5.0,1.9
R008783,P0003,2025-08-15,HCP01131,Respiratory,Digital Therapeutic,2.2,3.8,3.3,2.9
R008784,P0051,2025-09-29,HCP02010,Rare Disease,Digital Therapeutic,4.2,4.4,4.3,1.1
R008785,P0092,2026-03-18,HCP02353,Cardiology,Combination Therapy,3.5,5.0,4.0,2.4
R008786,P0114,2026-06-10,HCP01859,Cardiology,Oral Therapy,3.7,2.3,4.0,1.3
R008787,P0009,2026-05-03,HCP00407,Immunology,Infusion,3.4,3.1,4.5,2.8
R008788,P0015,2025-09-08,HCP02374,Oncology,Infusion,3.1,3.8,4.3,2.0
R008789,P0035,2026-03-10,HCP01329,Cardiology,Combination Therapy,4.3,4.7,4.6,2.2
R008790,P0014,2025-03-17,HCP01748,Cardiology,Injectable,5.0,4.4,4.4,2.4
R008791,P0022,2026-06-23,HCP01695,Cardiology,Injectable,2.7,3.2,4.2,1.0
R008792,P0053,2025-07-20,HCP01223,Respiratory,Digital Therapeutic,2.1,3.5,3.5,2.5
R008793,P0031,2025-12-23,HCP01322,Rare Disease,Injectable,3.5,4.3,3.8,3.5
R008794,P0071,2026-02-01,HCP01353,Immunology,Oral Therapy,3.1,3.4,3.3,2.5
R008795,P0114,2026-09-17,HCP00328,Cardiology,Infusion,4.7,4.0,3.8,3.4
R008796,P0061,2026-03-23,HCP01949,Immunology,Combination Therapy,4.1,3.3,4.3,2.1
R008797,P0061,2026-04-23,HCP00783,Immunology,Injectable,5.0,4.1,3.1,2.7
R008798,P0115,2025-04-20,HCP01845,Neurology,Oral Therapy,4.6,4.2,4.5,2.8
R008799,P0073,2026-08-13,HCP00066,Immunology,Infusion,3.8,1.9,3.8,3.1
R008800,P0120,2026-06-12,HCP00295,Immunology,Infusion,3.8,5.0,3.9,3.3
R008801,P0111,2026-01-30,HCP00666,Immunology,Injectable,4.0,5.0,4.0,1.2
R008802,P0005,2025-02-01,HCP00748,Immunology,Digital Therapeutic,2.9,2.4,4.1,1.8
R008803,P0113,2026-07-29,HCP00260,Neurology,Oral Therapy,4.1,3.6,2.4,2.9
R008804,P0020,2026-04-09,HCP01707,Cardiology,Infusion,4.9,2.7,3.9,2.8
R008805,P0033,2026-04-26,HCP00166,Oncology,Oral Therapy,3.2,2.3,3.5,2.5
R008806,P0067,2025-07-30,HCP00253,Immunology,Combination Therapy,3.5,4.4,3.8,4.9
R008807,P0093,2025-02-21,HCP01538,Respiratory,Infusion,4.3,5.0,4.5,2.6
R008808,P0115,2025-08-18,HCP01650,Neurology,Digital Therapeutic,5.0,3.8,3.7,2.8
R008809,P0056,2025-05-29,HCP01637,Immunology,Digital Therapeutic,3.1,4.9,3.5,1.3
R008810,P0034,2025-03-19,HCP02159,Respiratory,Digital Therapeutic,3.9,3.3,4.2,3.3
R008811,P0047,2025-09-26,HCP01972,Respiratory,Digital Therapeutic,3.7,2.8,3.2,2.6
R008812,P0045,2026-01-15,HCP00920,Neurology,Combination Therapy,3.5,3.5,4.8,2.6
R008813,P0036,2025-10-19,HCP01608,Respiratory,Digital Therapeutic,2.1,3.3,5.0,4.2
R008814,P0028,2026-03-23,HCP00546,Oncology,Oral Therapy,3.1,4.1,3.1,2.3
R008815,P0086,2026-02-19,HCP02058,Diabetes,Injectable,2.7,4.6,4.4,3.5
R008816,P0117,2025-08-24,HCP02136,Immunology,Infusion,3.6,3.0,5.0,3.5
R008817,P0072,2026-04-24,HCP01391,Immunology,Combination Therapy,3.3,2.9,3.7,2.3
R008818,P0019,2026-05-31,HCP01204,Respiratory,Infusion,2.7,4.4,3.6,1.2
R008819,P0081,2025-11-17,HCP01553,Oncology,Combination Therapy,3.5,3.6,3.6,1.9
R008820,P0068,2025-08-05,HCP02081,Immunology,Digital Therapeutic,5.0,4.3,4.8,3.5
R008821,P0049,2025-03-10,HCP02282,Neurology,Injectable,3.1,3.2,4.9,2.1
R008822,P0003,2025-07-03,HCP00196,Respiratory,Combination Therapy,3.4,3.3,3.8,1.4
R008823,P0094,2025-05-08,HCP01504,Cardiology,Infusion,3.5,4.5,5.0,2.6
R008824,P0073,2026-08-17,HCP00530,Immunology,Infusion,3.1,4.4,3.2,1.5
R008825,P0029,2026-01-10,HCP00156,Neurology,Oral Therapy,2.4,4.8,4.3,1.7
R008826,P0048,2025-06-22,HCP00003,Oncology,Oral Therapy,5.0,3.7,3.4,1.6
R008827,P0064,2025-08-14,HCP00239,Cardiology,Infusion,2.1,4.7,4.1,3.4
R008828,P0068,2025-07-22,HCP01121,Immunology,Digital Therapeutic,2.2,4.1,3.8,3.6
R008829,P0079,2026-05-17,HCP02142,Oncology,Combination Therapy,4.3,4.1,3.3,1.3
R008830,P0010,2025-03-24,HCP02206,Diabetes,Digital Therapeutic,2.0,3.2,4.2,2.7
R008831,P0065,2025-05-25,HCP01951,Immunology,Infusion,4.4,4.3,3.2,3.0
R008832,P0011,2025-05-24,HCP01614,Respiratory,Injectable,4.4,3.6,4.5,1.9
R008833,P0020,2026-06-20,HCP01526,Cardiology,Infusion,3.0,5.0,4.5,1.8
R008834,P0012,2026-04-07,HCP00045,Oncology,Oral Therapy,3.7,3.8,4.1,4.0
R008835,P0075,2026-02-14,HCP02056,Neurology,Infusion,3.7,3.7,3.8,1.4
R008836,P0101,2026-06-06,HCP00062,Cardiology,Oral Therapy,3.0,4.7,4.5,3.0
R008837,P0117,2025-08-05,HCP01972,Immunology,Digital Therapeutic,3.2,3.9,4.5,2.9
R008838,P0087,2026-04-07,HCP01801,Oncology,Oral Therapy,3.6,3.2,3.7,4.6
R008839,P0094,2025-05-29,HCP00662,Cardiology,Infusion,3.3,2.7,4.1,3.5
R008840,P0016,2026-08-06,HCP00232,Cardiology,Injectable,4.2,3.2,3.7,1.1
R008841,P0001,2026-09-24,HCP02203,Respiratory,Digital Therapeutic,3.6,2.5,4.3,1.4
R008842,P0038,2025-10-28,HCP00551,Diabetes,Digital Therapeutic,4.1,3.7,3.5,1.9
R008843,P0044,2025-08-25,HCP01331,Immunology,Injectable,3.4,4.4,4.1,2.6
R008844,P0053,2025-07-20,HCP01747,Respiratory,Injectable,4.2,3.4,3.9,1.0
R008845,P0080,2026-05-22,HCP01157,Neurology,Combination Therapy,4.5,5.0,4.6,2.8
R008846,P0012,2026-03-19,HCP00623,Oncology,Combination Therapy,2.0,2.8,3.6,2.7
R008847,P0013,2025-03-30,HCP01228,Respiratory,Combination Therapy,4.0,4.2,4.2,2.1
R008848,P0101,2026-05-30,HCP01226,Cardiology,Injectable,3.1,4.1,3.7,3.5
R008849,P0070,2026-05-30,HCP01108,Immunology,Oral Therapy,3.3,3.5,3.0,3.0
R008850,P0044,2025-09-03,HCP00989,Immunology,Digital Therapeutic,4.0,3.7,3.8,3.6
R008851,P0100,2025-04-08,HCP00132,Neurology,Injectable,3.8,5.0,4.4,4.9
R008852,P0081,2025-11-15,HCP00860,Oncology,Injectable,3.5,4.6,4.4,1.7
R008853,P0101,2026-05-17,HCP00915,Cardiology,Digital Therapeutic,4.3,4.5,3.6,3.0
R008854,P0078,2025-12-28,HCP00632,Cardiology,Oral Therapy,3.9,3.1,4.6,2.0
R008855,P0061,2026-03-02,HCP00273,Immunology,Combination Therapy,3.1,4.1,4.8,3.1
R008856,P0110,2026-06-18,HCP01019,Rare Disease,Injectable,4.6,4.4,3.4,2.1
R008857,P0119,2025-08-31,HCP02308,Neurology,Injectable,4.6,4.4,4.1,2.2
R008858,P0090,2025-06-04,HCP00457,Neurology,Digital Therapeutic,3.7,2.8,4.7,1.6
R008859,P0076,2025-11-12,HCP01737,Cardiology,Digital Therapeutic,3.2,4.0,4.8,3.0
R008860,P0005,2025-02-02,HCP02387,Immunology,Digital Therapeutic,3.0,4.0,4.1,4.0
R008861,P0105,2026-01-16,HCP02405,Neurology,Infusion,5.0,4.6,4.7,1.6
R008862,P0019,2026-03-13,HCP00792,Respiratory,Digital Therapeutic,3.5,3.6,4.8,1.0
R008863,P0004,2025-05-11,HCP00343,Diabetes,Injectable,3.8,3.0,4.4,3.1
R008864,P0054,2025-08-11,HCP01823,Neurology,Infusion,4.1,3.1,3.8,3.7
R008865,P0010,2025-02-28,HCP00761,Diabetes,Oral Therapy,1.4,4.1,4.2,4.8
R008866,P0012,2026-06-08,HCP00732,Oncology,Infusion,2.9,4.6,3.6,2.4
R008867,P0056,2025-06-13,HCP01808,Immunology,Injectable,5.0,3.5,3.6,2.4
R008868,P0048,2025-07-25,HCP00656,Oncology,Combination Therapy,1.3,4.0,3.0,3.0
R008869,P0016,2026-06-06,HCP01297,Cardiology,Combination Therapy,2.4,2.4,4.6,1.7
R008870,P0118,2025-11-19,HCP01207,Immunology,Oral Therapy,3.3,2.3,4.7,1.9
R008871,P0025,2025-11-02,HCP02111,Respiratory,Digital Therapeutic,2.9,4.1,2.8,3.3
R008872,P0025,2025-09-20,HCP01832,Respiratory,Oral Therapy,3.1,4.1,3.7,1.3
R008873,P0097,2025-10-21,HCP00921,Cardiology,Injectable,2.7,4.3,3.6,1.6
R008874,P0085,2026-01-09,HCP00010,Respiratory,Infusion,3.6,2.3,4.3,1.2
R008875,P0043,2026-03-15,HCP00624,Immunology,Injectable,4.0,4.8,4.0,1.8
R008876,P0032,2026-02-19,HCP00428,Rare Disease,Combination Therapy,4.0,3.4,4.4,2.2
R008877,P0110,2026-05-23,HCP01963,Rare Disease,Oral Therapy,3.0,3.4,4.0,2.3
R008878,P0005,2025-01-27,HCP01936,Immunology,Combination Therapy,4.5,4.3,4.2,2.3
R008879,P0077,2025-11-16,HCP00104,Neurology,Combination Therapy,3.8,3.9,4.0,3.2
R008880,P0012,2026-03-11,HCP00883,Oncology,Digital Therapeutic,4.6,5.0,4.8,2.3
R008881,P0001,2026-06-26,HCP00374,Respiratory,Combination Therapy,3.9,4.3,3.4,1.8
R008882,P0013,2025-04-11,HCP02139,Respiratory,Injectable,3.5,4.9,3.5,1.4
R008883,P0068,2025-07-08,HCP01806,Immunology,Digital Therapeutic,3.5,3.5,3.4,2.2
R008884,P0036,2025-11-10,HCP00334,Respiratory,Digital Therapeutic,4.0,4.7,4.3,4.2
R008885,P0083,2025-04-27,HCP01735,Immunology,Injectable,4.8,2.2,2.9,2.7
R008886,P0116,2026-04-03,HCP02033,Rare Disease,Injectable,3.8,3.7,2.7,4.0
R008887,P0005,2025-02-03,HCP00164,Immunology,Injectable,3.9,2.9,4.4,1.0
R008888,P0075,2026-02-27,HCP01556,Neurology,Oral Therapy,4.2,3.9,3.1,1.6
R008889,P0110,2026-07-05,HCP01316,Rare Disease,Infusion,2.2,3.9,3.4,1.0
R008890,P0015,2025-08-08,HCP00422,Oncology,Oral Therapy,2.5,4.5,3.1,2.4
R008891,P0051,2025-12-07,HCP02300,Rare Disease,Injectable,3.9,4.0,3.5,2.9
R008892,P0009,2026-05-16,HCP00031,Immunology,Combination Therapy,2.9,3.3,5.0,3.3
R008893,P0013,2025-04-16,HCP01229,Respiratory,Oral Therapy,3.5,3.5,3.8,3.2
R008894,P0117,2025-11-03,HCP02204,Immunology,Digital Therapeutic,3.7,3.9,4.0,3.4
R008895,P0031,2025-11-17,HCP00779,Rare Disease,Injectable,5.0,3.4,3.3,2.3
R008896,P0021,2026-06-12,HCP00723,Rare Disease,Oral Therapy,3.5,4.6,3.9,2.0
R008897,P0108,2025-04-16,HCP01819,Diabetes,Infusion,1.9,3.5,4.6,1.7
R008898,P0033,2026-04-03,HCP00604,Oncology,Injectable,3.9,4.5,4.1,3.9
R008899,P0034,2025-04-19,HCP01259,Respiratory,Digital Therapeutic,4.6,3.3,5.0,3.2
R008900,P0102,2026-02-04,HCP00460,Cardiology,Combination Therapy,4.2,4.2,3.5,2.2
R008901,P0091,2025-09-01,HCP00171,Rare Disease,Digital Therapeutic,4.1,3.7,2.6,2.5
R008902,P0067,2025-07-26,HCP00888,Immunology,Digital Therapeutic,3.1,4.6,4.3,3.4
R008903,P0102,2026-01-24,HCP00355,Cardiology,Digital Therapeutic,3.3,5.0,4.3,1.9
R008904,P0028,2026-03-13,HCP01310,Oncology,Injectable,3.0,3.9,4.0,2.7
R008905,P0096,2026-03-18,HCP01228,Neurology,Infusion,3.1,5.0,3.1,2.3
R008906,P0080,2026-04-24,HCP01195,Neurology,Combination Therapy,3.5,3.7,3.6,3.6
R008907,P0069,2026-03-21,HCP02420,Immunology,Infusion,4.5,3.9,4.1,2.2
R008908,P0045,2026-01-17,HCP02129,Neurology,Infusion,5.0,3.7,4.2,3.1
R008909,P0015,2025-08-07,HCP01085,Oncology,Digital Therapeutic,3.8,3.1,4.4,1.6
R008910,P0070,2026-06-27,HCP00494,Immunology,Infusion,4.2,4.8,3.4,1.5
R008911,P0097,2025-09-30,HCP00517,Cardiology,Oral Therapy,1.6,3.9,2.8,1.4
R008912,P0012,2026-04-09,HCP01867,Oncology,Infusion,3.3,3.5,3.9,3.4
R008913,P0020,2026-03-25,HCP02110,Cardiology,Oral Therapy,5.0,3.3,4.4,3.1
R008914,P0106,2026-02-11,HCP02274,Respiratory,Digital Therapeutic,3.8,5.0,3.1,3.7
R008915,P0104,2025-05-08,HCP02317,Cardiology,Combination Therapy,3.6,3.7,5.0,3.1
R008916,P0072,2026-06-29,HCP00093,Immunology,Injectable,5.0,3.7,3.8,2.6
R008917,P0056,2025-06-22,HCP02076,Immunology,Injectable,4.7,4.5,4.7,2.3
R008918,P0001,2026-06-13,HCP01879,Respiratory,Oral Therapy,4.4,4.9,5.0,3.4
R008919,P0110,2026-05-16,HCP00416,Rare Disease,Injectable,3.6,3.4,2.9,3.1
R008920,P0068,2025-06-16,HCP00687,Immunology,Digital Therapeutic,3.9,4.2,4.3,1.8
R008921,P0010,2025-03-24,HCP02425,Diabetes,Oral Therapy,5.0,4.2,5.0,2.0
R008922,P0044,2025-10-29,HCP01120,Immunology,Infusion,5.0,3.7,3.7,2.6
R008923,P0101,2026-06-03,HCP01739,Cardiology,Combination Therapy,3.2,3.5,5.0,2.5
R008924,P0109,2025-11-10,HCP00153,Diabetes,Combination Therapy,2.3,3.4,4.6,3.2
R008925,P0077,2025-11-14,HCP01601,Neurology,Oral Therapy,3.7,4.5,3.8,3.1
R008926,P0017,2026-01-05,HCP00736,Immunology,Combination Therapy,4.3,4.0,4.0,1.8
R008927,P0020,2026-05-29,HCP01939,Cardiology,Combination Therapy,5.0,3.9,3.0,1.5
R008928,P0041,2026-07-16,HCP00281,Respiratory,Digital Therapeutic,3.6,3.3,3.6,1.0
R008929,P0092,2026-02-17,HCP02486,Cardiology,Combination Therapy,3.4,4.5,4.4,2.5
R008930,P0092,2026-03-17,HCP00583,Cardiology,Infusion,4.6,4.0,3.8,4.1
R008931,P0090,2025-07-19,HCP01021,Neurology,Infusion,2.9,3.2,4.2,2.3
R008932,P0028,2026-03-16,HCP00082,Oncology,Digital Therapeutic,3.5,3.6,4.8,2.5
R008933,P0038,2025-10-12,HCP00242,Diabetes,Combination Therapy,3.7,4.3,4.7,2.7
R008934,P0038,2025-10-04,HCP02348,Diabetes,Oral Therapy,3.6,2.6,4.3,2.5
R008935,P0088,2025-12-12,HCP01755,Respiratory,Digital Therapeutic,4.8,3.8,3.6,1.4
R008936,P0093,2025-02-03,HCP02239,Respiratory,Injectable,4.2,4.4,4.1,1.9
R008937,P0004,2025-06-15,HCP02114,Diabetes,Combination Therapy,3.2,4.0,4.2,2.3
R008938,P0086,2025-11-21,HCP01628,Diabetes,Digital Therapeutic,3.5,4.3,3.6,3.9
R008939,P0047,2025-05-23,HCP01617,Respiratory,Oral Therapy,5.0,2.3,4.2,3.6
R008940,P0044,2025-11-24,HCP00814,Immunology,Infusion,2.5,2.9,3.5,1.5
R008941,P0061,2026-06-26,HCP01752,Immunology,Combination Therapy,2.1,4.4,4.0,3.7
R008942,P0057,2025-10-02,HCP02359,Immunology,Digital Therapeutic,2.6,4.1,3.6,4.1
R008943,P0118,2025-11-13,HCP00584,Immunology,Digital Therapeutic,4.0,3.6,3.7,2.9
R008944,P0067,2025-06-30,HCP02430,Immunology,Oral Therapy,4.7,4.0,4.6,2.0
R008945,P0100,2025-03-19,HCP01308,Neurology,Combination Therapy,3.6,4.2,4.6,2.6
R008946,P0107,2025-12-15,HCP01987,Diabetes,Digital Therapeutic,3.2,3.5,3.9,3.9
R008947,P0118,2025-12-18,HCP00888,Immunology,Combination Therapy,3.1,3.3,4.8,1.5
R008948,P0080,2026-03-29,HCP01705,Neurology,Combination Therapy,2.2,2.9,4.5,2.1
R008949,P0114,2026-08-24,HCP01392,Cardiology,Combination Therapy,5.0,4.8,4.4,2.9
R008950,P0072,2026-07-12,HCP00822,Immunology,Digital Therapeutic,3.5,3.9,4.0,2.2
R008951,P0045,2025-12-27,HCP00068,Neurology,Infusion,3.9,4.9,4.4,1.0
R008952,P0098,2026-07-19,HCP02209,Cardiology,Oral Therapy,4.4,2.9,3.7,1.5
R008953,P0106,2026-01-29,HCP01735,Respiratory,Oral Therapy,4.9,3.9,4.1,1.3
R008954,P0037,2025-08-14,HCP01250,Neurology,Digital Therapeutic,3.5,3.0,4.8,2.1
R008955,P0116,2026-05-12,HCP01371,Rare Disease,Combination Therapy,2.9,5.0,4.6,4.1
R008956,P0054,2025-10-06,HCP01581,Neurology,Combination Therapy,3.7,5.0,3.6,3.7
R008957,P0028,2026-05-24,HCP00065,Oncology,Combination Therapy,3.6,4.7,4.7,2.5
R008958,P0083,2025-04-23,HCP00434,Immunology,Oral Therapy,3.2,3.0,3.2,3.1
R008959,P0030,2026-01-19,HCP02475,Cardiology,Infusion,2.6,3.0,4.0,2.7
R008960,P0049,2025-04-28,HCP00054,Neurology,Digital Therapeutic,4.0,3.7,4.7,2.3
R008961,P0065,2025-05-22,HCP00275,Immunology,Digital Therapeutic,4.8,3.9,3.5,2.5
R008962,P0058,2025-07-17,HCP02469,Respiratory,Infusion,5.0,4.2,4.2,2.2
R008963,P0014,2025-03-12,HCP01962,Cardiology,Combination Therapy,3.1,4.1,4.3,1.4
R008964,P0020,2026-05-10,HCP01554,Cardiology,Injectable,5.0,3.8,4.8,2.5
R008965,P0010,2025-02-27,HCP02296,Diabetes,Combination Therapy,2.8,3.6,3.7,1.8
R008966,P0074,2025-12-26,HCP01714,Immunology,Infusion,3.8,3.2,4.6,2.0
R008967,P0120,2026-07-25,HCP00221,Immunology,Digital Therapeutic,4.6,4.3,3.5,2.9
R008968,P0077,2025-11-15,HCP00126,Neurology,Infusion,4.2,2.1,3.8,1.1
R008969,P0068,2025-07-15,HCP02195,Immunology,Injectable,4.9,3.9,4.0,1.5
R008970,P0103,2026-03-16,HCP01054,Respiratory,Infusion,2.8,4.0,3.9,2.5
R008971,P0003,2025-07-12,HCP00883,Respiratory,Infusion,3.5,3.6,4.6,1.4
R008972,P0011,2025-02-28,HCP00711,Respiratory,Digital Therapeutic,3.5,4.4,5.0,1.9
R008973,P0119,2025-10-03,HCP01998,Neurology,Oral Therapy,4.7,4.5,4.0,3.3
R008974,P0108,2025-03-12,HCP02090,Diabetes,Oral Therapy,3.5,3.9,4.0,2.2
R008975,P0067,2025-07-11,HCP01553,Immunology,Injectable,3.9,5.0,5.0,1.8
R008976,P0011,2025-05-04,HCP01214,Respiratory,Injectable,3.5,3.3,5.0,3.2
R008977,P0023,2025-08-31,HCP01480,Respiratory,Digital Therapeutic,4.0,3.5,3.9,1.0
R008978,P0090,2025-09-01,HCP00962,Neurology,Digital Therapeutic,3.1,3.5,4.2,1.2
R008979,P0028,2026-04-14,HCP00913,Oncology,Oral Therapy,2.7,4.6,3.1,1.3
R008980,P0071,2026-02-07,HCP00370,Immunology,Oral Therapy,3.3,4.1,3.5,1.9
R008981,P0091,2025-08-28,HCP01169,Rare Disease,Combination Therapy,2.9,2.5,2.9,1.1
R008982,P0049,2025-05-23,HCP00959,Neurology,Digital Therapeutic,3.5,3.6,3.8,4.2
R008983,P0057,2025-10-03,HCP00708,Immunology,Combination Therapy,4.4,3.4,5.0,1.0
R008984,P0111,2026-01-27,HCP00906,Immunology,Digital Therapeutic,2.6,5.0,3.4,2.9
R008985,P0118,2025-12-11,HCP01754,Immunology,Infusion,3.3,3.2,3.6,2.1
R008986,P0055,2026-01-30,HCP01968,Diabetes,Injectable,5.0,3.8,4.3,2.6
R008987,P0025,2025-09-27,HCP02012,Respiratory,Combination Therapy,2.2,2.7,3.0,2.0
R008988,P0003,2025-09-16,HCP02119,Respiratory,Combination Therapy,2.8,3.9,4.2,2.3
R008989,P0022,2026-04-23,HCP02459,Cardiology,Infusion,4.0,5.0,2.4,1.6
R008990,P0063,2025-08-14,HCP00949,Rare Disease,Infusion,2.3,3.2,3.8,3.6
R008991,P0118,2025-12-19,HCP02236,Immunology,Injectable,3.6,4.5,3.0,1.3
R008992,P0064,2025-09-17,HCP01026,Cardiology,Combination Therapy,5.0,3.7,3.5,2.4
R008993,P0118,2025-11-07,HCP02070,Immunology,Oral Therapy,3.2,3.8,3.9,4.6
R008994,P0090,2025-06-18,HCP02439,Neurology,Oral Therapy,2.9,4.2,3.9,3.2
R008995,P0010,2025-02-23,HCP01960,Diabetes,Combination Therapy,2.3,2.9,3.9,1.4
R008996,P0043,2026-03-24,HCP00946,Immunology,Combination Therapy,3.0,3.3,5.0,3.6
R008997,P0070,2026-08-19,HCP00942,Immunology,Injectable,3.5,3.2,4.5,2.8
R008998,P0009,2026-05-11,HCP01572,Immunology,Infusion,5.0,5.0,2.9,2.1
R008999,P0003,2025-06-06,HCP02497,Respiratory,Injectable,3.5,4.5,3.1,3.2
R009000,P0042,2025-10-19,HCP00337,Rare Disease,Combination Therapy,3.6,4.5,4.9,3.7
R009001,P0108,2025-04-20,HCP00644,Diabetes,Oral Therapy,3.7,4.5,4.0,1.8
R009002,P0073,2026-08-17,HCP01073,Immunology,Infusion,3.0,4.4,4.8,2.1
R009003,P0063,2025-09-22,HCP02020,Rare Disease,Infusion,1.7,2.7,4.7,2.0
R009004,P0066,2026-03-19,HCP00604,Diabetes,Combination Therapy,4.9,3.4,3.8,3.0
R009005,P0066,2026-03-02,HCP01134,Diabetes,Infusion,4.2,3.6,4.1,3.3
R009006,P0102,2026-02-03,HCP00608,Cardiology,Injectable,4.6,3.9,3.6,3.1
R009007,P0039,2026-08-03,HCP01770,Respiratory,Infusion,3.9,3.1,4.6,1.6
R009008,P0033,2026-05-20,HCP00586,Oncology,Digital Therapeutic,4.7,2.8,4.1,4.2
R009009,P0034,2025-04-24,HCP00241,Respiratory,Combination Therapy,2.4,3.1,4.8,1.8
R009010,P0069,2026-02-25,HCP01187,Immunology,Oral Therapy,3.7,3.3,3.6,2.7
R009011,P0033,2026-02-02,HCP00004,Oncology,Digital Therapeutic,4.1,3.5,3.8,2.3
R009012,P0118,2025-11-17,HCP00736,Immunology,Infusion,4.8,4.1,3.7,1.6
R009013,P0083,2025-05-15,HCP02417,Immunology,Oral Therapy,4.1,3.7,5.0,2.7
R009014,P0038,2025-10-25,HCP02042,Diabetes,Injectable,4.1,4.7,4.0,2.6
R009015,P0032,2026-05-01,HCP01571,Rare Disease,Infusion,3.9,4.2,3.9,3.1
R009016,P0053,2025-05-03,HCP01122,Respiratory,Combination Therapy,2.4,3.6,3.9,2.5
R009017,P0104,2025-03-21,HCP02023,Cardiology,Combination Therapy,3.2,4.1,4.8,2.7
R009018,P0120,2026-04-19,HCP00138,Immunology,Infusion,3.3,3.7,5.0,4.1
R009019,P0064,2025-12-27,HCP01087,Cardiology,Digital Therapeutic,4.4,3.4,5.0,2.3
R009020,P0018,2025-06-10,HCP01097,Immunology,Infusion,4.1,3.8,4.5,1.0
R009021,P0006,2025-09-19,HCP00042,Cardiology,Digital Therapeutic,5.0,4.1,3.4,3.3
R009022,P0069,2026-03-24,HCP00249,Immunology,Combination Therapy,4.1,4.5,3.6,3.3
R009023,P0075,2026-03-26,HCP01079,Neurology,Oral Therapy,3.5,5.0,4.2,1.2
R009024,P0045,2025-12-29,HCP00368,Neurology,Combination Therapy,4.8,4.7,2.5,1.4
R009025,P0107,2026-02-11,HCP02474,Diabetes,Oral Therapy,2.6,3.1,3.6,2.0
R009026,P0006,2025-09-01,HCP00339,Cardiology,Combination Therapy,3.5,2.7,4.6,1.7
R009027,P0037,2025-08-15,HCP00074,Neurology,Infusion,2.9,4.7,3.0,2.2
R009028,P0092,2026-04-28,HCP01983,Cardiology,Oral Therapy,2.7,3.7,4.3,2.2
R009029,P0030,2026-02-10,HCP01014,Cardiology,Oral Therapy,2.8,3.3,3.6,2.4
R009030,P0024,2026-10-05,HCP01074,Diabetes,Combination Therapy,3.1,4.9,3.6,3.6
R009031,P0088,2025-12-01,HCP00665,Respiratory,Digital Therapeutic,3.9,3.7,4.4,4.4
R009032,P0108,2025-04-22,HCP00003,Diabetes,Infusion,3.4,3.7,5.0,1.4
R009033,P0023,2025-06-22,HCP01794,Respiratory,Combination Therapy,3.9,3.4,4.0,2.6
R009034,P0051,2025-08-28,HCP01280,Rare Disease,Combination Therapy,3.9,2.4,4.9,3.5
R009035,P0117,2025-09-03,HCP00992,Immunology,Oral Therapy,1.7,3.2,4.2,3.6
R009036,P0018,2025-05-21,HCP00504,Immunology,Infusion,3.8,3.4,3.3,1.2
R009037,P0017,2025-12-30,HCP00339,Immunology,Digital Therapeutic,3.1,2.7,4.7,2.5
R009038,P0030,2026-02-18,HCP01794,Cardiology,Digital Therapeutic,2.3,3.9,4.9,3.3
R009039,P0058,2025-07-26,HCP00168,Respiratory,Infusion,3.9,4.0,4.3,1.7
R009040,P0100,2025-03-24,HCP02355,Neurology,Injectable,3.8,4.4,3.2,1.9
R009041,P0053,2025-04-14,HCP01341,Respiratory,Injectable,3.8,3.3,3.0,3.3
R009042,P0045,2026-02-08,HCP00426,Neurology,Oral Therapy,4.3,2.5,4.3,2.1
R009043,P0102,2026-02-10,HCP02213,Cardiology,Infusion,3.1,3.6,4.3,3.0
R009044,P0031,2025-12-14,HCP00692,Rare Disease,Infusion,2.9,2.9,4.5,4.0
R009045,P0044,2025-09-15,HCP00748,Immunology,Combination Therapy,3.7,3.8,2.6,2.7
R009046,P0030,2026-03-23,HCP01781,Cardiology,Oral Therapy,3.3,4.4,3.4,2.2
R009047,P0014,2025-03-21,HCP00303,Cardiology,Infusion,5.0,3.4,3.6,3.1
R009048,P0070,2026-09-17,HCP01581,Immunology,Digital Therapeutic,3.6,3.7,4.7,2.9
R009049,P0117,2025-10-27,HCP00686,Immunology,Infusion,3.7,2.4,4.0,2.1
R009050,P0031,2025-11-28,HCP02071,Rare Disease,Oral Therapy,2.9,3.5,4.7,2.6
R009051,P0009,2026-04-16,HCP01163,Immunology,Digital Therapeutic,2.8,4.9,3.4,3.2
R009052,P0113,2026-07-01,HCP01623,Neurology,Oral Therapy,2.2,4.2,2.8,2.7
R009053,P0013,2025-03-28,HCP01154,Respiratory,Digital Therapeutic,3.4,3.3,4.5,1.7
R009054,P0006,2025-07-27,HCP00478,Cardiology,Injectable,3.5,3.0,3.9,3.2
R009055,P0089,2025-02-17,HCP00804,Neurology,Digital Therapeutic,4.6,3.8,4.0,2.3
R009056,P0019,2026-04-14,HCP02089,Respiratory,Oral Therapy,3.4,4.2,3.2,2.2
R009057,P0120,2026-04-15,HCP01275,Immunology,Digital Therapeutic,3.3,3.3,4.1,1.0
R009058,P0052,2025-10-08,HCP00403,Oncology,Oral Therapy,3.8,3.7,4.1,3.7
R009059,P0081,2025-11-10,HCP00169,Oncology,Injectable,3.5,2.4,4.0,3.0
R009060,P0025,2025-09-10,HCP00210,Respiratory,Digital Therapeutic,4.4,4.4,4.4,2.2
R009061,P0026,2026-03-08,HCP02038,Diabetes,Injectable,4.8,3.2,4.5,3.1
R009062,P0094,2025-04-16,HCP02349,Cardiology,Infusion,3.6,4.2,4.8,3.5
R009063,P0062,2025-06-21,HCP01258,Immunology,Infusion,2.8,4.0,4.0,3.3
R009064,P0110,2026-07-17,HCP01460,Rare Disease,Injectable,3.5,4.1,5.0,2.2
R009065,P0111,2026-02-06,HCP01297,Immunology,Infusion,3.8,3.6,3.2,1.6
R009066,P0073,2026-04-17,HCP00828,Immunology,Injectable,2.5,5.0,4.6,2.0
R009067,P0094,2025-06-01,HCP01920,Cardiology,Infusion,3.4,3.3,4.0,2.8
R009068,P0103,2026-01-04,HCP00641,Respiratory,Digital Therapeutic,2.3,5.0,3.9,1.3
R009069,P0070,2026-09-12,HCP01836,Immunology,Digital Therapeutic,4.0,4.0,3.7,4.1
R009070,P0097,2025-09-25,HCP00212,Cardiology,Injectable,2.7,3.9,4.4,2.8
R009071,P0004,2025-06-16,HCP01448,Diabetes,Digital Therapeutic,3.3,3.6,5.0,3.5
R009072,P0020,2026-04-19,HCP01400,Cardiology,Digital Therapeutic,3.5,3.9,4.9,1.7
R009073,P0057,2025-09-19,HCP00331,Immunology,Infusion,2.5,3.8,4.6,2.6
R009074,P0010,2025-02-25,HCP02176,Diabetes,Digital Therapeutic,3.7,5.0,3.9,2.0
R009075,P0056,2025-06-18,HCP00471,Immunology,Infusion,2.7,3.0,5.0,1.0
R009076,P0076,2025-10-25,HCP01700,Cardiology,Oral Therapy,4.9,3.7,4.3,3.0
R009077,P0045,2025-12-30,HCP01192,Neurology,Infusion,4.8,3.1,3.3,3.6
R009078,P0118,2025-11-24,HCP01906,Immunology,Combination Therapy,4.6,3.4,3.5,4.6
R009079,P0105,2026-02-13,HCP01088,Neurology,Infusion,3.7,3.8,5.0,2.8
R009080,P0100,2025-04-08,HCP01497,Neurology,Infusion,3.9,4.9,4.7,2.1
R009081,P0086,2025-12-31,HCP01848,Diabetes,Digital Therapeutic,3.5,4.1,4.8,3.3
R009082,P0074,2025-09-16,HCP00025,Immunology,Combination Therapy,4.1,3.1,4.1,1.9
R009083,P0080,2026-06-08,HCP00531,Neurology,Infusion,5.0,3.6,3.4,2.0
R009084,P0014,2025-02-06,HCP01113,Cardiology,Injectable,2.8,4.6,2.9,2.4
R009085,P0113,2026-06-28,HCP00897,Neurology,Digital Therapeutic,4.0,3.4,3.5,1.7
R009086,P0094,2025-05-26,HCP00090,Cardiology,Digital Therapeutic,2.2,3.9,3.0,1.7
R009087,P0035,2026-03-22,HCP01592,Cardiology,Digital Therapeutic,3.3,4.1,5.0,3.9
R009088,P0082,2026-02-27,HCP00204,Neurology,Digital Therapeutic,3.6,3.6,3.6,1.7
R009089,P0050,2025-06-25,HCP01902,Diabetes,Combination Therapy,3.9,3.2,3.6,3.0
R009090,P0113,2026-05-21,HCP00440,Neurology,Injectable,4.2,4.0,3.6,1.7
R009091,P0065,2025-05-31,HCP01503,Immunology,Injectable,4.7,5.0,2.9,2.4
R009092,P0086,2025-10-13,HCP02224,Diabetes,Combination Therapy,2.4,3.5,2.8,2.8
R009093,P0023,2025-08-03,HCP00909,Respiratory,Oral Therapy,4.4,3.4,5.0,2.6
R009094,P0013,2025-04-16,HCP00538,Respiratory,Combination Therapy,5.0,4.3,5.0,1.7
R009095,P0109,2025-10-15,HCP00573,Diabetes,Injectable,3.3,5.0,4.8,3.3
R009096,P0074,2025-10-23,HCP01130,Immunology,Digital Therapeutic,3.2,3.2,4.3,2.6
R009097,P0080,2026-03-29,HCP00735,Neurology,Combination Therapy,3.8,3.0,3.2,1.0
R009098,P0049,2025-03-31,HCP02192,Neurology,Combination Therapy,3.6,4.4,4.8,3.3
R009099,P0076,2025-06-20,HCP02103,Cardiology,Digital Therapeutic,3.5,4.4,4.0,2.6
R009100,P0051,2025-12-30,HCP01696,Rare Disease,Injectable,4.9,3.1,4.4,2.4
R009101,P0077,2025-09-08,HCP00863,Neurology,Injectable,5.0,3.6,4.2,2.7
R009102,P0076,2025-09-26,HCP00332,Cardiology,Digital Therapeutic,3.4,3.0,4.5,1.0
R009103,P0027,2025-12-02,HCP00579,Cardiology,Digital Therapeutic,5.0,3.5,4.6,1.8
R009104,P0108,2025-05-01,HCP01156,Diabetes,Injectable,3.4,3.6,3.9,2.7
R009105,P0114,2026-05-22,HCP02039,Cardiology,Infusion,4.3,4.5,4.7,1.6
R009106,P0092,2026-03-18,HCP01928,Cardiology,Combination Therapy,2.8,4.7,3.8,3.1
R009107,P0003,2025-06-11,HCP02446,Respiratory,Oral Therapy,2.9,3.7,4.7,1.3
R009108,P0003,2025-09-22,HCP01110,Respiratory,Infusion,3.4,4.9,4.7,2.4
R009109,P0097,2025-09-25,HCP01382,Cardiology,Infusion,4.4,4.5,2.9,3.7
R009110,P0018,2025-04-30,HCP00544,Immunology,Combination Therapy,3.9,2.9,4.0,1.7
R009111,P0118,2025-11-24,HCP01724,Immunology,Injectable,2.3,4.6,2.6,2.5
R009112,P0044,2025-08-14,HCP01609,Immunology,Oral Therapy,2.6,4.4,3.0,1.7
R009113,P0022,2026-05-05,HCP00174,Cardiology,Infusion,2.2,5.0,4.0,1.1
R009114,P0083,2025-05-03,HCP01019,Immunology,Injectable,4.0,4.0,3.9,3.1
R009115,P0083,2025-04-22,HCP02332,Immunology,Combination Therapy,3.8,5.0,3.8,2.5
R009116,P0077,2025-12-19,HCP01285,Neurology,Digital Therapeutic,3.8,2.6,4.4,2.6
R009117,P0093,2025-02-25,HCP01092,Respiratory,Injectable,3.8,3.5,3.8,2.8
R009118,P0061,2026-03-20,HCP00313,Immunology,Injectable,3.1,2.4,3.2,1.7
R009119,P0038,2025-10-12,HCP01984,Diabetes,Oral Therapy,3.8,3.6,3.0,1.4
R009120,P0052,2025-11-17,HCP02263,Oncology,Oral Therapy,4.9,3.9,2.9,2.7
R009121,P0076,2025-10-16,HCP02265,Cardiology,Infusion,4.2,3.8,3.4,3.8
R009122,P0095,2025-12-19,HCP02303,Cardiology,Digital Therapeutic,2.7,4.5,3.5,2.8
R009123,P0052,2025-11-04,HCP02365,Oncology,Digital Therapeutic,3.4,5.0,4.9,1.2
R009124,P0012,2026-06-03,HCP00759,Oncology,Oral Therapy,3.2,3.5,4.1,5.0
R009125,P0049,2025-03-09,HCP01893,Neurology,Oral Therapy,4.4,4.7,3.3,1.4
R009126,P0072,2026-07-02,HCP00732,Immunology,Infusion,2.8,4.3,4.6,1.0
R009127,P0093,2025-02-06,HCP00906,Respiratory,Oral Therapy,3.9,4.1,4.5,4.1
R009128,P0098,2026-05-26,HCP00427,Cardiology,Combination Therapy,3.4,4.4,3.7,1.8
R009129,P0095,2026-01-25,HCP00107,Cardiology,Infusion,3.0,3.6,4.8,2.1
R009130,P0033,2026-01-27,HCP01465,Oncology,Infusion,3.9,4.5,4.7,3.5
R009131,P0003,2025-09-15,HCP00199,Respiratory,Digital Therapeutic,3.5,2.8,3.8,4.0
R009132,P0025,2025-07-30,HCP00498,Respiratory,Infusion,4.3,3.9,4.0,2.3
R009133,P0015,2025-07-30,HCP00478,Oncology,Oral Therapy,3.3,3.6,3.8,3.2
R009134,P0081,2025-10-22,HCP01537,Oncology,Injectable,2.7,5.0,4.4,4.1
R009135,P0033,2026-05-23,HCP01242,Oncology,Injectable,3.5,3.0,2.5,1.4
R009136,P0022,2026-07-03,HCP02365,Cardiology,Oral Therapy,3.9,4.1,4.6,2.8
R009137,P0065,2025-05-05,HCP01644,Immunology,Infusion,4.2,4.7,3.1,2.2
R009138,P0059,2025-10-20,HCP00453,Cardiology,Oral Therapy,3.5,3.4,3.6,1.4
R009139,P0085,2026-03-01,HCP00632,Respiratory,Oral Therapy,4.4,3.8,5.0,3.3
R009140,P0111,2026-01-24,HCP00565,Immunology,Combination Therapy,2.6,3.4,3.8,3.6
R009141,P0011,2025-03-17,HCP01140,Respiratory,Oral Therapy,4.5,3.5,4.2,3.1
R009142,P0008,2025-11-22,HCP00228,Neurology,Oral Therapy,4.2,5.0,4.3,3.0
R009143,P0099,2026-07-20,HCP01066,Rare Disease,Infusion,3.3,2.5,4.3,2.3
R009144,P0110,2026-06-12,HCP00788,Rare Disease,Combination Therapy,4.6,4.0,3.7,2.8
R009145,P0041,2026-05-21,HCP00262,Respiratory,Injectable,4.0,2.3,4.3,3.0
R009146,P0023,2025-08-13,HCP02205,Respiratory,Injectable,4.8,4.5,4.0,4.6
R009147,P0036,2025-11-16,HCP00861,Respiratory,Digital Therapeutic,3.0,3.5,2.9,1.0
R009148,P0058,2025-09-01,HCP00040,Respiratory,Combination Therapy,3.1,2.6,3.3,2.0
R009149,P0002,2025-10-05,HCP01842,Cardiology,Injectable,4.2,3.7,3.9,2.3
R009150,P0016,2026-07-23,HCP01591,Cardiology,Oral Therapy,3.8,3.0,4.4,2.9
R009151,P0005,2025-02-07,HCP00878,Immunology,Injectable,2.5,4.5,4.4,3.8
R009152,P0086,2025-11-10,HCP00961,Diabetes,Combination Therapy,5.0,4.5,4.1,3.4
R009153,P0054,2025-09-23,HCP00498,Neurology,Injectable,5.0,3.0,4.0,2.2
R009154,P0120,2026-06-25,HCP00794,Immunology,Combination Therapy,3.9,4.2,3.9,3.1
R009155,P0054,2025-08-26,HCP00413,Neurology,Infusion,3.1,3.4,4.2,2.4
R009156,P0037,2025-07-29,HCP00431,Neurology,Infusion,3.1,3.6,3.4,2.7
R009157,P0037,2025-09-19,HCP00973,Neurology,Digital Therapeutic,4.0,5.0,4.0,3.4
R009158,P0111,2026-01-12,HCP02082,Immunology,Combination Therapy,4.9,3.5,4.6,1.0
R009159,P0023,2025-06-14,HCP00430,Respiratory,Digital Therapeutic,5.0,4.8,4.1,2.3
R009160,P0088,2025-12-26,HCP02057,Respiratory,Injectable,3.4,5.0,3.4,1.6
R009161,P0106,2026-02-16,HCP02072,Respiratory,Injectable,3.4,3.6,3.4,1.7
R009162,P0116,2026-02-22,HCP00103,Rare Disease,Oral Therapy,3.6,4.0,4.8,1.9
R009163,P0011,2025-03-03,HCP00690,Respiratory,Infusion,4.0,3.5,3.9,1.0
R009164,P0081,2025-09-24,HCP01442,Oncology,Combination Therapy,3.0,3.8,3.1,3.7
R009165,P0098,2026-06-03,HCP00405,Cardiology,Injectable,2.5,4.3,3.4,4.8
R009166,P0082,2025-12-13,HCP01038,Neurology,Injectable,3.5,3.8,2.9,2.7
R009167,P0101,2026-06-14,HCP01754,Cardiology,Combination Therapy,4.0,4.1,2.9,4.0
R009168,P0114,2026-08-24,HCP00016,Cardiology,Oral Therapy,5.0,3.3,4.2,1.9
R009169,P0106,2026-02-19,HCP01597,Respiratory,Injectable,2.8,3.2,3.6,3.7
R009170,P0088,2025-12-05,HCP00764,Respiratory,Injectable,4.7,3.6,3.2,2.1
R009171,P0024,2026-06-21,HCP01966,Diabetes,Combination Therapy,3.6,3.9,4.8,2.0
R009172,P0102,2026-02-04,HCP00471,Cardiology,Combination Therapy,3.5,4.7,3.8,2.6
R009173,P0083,2025-05-05,HCP01753,Immunology,Combination Therapy,2.4,3.7,4.0,4.1
R009174,P0035,2026-04-28,HCP01909,Cardiology,Combination Therapy,4.0,4.1,4.5,3.5
R009175,P0078,2025-10-27,HCP01092,Cardiology,Oral Therapy,3.9,3.2,3.0,3.8
R009176,P0021,2026-04-06,HCP01119,Rare Disease,Oral Therapy,5.0,4.4,3.2,1.2
R009177,P0101,2026-05-24,HCP01008,Cardiology,Combination Therapy,3.5,3.5,4.0,1.5
R009178,P0077,2025-10-30,HCP01996,Neurology,Injectable,5.0,3.7,1.8,2.1
R009179,P0078,2025-11-02,HCP01024,Cardiology,Oral Therapy,3.4,3.9,5.0,3.8
R009180,P0031,2025-12-27,HCP02423,Rare Disease,Infusion,3.4,3.4,4.2,3.1
R009181,P0019,2026-03-17,HCP00387,Respiratory,Combination Therapy,2.3,3.0,3.9,1.0
R009182,P0052,2025-12-16,HCP01004,Oncology,Digital Therapeutic,4.7,4.1,4.3,2.3
R009183,P0042,2025-08-29,HCP01366,Rare Disease,Infusion,3.8,4.4,4.4,1.9
R009184,P0103,2025-12-25,HCP01389,Respiratory,Oral Therapy,3.7,2.9,4.2,2.4
R009185,P0119,2025-11-12,HCP01143,Neurology,Digital Therapeutic,3.5,4.0,4.5,4.5
R009186,P0076,2025-10-10,HCP02433,Cardiology,Oral Therapy,3.9,4.0,4.8,2.3
R009187,P0096,2026-04-23,HCP01218,Neurology,Oral Therapy,3.1,3.6,5.0,2.1
R009188,P0114,2026-08-07,HCP00416,Cardiology,Digital Therapeutic,4.1,3.6,3.5,1.4
R009189,P0089,2025-02-16,HCP00953,Neurology,Oral Therapy,2.9,4.6,3.2,3.3
R009190,P0043,2026-07-29,HCP00136,Immunology,Oral Therapy,3.6,5.0,3.2,2.4
R009191,P0028,2026-04-30,HCP00727,Oncology,Combination Therapy,4.1,4.7,4.1,1.7
R009192,P0034,2025-04-05,HCP01175,Respiratory,Infusion,4.9,4.2,2.8,3.1
R009193,P0038,2025-10-28,HCP00197,Diabetes,Digital Therapeutic,3.9,4.6,3.1,2.2
R009194,P0026,2026-04-06,HCP01220,Diabetes,Digital Therapeutic,4.8,4.1,4.3,2.3
R009195,P0082,2026-04-26,HCP00552,Neurology,Combination Therapy,3.7,3.3,3.7,1.6
R009196,P0118,2025-12-10,HCP02323,Immunology,Digital Therapeutic,2.9,4.1,3.9,1.0
R009197,P0032,2026-03-05,HCP00349,Rare Disease,Digital Therapeutic,5.0,2.9,5.0,3.2
R009198,P0052,2025-09-10,HCP01140,Oncology,Infusion,3.6,3.3,4.7,2.9
R009199,P0113,2026-08-14,HCP00456,Neurology,Oral Therapy,4.5,4.5,4.2,2.8
R009200,P0111,2026-02-04,HCP01110,Immunology,Digital Therapeutic,3.2,3.7,3.3,2.4
R009201,P0004,2025-03-17,HCP01201,Diabetes,Infusion,4.1,3.2,3.9,2.0
R009202,P0042,2025-10-19,HCP01246,Rare Disease,Infusion,4.0,3.4,3.4,2.6
R009203,P0042,2025-08-31,HCP01185,Rare Disease,Injectable,3.7,2.9,3.8,3.1
R009204,P0035,2026-04-01,HCP01115,Cardiology,Combination Therapy,5.0,4.0,3.4,2.8
R009205,P0114,2026-05-28,HCP00719,Cardiology,Digital Therapeutic,4.1,3.5,4.0,1.9
R009206,P0093,2025-01-20,HCP02247,Respiratory,Infusion,3.4,3.6,3.8,3.4
R009207,P0008,2025-10-16,HCP01624,Neurology,Oral Therapy,5.0,4.1,3.4,2.5
R009208,P0075,2026-02-08,HCP01545,Neurology,Infusion,2.2,4.0,3.2,2.5
R009209,P0070,2026-09-19,HCP01020,Immunology,Injectable,2.5,3.0,5.0,2.0
R009210,P0063,2025-08-17,HCP01991,Rare Disease,Infusion,4.4,3.0,3.5,2.1
R009211,P0087,2026-02-15,HCP01704,Oncology,Oral Therapy,3.9,3.8,4.7,2.7
R009212,P0053,2025-05-27,HCP00387,Respiratory,Infusion,3.2,4.3,3.9,1.3
R009213,P0086,2026-01-17,HCP01084,Diabetes,Combination Therapy,4.0,3.3,4.0,2.1
R009214,P0056,2025-06-30,HCP02190,Immunology,Injectable,4.6,3.4,4.0,2.0
R009215,P0114,2026-05-30,HCP02199,Cardiology,Infusion,2.8,3.9,3.8,2.3
R009216,P0101,2026-05-17,HCP02426,Cardiology,Infusion,3.6,3.9,4.0,2.7
R009217,P0007,2026-04-29,HCP01877,Diabetes,Combination Therapy,3.7,3.8,4.3,1.2
R009218,P0019,2026-03-28,HCP02393,Respiratory,Combination Therapy,4.0,4.1,3.1,4.0
R009219,P0048,2025-06-03,HCP00631,Oncology,Combination Therapy,4.2,3.2,3.8,2.5
R009220,P0007,2026-08-18,HCP02457,Diabetes,Infusion,2.0,4.9,4.0,3.0
R009221,P0009,2026-05-02,HCP02370,Immunology,Infusion,4.2,3.6,4.4,3.3
R009222,P0001,2026-06-19,HCP01744,Respiratory,Digital Therapeutic,2.1,5.0,3.7,4.1
R009223,P0108,2025-02-24,HCP01697,Diabetes,Oral Therapy,3.7,2.3,3.8,2.6
R009224,P0060,2025-08-23,HCP01679,Cardiology,Digital Therapeutic,2.8,2.6,4.5,1.7
R009225,P0094,2025-05-20,HCP00276,Cardiology,Injectable,3.9,3.7,2.9,1.4
R009226,P0099,2026-05-03,HCP00169,Rare Disease,Infusion,4.3,4.5,4.7,2.9
R009227,P0020,2026-05-10,HCP00597,Cardiology,Digital Therapeutic,3.7,4.0,3.4,2.2
R009228,P0081,2025-12-28,HCP00708,Oncology,Infusion,3.1,3.7,4.7,4.0
R009229,P0075,2026-02-27,HCP00150,Neurology,Injectable,2.6,4.0,4.8,1.9
R009230,P0119,2025-10-24,HCP01968,Neurology,Oral Therapy,3.7,3.8,3.7,1.6
R009231,P0105,2025-12-27,HCP00086,Neurology,Infusion,3.4,5.0,4.6,1.5
R009232,P0074,2025-10-03,HCP00903,Immunology,Oral Therapy,4.0,3.4,3.7,4.6
R009233,P0082,2026-01-25,HCP00266,Neurology,Combination Therapy,3.3,4.7,3.5,3.9
R009234,P0062,2025-07-07,HCP01552,Immunology,Combination Therapy,4.9,3.3,4.2,1.6
R009235,P0071,2025-12-17,HCP02378,Immunology,Digital Therapeutic,3.7,3.6,4.5,2.2
R009236,P0070,2026-06-24,HCP01467,Immunology,Injectable,4.5,3.1,3.3,2.2
R009237,P0107,2026-04-18,HCP01399,Diabetes,Digital Therapeutic,3.3,4.4,2.8,1.0
R009238,P0106,2026-01-23,HCP01452,Respiratory,Infusion,4.3,4.6,4.1,2.4
R009239,P0027,2025-10-30,HCP00676,Cardiology,Injectable,4.2,3.7,5.0,3.1
R009240,P0002,2025-09-30,HCP00927,Cardiology,Infusion,3.1,4.2,4.0,2.6
R009241,P0032,2026-07-24,HCP00790,Rare Disease,Oral Therapy,2.4,3.9,4.8,2.3
R009242,P0056,2025-06-27,HCP02213,Immunology,Oral Therapy,4.8,4.2,4.7,2.1
R009243,P0027,2025-12-23,HCP00907,Cardiology,Injectable,3.3,4.6,4.6,2.1
R009244,P0050,2025-07-13,HCP00623,Diabetes,Oral Therapy,3.2,3.0,3.9,2.7
R009245,P0053,2025-03-28,HCP01265,Respiratory,Combination Therapy,3.4,3.1,3.6,3.8
R009246,P0115,2025-04-27,HCP01926,Neurology,Combination Therapy,2.9,3.4,4.1,2.2
R009247,P0053,2025-07-11,HCP00940,Respiratory,Injectable,4.2,3.5,3.2,1.8
R009248,P0023,2025-08-14,HCP00064,Respiratory,Injectable,3.7,3.9,4.5,1.7
R009249,P0050,2025-05-29,HCP01022,Diabetes,Digital Therapeutic,3.7,3.8,3.7,4.2
R009250,P0004,2025-03-13,HCP02097,Diabetes,Injectable,4.7,3.7,3.9,4.2
R009251,P0004,2025-03-06,HCP02151,Diabetes,Digital Therapeutic,3.8,3.7,3.9,2.5
R009252,P0076,2025-06-26,HCP01896,Cardiology,Oral Therapy,5.0,4.0,3.5,2.6
R009253,P0031,2026-01-01,HCP01321,Rare Disease,Infusion,3.7,3.3,3.6,2.3
R009254,P0076,2025-07-18,HCP02448,Cardiology,Oral Therapy,2.4,2.3,4.2,1.5
R009255,P0005,2025-02-08,HCP00266,Immunology,Digital Therapeutic,2.9,3.2,3.2,2.5
R009256,P0039,2026-06-22,HCP00302,Respiratory,Digital Therapeutic,3.1,4.6,3.3,1.2
R009257,P0069,2026-04-03,HCP01781,Immunology,Infusion,3.8,2.0,3.4,1.8
R009258,P0065,2025-04-10,HCP02010,Immunology,Combination Therapy,5.0,4.6,4.0,2.1
R009259,P0072,2026-06-19,HCP00524,Immunology,Digital Therapeutic,3.9,3.4,2.9,3.5
R009260,P0072,2026-05-02,HCP00773,Immunology,Injectable,3.5,4.4,3.5,2.6
R009261,P0039,2026-05-18,HCP00576,Respiratory,Infusion,3.4,3.1,2.5,1.6
R009262,P0043,2026-04-13,HCP00620,Immunology,Infusion,4.2,2.0,2.9,3.5
R009263,P0049,2025-05-02,HCP00049,Neurology,Digital Therapeutic,4.1,3.2,3.7,2.4
R009264,P0051,2026-01-03,HCP00513,Rare Disease,Digital Therapeutic,4.4,3.7,4.2,1.6
R009265,P0095,2025-11-22,HCP01723,Cardiology,Digital Therapeutic,3.1,4.1,4.0,3.1
R009266,P0018,2025-05-06,HCP01797,Immunology,Oral Therapy,5.0,2.8,4.0,2.6
R009267,P0068,2025-08-13,HCP02196,Immunology,Oral Therapy,3.4,4.1,3.6,1.0
R009268,P0093,2025-03-05,HCP02357,Respiratory,Injectable,3.2,3.8,4.8,2.6
R009269,P0041,2026-04-18,HCP00532,Respiratory,Oral Therapy,4.7,3.4,3.7,1.9
R009270,P0047,2025-05-15,HCP01631,Respiratory,Infusion,4.5,3.9,3.0,1.8
R009271,P0082,2026-05-26,HCP00996,Neurology,Injectable,3.2,3.9,4.9,2.2
R009272,P0078,2026-01-03,HCP00665,Cardiology,Digital Therapeutic,4.3,4.2,3.4,1.0
R009273,P0067,2025-06-07,HCP01710,Immunology,Digital Therapeutic,3.3,3.9,3.8,2.3
R009274,P0052,2025-09-25,HCP01000,Oncology,Combination Therapy,4.1,3.9,4.6,2.7
R009275,P0006,2025-08-19,HCP01511,Cardiology,Oral Therapy,3.9,5.0,3.6,1.7
R009276,P0020,2026-04-07,HCP00603,Cardiology,Infusion,5.0,2.4,4.7,2.2
R009277,P0059,2025-11-02,HCP01064,Cardiology,Digital Therapeutic,4.9,2.9,4.1,2.5
R009278,P0085,2025-10-30,HCP00175,Respiratory,Injectable,4.6,4.6,4.3,2.9
R009279,P0025,2025-11-19,HCP00090,Respiratory,Combination Therapy,4.4,2.8,4.1,3.1
R009280,P0051,2025-10-16,HCP01919,Rare Disease,Digital Therapeutic,2.6,4.4,3.8,1.9
R009281,P0030,2025-12-18,HCP02225,Cardiology,Infusion,3.9,4.0,5.0,2.3
R009282,P0023,2025-06-02,HCP00262,Respiratory,Oral Therapy,3.3,2.9,4.5,1.1
R009283,P0108,2025-04-20,HCP01682,Diabetes,Infusion,3.7,4.5,2.9,1.9
R009284,P0113,2026-08-02,HCP01624,Neurology,Oral Therapy,3.8,4.6,3.7,3.7
R009285,P0119,2025-08-29,HCP00691,Neurology,Injectable,2.2,3.8,4.5,1.6
R009286,P0108,2025-04-29,HCP01071,Diabetes,Injectable,3.5,3.7,2.5,3.6
R009287,P0049,2025-06-13,HCP00736,Neurology,Oral Therapy,3.8,4.7,3.5,1.5
R009288,P0088,2025-12-09,HCP00182,Respiratory,Oral Therapy,4.5,2.6,4.7,3.1
R009289,P0035,2026-06-05,HCP02054,Cardiology,Combination Therapy,3.0,4.3,4.2,2.7
R009290,P0070,2026-08-29,HCP00754,Immunology,Infusion,3.0,2.8,3.7,4.0
R009291,P0031,2026-01-04,HCP01323,Rare Disease,Oral Therapy,3.0,4.2,4.5,1.0
R009292,P0076,2025-07-14,HCP00189,Cardiology,Injectable,3.4,3.7,5.0,1.8
R009293,P0051,2025-12-28,HCP00106,Rare Disease,Infusion,2.7,3.8,3.4,4.0
R009294,P0044,2025-07-25,HCP01574,Immunology,Combination Therapy,4.8,5.0,3.2,2.6
R009295,P0011,2025-04-19,HCP01038,Respiratory,Infusion,4.4,2.7,5.0,3.0
R009296,P0032,2026-03-10,HCP01668,Rare Disease,Oral Therapy,5.0,4.3,4.7,1.7
R009297,P0053,2025-04-10,HCP02205,Respiratory,Infusion,3.2,3.8,3.8,1.5
R009298,P0072,2026-05-20,HCP02237,Immunology,Digital Therapeutic,4.4,3.9,4.0,3.6
R009299,P0101,2026-05-18,HCP00187,Cardiology,Oral Therapy,2.7,4.4,4.5,2.4
R009300,P0089,2025-02-10,HCP00716,Neurology,Digital Therapeutic,4.9,4.4,4.6,5.0
R009301,P0066,2026-01-21,HCP00513,Diabetes,Injectable,3.5,4.2,4.6,2.6
R009302,P0060,2025-07-15,HCP00441,Cardiology,Combination Therapy,3.6,3.2,3.5,3.2
R009303,P0057,2025-08-06,HCP01143,Immunology,Infusion,4.8,4.2,3.8,3.4
R009304,P0108,2025-03-15,HCP01187,Diabetes,Infusion,4.7,4.3,5.0,2.9
R009305,P0101,2026-06-03,HCP02422,Cardiology,Digital Therapeutic,2.9,4.2,4.4,3.2
R009306,P0047,2025-09-07,HCP02037,Respiratory,Combination Therapy,3.6,4.2,5.0,3.7
R009307,P0068,2025-06-16,HCP00147,Immunology,Oral Therapy,4.9,3.9,4.1,2.5
R009308,P0046,2026-03-21,HCP01415,Immunology,Injectable,3.4,3.0,3.7,2.0
R009309,P0068,2025-07-21,HCP00550,Immunology,Oral Therapy,4.0,3.5,3.4,3.4
R009310,P0052,2026-01-29,HCP02360,Oncology,Oral Therapy,4.2,3.5,3.7,4.0
R009311,P0103,2026-01-23,HCP00636,Respiratory,Infusion,4.9,3.8,4.8,1.9
R009312,P0085,2025-10-30,HCP00222,Respiratory,Infusion,4.3,3.5,4.1,4.0
R009313,P0021,2026-03-20,HCP02352,Rare Disease,Digital Therapeutic,3.5,5.0,3.1,1.5
R009314,P0004,2025-01-26,HCP01799,Diabetes,Digital Therapeutic,2.0,4.1,3.4,2.6
R009315,P0116,2026-06-29,HCP01747,Rare Disease,Combination Therapy,4.3,3.8,5.0,1.1
R009316,P0043,2026-05-19,HCP01658,Immunology,Injectable,3.8,4.0,3.5,1.0
R009317,P0019,2026-06-09,HCP01815,Respiratory,Infusion,5.0,4.1,4.2,2.3
R009318,P0090,2025-09-02,HCP00609,Neurology,Oral Therapy,4.2,5.0,4.6,2.9
R009319,P0057,2025-10-06,HCP01673,Immunology,Infusion,3.2,4.1,3.8,2.4
R009320,P0067,2025-06-05,HCP00520,Immunology,Oral Therapy,2.6,3.5,2.5,4.2
R009321,P0077,2025-10-07,HCP02266,Neurology,Combination Therapy,3.6,3.1,3.2,1.4
R009322,P0038,2025-10-30,HCP00956,Diabetes,Infusion,4.0,4.0,3.4,2.5
R009323,P0069,2026-03-30,HCP02330,Immunology,Oral Therapy,3.8,5.0,3.1,1.8
R009324,P0079,2026-07-03,HCP00807,Oncology,Injectable,2.6,3.7,4.9,2.1
R009325,P0074,2026-02-07,HCP00466,Immunology,Digital Therapeutic,1.3,3.1,4.5,1.9
R009326,P0109,2025-10-25,HCP00838,Diabetes,Digital Therapeutic,2.9,4.5,4.8,2.1
R009327,P0047,2025-08-13,HCP01387,Respiratory,Digital Therapeutic,1.6,3.9,3.4,2.4
R009328,P0061,2026-07-04,HCP01806,Immunology,Digital Therapeutic,2.9,2.7,3.8,1.4
R009329,P0091,2025-05-15,HCP00060,Rare Disease,Combination Therapy,3.9,3.9,4.7,3.4
R009330,P0089,2025-02-14,HCP00226,Neurology,Combination Therapy,4.9,4.6,2.9,3.6
R009331,P0120,2026-05-13,HCP00700,Immunology,Infusion,1.6,2.3,5.0,2.6
R009332,P0024,2026-08-02,HCP01871,Diabetes,Combination Therapy,2.8,4.3,4.7,2.3
R009333,P0111,2026-02-03,HCP00725,Immunology,Digital Therapeutic,4.0,2.9,4.3,2.3
R009334,P0057,2025-07-16,HCP01249,Immunology,Oral Therapy,3.3,3.7,3.6,3.4
R009335,P0026,2026-04-30,HCP02478,Diabetes,Digital Therapeutic,3.8,3.5,3.1,1.6
R009336,P0035,2026-06-01,HCP00435,Cardiology,Injectable,4.0,4.6,4.4,3.0
R009337,P0043,2026-05-22,HCP00489,Immunology,Combination Therapy,3.3,4.5,5.0,2.2
R009338,P0120,2026-02-23,HCP01674,Immunology,Injectable,4.7,2.9,4.2,2.1
R009339,P0014,2025-02-02,HCP01948,Cardiology,Infusion,5.0,2.4,4.4,2.4
R009340,P0027,2025-12-22,HCP00935,Cardiology,Combination Therapy,2.8,2.7,4.4,2.6
R009341,P0086,2025-12-08,HCP00488,Diabetes,Digital Therapeutic,4.5,4.1,4.1,1.2
R009342,P0114,2026-06-12,HCP00333,Cardiology,Oral Therapy,5.0,2.2,4.3,1.6
R009343,P0010,2025-03-30,HCP02429,Diabetes,Combination Therapy,4.9,3.3,5.0,1.9
R009344,P0050,2025-05-22,HCP01470,Diabetes,Infusion,3.1,4.5,4.4,2.7
R009345,P0050,2025-06-18,HCP00944,Diabetes,Infusion,3.4,4.2,4.1,1.0
R009346,P0060,2025-08-16,HCP00800,Cardiology,Oral Therapy,2.2,2.6,3.5,3.3
R009347,P0092,2026-04-20,HCP00395,Cardiology,Oral Therapy,3.2,3.9,4.5,3.9
R009348,P0063,2025-08-28,HCP00709,Rare Disease,Infusion,3.2,3.1,4.1,1.8
R009349,P0017,2025-12-25,HCP01951,Immunology,Injectable,4.1,3.3,4.1,2.5
R009350,P0030,2026-02-04,HCP01195,Cardiology,Oral Therapy,2.7,3.4,4.4,3.4
R009351,P0089,2025-02-24,HCP02269,Neurology,Oral Therapy,3.8,3.5,4.0,2.4
R009352,P0029,2026-01-26,HCP01300,Neurology,Digital Therapeutic,3.9,3.7,4.3,2.2
R009353,P0060,2025-08-27,HCP01515,Cardiology,Infusion,3.3,3.3,4.1,3.3
R009354,P0046,2026-03-24,HCP01758,Immunology,Infusion,4.4,3.3,3.8,3.6
R009355,P0053,2025-07-03,HCP00448,Respiratory,Infusion,3.3,4.4,4.6,2.0
R009356,P0090,2025-11-04,HCP01231,Neurology,Combination Therapy,4.0,3.8,2.3,2.0
R009357,P0030,2026-03-26,HCP02174,Cardiology,Infusion,2.6,3.0,4.4,2.9
R009358,P0085,2025-11-11,HCP01334,Respiratory,Combination Therapy,3.0,3.9,3.3,1.9
R009359,P0092,2026-04-06,HCP00626,Cardiology,Injectable,4.5,2.8,4.7,1.6
R009360,P0120,2026-05-11,HCP01427,Immunology,Digital Therapeutic,2.3,3.9,2.8,2.0
R009361,P0055,2025-11-15,HCP01658,Diabetes,Digital Therapeutic,4.3,4.2,3.7,1.6
R009362,P0011,2025-05-14,HCP02319,Respiratory,Injectable,3.4,4.4,4.3,1.3
R009363,P0081,2025-09-26,HCP01908,Oncology,Oral Therapy,2.0,4.1,3.9,3.9
R009364,P0092,2026-05-15,HCP00254,Cardiology,Oral Therapy,3.3,3.0,3.5,1.3
R009365,P0004,2025-05-26,HCP01461,Diabetes,Digital Therapeutic,4.3,3.4,4.7,2.5
R009366,P0024,2026-06-29,HCP01659,Diabetes,Oral Therapy,5.0,4.6,3.1,1.0
R009367,P0042,2025-09-01,HCP01861,Rare Disease,Digital Therapeutic,5.0,3.6,4.1,3.9
R009368,P0062,2025-08-11,HCP00094,Immunology,Digital Therapeutic,2.9,3.7,3.6,2.5
R009369,P0062,2025-08-01,HCP00705,Immunology,Digital Therapeutic,4.4,4.3,4.5,3.9
R009370,P0024,2026-07-28,HCP00648,Diabetes,Oral Therapy,3.3,4.9,3.6,1.8
R009371,P0024,2026-09-19,HCP00499,Diabetes,Oral Therapy,3.2,3.7,4.0,4.7
R009372,P0113,2026-08-06,HCP01978,Neurology,Injectable,4.6,3.5,3.8,1.4
R009373,P0087,2026-04-01,HCP01149,Oncology,Infusion,3.9,5.0,4.0,3.0
R009374,P0061,2026-04-20,HCP00904,Immunology,Oral Therapy,3.9,5.0,4.1,1.0
R009375,P0040,2026-03-27,HCP01369,Neurology,Infusion,2.3,3.8,4.0,2.1
R009376,P0057,2025-07-28,HCP00067,Immunology,Oral Therapy,2.9,3.8,4.0,2.4
R009377,P0116,2026-04-07,HCP00583,Rare Disease,Oral Therapy,2.9,4.4,3.5,2.5
R009378,P0037,2025-07-03,HCP01284,Neurology,Injectable,4.1,4.1,4.2,2.1
R009379,P0040,2026-06-22,HCP00506,Neurology,Infusion,4.3,3.8,3.2,2.9
R009380,P0054,2025-08-16,HCP01095,Neurology,Infusion,5.0,4.3,4.2,2.0
R009381,P0023,2025-06-10,HCP00804,Respiratory,Digital Therapeutic,2.9,3.3,4.0,3.8
R009382,P0014,2025-03-05,HCP02318,Cardiology,Oral Therapy,5.0,4.6,2.5,2.9
R009383,P0108,2025-04-05,HCP02199,Diabetes,Oral Therapy,3.5,4.3,4.1,1.3
R009384,P0083,2025-05-03,HCP02356,Immunology,Combination Therapy,3.8,4.1,5.0,2.9
R009385,P0041,2026-07-08,HCP00947,Respiratory,Infusion,3.6,3.7,3.9,2.4
R009386,P0069,2026-03-10,HCP00697,Immunology,Digital Therapeutic,3.9,3.4,4.1,1.0
R009387,P0060,2025-08-12,HCP01288,Cardiology,Digital Therapeutic,4.3,2.6,3.5,3.9
R009388,P0012,2026-05-26,HCP02051,Oncology,Injectable,4.6,2.6,5.0,1.6
R009389,P0091,2025-04-22,HCP02013,Rare Disease,Oral Therapy,3.5,2.6,5.0,2.6
R009390,P0013,2025-03-25,HCP01287,Respiratory,Combination Therapy,3.8,4.7,5.0,2.8
R009391,P0069,2026-03-16,HCP01412,Immunology,Digital Therapeutic,2.9,3.3,5.0,2.5
R009392,P0036,2025-10-12,HCP01351,Respiratory,Infusion,4.3,3.0,3.4,3.2
R009393,P0053,2025-04-12,HCP01163,Respiratory,Combination Therapy,3.9,3.7,3.2,3.3
R009394,P0057,2025-07-24,HCP00286,Immunology,Infusion,3.0,3.1,5.0,2.7
R009395,P0053,2025-05-19,HCP00835,Respiratory,Oral Therapy,2.6,3.5,3.9,1.6
R009396,P0027,2025-12-15,HCP02092,Cardiology,Digital Therapeutic,3.8,4.2,3.5,2.6
R009397,P0010,2025-03-04,HCP02162,Diabetes,Combination Therapy,4.8,3.6,4.3,3.6
R009398,P0016,2026-06-11,HCP01515,Cardiology,Injectable,5.0,3.6,3.3,2.4
R009399,P0088,2025-12-09,HCP02447,Respiratory,Oral Therapy,2.6,3.8,4.2,1.2
R009400,P0012,2026-06-29,HCP02388,Oncology,Combination Therapy,4.5,2.8,3.5,3.5
R009401,P0061,2026-05-14,HCP01254,Immunology,Oral Therapy,4.4,4.0,4.6,2.1
R009402,P0037,2025-10-26,HCP01958,Neurology,Oral Therapy,4.9,4.8,3.4,3.3
R009403,P0084,2026-05-24,HCP00524,Immunology,Combination Therapy,4.1,3.5,3.2,2.0
R009404,P0076,2025-09-07,HCP01167,Cardiology,Injectable,3.4,3.9,3.4,3.0
R009405,P0023,2025-07-12,HCP01036,Respiratory,Digital Therapeutic,4.4,3.2,4.2,2.3
R009406,P0082,2026-01-22,HCP02144,Neurology,Infusion,1.5,3.3,3.6,1.9
R009407,P0080,2026-04-02,HCP01042,Neurology,Combination Therapy,2.9,4.5,4.6,2.9
R009408,P0034,2025-04-19,HCP00796,Respiratory,Combination Therapy,3.0,3.9,4.0,1.8
R009409,P0101,2026-05-28,HCP00963,Cardiology,Infusion,3.1,4.3,4.4,1.0
R009410,P0053,2025-04-18,HCP02158,Respiratory,Digital Therapeutic,2.4,4.0,3.4,3.1
R009411,P0005,2025-01-22,HCP01553,Immunology,Oral Therapy,3.2,3.7,3.9,2.0
R009412,P0076,2025-08-31,HCP00290,Cardiology,Combination Therapy,3.2,4.6,4.0,2.8
R009413,P0055,2026-02-20,HCP00066,Diabetes,Combination Therapy,3.5,2.6,3.5,2.7
R009414,P0044,2025-12-13,HCP00842,Immunology,Injectable,3.9,3.2,3.7,3.1
R009415,P0055,2026-04-07,HCP02052,Diabetes,Infusion,2.6,3.5,4.3,3.3
R009416,P0118,2025-12-16,HCP02171,Immunology,Combination Therapy,3.3,3.8,2.9,2.9
R009417,P0047,2025-09-03,HCP00389,Respiratory,Injectable,3.6,3.6,3.7,3.1
R009418,P0084,2026-07-02,HCP00060,Immunology,Oral Therapy,2.1,3.9,3.9,3.3
R009419,P0103,2026-03-07,HCP00655,Respiratory,Combination Therapy,3.6,4.8,3.2,2.0
R009420,P0070,2026-05-22,HCP02172,Immunology,Oral Therapy,3.9,3.0,2.7,1.9
R009421,P0107,2025-12-11,HCP01070,Diabetes,Oral Therapy,4.3,4.9,3.9,3.0
R009422,P0060,2025-08-03,HCP00101,Cardiology,Infusion,2.6,3.6,3.3,1.0
R009423,P0028,2026-05-03,HCP01255,Oncology,Infusion,3.6,3.9,2.9,1.4
R009424,P0060,2025-08-20,HCP01648,Cardiology,Injectable,4.8,3.8,3.5,1.0
R009425,P0015,2025-09-11,HCP00244,Oncology,Combination Therapy,2.2,4.0,4.2,3.5
R009426,P0036,2025-10-13,HCP01596,Respiratory,Oral Therapy,3.7,4.6,4.3,3.5
R009427,P0025,2025-09-24,HCP02001,Respiratory,Combination Therapy,2.4,3.0,3.8,3.2
R009428,P0010,2025-03-28,HCP00144,Diabetes,Digital Therapeutic,3.3,3.3,4.7,2.5
R009429,P0019,2026-04-21,HCP00135,Respiratory,Injectable,3.0,4.2,4.4,2.1
R009430,P0101,2026-05-26,HCP02096,Cardiology,Infusion,4.0,3.2,3.2,2.3
R009431,P0103,2026-02-27,HCP01166,Respiratory,Oral Therapy,3.4,2.5,3.6,2.8
R009432,P0109,2025-12-08,HCP00215,Diabetes,Combination Therapy,2.6,4.3,2.6,3.1
R009433,P0003,2025-08-12,HCP00337,Respiratory,Digital Therapeutic,5.0,3.3,4.9,1.5
R009434,P0117,2025-09-16,HCP02129,Immunology,Combination Therapy,3.9,4.4,3.7,3.1
R009435,P0042,2025-09-05,HCP02139,Rare Disease,Oral Therapy,4.5,3.5,5.0,3.5
R009436,P0049,2025-03-08,HCP02458,Neurology,Combination Therapy,2.8,4.6,3.7,3.2
R009437,P0022,2026-04-23,HCP01730,Cardiology,Combination Therapy,3.4,4.0,3.9,1.2
R009438,P0114,2026-10-15,HCP01681,Cardiology,Infusion,4.5,3.3,4.4,3.2
R009439,P0120,2026-07-13,HCP02249,Immunology,Digital Therapeutic,3.1,2.9,5.0,2.4
R009440,P0085,2026-02-04,HCP02326,Respiratory,Injectable,3.7,3.6,5.0,3.9
R009441,P0010,2025-03-03,HCP00066,Diabetes,Infusion,3.6,3.8,4.0,2.4
R009442,P0051,2025-10-24,HCP01564,Rare Disease,Combination Therapy,1.7,3.4,3.9,3.5
R009443,P0034,2025-03-11,HCP01893,Respiratory,Combination Therapy,3.6,2.9,3.6,3.8
R009444,P0111,2026-02-11,HCP02453,Immunology,Injectable,3.3,3.6,5.0,3.2
R009445,P0079,2026-05-17,HCP00134,Oncology,Infusion,3.6,4.9,4.4,2.0
R009446,P0117,2025-10-07,HCP01993,Immunology,Injectable,3.1,4.0,3.6,2.9
R009447,P0101,2026-06-02,HCP01387,Cardiology,Injectable,2.6,3.3,4.6,1.8
R009448,P0065,2025-06-11,HCP01699,Immunology,Digital Therapeutic,3.0,3.9,4.4,2.0
R009449,P0034,2025-03-15,HCP02500,Respiratory,Infusion,3.3,4.2,3.6,3.5
R009450,P0094,2025-05-03,HCP02473,Cardiology,Digital Therapeutic,4.2,3.2,3.7,2.5
R009451,P0084,2026-06-18,HCP00459,Immunology,Combination Therapy,3.2,3.6,3.2,2.4
R009452,P0094,2025-05-26,HCP01210,Cardiology,Oral Therapy,3.8,3.7,4.7,4.0
R009453,P0112,2025-04-12,HCP01033,Respiratory,Infusion,3.9,3.5,3.6,3.8
R009454,P0074,2025-12-17,HCP01210,Immunology,Oral Therapy,3.2,2.9,3.2,1.5
R009455,P0081,2025-12-24,HCP01049,Oncology,Oral Therapy,4.5,4.3,5.0,2.6
R009456,P0051,2025-11-17,HCP02130,Rare Disease,Oral Therapy,3.4,2.3,4.2,2.1
R009457,P0060,2025-08-01,HCP02225,Cardiology,Injectable,3.2,3.3,2.6,2.3
R009458,P0017,2026-01-23,HCP01686,Immunology,Oral Therapy,4.6,3.3,4.5,3.4
R009459,P0024,2026-10-17,HCP01615,Diabetes,Digital Therapeutic,3.8,3.4,2.7,3.1
R009460,P0120,2026-03-31,HCP00361,Immunology,Injectable,1.7,4.8,3.5,1.1
R009461,P0022,2026-04-20,HCP00865,Cardiology,Injectable,1.4,3.6,4.3,3.5
R009462,P0009,2026-05-10,HCP00770,Immunology,Combination Therapy,5.0,4.5,4.3,2.1
R009463,P0096,2026-01-09,HCP00288,Neurology,Digital Therapeutic,3.8,3.9,3.5,2.9
R009464,P0017,2026-01-19,HCP01462,Immunology,Digital Therapeutic,3.6,4.1,3.1,3.1
R009465,P0056,2025-07-06,HCP01605,Immunology,Digital Therapeutic,1.8,3.6,5.0,3.2
R009466,P0045,2025-12-26,HCP00041,Neurology,Injectable,3.6,4.3,5.0,2.0
R009467,P0050,2025-06-13,HCP01152,Diabetes,Digital Therapeutic,2.8,3.4,3.8,2.9
R009468,P0048,2025-07-16,HCP01276,Oncology,Oral Therapy,3.4,3.5,4.0,3.3
R009469,P0005,2025-01-07,HCP01142,Immunology,Infusion,3.1,3.4,3.5,2.4
R009470,P0033,2026-05-31,HCP00585,Oncology,Combination Therapy,3.5,3.1,3.8,2.1
R009471,P0077,2025-09-10,HCP00061,Neurology,Injectable,3.9,3.8,4.0,1.6
R009472,P0010,2025-03-18,HCP00592,Diabetes,Digital Therapeutic,4.0,4.4,4.5,4.1
R009473,P0032,2026-02-13,HCP02468,Rare Disease,Oral Therapy,3.6,3.6,2.9,1.4
R009474,P0108,2025-02-24,HCP02239,Diabetes,Infusion,3.8,3.2,4.2,1.7
R009475,P0079,2026-06-22,HCP01740,Oncology,Oral Therapy,2.2,5.0,5.0,2.7
R009476,P0062,2025-06-24,HCP00706,Immunology,Combination Therapy,3.6,3.5,3.8,1.6
R009477,P0066,2026-03-20,HCP00050,Diabetes,Infusion,3.9,4.3,3.3,4.1
R009478,P0117,2025-08-02,HCP02246,Immunology,Combination Therapy,3.6,3.8,4.7,1.4
R009479,P0006,2025-08-26,HCP01070,Cardiology,Combination Therapy,5.0,4.6,3.3,2.7
R009480,P0106,2026-02-09,HCP01335,Respiratory,Oral Therapy,3.5,3.8,3.1,3.3
R009481,P0058,2025-08-27,HCP02419,Respiratory,Infusion,2.6,3.8,2.8,1.4
R009482,P0060,2025-08-12,HCP02320,Cardiology,Digital Therapeutic,3.7,3.8,4.3,1.8
R009483,P0028,2026-04-18,HCP01380,Oncology,Infusion,3.2,3.6,3.1,2.6
R009484,P0047,2025-07-29,HCP01824,Respiratory,Digital Therapeutic,2.2,3.8,2.9,1.9
R009485,P0066,2026-03-25,HCP01397,Diabetes,Infusion,3.4,3.3,4.1,2.9
R009486,P0031,2025-12-13,HCP01036,Rare Disease,Combination Therapy,5.0,4.1,3.3,2.3
R009487,P0042,2025-11-17,HCP00599,Rare Disease,Digital Therapeutic,3.4,5.0,4.4,2.6
R009488,P0120,2026-04-27,HCP00088,Immunology,Infusion,4.6,3.1,4.3,3.1
R009489,P0098,2026-06-13,HCP02354,Cardiology,Combination Therapy,4.3,4.0,4.0,1.7
R009490,P0073,2026-07-17,HCP02230,Immunology,Digital Therapeutic,5.0,3.8,3.5,2.5
R009491,P0036,2025-10-24,HCP00983,Respiratory,Injectable,4.1,3.0,4.5,2.3
R009492,P0101,2026-06-19,HCP01769,Cardiology,Injectable,3.8,4.3,3.0,1.7
R009493,P0103,2026-01-03,HCP00255,Respiratory,Oral Therapy,3.8,3.5,4.7,3.2
R009494,P0119,2025-11-02,HCP00337,Neurology,Infusion,3.9,3.3,3.8,1.0
R009495,P0081,2025-10-06,HCP02151,Oncology,Infusion,3.5,4.8,3.9,1.3
R009496,P0027,2026-01-14,HCP02338,Cardiology,Infusion,3.3,3.6,4.2,3.1
R009497,P0046,2026-03-18,HCP01525,Immunology,Digital Therapeutic,4.1,4.6,4.8,1.2
R009498,P0111,2026-01-21,HCP01222,Immunology,Injectable,3.2,4.2,4.2,4.0
R009499,P0013,2025-03-11,HCP01623,Respiratory,Injectable,2.1,3.9,3.7,1.2
R009500,P0096,2026-04-18,HCP00074,Neurology,Digital Therapeutic,2.6,4.2,4.4,3.9
R009501,P0061,2026-05-10,HCP00804,Immunology,Digital Therapeutic,5.0,4.4,4.7,3.3
R009502,P0055,2026-03-21,HCP00740,Diabetes,Infusion,3.4,3.7,4.6,1.1
R009503,P0020,2026-06-18,HCP01311,Cardiology,Digital Therapeutic,4.4,3.5,4.1,2.5
R009504,P0114,2026-10-21,HCP02150,Cardiology,Combination Therapy,3.1,4.4,4.1,1.2
R009505,P0026,2026-06-25,HCP00213,Diabetes,Infusion,4.5,5.0,4.2,1.8
R009506,P0071,2026-01-19,HCP01048,Immunology,Digital Therapeutic,4.0,2.7,4.5,2.1
R009507,P0067,2025-09-14,HCP01915,Immunology,Injectable,5.0,3.0,3.9,1.0
R009508,P0048,2025-06-14,HCP02020,Oncology,Infusion,4.8,3.1,4.1,1.9
R009509,P0018,2025-04-25,HCP02145,Immunology,Injectable,4.3,3.6,4.1,2.3
R009510,P0020,2026-04-29,HCP01007,Cardiology,Digital Therapeutic,3.2,3.1,3.1,2.3
R009511,P0077,2025-10-08,HCP02367,Neurology,Injectable,2.7,4.2,3.6,1.2
R009512,P0088,2025-12-11,HCP00335,Respiratory,Combination Therapy,3.6,2.8,4.6,2.1
R009513,P0030,2026-03-28,HCP02042,Cardiology,Combination Therapy,3.7,3.5,5.0,2.7
R009514,P0093,2025-02-05,HCP00487,Respiratory,Injectable,3.4,3.5,4.0,3.1
R009515,P0083,2025-04-19,HCP01692,Immunology,Oral Therapy,4.3,4.5,3.9,4.8
R009516,P0025,2025-08-26,HCP02204,Respiratory,Digital Therapeutic,3.8,3.8,3.6,3.5
R009517,P0047,2025-07-01,HCP01724,Respiratory,Combination Therapy,3.7,2.9,2.4,1.7
R009518,P0045,2026-02-18,HCP00454,Neurology,Combination Therapy,5.0,4.0,5.0,2.0
R009519,P0067,2025-08-21,HCP02193,Immunology,Injectable,3.8,3.2,3.5,2.8
R009520,P0007,2026-07-05,HCP02339,Diabetes,Oral Therapy,2.5,3.0,2.9,3.6
R009521,P0115,2025-07-25,HCP01217,Neurology,Oral Therapy,4.6,4.6,4.2,4.1
R009522,P0067,2025-06-29,HCP00722,Immunology,Infusion,3.9,3.5,4.0,1.0
R009523,P0083,2025-04-22,HCP01607,Immunology,Injectable,3.5,4.1,5.0,3.4
R009524,P0073,2026-07-10,HCP02430,Immunology,Oral Therapy,2.9,3.5,4.3,1.3
R009525,P0048,2025-07-08,HCP02422,Oncology,Oral Therapy,4.8,4.0,5.0,2.2
R009526,P0102,2025-12-14,HCP00243,Cardiology,Injectable,5.0,4.8,4.5,3.4
R009527,P0039,2026-06-04,HCP00346,Respiratory,Oral Therapy,3.1,3.9,3.6,1.7
R009528,P0004,2025-01-27,HCP01371,Diabetes,Combination Therapy,4.0,3.5,5.0,2.1
R009529,P0068,2025-07-07,HCP02155,Immunology,Combination Therapy,4.1,2.9,5.0,4.2
R009530,P0015,2025-09-04,HCP00089,Oncology,Oral Therapy,2.2,4.4,4.4,4.0
R009531,P0099,2026-07-22,HCP01717,Rare Disease,Infusion,3.7,4.1,4.7,2.9
R009532,P0004,2025-03-24,HCP00642,Diabetes,Oral Therapy,2.2,4.0,4.2,1.0
R009533,P0026,2026-06-02,HCP00739,Diabetes,Oral Therapy,3.7,3.7,4.2,1.0
R009534,P0114,2026-06-23,HCP02139,Cardiology,Injectable,5.0,4.6,4.3,2.6
R009535,P0032,2026-03-14,HCP00721,Rare Disease,Combination Therapy,2.5,3.5,5.0,2.9
R009536,P0062,2025-07-18,HCP00468,Immunology,Digital Therapeutic,5.0,4.2,4.8,2.7
R009537,P0105,2025-12-19,HCP02411,Neurology,Digital Therapeutic,5.0,5.0,4.0,1.6
R009538,P0030,2025-12-20,HCP02229,Cardiology,Oral Therapy,3.7,3.9,4.2,2.4
R009539,P0037,2025-07-21,HCP02313,Neurology,Injectable,4.1,3.6,3.0,3.4
R009540,P0003,2025-07-13,HCP01475,Respiratory,Infusion,3.5,3.4,4.1,2.4
R009541,P0097,2025-09-30,HCP00655,Cardiology,Injectable,3.3,3.4,4.4,1.7
R009542,P0012,2026-05-12,HCP01817,Oncology,Digital Therapeutic,3.9,3.8,4.3,2.6
R009543,P0118,2025-12-15,HCP01904,Immunology,Infusion,3.0,5.0,4.1,2.9
R009544,P0087,2026-05-05,HCP00899,Oncology,Infusion,4.1,4.1,3.6,2.2
R009545,P0038,2025-10-20,HCP01451,Diabetes,Infusion,3.7,3.9,4.6,2.8
R009546,P0058,2025-07-30,HCP02463,Respiratory,Combination Therapy,2.8,3.9,4.7,2.3
R009547,P0063,2025-08-22,HCP01435,Rare Disease,Infusion,4.3,2.7,4.1,1.2
R009548,P0089,2025-03-12,HCP02067,Neurology,Digital Therapeutic,4.3,3.7,4.1,2.2
R009549,P0045,2026-02-02,HCP00074,Neurology,Infusion,4.7,3.2,4.0,3.4
R009550,P0032,2026-05-11,HCP02280,Rare Disease,Oral Therapy,3.3,4.9,4.2,2.1
R009551,P0016,2026-05-11,HCP02412,Cardiology,Infusion,4.6,3.2,4.3,4.3
R009552,P0053,2025-06-24,HCP00365,Respiratory,Combination Therapy,5.0,2.9,2.9,1.0
R009553,P0058,2025-08-04,HCP01085,Respiratory,Digital Therapeutic,3.7,2.6,3.7,2.9
R009554,P0075,2026-03-21,HCP00668,Neurology,Infusion,3.8,3.3,3.2,3.0
R009555,P0101,2026-06-18,HCP01384,Cardiology,Combination Therapy,4.3,1.8,3.6,1.5
R009556,P0026,2026-06-12,HCP02103,Diabetes,Combination Therapy,1.9,3.9,4.8,2.5
R009557,P0027,2025-12-25,HCP00466,Cardiology,Combination Therapy,2.5,4.0,3.4,1.0
R009558,P0035,2026-07-12,HCP01674,Cardiology,Combination Therapy,3.2,3.0,3.0,2.5
R009559,P0020,2026-04-04,HCP00323,Cardiology,Injectable,3.4,4.4,3.1,2.1
R009560,P0017,2026-01-03,HCP00963,Immunology,Oral Therapy,3.8,3.7,4.2,2.8
R009561,P0096,2026-01-28,HCP01370,Neurology,Infusion,3.9,3.7,4.5,3.0
R009562,P0086,2026-02-27,HCP01161,Diabetes,Injectable,2.5,4.4,4.0,2.3
R009563,P0100,2025-04-05,HCP00303,Neurology,Oral Therapy,4.7,4.6,2.6,1.5
R009564,P0070,2026-06-15,HCP01097,Immunology,Digital Therapeutic,4.0,3.1,3.5,1.3
R009565,P0099,2026-05-14,HCP00836,Rare Disease,Oral Therapy,3.8,2.8,5.0,1.5
R009566,P0054,2025-10-01,HCP01395,Neurology,Oral Therapy,4.1,3.5,4.1,2.8
R009567,P0106,2026-02-15,HCP00831,Respiratory,Oral Therapy,3.2,4.9,2.6,2.8
R009568,P0069,2026-03-20,HCP01223,Immunology,Infusion,3.5,3.3,3.5,1.0
R009569,P0005,2025-01-12,HCP02384,Immunology,Digital Therapeutic,2.8,4.5,2.6,4.1
R009570,P0021,2026-05-07,HCP01137,Rare Disease,Combination Therapy,1.8,3.1,3.7,2.8
R009571,P0062,2025-07-26,HCP01833,Immunology,Digital Therapeutic,3.5,3.7,4.1,2.1
R009572,P0098,2026-05-25,HCP00820,Cardiology,Infusion,5.0,3.4,3.9,1.8
R009573,P0018,2025-05-27,HCP01686,Immunology,Injectable,3.2,4.1,3.7,2.1
R009574,P0091,2025-06-29,HCP01123,Rare Disease,Injectable,2.4,3.9,5.0,3.6
R009575,P0107,2026-02-02,HCP01556,Diabetes,Digital Therapeutic,4.2,3.2,4.1,3.2
R009576,P0022,2026-05-10,HCP00444,Cardiology,Oral Therapy,3.3,3.5,3.8,2.4
R009577,P0067,2025-08-05,HCP02085,Immunology,Oral Therapy,4.1,3.1,4.5,3.4
R009578,P0107,2026-01-26,HCP00478,Diabetes,Digital Therapeutic,4.3,4.0,4.5,3.2
R009579,P0038,2025-10-23,HCP00425,Diabetes,Combination Therapy,3.3,3.1,4.3,2.3
R009580,P0048,2025-07-07,HCP01721,Oncology,Combination Therapy,4.1,3.9,5.0,3.5
R009581,P0054,2025-08-31,HCP00741,Neurology,Digital Therapeutic,3.7,4.1,3.5,3.7
R009582,P0056,2025-06-02,HCP02412,Immunology,Combination Therapy,2.0,4.3,4.8,3.6
R009583,P0040,2026-05-01,HCP01704,Neurology,Digital Therapeutic,3.3,4.3,4.8,3.0
R009584,P0064,2025-09-20,HCP00531,Cardiology,Oral Therapy,3.0,4.0,3.1,3.0
R009585,P0033,2026-06-02,HCP02434,Oncology,Injectable,2.4,3.0,4.4,1.7
R009586,P0096,2026-02-07,HCP02283,Neurology,Oral Therapy,3.0,3.2,3.4,1.0
R009587,P0082,2025-12-27,HCP00738,Neurology,Injectable,4.3,3.2,4.1,2.7
R009588,P0020,2026-06-05,HCP01564,Cardiology,Combination Therapy,3.7,3.8,4.8,2.3
R009589,P0103,2025-12-27,HCP01103,Respiratory,Combination Therapy,2.1,4.6,4.1,2.1
R009590,P0032,2026-04-16,HCP02383,Rare Disease,Combination Therapy,2.8,3.3,2.6,1.2
R009591,P0064,2025-08-20,HCP02404,Cardiology,Infusion,3.7,3.6,4.5,3.2
R009592,P0113,2026-07-16,HCP00989,Neurology,Injectable,3.7,4.6,3.0,2.3
R009593,P0082,2026-01-22,HCP02267,Neurology,Injectable,3.4,2.8,3.7,1.6
R009594,P0113,2026-08-27,HCP01726,Neurology,Oral Therapy,4.3,4.9,4.8,1.9
R009595,P0073,2026-06-03,HCP00231,Immunology,Combination Therapy,4.0,4.2,3.2,1.5
R009596,P0098,2026-03-28,HCP01360,Cardiology,Infusion,3.2,3.3,4.3,2.2
R009597,P0056,2025-06-16,HCP00976,Immunology,Oral Therapy,3.1,3.6,3.5,2.5
R009598,P0021,2026-03-22,HCP02444,Rare Disease,Injectable,3.5,5.0,2.5,2.9
R009599,P0022,2026-05-23,HCP00489,Cardiology,Infusion,1.9,3.4,3.5,1.0
R009600,P0072,2026-08-05,HCP00152,Immunology,Digital Therapeutic,3.9,4.3,3.6,2.6
R009601,P0018,2025-03-14,HCP00354,Immunology,Combination Therapy,2.6,5.0,3.2,1.1
R009602,P0054,2025-09-24,HCP00147,Neurology,Injectable,4.7,3.8,4.0,2.1
R009603,P0056,2025-06-28,HCP01250,Immunology,Digital Therapeutic,2.2,3.8,4.0,2.9
R009604,P0010,2025-03-10,HCP02161,Diabetes,Combination Therapy,4.0,5.0,3.7,2.3
R009605,P0102,2025-12-29,HCP01234,Cardiology,Digital Therapeutic,2.0,3.0,3.7,1.0
R009606,P0010,2025-02-26,HCP00134,Diabetes,Injectable,3.2,3.8,4.4,2.1
R009607,P0038,2025-10-16,HCP02157,Diabetes,Injectable,4.0,4.1,3.1,3.9
R009608,P0103,2026-02-06,HCP02269,Respiratory,Oral Therapy,4.5,2.7,4.8,3.4
R009609,P0005,2025-01-30,HCP01903,Immunology,Infusion,4.4,3.0,3.6,4.7
R009610,P0011,2025-05-14,HCP00236,Respiratory,Injectable,4.3,3.4,3.8,2.6
R009611,P0102,2026-02-15,HCP00566,Cardiology,Infusion,4.4,4.1,3.4,1.8
R009612,P0033,2026-03-27,HCP00282,Oncology,Oral Therapy,4.5,3.5,3.2,2.1
R009613,P0110,2026-07-26,HCP01658,Rare Disease,Combination Therapy,3.2,3.7,4.7,2.6
R009614,P0019,2026-06-06,HCP00827,Respiratory,Digital Therapeutic,3.4,4.3,3.5,2.2
R009615,P0020,2026-04-14,HCP00128,Cardiology,Injectable,4.3,4.2,4.3,3.1
R009616,P0070,2026-06-18,HCP01817,Immunology,Oral Therapy,4.6,2.4,4.3,3.0
R009617,P0115,2025-06-14,HCP01857,Neurology,Injectable,3.6,3.9,3.8,1.2
R009618,P0092,2026-03-21,HCP01443,Cardiology,Oral Therapy,3.2,4.2,4.7,3.3
R009619,P0074,2025-11-11,HCP00431,Immunology,Oral Therapy,3.2,3.7,4.1,2.6
R009620,P0032,2026-02-25,HCP02273,Rare Disease,Digital Therapeutic,3.0,4.2,2.6,3.9
R009621,P0009,2026-05-10,HCP00997,Immunology,Oral Therapy,4.1,4.3,3.6,3.4
R009622,P0094,2025-05-11,HCP01575,Cardiology,Infusion,4.6,4.0,5.0,3.5
R009623,P0015,2025-08-07,HCP00032,Oncology,Digital Therapeutic,4.1,3.7,4.0,2.4
R009624,P0021,2026-06-15,HCP01490,Rare Disease,Infusion,3.7,4.0,3.9,1.3
R009625,P0053,2025-07-21,HCP02232,Respiratory,Oral Therapy,5.0,2.2,4.7,3.7
R009626,P0043,2026-03-09,HCP01426,Immunology,Injectable,3.7,4.8,5.0,3.2
R009627,P0104,2025-05-11,HCP00703,Cardiology,Oral Therapy,4.9,4.7,3.4,4.0
R009628,P0030,2026-02-12,HCP01016,Cardiology,Combination Therapy,2.8,4.7,4.0,2.1
R009629,P0079,2026-05-27,HCP00663,Oncology,Digital Therapeutic,3.9,3.9,4.0,2.8
R009630,P0055,2025-12-28,HCP01598,Diabetes,Combination Therapy,2.9,4.2,3.0,2.6
R009631,P0029,2025-12-18,HCP01331,Neurology,Oral Therapy,2.9,3.9,3.9,1.9
R009632,P0118,2025-11-21,HCP02433,Immunology,Injectable,3.0,4.0,4.1,1.0
R009633,P0096,2026-03-18,HCP00060,Neurology,Injectable,3.8,4.8,3.9,2.2
R009634,P0089,2025-02-07,HCP02431,Neurology,Digital Therapeutic,3.3,2.6,5.0,1.8
R009635,P0056,2025-06-25,HCP00697,Immunology,Oral Therapy,1.9,4.1,4.5,3.6
R009636,P0025,2025-09-14,HCP00278,Respiratory,Combination Therapy,3.3,3.2,4.2,2.8
R009637,P0078,2025-12-23,HCP00651,Cardiology,Infusion,3.2,3.0,4.0,2.1
R009638,P0116,2026-07-16,HCP01139,Rare Disease,Combination Therapy,2.2,3.7,4.5,3.6
R009639,P0032,2026-04-24,HCP01874,Rare Disease,Injectable,4.1,2.9,3.8,3.3
R009640,P0082,2026-01-01,HCP01481,Neurology,Combination Therapy,4.3,2.9,3.0,2.7
R009641,P0104,2025-04-27,HCP00573,Cardiology,Combination Therapy,4.2,2.6,3.2,2.5
R009642,P0055,2025-12-16,HCP01790,Diabetes,Infusion,5.0,3.5,4.2,1.7
R009643,P0010,2025-03-16,HCP00097,Diabetes,Combination Therapy,2.7,4.2,4.8,2.7
R009644,P0110,2026-05-23,HCP00752,Rare Disease,Injectable,2.8,4.4,3.7,2.4
R009645,P0013,2025-02-25,HCP02403,Respiratory,Digital Therapeutic,3.7,5.0,4.6,3.6
R009646,P0092,2026-03-30,HCP02458,Cardiology,Combination Therapy,3.6,3.5,4.3,2.9
R009647,P0058,2025-08-05,HCP00791,Respiratory,Oral Therapy,3.8,4.4,4.8,2.2
R009648,P0088,2025-12-05,HCP01039,Respiratory,Infusion,4.4,3.9,3.3,3.7
R009649,P0085,2025-10-15,HCP00884,Respiratory,Oral Therapy,3.5,3.9,3.2,2.0
R009650,P0025,2025-11-23,HCP00714,Respiratory,Infusion,4.6,4.1,5.0,2.1
R009651,P0012,2026-06-22,HCP00472,Oncology,Injectable,3.0,4.4,2.9,2.6
R009652,P0016,2026-07-15,HCP01951,Cardiology,Oral Therapy,3.3,4.1,4.3,3.1
R009653,P0025,2025-08-17,HCP01630,Respiratory,Combination Therapy,2.8,3.5,5.0,2.9
R009654,P0104,2025-05-26,HCP01471,Cardiology,Injectable,1.0,4.2,4.3,4.2
R009655,P0011,2025-04-17,HCP01937,Respiratory,Digital Therapeutic,2.2,3.4,4.9,3.1
R009656,P0082,2025-12-06,HCP02262,Neurology,Oral Therapy,4.5,4.2,4.9,1.0
R009657,P0046,2026-03-29,HCP02134,Immunology,Injectable,4.6,3.9,4.5,2.7
R009658,P0099,2026-06-15,HCP00266,Rare Disease,Oral Therapy,2.6,2.5,4.2,2.6
R009659,P0072,2026-06-13,HCP01919,Immunology,Digital Therapeutic,4.5,3.7,3.3,1.8
R009660,P0092,2026-04-30,HCP00137,Cardiology,Injectable,1.6,4.5,3.1,2.4
R009661,P0100,2025-04-01,HCP01783,Neurology,Combination Therapy,2.8,3.7,3.9,1.4
R009662,P0109,2025-11-08,HCP02358,Diabetes,Infusion,3.3,4.0,2.8,2.8
R009663,P0097,2025-10-18,HCP02329,Cardiology,Oral Therapy,4.6,3.5,4.4,2.4
R009664,P0046,2026-03-06,HCP01115,Immunology,Digital Therapeutic,5.0,3.6,5.0,1.7
R009665,P0111,2026-01-30,HCP02427,Immunology,Combination Therapy,3.3,4.5,4.0,2.1
R009666,P0043,2026-06-07,HCP00541,Immunology,Digital Therapeutic,3.6,3.5,4.2,3.6
R009667,P0071,2025-12-24,HCP02302,Immunology,Digital Therapeutic,4.6,3.0,3.2,2.6
R009668,P0029,2026-01-23,HCP01858,Neurology,Combination Therapy,5.0,2.3,3.9,2.3
R009669,P0098,2026-07-20,HCP01983,Cardiology,Oral Therapy,4.7,3.3,4.0,1.9
R009670,P0013,2025-03-17,HCP02494,Respiratory,Injectable,2.7,3.0,3.8,3.1
R009671,P0116,2026-02-26,HCP01917,Rare Disease,Digital Therapeutic,4.4,2.8,4.3,3.3
R009672,P0058,2025-09-13,HCP02497,Respiratory,Digital Therapeutic,3.2,3.0,3.6,3.2
R009673,P0102,2026-01-04,HCP01088,Cardiology,Oral Therapy,4.9,3.1,4.1,3.1
R009674,P0060,2025-07-24,HCP02408,Cardiology,Oral Therapy,4.2,3.1,4.3,3.5
R009675,P0017,2026-01-25,HCP02036,Immunology,Infusion,2.8,4.8,4.9,2.2
R009676,P0014,2025-02-28,HCP00392,Cardiology,Injectable,4.6,2.6,4.1,1.9
R009677,P0107,2025-12-05,HCP00933,Diabetes,Oral Therapy,4.1,4.2,3.6,2.8
R009678,P0073,2026-07-06,HCP02126,Immunology,Infusion,4.0,4.2,3.9,2.6
R009679,P0017,2026-01-18,HCP01544,Immunology,Injectable,3.7,4.2,4.3,2.3
R009680,P0044,2025-09-23,HCP00311,Immunology,Combination Therapy,3.3,3.8,3.4,2.6
R009681,P0069,2026-03-23,HCP01488,Immunology,Combination Therapy,4.2,4.7,3.5,4.3
R009682,P0055,2025-11-26,HCP00893,Diabetes,Oral Therapy,5.0,3.8,4.1,2.8
R009683,P0009,2026-04-20,HCP00288,Immunology,Combination Therapy,5.0,3.7,2.7,3.2
R009684,P0062,2025-07-13,HCP00446,Immunology,Injectable,3.5,4.6,3.9,1.2
R009685,P0021,2026-03-08,HCP00515,Rare Disease,Oral Therapy,1.9,3.7,3.7,3.6
R009686,P0038,2025-10-03,HCP00891,Diabetes,Oral Therapy,3.2,2.7,4.4,2.6
R009687,P0081,2025-11-20,HCP02239,Oncology,Injectable,3.8,4.2,3.4,2.7
R009688,P0083,2025-05-01,HCP00620,Immunology,Infusion,3.9,4.6,3.7,2.3
R009689,P0010,2025-03-10,HCP00443,Diabetes,Combination Therapy,4.5,4.0,4.0,1.4
R009690,P0062,2025-06-21,HCP02243,Immunology,Injectable,4.3,3.5,3.5,1.1
R009691,P0031,2025-12-07,HCP01229,Rare Disease,Digital Therapeutic,4.3,4.0,3.3,1.8
R009692,P0053,2025-05-26,HCP02470,Respiratory,Oral Therapy,3.2,4.3,3.6,5.0
R009693,P0097,2025-10-23,HCP00767,Cardiology,Combination Therapy,3.3,3.1,2.6,3.9
R009694,P0050,2025-05-15,HCP00435,Diabetes,Infusion,2.8,2.4,3.3,2.6
R009695,P0071,2026-01-13,HCP02151,Immunology,Infusion,3.9,3.7,4.4,2.9
R009696,P0003,2025-05-29,HCP00325,Respiratory,Infusion,4.4,4.5,3.0,3.9
R009697,P0060,2025-07-19,HCP01845,Cardiology,Digital Therapeutic,4.6,3.0,3.3,2.7
R009698,P0093,2025-02-18,HCP00411,Respiratory,Digital Therapeutic,1.6,2.9,3.8,1.0
R009699,P0078,2025-11-24,HCP02128,Cardiology,Injectable,4.1,3.9,4.4,3.7
R009700,P0116,2026-04-08,HCP01415,Rare Disease,Combination Therapy,2.8,3.6,3.2,2.6
R009701,P0095,2025-12-17,HCP00351,Cardiology,Oral Therapy,4.2,3.3,3.6,2.7
R009702,P0016,2026-07-02,HCP02206,Cardiology,Combination Therapy,2.8,4.6,4.9,2.5
R009703,P0008,2025-11-20,HCP00698,Neurology,Digital Therapeutic,4.3,3.3,4.1,2.3
R009704,P0035,2026-07-16,HCP01864,Cardiology,Oral Therapy,3.1,4.1,4.4,3.2
R009705,P0098,2026-04-22,HCP00463,Cardiology,Infusion,3.2,4.4,3.3,2.6
R009706,P0102,2026-02-09,HCP01056,Cardiology,Injectable,4.4,3.7,3.6,2.7
R009707,P0088,2026-01-09,HCP00642,Respiratory,Oral Therapy,3.2,4.4,4.6,1.7
R009708,P0086,2025-12-31,HCP02398,Diabetes,Combination Therapy,4.5,4.3,4.2,4.6
R009709,P0081,2025-10-04,HCP00288,Oncology,Combination Therapy,4.3,3.9,4.4,3.7
R009710,P0038,2025-10-15,HCP01347,Diabetes,Infusion,3.6,3.5,4.4,3.4
R009711,P0082,2026-05-17,HCP00674,Neurology,Oral Therapy,3.3,4.8,4.5,4.0
R009712,P0078,2025-11-29,HCP01963,Cardiology,Injectable,4.8,4.4,3.7,2.6
R009713,P0010,2025-03-22,HCP01382,Diabetes,Digital Therapeutic,4.4,4.3,3.3,3.4
R009714,P0111,2026-01-24,HCP01250,Immunology,Infusion,5.0,3.8,3.5,3.3
R009715,P0091,2025-07-05,HCP02014,Rare Disease,Infusion,2.2,3.4,3.7,2.6
R009716,P0027,2025-11-30,HCP01666,Cardiology,Combination Therapy,3.5,2.4,2.5,2.5
R009717,P0035,2026-04-14,HCP01643,Cardiology,Oral Therapy,3.3,4.2,4.3,2.5
R009718,P0082,2026-01-03,HCP00941,Neurology,Combination Therapy,4.1,3.6,4.6,2.7
R009719,P0030,2026-02-23,HCP00580,Cardiology,Combination Therapy,2.9,4.0,4.1,1.4
R009720,P0098,2026-07-24,HCP00132,Cardiology,Injectable,3.0,5.0,3.6,3.1
R009721,P0057,2025-08-03,HCP01394,Immunology,Combination Therapy,3.7,4.7,4.0,3.6
R009722,P0012,2026-03-17,HCP01532,Oncology,Injectable,2.1,4.1,2.9,2.0
R009723,P0083,2025-04-28,HCP00602,Immunology,Digital Therapeutic,2.0,3.7,2.8,2.1
R009724,P0113,2026-06-21,HCP00723,Neurology,Digital Therapeutic,3.6,4.3,5.0,1.9
R009725,P0040,2026-06-10,HCP00144,Neurology,Combination Therapy,5.0,4.4,2.7,2.2
R009726,P0116,2026-03-17,HCP01377,Rare Disease,Oral Therapy,3.8,3.5,4.5,1.5
R009727,P0087,2026-04-17,HCP02365,Oncology,Infusion,3.4,3.6,4.9,2.1
R009728,P0088,2025-11-28,HCP01629,Respiratory,Combination Therapy,4.1,4.0,4.0,3.4
R009729,P0044,2025-09-14,HCP00178,Immunology,Oral Therapy,4.2,3.3,3.9,1.6
R009730,P0062,2025-06-29,HCP01130,Immunology,Oral Therapy,3.6,3.3,4.1,2.3
R009731,P0027,2026-02-01,HCP02297,Cardiology,Oral Therapy,3.1,3.0,2.6,3.2
R009732,P0073,2026-06-08,HCP00393,Immunology,Infusion,2.4,5.0,3.6,2.9
R009733,P0104,2025-07-10,HCP00653,Cardiology,Infusion,4.5,2.9,4.9,3.0
R009734,P0078,2025-12-02,HCP02013,Cardiology,Digital Therapeutic,3.3,2.9,4.1,3.0
R009735,P0105,2026-01-31,HCP01687,Neurology,Infusion,4.1,2.2,3.9,2.7
R009736,P0019,2026-06-11,HCP00432,Respiratory,Combination Therapy,4.6,4.2,4.0,1.5
R009737,P0073,2026-08-11,HCP00018,Immunology,Oral Therapy,3.4,3.1,3.5,2.6
R009738,P0036,2025-11-07,HCP00324,Respiratory,Digital Therapeutic,2.5,4.3,3.2,2.0
R009739,P0068,2025-08-12,HCP01397,Immunology,Infusion,3.5,3.8,4.6,3.3
R009740,P0013,2025-04-10,HCP00794,Respiratory,Infusion,3.6,4.7,3.4,1.9
R009741,P0046,2026-02-25,HCP00438,Immunology,Infusion,4.1,3.2,5.0,3.4
R009742,P0045,2026-01-26,HCP00146,Neurology,Digital Therapeutic,3.2,3.8,3.8,2.6
R009743,P0064,2025-10-12,HCP00225,Cardiology,Digital Therapeutic,3.2,4.6,4.2,3.0
R009744,P0090,2025-07-01,HCP00884,Neurology,Combination Therapy,3.4,4.7,5.0,3.1
R009745,P0069,2026-03-17,HCP00575,Immunology,Injectable,4.0,4.6,4.3,3.8
R009746,P0107,2026-03-29,HCP01894,Diabetes,Oral Therapy,4.5,4.2,3.1,3.3
R009747,P0035,2026-07-10,HCP01886,Cardiology,Oral Therapy,5.0,3.8,3.6,2.2
R009748,P0045,2026-01-21,HCP01976,Neurology,Digital Therapeutic,5.0,4.2,2.9,3.2
R009749,P0057,2025-08-17,HCP01783,Immunology,Oral Therapy,3.6,2.9,3.8,3.0
R009750,P0074,2026-01-18,HCP01142,Immunology,Digital Therapeutic,3.1,3.5,3.3,3.4
R009751,P0102,2026-02-21,HCP00461,Cardiology,Oral Therapy,3.2,4.8,3.8,2.7
R009752,P0072,2026-04-22,HCP00460,Immunology,Combination Therapy,2.6,4.4,4.9,3.9
R009753,P0116,2026-06-04,HCP01558,Rare Disease,Combination Therapy,3.8,2.9,5.0,2.8
R009754,P0057,2025-08-13,HCP02435,Immunology,Injectable,2.9,4.0,2.8,1.2
R009755,P0064,2025-08-25,HCP01839,Cardiology,Combination Therapy,2.8,3.2,2.8,2.7
R009756,P0084,2026-04-11,HCP02060,Immunology,Combination Therapy,2.8,3.6,4.0,1.8
R009757,P0018,2025-06-17,HCP02093,Immunology,Combination Therapy,4.5,4.8,3.8,2.2
R009758,P0019,2026-04-11,HCP00014,Respiratory,Digital Therapeutic,3.6,2.5,3.1,2.5
R009759,P0041,2026-05-19,HCP02276,Respiratory,Injectable,2.5,2.9,3.8,3.0
R009760,P0009,2026-05-05,HCP01518,Immunology,Injectable,4.4,3.9,3.9,2.3
R009761,P0050,2025-04-26,HCP02174,Diabetes,Injectable,4.7,4.1,3.7,3.9
R009762,P0042,2025-11-14,HCP02364,Rare Disease,Combination Therapy,3.3,3.6,4.8,2.7
R009763,P0075,2026-02-11,HCP00325,Neurology,Digital Therapeutic,3.0,4.6,4.7,2.4
R009764,P0117,2025-11-05,HCP02324,Immunology,Oral Therapy,3.0,3.6,3.9,3.5
R009765,P0068,2025-08-04,HCP01355,Immunology,Oral Therapy,3.9,4.0,4.8,2.9
R009766,P0115,2025-07-21,HCP00999,Neurology,Combination Therapy,4.5,3.8,4.5,1.3
R009767,P0073,2026-04-06,HCP02422,Immunology,Infusion,3.8,3.6,4.0,1.6
R009768,P0076,2025-10-18,HCP01529,Cardiology,Infusion,2.6,4.3,2.3,4.1
R009769,P0101,2026-05-23,HCP01623,Cardiology,Combination Therapy,4.6,3.2,3.0,2.6
R009770,P0070,2026-09-03,HCP01541,Immunology,Infusion,3.7,4.7,3.7,2.5
R009771,P0117,2025-09-08,HCP01579,Immunology,Infusion,3.5,4.5,4.3,3.7
R009772,P0076,2025-09-30,HCP01825,Cardiology,Combination Therapy,4.1,4.5,3.1,2.6
R009773,P0041,2026-07-28,HCP00884,Respiratory,Injectable,4.6,5.0,4.7,2.3
R009774,P0052,2025-12-25,HCP02354,Oncology,Combination Therapy,2.7,4.1,4.9,2.6
R009775,P0078,2025-10-14,HCP01687,Cardiology,Oral Therapy,2.6,3.9,4.3,2.3
R009776,P0035,2026-04-07,HCP01167,Cardiology,Combination Therapy,3.7,4.1,4.3,2.5
R009777,P0088,2025-12-02,HCP01331,Respiratory,Oral Therapy,3.7,3.5,4.4,2.7
R009778,P0001,2026-10-29,HCP00155,Respiratory,Infusion,4.5,3.7,4.2,3.0
R009779,P0088,2025-12-11,HCP00224,Respiratory,Injectable,4.8,3.2,4.0,2.4
R009780,P0003,2025-08-21,HCP01805,Respiratory,Digital Therapeutic,3.3,4.8,3.9,2.5
R009781,P0020,2026-05-12,HCP00946,Cardiology,Infusion,4.0,3.1,4.6,2.6
R009782,P0117,2025-08-29,HCP02366,Immunology,Digital Therapeutic,4.1,3.2,4.5,4.7
R009783,P0100,2025-03-21,HCP01066,Neurology,Infusion,4.2,3.7,3.0,3.0
R009784,P0090,2025-08-10,HCP02177,Neurology,Injectable,2.3,3.0,3.9,1.0
R009785,P0112,2025-03-14,HCP01800,Respiratory,Digital Therapeutic,4.1,3.3,4.3,2.4
R009786,P0083,2025-05-11,HCP00062,Immunology,Injectable,3.0,3.6,3.0,1.4
R009787,P0013,2025-04-16,HCP00834,Respiratory,Injectable,4.2,4.4,4.4,2.3
R009788,P0102,2026-01-23,HCP02207,Cardiology,Combination Therapy,2.7,2.8,3.8,2.3
R009789,P0029,2025-12-21,HCP01980,Neurology,Combination Therapy,3.7,3.4,5.0,1.1
R009790,P0073,2026-04-16,HCP00369,Immunology,Infusion,3.4,4.0,4.4,4.2
R009791,P0108,2025-03-17,HCP00577,Diabetes,Combination Therapy,5.0,4.2,4.0,2.7
R009792,P0081,2025-11-07,HCP02448,Oncology,Injectable,2.9,5.0,4.3,3.5
R009793,P0005,2025-01-12,HCP01168,Immunology,Oral Therapy,2.9,4.8,4.0,1.9
R009794,P0095,2026-01-23,HCP01854,Cardiology,Combination Therapy,4.9,5.0,3.0,2.5
R009795,P0097,2025-10-04,HCP01217,Cardiology,Combination Therapy,4.4,2.7,3.9,3.2
R009796,P0016,2026-07-15,HCP00316,Cardiology,Infusion,3.9,4.0,2.9,1.4
R009797,P0114,2026-08-09,HCP01411,Cardiology,Combination Therapy,3.3,4.2,3.8,4.9
R009798,P0023,2025-05-31,HCP00252,Respiratory,Combination Therapy,2.7,2.9,4.1,3.6
R009799,P0007,2026-07-27,HCP02311,Diabetes,Injectable,3.3,3.6,3.2,2.7
R009800,P0067,2025-08-16,HCP00695,Immunology,Oral Therapy,3.2,4.4,3.9,2.0
R009801,P0082,2026-02-20,HCP02087,Neurology,Digital Therapeutic,3.1,4.4,4.9,2.7
R009802,P0012,2026-06-01,HCP00574,Oncology,Combination Therapy,3.2,4.7,3.6,1.0
R009803,P0019,2026-06-20,HCP00184,Respiratory,Infusion,3.2,3.9,3.3,2.9
R009804,P0080,2026-04-08,HCP00011,Neurology,Infusion,4.5,3.4,4.7,3.9
R009805,P0010,2025-04-03,HCP00270,Diabetes,Injectable,2.5,4.2,4.1,1.2
R009806,P0100,2025-03-19,HCP02226,Neurology,Injectable,4.0,3.9,3.9,2.0
R009807,P0033,2026-01-26,HCP00250,Oncology,Digital Therapeutic,3.9,4.1,4.3,1.7
R009808,P0101,2026-05-29,HCP00317,Cardiology,Injectable,3.6,2.5,4.1,3.6
R009809,P0089,2025-04-06,HCP00546,Neurology,Infusion,4.2,3.8,3.5,3.0
R009810,P0039,2026-07-27,HCP02474,Respiratory,Digital Therapeutic,4.0,4.1,3.2,2.0
R009811,P0096,2026-02-05,HCP02031,Neurology,Injectable,3.8,3.8,5.0,2.5
R009812,P0025,2025-11-23,HCP00660,Respiratory,Injectable,4.6,3.7,4.3,2.7
R009813,P0058,2025-09-25,HCP01077,Respiratory,Digital Therapeutic,1.6,3.7,5.0,1.5
R009814,P0116,2026-07-18,HCP01437,Rare Disease,Digital Therapeutic,5.0,3.2,3.8,1.6
R009815,P0107,2026-02-04,HCP00692,Diabetes,Digital Therapeutic,4.7,4.4,4.8,2.1
R009816,P0110,2026-07-07,HCP01746,Rare Disease,Infusion,5.0,3.6,3.5,1.7
R009817,P0018,2025-04-24,HCP00668,Immunology,Oral Therapy,2.9,2.0,2.9,2.4
R009818,P0038,2025-10-13,HCP00753,Diabetes,Digital Therapeutic,3.7,3.4,4.3,1.8
R009819,P0010,2025-03-17,HCP02297,Diabetes,Oral Therapy,3.9,3.3,4.6,2.7
R009820,P0108,2025-02-19,HCP01140,Diabetes,Injectable,3.4,3.6,4.7,2.5
R009821,P0095,2025-11-23,HCP02305,Cardiology,Digital Therapeutic,3.8,3.3,4.2,3.1
R009822,P0106,2026-02-26,HCP01933,Respiratory,Injectable,3.9,3.7,3.5,2.8
R009823,P0014,2025-02-20,HCP00783,Cardiology,Combination Therapy,2.7,3.9,4.2,1.0
R009824,P0041,2026-05-16,HCP00162,Respiratory,Digital Therapeutic,4.3,3.2,4.2,2.1
R009825,P0086,2026-03-13,HCP00373,Diabetes,Combination Therapy,4.2,3.8,3.9,3.0
R009826,P0044,2025-10-26,HCP00905,Immunology,Infusion,3.1,4.3,3.7,3.6
R009827,P0036,2025-10-09,HCP01880,Respiratory,Infusion,2.6,3.6,3.2,3.6
R009828,P0112,2025-05-25,HCP01975,Respiratory,Oral Therapy,3.8,4.3,4.1,3.7
R009829,P0065,2025-07-13,HCP01011,Immunology,Combination Therapy,3.0,4.7,4.1,2.6
R009830,P0090,2025-06-25,HCP00830,Neurology,Digital Therapeutic,3.9,3.1,3.0,3.5
R009831,P0093,2025-03-01,HCP01795,Respiratory,Combination Therapy,3.0,4.0,5.0,4.2
R009832,P0075,2026-03-08,HCP00149,Neurology,Injectable,5.0,5.0,3.0,3.3
R009833,P0089,2025-03-05,HCP01015,Neurology,Injectable,3.1,4.0,3.5,2.8
R009834,P0115,2025-06-19,HCP00470,Neurology,Injectable,2.9,3.2,4.1,3.0
R009835,P0060,2025-08-27,HCP01691,Cardiology,Infusion,3.7,4.1,4.2,1.0
R009836,P0104,2025-04-14,HCP01693,Cardiology,Combination Therapy,2.3,3.7,3.4,2.1
R009837,P0009,2026-05-01,HCP02129,Immunology,Injectable,3.0,2.9,3.4,1.0
R009838,P0009,2026-04-16,HCP02419,Immunology,Injectable,2.3,3.7,3.9,2.4
R009839,P0048,2025-05-25,HCP00533,Oncology,Oral Therapy,3.9,3.0,4.0,1.7
R009840,P0060,2025-08-11,HCP00572,Cardiology,Infusion,4.5,2.7,4.9,1.1
R009841,P0040,2026-04-21,HCP01020,Neurology,Oral Therapy,3.3,4.4,3.3,2.9
R009842,P0108,2025-02-16,HCP01294,Diabetes,Oral Therapy,4.8,2.2,4.0,1.9
R009843,P0003,2025-05-28,HCP01820,Respiratory,Injectable,3.0,4.8,3.9,2.4
R009844,P0014,2025-02-18,HCP00602,Cardiology,Infusion,3.3,4.2,4.2,2.9
R009845,P0076,2025-07-26,HCP01412,Cardiology,Infusion,4.5,4.8,3.8,1.2
R009846,P0009,2026-05-16,HCP02309,Immunology,Combination Therapy,4.3,5.0,4.7,3.2
R009847,P0024,2026-08-02,HCP00176,Diabetes,Combination Therapy,4.1,4.6,4.4,2.6
R009848,P0104,2025-05-04,HCP02251,Cardiology,Infusion,4.6,3.5,4.8,3.0
R009849,P0098,2026-04-13,HCP00445,Cardiology,Combination Therapy,3.7,3.4,4.1,1.8
R009850,P0094,2025-04-20,HCP00979,Cardiology,Combination Therapy,4.0,3.9,4.0,3.5
R009851,P0042,2025-09-26,HCP00377,Rare Disease,Oral Therapy,3.1,4.5,3.7,2.5
R009852,P0021,2026-06-11,HCP00093,Rare Disease,Infusion,5.0,5.0,3.0,2.7
R009853,P0039,2026-07-21,HCP00702,Respiratory,Injectable,3.3,3.1,4.2,2.1
R009854,P0022,2026-05-04,HCP01519,Cardiology,Oral Therapy,3.5,4.4,4.3,1.2
R009855,P0029,2025-11-25,HCP00939,Neurology,Digital Therapeutic,3.9,3.8,4.3,2.6
R009856,P0100,2025-03-18,HCP01570,Neurology,Infusion,4.3,3.8,3.7,3.1
R009857,P0030,2026-01-03,HCP01848,Cardiology,Digital Therapeutic,4.3,4.3,3.2,2.3
R009858,P0026,2026-07-17,HCP01545,Diabetes,Injectable,1.4,2.0,3.4,1.7
R009859,P0031,2025-11-25,HCP01692,Rare Disease,Combination Therapy,5.0,3.8,4.1,2.1
R009860,P0018,2025-05-22,HCP00741,Immunology,Infusion,5.0,2.9,4.7,3.0
R009861,P0104,2025-04-19,HCP02028,Cardiology,Injectable,4.8,4.3,2.9,3.2
R009862,P0109,2025-10-25,HCP00060,Diabetes,Injectable,3.8,4.0,5.0,3.4
R009863,P0025,2025-07-21,HCP02118,Respiratory,Injectable,4.8,5.0,2.6,3.4
R009864,P0097,2025-10-11,HCP00081,Cardiology,Oral Therapy,3.9,4.8,5.0,1.6
R009865,P0033,2026-05-09,HCP01576,Oncology,Combination Therapy,3.9,3.4,3.3,2.9
R009866,P0049,2025-04-11,HCP01948,Neurology,Injectable,4.3,4.0,4.9,2.7
R009867,P0120,2026-08-01,HCP02254,Immunology,Digital Therapeutic,4.2,4.9,3.7,2.2
R009868,P0076,2025-10-30,HCP01328,Cardiology,Infusion,4.6,4.1,4.9,1.0
R009869,P0098,2026-07-07,HCP02024,Cardiology,Oral Therapy,1.9,4.3,2.5,2.1
R009870,P0052,2025-11-26,HCP00678,Oncology,Combination Therapy,3.6,5.0,4.4,4.1
R009871,P0075,2026-03-21,HCP00725,Neurology,Combination Therapy,2.7,4.8,4.6,2.8
R009872,P0033,2026-05-04,HCP02287,Oncology,Digital Therapeutic,4.5,4.0,4.2,2.3
R009873,P0089,2025-03-20,HCP01372,Neurology,Injectable,2.9,4.6,4.4,1.7
R009874,P0119,2025-09-02,HCP02211,Neurology,Oral Therapy,3.5,4.5,4.7,3.1
R009875,P0019,2026-05-17,HCP01280,Respiratory,Digital Therapeutic,4.5,5.0,4.1,4.0
R009876,P0066,2026-01-16,HCP02041,Diabetes,Digital Therapeutic,4.8,3.9,3.7,3.0
R009877,P0033,2026-05-16,HCP00442,Oncology,Combination Therapy,4.5,4.7,3.1,1.4
R009878,P0077,2025-08-31,HCP01555,Neurology,Oral Therapy,4.3,3.6,4.6,1.6
R009879,P0055,2025-11-18,HCP00521,Diabetes,Combination Therapy,2.7,4.2,4.7,1.5
R009880,P0049,2025-04-25,HCP01538,Neurology,Oral Therapy,2.8,4.5,4.4,4.4
R009881,P0047,2025-08-28,HCP00815,Respiratory,Oral Therapy,2.6,4.3,4.5,2.7
R009882,P0061,2026-04-28,HCP01327,Immunology,Digital Therapeutic,2.8,4.1,4.2,3.2
R009883,P0025,2025-07-14,HCP02272,Respiratory,Digital Therapeutic,3.8,3.8,3.7,2.8
R009884,P0035,2026-04-20,HCP00459,Cardiology,Injectable,4.6,4.4,4.7,2.9
R009885,P0009,2026-04-26,HCP01816,Immunology,Digital Therapeutic,4.6,4.2,3.7,1.8
R009886,P0052,2025-10-09,HCP01819,Oncology,Injectable,2.1,3.9,4.1,1.6
R009887,P0074,2026-02-20,HCP00783,Immunology,Oral Therapy,3.7,4.3,4.4,1.5
R009888,P0076,2025-08-26,HCP01302,Cardiology,Injectable,3.5,2.8,4.9,2.5
R009889,P0026,2026-07-06,HCP02254,Diabetes,Combination Therapy,1.7,4.1,2.1,2.1
R009890,P0098,2026-04-06,HCP01366,Cardiology,Infusion,4.4,2.7,4.6,2.0
R009891,P0050,2025-05-30,HCP00349,Diabetes,Digital Therapeutic,4.4,3.2,3.7,2.6
R009892,P0097,2025-10-18,HCP01722,Cardiology,Digital Therapeutic,3.2,4.1,4.3,1.0
R009893,P0099,2026-05-24,HCP00285,Rare Disease,Digital Therapeutic,3.4,3.8,2.8,1.4
R009894,P0002,2025-12-08,HCP00931,Cardiology,Digital Therapeutic,3.8,2.7,3.5,3.5
R009895,P0006,2025-09-04,HCP02097,Cardiology,Oral Therapy,4.1,2.5,4.8,3.7
R009896,P0065,2025-06-12,HCP01761,Immunology,Oral Therapy,3.1,3.6,4.8,3.9
R009897,P0101,2026-05-12,HCP01691,Cardiology,Oral Therapy,3.0,2.6,3.9,2.2
R009898,P0045,2026-02-16,HCP00621,Neurology,Oral Therapy,2.8,2.9,5.0,2.4
R009899,P0074,2025-11-29,HCP00043,Immunology,Digital Therapeutic,5.0,3.4,4.0,3.5
R009900,P0073,2026-07-05,HCP02164,Immunology,Infusion,4.7,4.4,4.2,1.1
R009901,P0092,2026-04-15,HCP00592,Cardiology,Injectable,2.8,3.0,3.5,2.3
R009902,P0106,2026-02-18,HCP02466,Respiratory,Combination Therapy,2.9,2.3,3.7,2.9
R009903,P0069,2026-02-24,HCP00794,Immunology,Infusion,2.8,4.7,4.3,2.3
R009904,P0094,2025-05-15,HCP01480,Cardiology,Digital Therapeutic,2.4,4.4,2.5,3.5
R009905,P0073,2026-07-03,HCP01776,Immunology,Digital Therapeutic,5.0,4.1,4.1,2.6
R009906,P0040,2026-04-02,HCP00955,Neurology,Oral Therapy,3.1,3.8,4.3,1.4
R009907,P0069,2026-02-26,HCP01991,Immunology,Injectable,4.3,5.0,4.0,2.1
R009908,P0089,2025-02-22,HCP00721,Neurology,Injectable,3.4,4.0,4.9,1.7
R009909,P0108,2025-03-21,HCP01119,Diabetes,Digital Therapeutic,3.5,3.9,3.7,3.4
R009910,P0013,2025-03-28,HCP02232,Respiratory,Injectable,3.5,3.7,3.8,3.2
R009911,P0041,2026-06-04,HCP00779,Respiratory,Infusion,4.0,4.1,3.7,3.2
R009912,P0016,2026-05-09,HCP00817,Cardiology,Combination Therapy,3.5,3.3,3.8,3.2
R009913,P0021,2026-06-15,HCP00225,Rare Disease,Injectable,4.3,4.6,3.9,3.3
R009914,P0028,2026-05-06,HCP02036,Oncology,Combination Therapy,4.7,4.7,3.6,4.6
R009915,P0109,2025-10-07,HCP00166,Diabetes,Injectable,3.2,4.7,4.7,2.3
R009916,P0048,2025-06-01,HCP01022,Oncology,Oral Therapy,3.9,3.8,4.9,2.5
R009917,P0111,2026-02-07,HCP00706,Immunology,Oral Therapy,2.3,4.1,4.7,2.5
R009918,P0062,2025-07-12,HCP02200,Immunology,Infusion,3.3,2.9,4.5,2.8
R009919,P0003,2025-08-10,HCP01181,Respiratory,Oral Therapy,3.7,2.9,3.4,2.8
R009920,P0048,2025-06-27,HCP01080,Oncology,Injectable,3.5,4.3,3.9,3.9
R009921,P0088,2026-01-12,HCP01319,Respiratory,Injectable,3.6,4.4,5.0,3.9
R009922,P0076,2025-07-13,HCP01445,Cardiology,Injectable,4.1,2.6,3.9,2.7
R009923,P0045,2026-02-19,HCP00546,Neurology,Oral Therapy,4.3,2.9,4.3,3.3
R009924,P0015,2025-08-11,HCP00307,Oncology,Infusion,1.9,3.1,3.0,1.2
R009925,P0091,2025-08-26,HCP00441,Rare Disease,Injectable,3.9,4.0,4.3,3.1
R009926,P0063,2025-09-04,HCP02439,Rare Disease,Digital Therapeutic,3.4,3.5,3.6,4.2
R009927,P0095,2026-01-24,HCP00113,Cardiology,Infusion,3.3,3.0,3.8,1.0
R009928,P0033,2026-02-05,HCP01408,Oncology,Infusion,4.9,3.6,2.2,3.3
R009929,P0019,2026-04-18,HCP01870,Respiratory,Digital Therapeutic,2.2,3.6,4.0,3.4
R009930,P0044,2025-08-16,HCP01549,Immunology,Infusion,3.7,4.4,4.6,2.4
R009931,P0029,2025-12-30,HCP02040,Neurology,Oral Therapy,4.9,3.6,4.6,3.2
R009932,P0062,2025-06-21,HCP00314,Immunology,Digital Therapeutic,3.8,4.8,3.7,2.2
R009933,P0061,2026-03-27,HCP00978,Immunology,Combination Therapy,2.9,2.4,4.5,4.2
R009934,P0016,2026-06-23,HCP01727,Cardiology,Infusion,3.5,4.1,4.6,3.5
R009935,P0057,2025-08-17,HCP00145,Immunology,Digital Therapeutic,5.0,5.0,3.5,2.9
R009936,P0047,2025-09-02,HCP01067,Respiratory,Digital Therapeutic,4.7,3.7,4.6,1.4
R009937,P0063,2025-09-09,HCP01988,Rare Disease,Oral Therapy,3.3,3.6,3.8,1.9
R009938,P0092,2026-04-30,HCP01058,Cardiology,Oral Therapy,5.0,3.3,3.1,1.0
R009939,P0055,2026-01-25,HCP01977,Diabetes,Digital Therapeutic,4.2,2.8,3.5,2.5
R009940,P0034,2025-03-28,HCP01184,Respiratory,Injectable,1.5,4.5,4.1,2.8
R009941,P0109,2025-10-22,HCP00267,Diabetes,Injectable,3.6,3.2,3.0,2.3
R009942,P0092,2026-04-15,HCP01340,Cardiology,Infusion,5.0,4.4,2.7,2.3
R009943,P0116,2026-07-07,HCP01027,Rare Disease,Infusion,3.6,4.1,4.3,2.2
R009944,P0028,2026-05-24,HCP02009,Oncology,Combination Therapy,5.0,4.3,4.2,1.8
R009945,P0074,2025-10-17,HCP02097,Immunology,Combination Therapy,2.5,3.1,3.8,2.3
R009946,P0091,2025-06-10,HCP00855,Rare Disease,Oral Therapy,2.6,4.0,4.1,2.8
R009947,P0108,2025-04-16,HCP02268,Diabetes,Infusion,4.7,3.8,4.4,1.0
R009948,P0024,2026-10-05,HCP02202,Diabetes,Digital Therapeutic,4.4,3.9,2.9,3.9
R009949,P0031,2025-12-03,HCP01211,Rare Disease,Injectable,3.7,2.0,2.2,2.2
R009950,P0115,2025-07-18,HCP00278,Neurology,Infusion,4.4,4.2,4.5,1.9
R009951,P0068,2025-08-16,HCP01778,Immunology,Digital Therapeutic,3.2,5.0,4.2,3.3
R009952,P0019,2026-03-30,HCP01327,Respiratory,Digital Therapeutic,2.7,2.9,4.3,3.6
R009953,P0024,2026-07-09,HCP01648,Diabetes,Combination Therapy,4.0,4.5,3.4,4.2
R009954,P0120,2026-05-02,HCP01696,Immunology,Oral Therapy,3.5,3.6,4.1,3.8
R009955,P0108,2025-05-08,HCP01912,Diabetes,Infusion,4.1,3.1,4.7,1.4
R009956,P0028,2026-05-18,HCP02426,Oncology,Infusion,3.9,3.3,4.1,2.9
R009957,P0067,2025-05-26,HCP00806,Immunology,Combination Therapy,3.4,4.8,3.7,3.4
R009958,P0086,2025-11-03,HCP00996,Diabetes,Infusion,5.0,4.0,4.1,3.3
R009959,P0054,2025-09-01,HCP00439,Neurology,Oral Therapy,2.8,3.7,4.9,1.2
R009960,P0037,2025-06-26,HCP01697,Neurology,Injectable,3.8,2.7,4.1,1.9
R009961,P0085,2026-01-04,HCP01768,Respiratory,Combination Therapy,3.6,4.2,3.3,1.9
R009962,P0010,2025-03-06,HCP01966,Diabetes,Oral Therapy,4.0,4.6,5.0,3.3
R009963,P0025,2025-08-20,HCP00382,Respiratory,Combination Therapy,3.7,4.0,3.8,2.1
R009964,P0003,2025-05-27,HCP02082,Respiratory,Infusion,4.6,3.0,3.5,3.1
R009965,P0107,2025-12-09,HCP01510,Diabetes,Injectable,4.0,4.2,3.6,2.4
R009966,P0018,2025-03-07,HCP02293,Immunology,Injectable,3.1,5.0,4.3,3.3
R009967,P0105,2025-12-11,HCP00001,Neurology,Injectable,2.8,3.7,3.6,2.8
R009968,P0049,2025-04-02,HCP00865,Neurology,Combination Therapy,3.0,4.5,2.9,2.9
R009969,P0013,2025-03-10,HCP02379,Respiratory,Combination Therapy,3.0,3.6,4.3,1.0
R009970,P0070,2026-08-24,HCP02107,Immunology,Digital Therapeutic,4.3,3.7,4.1,1.8
R009971,P0039,2026-07-03,HCP01610,Respiratory,Oral Therapy,3.6,3.9,4.1,3.2
R009972,P0058,2025-07-27,HCP02393,Respiratory,Oral Therapy,4.0,3.5,3.3,2.3
R009973,P0118,2025-12-04,HCP01595,Immunology,Combination Therapy,2.5,3.5,3.7,1.6
R009974,P0076,2025-10-23,HCP01174,Cardiology,Injectable,3.4,3.8,4.3,1.3
R009975,P0003,2025-08-20,HCP00682,Respiratory,Oral Therapy,4.1,4.5,4.1,1.0
R009976,P0012,2026-07-10,HCP01729,Oncology,Injectable,4.6,3.9,4.2,3.0
R009977,P0093,2025-02-05,HCP01321,Respiratory,Digital Therapeutic,2.4,3.8,5.0,4.4
R009978,P0082,2026-02-27,HCP00808,Neurology,Digital Therapeutic,5.0,3.9,4.2,1.0
R009979,P0059,2025-10-23,HCP00391,Cardiology,Injectable,4.9,4.9,4.3,2.9
R009980,P0095,2026-02-17,HCP00641,Cardiology,Infusion,4.6,3.1,3.4,2.3
R009981,P0027,2026-01-15,HCP01278,Cardiology,Combination Therapy,4.8,4.3,3.2,2.4
R009982,P0028,2026-04-11,HCP00695,Oncology,Injectable,3.4,4.4,4.4,2.8
R009983,P0049,2025-03-24,HCP01471,Neurology,Oral Therapy,3.0,3.7,3.7,1.2
R009984,P0096,2026-01-04,HCP00129,Neurology,Injectable,3.8,4.7,2.9,2.6
R009985,P0118,2025-12-17,HCP00869,Immunology,Combination Therapy,4.0,4.5,4.3,4.1
R009986,P0031,2025-11-22,HCP01447,Rare Disease,Infusion,3.2,4.4,4.7,2.8
R009987,P0075,2026-04-07,HCP01824,Neurology,Digital Therapeutic,4.2,2.9,3.3,2.7
R009988,P0054,2025-09-10,HCP02155,Neurology,Injectable,4.9,3.4,2.9,2.7
R009989,P0106,2026-03-06,HCP00335,Respiratory,Combination Therapy,4.5,3.3,4.9,2.4
R009990,P0097,2025-10-21,HCP00718,Cardiology,Oral Therapy,3.7,4.3,4.8,3.3
R009991,P0021,2026-03-18,HCP01606,Rare Disease,Oral Therapy,1.6,4.4,4.7,3.6
R009992,P0083,2025-04-19,HCP00080,Immunology,Combination Therapy,2.4,3.6,3.5,2.3
R009993,P0003,2025-07-29,HCP01368,Respiratory,Digital Therapeutic,3.6,3.6,3.8,1.3
R009994,P0061,2026-04-29,HCP00708,Immunology,Combination Therapy,4.2,5.0,4.3,3.4
R009995,P0033,2026-01-30,HCP01301,Oncology,Infusion,2.5,3.9,4.6,2.5
R009996,P0045,2026-02-11,HCP01931,Neurology,Digital Therapeutic,3.8,4.1,3.9,2.4
R009997,P0040,2026-06-08,HCP00431,Neurology,Infusion,4.3,3.6,5.0,3.4
R009998,P0068,2025-08-29,HCP01120,Immunology,Oral Therapy,3.6,4.7,4.4,2.4
R009999,P0102,2025-12-14,HCP01855,Cardiology,Injectable,3.2,4.1,4.1,3.6
R010000,P0063,2025-09-22,HCP01918,Rare Disease,Combination Therapy,2.4,3.9,3.9,3.7
R010001,P0104,2025-04-19,HCP00760,Cardiology,Combination Therapy,4.4,4.0,4.2,3.6
R010002,P0117,2025-08-11,HCP00543,Immunology,Infusion,3.1,3.5,4.3,3.0
R010003,P0027,2026-01-28,HCP01049,Cardiology,Combination Therapy,5.0,3.1,3.3,2.6
R010004,P0100,2025-03-12,HCP01605,Neurology,Injectable,3.9,3.8,3.2,2.2
R010005,P0027,2026-01-14,HCP01770,Cardiology,Injectable,4.0,4.9,3.5,1.6
R010006,P0014,2025-02-08,HCP01828,Cardiology,Digital Therapeutic,4.4,3.6,3.8,3.7
R010007,P0026,2026-06-03,HCP00742,Diabetes,Oral Therapy,3.4,4.5,4.1,2.6
R010008,P0050,2025-04-29,HCP02023,Diabetes,Oral Therapy,4.1,3.5,3.7,2.1
R010009,P0021,2026-03-03,HCP01968,Rare Disease,Injectable,3.2,2.5,4.0,3.1
R010010,P0071,2026-02-02,HCP01711,Immunology,Oral Therapy,3.0,3.4,3.1,3.9
R010011,P0072,2026-06-01,HCP01849,Immunology,Infusion,2.9,2.7,4.8,2.7
R010012,P0085,2026-01-24,HCP02277,Respiratory,Digital Therapeutic,3.3,4.3,3.1,3.5
R010013,P0110,2026-05-05,HCP02057,Rare Disease,Digital Therapeutic,5.0,2.5,4.2,3.6
R010014,P0022,2026-07-26,HCP00316,Cardiology,Oral Therapy,2.9,3.9,3.3,2.7
R010015,P0118,2025-12-04,HCP01908,Immunology,Combination Therapy,4.2,3.3,4.3,2.3
R010016,P0100,2025-03-23,HCP01377,Neurology,Infusion,3.5,3.4,5.0,3.4
R010017,P0007,2026-08-31,HCP01072,Diabetes,Injectable,2.7,4.4,4.5,2.8
R010018,P0076,2025-08-19,HCP01125,Cardiology,Infusion,4.4,3.7,3.4,2.8
R010019,P0031,2025-12-04,HCP00401,Rare Disease,Oral Therapy,3.3,3.8,4.2,2.5
R010020,P0009,2026-04-20,HCP02499,Immunology,Combination Therapy,3.3,3.7,3.8,2.8
R010021,P0082,2026-04-01,HCP00129,Neurology,Infusion,4.6,3.5,3.1,2.1
R010022,P0008,2025-11-21,HCP01374,Neurology,Injectable,3.5,3.2,4.6,2.1
R010023,P0022,2026-06-16,HCP02317,Cardiology,Digital Therapeutic,3.9,2.6,5.0,4.5
R010024,P0083,2025-05-10,HCP01714,Immunology,Injectable,3.7,4.1,4.8,2.5
R010025,P0011,2025-04-30,HCP02388,Respiratory,Digital Therapeutic,3.6,4.0,3.2,3.2
R010026,P0091,2025-07-24,HCP02298,Rare Disease,Infusion,2.6,4.6,5.0,2.3
R010027,P0004,2025-05-11,HCP00067,Diabetes,Combination Therapy,4.4,4.1,3.6,3.8
R010028,P0038,2025-10-29,HCP00357,Diabetes,Infusion,3.9,3.5,3.7,2.9
R010029,P0031,2025-12-24,HCP00276,Rare Disease,Digital Therapeutic,4.4,3.7,3.5,2.4
R010030,P0020,2026-06-06,HCP00849,Cardiology,Infusion,3.8,4.2,4.1,1.0
R010031,P0064,2025-11-02,HCP00979,Cardiology,Combination Therapy,4.6,4.6,2.7,2.0
R010032,P0027,2025-10-29,HCP00809,Cardiology,Combination Therapy,3.8,3.5,3.4,3.3
R010033,P0019,2026-06-12,HCP00385,Respiratory,Infusion,4.9,4.6,4.8,1.0
R010034,P0048,2025-06-07,HCP00293,Oncology,Digital Therapeutic,2.9,3.7,5.0,1.7
R010035,P0060,2025-08-17,HCP01261,Cardiology,Injectable,3.0,3.3,2.6,1.0
R010036,P0076,2025-09-24,HCP01401,Cardiology,Combination Therapy,5.0,3.4,4.7,1.0
R010037,P0011,2025-05-01,HCP00760,Respiratory,Digital Therapeutic,4.4,3.6,3.2,2.8
R010038,P0023,2025-07-06,HCP00767,Respiratory,Injectable,5.0,3.8,3.7,1.4
R010039,P0007,2026-06-29,HCP01237,Diabetes,Combination Therapy,4.2,4.6,3.2,2.8
R010040,P0095,2025-11-19,HCP00413,Cardiology,Digital Therapeutic,3.5,5.0,4.7,3.5
R010041,P0068,2025-06-25,HCP00394,Immunology,Oral Therapy,5.0,3.7,4.4,2.3
R010042,P0030,2025-12-08,HCP00055,Cardiology,Combination Therapy,2.2,2.8,4.1,2.5
R010043,P0064,2025-12-20,HCP00901,Cardiology,Injectable,4.4,3.4,4.5,1.9
R010044,P0098,2026-07-28,HCP00063,Cardiology,Oral Therapy,1.5,3.6,4.4,2.8
R010045,P0092,2026-01-31,HCP00905,Cardiology,Injectable,5.0,4.0,3.3,2.5
R010046,P0111,2026-02-08,HCP00977,Immunology,Infusion,2.8,2.5,4.2,1.4
R010047,P0028,2026-04-22,HCP00647,Oncology,Oral Therapy,3.4,4.5,3.6,2.1
R010048,P0020,2026-04-16,HCP01528,Cardiology,Infusion,2.9,3.2,3.5,3.7
R010049,P0092,2026-02-07,HCP00367,Cardiology,Infusion,4.2,4.0,4.3,3.7
R010050,P0111,2026-02-01,HCP00532,Immunology,Infusion,3.5,3.7,4.9,2.6
R010051,P0022,2026-04-18,HCP02381,Cardiology,Infusion,4.9,3.3,4.0,1.0
R010052,P0085,2025-11-07,HCP02276,Respiratory,Infusion,3.1,4.7,5.0,3.3
R010053,P0069,2026-02-22,HCP00289,Immunology,Oral Therapy,2.7,3.5,3.8,1.3
R010054,P0107,2025-11-22,HCP00526,Diabetes,Combination Therapy,3.3,3.1,2.9,2.0
R010055,P0024,2026-05-25,HCP01447,Diabetes,Digital Therapeutic,5.0,4.2,3.1,2.5
R010056,P0042,2025-09-29,HCP00677,Rare Disease,Injectable,4.6,4.4,3.0,3.9
R010057,P0075,2026-04-14,HCP00407,Neurology,Oral Therapy,4.7,3.7,4.3,2.3
R010058,P0104,2025-04-03,HCP00761,Cardiology,Combination Therapy,3.2,3.9,5.0,3.1
R010059,P0100,2025-03-17,HCP02470,Neurology,Infusion,2.6,4.5,4.8,1.0
R010060,P0058,2025-09-25,HCP00395,Respiratory,Combination Therapy,4.9,3.7,4.6,2.7
R010061,P0045,2026-01-21,HCP01549,Neurology,Infusion,2.5,3.6,5.0,3.4
R010062,P0023,2025-05-08,HCP02498,Respiratory,Injectable,3.7,4.4,4.4,2.1
R010063,P0049,2025-04-25,HCP02063,Neurology,Injectable,3.1,3.7,4.7,2.4
R010064,P0120,2026-05-21,HCP01793,Immunology,Oral Therapy,3.8,3.3,4.1,3.8
R010065,P0028,2026-03-26,HCP00759,Oncology,Infusion,2.2,3.8,3.4,2.2
R010066,P0114,2026-10-05,HCP00751,Cardiology,Digital Therapeutic,4.4,3.1,3.2,2.9
R010067,P0034,2025-04-13,HCP01502,Respiratory,Oral Therapy,4.9,3.8,3.7,1.8
R010068,P0015,2025-07-31,HCP02433,Oncology,Oral Therapy,4.6,4.5,2.9,2.4
R010069,P0087,2026-03-10,HCP00873,Oncology,Oral Therapy,2.8,2.9,3.8,1.6
R010070,P0055,2026-02-02,HCP01587,Diabetes,Infusion,4.1,3.8,3.8,1.1
R010071,P0088,2025-12-27,HCP02436,Respiratory,Infusion,3.6,4.2,4.6,2.1
R010072,P0119,2025-09-23,HCP01924,Neurology,Infusion,3.7,3.8,3.9,3.6
R010073,P0018,2025-04-14,HCP02400,Immunology,Combination Therapy,5.0,4.8,4.8,2.7
R010074,P0066,2026-01-12,HCP00860,Diabetes,Combination Therapy,3.3,3.8,3.7,3.2
R010075,P0032,2026-05-23,HCP01698,Rare Disease,Combination Therapy,4.3,4.1,3.3,1.5
R010076,P0060,2025-07-22,HCP00542,Cardiology,Injectable,2.2,4.8,5.0,4.4
R010077,P0031,2025-12-12,HCP00109,Rare Disease,Infusion,3.8,4.2,4.8,3.4
R010078,P0024,2026-09-20,HCP01125,Diabetes,Digital Therapeutic,4.5,3.8,4.1,1.6
R010079,P0063,2025-09-23,HCP01982,Rare Disease,Injectable,3.6,3.5,3.6,2.1
R010080,P0051,2025-10-24,HCP01042,Rare Disease,Combination Therapy,4.2,3.7,5.0,1.1
R010081,P0093,2025-01-29,HCP00681,Respiratory,Oral Therapy,3.0,4.0,4.0,1.0
R010082,P0060,2025-07-12,HCP02462,Cardiology,Infusion,3.3,3.3,4.6,2.9
R010083,P0073,2026-08-14,HCP01008,Immunology,Digital Therapeutic,3.6,4.7,5.0,1.0
R010084,P0086,2025-12-15,HCP00363,Diabetes,Oral Therapy,3.2,5.0,4.3,2.6
R010085,P0007,2026-05-23,HCP00456,Diabetes,Combination Therapy,4.5,3.8,3.3,1.8
R010086,P0055,2026-03-14,HCP00338,Diabetes,Oral Therapy,4.6,2.6,3.9,3.0
R010087,P0063,2025-09-04,HCP02429,Rare Disease,Injectable,4.3,4.3,3.7,2.6
R010088,P0077,2025-11-20,HCP01553,Neurology,Injectable,1.5,3.9,4.0,1.2
R010089,P0005,2025-01-06,HCP00038,Immunology,Digital Therapeutic,3.4,4.3,4.2,2.3
R010090,P0013,2025-04-19,HCP01405,Respiratory,Injectable,4.4,3.8,3.8,2.6
R010091,P0102,2025-12-17,HCP01044,Cardiology,Infusion,3.6,4.5,3.8,2.6
R010092,P0092,2026-04-26,HCP01366,Cardiology,Injectable,3.5,3.3,4.1,2.4
R010093,P0051,2025-09-28,HCP02144,Rare Disease,Injectable,4.5,4.1,3.0,3.6
R010094,P0001,2026-06-08,HCP01031,Respiratory,Infusion,4.5,4.0,3.8,3.5
R010095,P0032,2026-04-21,HCP00753,Rare Disease,Injectable,4.2,4.1,4.2,1.5
R010096,P0078,2025-10-12,HCP00903,Cardiology,Infusion,2.4,4.4,4.1,1.2
R010097,P0082,2026-03-06,HCP01763,Neurology,Infusion,2.7,4.4,3.5,1.3
R010098,P0100,2025-03-24,HCP00218,Neurology,Injectable,4.0,3.0,3.7,2.3
R010099,P0067,2025-05-13,HCP01556,Immunology,Infusion,1.9,4.4,3.0,2.7
R010100,P0093,2025-02-09,HCP01982,Respiratory,Infusion,5.0,3.9,3.5,4.1
R010101,P0029,2025-12-30,HCP02478,Neurology,Infusion,3.8,3.7,2.8,1.7
R010102,P0018,2025-04-26,HCP01117,Immunology,Digital Therapeutic,3.1,4.0,3.8,2.5
R010103,P0041,2026-03-20,HCP01167,Respiratory,Injectable,3.2,4.0,4.3,2.3
R010104,P0102,2026-01-21,HCP02244,Cardiology,Infusion,4.7,3.9,3.5,2.9
R010105,P0107,2025-12-27,HCP02007,Diabetes,Infusion,2.6,2.6,2.5,2.4
R010106,P0010,2025-03-05,HCP01240,Diabetes,Digital Therapeutic,2.1,3.9,4.6,1.7
R010107,P0024,2026-09-26,HCP00943,Diabetes,Digital Therapeutic,2.9,3.7,4.1,2.6
R010108,P0008,2026-01-26,HCP02259,Neurology,Injectable,4.0,4.0,3.4,4.0
R010109,P0092,2026-02-01,HCP01028,Cardiology,Injectable,5.0,3.8,3.4,2.4
R010110,P0099,2026-06-17,HCP02311,Rare Disease,Injectable,4.7,5.0,4.6,4.0
R010111,P0112,2025-04-02,HCP01089,Respiratory,Injectable,3.3,3.7,4.3,2.4
R010112,P0022,2026-07-01,HCP01399,Cardiology,Infusion,3.9,2.7,4.5,3.6
R010113,P0063,2025-09-09,HCP01322,Rare Disease,Injectable,4.0,3.7,3.0,2.0
R010114,P0054,2025-09-02,HCP01994,Neurology,Combination Therapy,3.9,3.5,4.4,2.9
R010115,P0118,2025-12-10,HCP01952,Immunology,Combination Therapy,2.0,3.9,3.3,3.5
R010116,P0113,2026-07-27,HCP00260,Neurology,Digital Therapeutic,3.4,3.5,3.1,3.3
R010117,P0101,2026-06-21,HCP02090,Cardiology,Digital Therapeutic,4.4,4.2,4.0,4.1
R010118,P0026,2026-07-20,HCP00294,Diabetes,Injectable,5.0,3.8,4.3,5.0
R010119,P0041,2026-05-07,HCP02039,Respiratory,Infusion,4.0,4.0,4.0,1.2
R010120,P0094,2025-04-23,HCP01751,Cardiology,Oral Therapy,4.6,4.8,4.1,1.5
R010121,P0074,2026-02-13,HCP01464,Immunology,Oral Therapy,4.5,3.8,3.2,1.2
R010122,P0071,2026-01-08,HCP00128,Immunology,Infusion,3.4,2.9,2.7,4.2
R010123,P0010,2025-04-02,HCP02135,Diabetes,Oral Therapy,2.6,3.5,4.3,2.0
R010124,P0049,2025-05-10,HCP01779,Neurology,Combination Therapy,4.7,2.8,4.2,2.2
R010125,P0118,2025-11-29,HCP01452,Immunology,Digital Therapeutic,5.0,3.4,3.7,3.0
R010126,P0056,2025-07-12,HCP00577,Immunology,Digital Therapeutic,3.3,1.3,3.7,2.5
R010127,P0107,2026-03-12,HCP01932,Diabetes,Combination Therapy,4.7,4.4,4.1,2.8
R010128,P0050,2025-06-27,HCP00587,Diabetes,Infusion,3.8,2.8,3.7,2.0
R010129,P0102,2026-01-06,HCP01088,Cardiology,Combination Therapy,2.5,4.3,4.5,3.8
R010130,P0100,2025-03-17,HCP00901,Neurology,Oral Therapy,3.7,3.4,4.5,1.5
R010131,P0075,2026-02-22,HCP01046,Neurology,Combination Therapy,3.2,3.6,3.9,2.4
R010132,P0098,2026-06-18,HCP02312,Cardiology,Oral Therapy,4.1,4.9,3.9,2.7
R010133,P0006,2025-08-09,HCP01928,Cardiology,Oral Therapy,4.0,3.6,4.2,3.1
R010134,P0045,2026-01-30,HCP01777,Neurology,Digital Therapeutic,3.2,3.1,2.1,2.8
R010135,P0011,2025-05-07,HCP01721,Respiratory,Digital Therapeutic,2.6,3.4,4.0,2.2
R010136,P0084,2026-03-01,HCP01879,Immunology,Injectable,3.3,2.9,3.0,1.9
R010137,P0036,2025-10-10,HCP01835,Respiratory,Oral Therapy,5.0,4.4,4.3,4.1
R010138,P0064,2025-10-29,HCP01958,Cardiology,Injectable,2.7,4.2,4.6,1.3
R010139,P0102,2026-02-20,HCP00123,Cardiology,Infusion,4.3,3.6,2.3,3.3
R010140,P0090,2025-08-22,HCP02080,Neurology,Injectable,4.2,4.3,4.4,1.4
R010141,P0080,2026-05-15,HCP00777,Neurology,Combination Therapy,3.2,4.2,3.9,2.9
R010142,P0007,2026-06-06,HCP00426,Diabetes,Combination Therapy,3.0,3.6,4.3,3.4
R010143,P0074,2025-10-15,HCP00485,Immunology,Infusion,4.2,4.0,4.6,1.3
R010144,P0041,2026-04-12,HCP02355,Respiratory,Injectable,3.7,3.6,4.1,3.1
R010145,P0119,2025-11-12,HCP02066,Neurology,Oral Therapy,3.3,3.3,4.1,1.9
R010146,P0041,2026-06-26,HCP00993,Respiratory,Oral Therapy,4.1,2.0,3.2,1.0
R010147,P0090,2025-07-25,HCP02281,Neurology,Oral Therapy,5.0,3.6,3.4,3.2
R010148,P0072,2026-04-29,HCP01405,Immunology,Injectable,4.8,3.8,5.0,1.5
R010149,P0041,2026-07-09,HCP02105,Respiratory,Combination Therapy,3.8,2.8,4.6,1.9
R010150,P0025,2025-08-03,HCP02026,Respiratory,Digital Therapeutic,1.0,4.4,4.3,1.2
R010151,P0032,2026-03-22,HCP00625,Rare Disease,Oral Therapy,3.5,3.6,3.4,1.9
R010152,P0064,2025-11-14,HCP02132,Cardiology,Infusion,2.8,4.1,4.2,3.8
R010153,P0107,2025-11-20,HCP02419,Diabetes,Injectable,3.5,4.0,3.7,4.1
R010154,P0118,2025-11-14,HCP01266,Immunology,Digital Therapeutic,3.4,3.7,5.0,1.7
R010155,P0038,2025-10-17,HCP00810,Diabetes,Infusion,3.4,3.4,4.9,2.3
R010156,P0006,2025-07-22,HCP01362,Cardiology,Digital Therapeutic,4.6,3.3,3.5,2.7
R010157,P0027,2026-02-05,HCP02108,Cardiology,Oral Therapy,3.5,2.6,3.5,1.5
R010158,P0061,2026-07-10,HCP01024,Immunology,Injectable,3.5,4.8,3.9,3.1
R010159,P0049,2025-05-30,HCP00119,Neurology,Injectable,4.1,4.0,4.8,3.8
R010160,P0017,2026-01-12,HCP00124,Immunology,Combination Therapy,2.8,3.1,4.7,1.4
R010161,P0021,2026-05-04,HCP01894,Rare Disease,Digital Therapeutic,3.4,4.2,2.6,3.7
R010162,P0070,2026-06-15,HCP01620,Immunology,Oral Therapy,2.5,3.0,4.3,1.4
R010163,P0032,2026-03-07,HCP00549,Rare Disease,Oral Therapy,4.2,4.2,4.8,2.2
R010164,P0029,2025-12-03,HCP01694,Neurology,Digital Therapeutic,3.9,4.1,3.9,4.7
R010165,P0046,2025-12-18,HCP00777,Immunology,Injectable,5.0,3.3,4.4,4.2
R010166,P0109,2025-09-30,HCP01183,Diabetes,Infusion,2.3,2.7,5.0,1.3
R010167,P0102,2026-01-28,HCP00514,Cardiology,Injectable,4.5,3.4,4.9,3.2
R010168,P0039,2026-08-03,HCP00121,Respiratory,Injectable,2.2,3.9,4.3,1.3
R010169,P0093,2025-02-23,HCP02259,Respiratory,Oral Therapy,2.9,2.7,4.2,3.0
R010170,P0115,2025-05-19,HCP01415,Neurology,Infusion,1.9,3.3,4.0,2.1
R010171,P0034,2025-03-16,HCP02407,Respiratory,Digital Therapeutic,3.8,4.7,4.4,3.0
R010172,P0001,2026-06-13,HCP00258,Respiratory,Infusion,3.9,3.7,3.9,2.8
R010173,P0028,2026-05-07,HCP00994,Oncology,Oral Therapy,3.4,5.0,4.7,2.7
R010174,P0100,2025-04-07,HCP01136,Neurology,Injectable,1.8,4.1,3.3,2.3
R010175,P0013,2025-02-28,HCP00084,Respiratory,Digital Therapeutic,3.2,3.6,3.6,4.5
R010176,P0032,2026-06-09,HCP01997,Rare Disease,Digital Therapeutic,3.8,3.2,3.7,2.1
R010177,P0115,2025-08-04,HCP02470,Neurology,Combination Therapy,2.9,3.0,4.8,1.9
R010178,P0025,2025-10-30,HCP00568,Respiratory,Infusion,3.7,3.9,4.5,3.9
R010179,P0058,2025-07-30,HCP02187,Respiratory,Combination Therapy,4.6,3.4,4.2,1.6
R010180,P0107,2026-02-23,HCP02298,Diabetes,Digital Therapeutic,3.2,3.6,4.2,3.4
R010181,P0102,2026-02-05,HCP01038,Cardiology,Combination Therapy,2.8,3.9,2.7,2.2
R010182,P0037,2025-10-23,HCP01771,Neurology,Oral Therapy,3.6,3.3,4.4,1.7
R010183,P0030,2026-02-21,HCP01113,Cardiology,Injectable,5.0,4.4,3.3,3.5
R010184,P0071,2026-01-03,HCP00644,Immunology,Injectable,4.1,4.0,3.6,2.8
R010185,P0039,2026-07-26,HCP00711,Respiratory,Oral Therapy,2.4,3.4,5.0,2.6
R010186,P0089,2025-02-18,HCP00575,Neurology,Infusion,4.9,3.9,4.3,2.7
R010187,P0082,2025-12-21,HCP02468,Neurology,Oral Therapy,3.3,2.2,4.1,3.1
R010188,P0051,2025-08-15,HCP00187,Rare Disease,Digital Therapeutic,3.5,4.1,3.8,1.2
R010189,P0050,2025-06-13,HCP01103,Diabetes,Injectable,2.6,4.0,4.8,3.5
R010190,P0013,2025-02-26,HCP02185,Respiratory,Injectable,3.8,2.3,3.3,1.0
R010191,P0084,2026-03-13,HCP01260,Immunology,Injectable,2.0,2.5,3.6,1.5
R010192,P0111,2026-02-08,HCP00158,Immunology,Injectable,2.7,3.6,4.7,3.2
R010193,P0106,2026-02-12,HCP00930,Respiratory,Infusion,4.2,3.3,4.0,3.4
R010194,P0078,2025-12-08,HCP01566,Cardiology,Combination Therapy,3.8,3.8,4.2,2.0
R010195,P0088,2025-12-17,HCP00298,Respiratory,Oral Therapy,3.1,3.8,3.6,3.3
R010196,P0108,2025-02-17,HCP01879,Diabetes,Oral Therapy,3.5,4.9,4.4,2.2
R010197,P0027,2026-01-01,HCP01655,Cardiology,Injectable,4.3,3.5,3.6,1.0
R010198,P0093,2025-01-24,HCP00638,Respiratory,Digital Therapeutic,4.0,4.2,2.9,1.9
R010199,P0013,2025-04-03,HCP01992,Respiratory,Digital Therapeutic,4.3,3.5,4.6,1.2
R010200,P0093,2025-02-22,HCP00952,Respiratory,Combination Therapy,2.7,4.1,3.4,2.5
R010201,P0027,2026-01-14,HCP00973,Cardiology,Digital Therapeutic,3.1,3.5,3.2,2.7
R010202,P0071,2026-01-05,HCP00735,Immunology,Injectable,5.0,2.9,3.3,2.9
R010203,P0001,2026-08-03,HCP00948,Respiratory,Digital Therapeutic,3.4,3.4,4.0,1.3
R010204,P0001,2026-09-26,HCP02005,Respiratory,Infusion,3.3,4.1,3.5,2.9
R010205,P0078,2025-11-20,HCP00046,Cardiology,Digital Therapeutic,3.8,3.0,5.0,3.0
R010206,P0106,2026-03-24,HCP02489,Respiratory,Infusion,3.9,3.8,4.7,3.7
R010207,P0014,2025-03-05,HCP01907,Cardiology,Combination Therapy,2.9,4.0,4.1,2.0
R010208,P0100,2025-04-03,HCP02427,Neurology,Digital Therapeutic,1.6,4.0,3.4,1.5
R010209,P0091,2025-07-19,HCP01655,Rare Disease,Combination Therapy,3.4,4.3,4.6,1.8
R010210,P0088,2025-12-04,HCP00174,Respiratory,Combination Therapy,3.7,5.0,4.2,2.7
R010211,P0033,2026-04-03,HCP01885,Oncology,Infusion,2.2,2.9,3.5,2.5
R010212,P0106,2026-03-02,HCP01695,Respiratory,Injectable,3.9,3.5,4.1,2.3
R010213,P0074,2025-12-05,HCP01170,Immunology,Injectable,4.0,3.8,4.1,2.0
R010214,P0023,2025-07-27,HCP01463,Respiratory,Injectable,4.5,3.4,3.5,3.0
R010215,P0106,2026-03-22,HCP00843,Respiratory,Oral Therapy,2.8,4.6,3.1,3.0
R010216,P0034,2025-04-21,HCP02326,Respiratory,Injectable,4.0,4.7,4.8,2.2
R010217,P0060,2025-07-21,HCP02224,Cardiology,Combination Therapy,4.2,5.0,4.5,4.6
R010218,P0019,2026-04-01,HCP01445,Respiratory,Oral Therapy,5.0,3.7,3.9,1.3
R010219,P0047,2025-05-30,HCP02391,Respiratory,Combination Therapy,4.4,3.0,4.3,2.0
R010220,P0078,2025-12-19,HCP01144,Cardiology,Oral Therapy,4.6,3.6,4.6,1.6
R010221,P0108,2025-04-03,HCP00515,Diabetes,Oral Therapy,3.8,3.1,3.7,1.8
R010222,P0053,2025-06-10,HCP01123,Respiratory,Combination Therapy,3.3,4.4,3.8,2.3
R010223,P0075,2026-04-19,HCP02297,Neurology,Infusion,4.8,4.3,5.0,2.8
R010224,P0013,2025-03-23,HCP02135,Respiratory,Injectable,2.6,4.3,3.6,2.5
R010225,P0029,2026-01-03,HCP00054,Neurology,Oral Therapy,5.0,5.0,5.0,5.0
R010226,P0070,2026-06-19,HCP01681,Immunology,Oral Therapy,4.4,3.8,5.0,1.0
R010227,P0005,2025-02-09,HCP02011,Immunology,Injectable,3.4,3.3,4.2,2.2
R010228,P0041,2026-03-13,HCP00186,Respiratory,Oral Therapy,2.3,3.8,2.9,3.1
R010229,P0008,2025-12-08,HCP01413,Neurology,Digital Therapeutic,3.6,3.1,3.9,1.0
R010230,P0059,2025-11-21,HCP02334,Cardiology,Combination Therapy,3.2,3.3,4.0,3.1
R010231,P0032,2026-06-12,HCP00931,Rare Disease,Injectable,2.4,3.8,3.9,3.8
R010232,P0032,2026-02-28,HCP01697,Rare Disease,Oral Therapy,3.2,4.1,4.8,2.2
R010233,P0056,2025-07-12,HCP00959,Immunology,Combination Therapy,4.5,3.2,3.7,1.9
R010234,P0020,2026-04-22,HCP00388,Cardiology,Digital Therapeutic,3.7,2.9,4.3,2.0
R010235,P0092,2026-03-25,HCP00998,Cardiology,Injectable,3.5,4.3,4.3,2.8
R010236,P0055,2026-01-24,HCP01174,Diabetes,Digital Therapeutic,2.4,3.2,4.3,2.6
R010237,P0109,2025-10-26,HCP01068,Diabetes,Digital Therapeutic,3.5,3.9,3.4,3.0
R010238,P0028,2026-03-16,HCP00627,Oncology,Digital Therapeutic,5.0,4.6,4.6,1.7
R010239,P0008,2026-01-17,HCP02365,Neurology,Oral Therapy,3.7,4.4,3.3,3.3
R010240,P0049,2025-05-06,HCP01479,Neurology,Injectable,3.4,4.2,4.3,2.4
R010241,P0013,2025-04-21,HCP01599,Respiratory,Infusion,4.3,4.6,4.3,4.8
R010242,P0046,2026-01-11,HCP01391,Immunology,Digital Therapeutic,4.8,4.0,3.4,1.6
R010243,P0093,2025-02-02,HCP00872,Respiratory,Infusion,4.9,3.0,3.3,3.8
R010244,P0113,2026-07-09,HCP02426,Neurology,Injectable,4.0,5.0,3.8,1.9
R010245,P0055,2026-02-11,HCP01041,Diabetes,Injectable,2.3,4.1,4.7,1.4
R010246,P0023,2025-05-18,HCP00138,Respiratory,Infusion,4.5,4.1,4.3,2.5
R010247,P0047,2025-06-29,HCP01120,Respiratory,Oral Therapy,3.4,3.9,4.7,1.4
R010248,P0035,2026-05-09,HCP01126,Cardiology,Combination Therapy,3.3,2.6,4.7,2.8
R010249,P0015,2025-08-03,HCP00973,Oncology,Digital Therapeutic,2.9,3.2,4.5,3.4
R010250,P0096,2026-03-07,HCP00458,Neurology,Digital Therapeutic,4.2,4.9,4.0,2.1
R010251,P0088,2025-12-01,HCP01198,Respiratory,Digital Therapeutic,4.5,2.4,1.9,1.7
R010252,P0036,2025-11-16,HCP00056,Respiratory,Infusion,3.1,3.7,4.4,3.4
R010253,P0059,2025-10-30,HCP00876,Cardiology,Infusion,4.2,4.0,5.0,1.6
R010254,P0058,2025-07-25,HCP01946,Respiratory,Digital Therapeutic,4.6,3.6,3.5,1.1
R010255,P0052,2025-11-21,HCP01777,Oncology,Digital Therapeutic,4.0,5.0,4.0,3.3
R010256,P0092,2026-03-02,HCP01895,Cardiology,Digital Therapeutic,3.7,2.7,5.0,2.7
R010257,P0084,2026-04-25,HCP00378,Immunology,Oral Therapy,3.6,3.3,4.3,2.5
R010258,P0001,2026-06-24,HCP02336,Respiratory,Combination Therapy,3.1,4.0,4.3,1.7
R010259,P0027,2025-12-14,HCP00471,Cardiology,Infusion,4.3,4.1,3.7,3.1
R010260,P0115,2025-04-20,HCP01471,Neurology,Digital Therapeutic,4.7,3.9,4.2,3.2
R010261,P0050,2025-05-01,HCP02421,Diabetes,Oral Therapy,3.8,4.0,4.1,1.0
R010262,P0056,2025-06-02,HCP00640,Immunology,Infusion,3.3,3.4,4.3,5.0
R010263,P0092,2026-04-27,HCP00235,Cardiology,Infusion,4.1,3.6,3.3,1.2
R010264,P0092,2026-05-13,HCP00908,Cardiology,Injectable,2.9,3.1,5.0,1.9
R010265,P0068,2025-08-20,HCP00034,Immunology,Combination Therapy,4.8,4.1,4.0,2.1
R010266,P0111,2026-01-23,HCP01512,Immunology,Infusion,4.7,2.6,3.3,1.0
R010267,P0071,2026-01-05,HCP01944,Immunology,Combination Therapy,4.1,2.8,3.5,1.6
R010268,P0106,2026-02-02,HCP01572,Respiratory,Infusion,3.3,4.4,3.3,1.9
R010269,P0055,2026-01-27,HCP00617,Diabetes,Infusion,3.5,3.4,3.8,2.2
R010270,P0027,2026-02-10,HCP00107,Cardiology,Infusion,2.2,5.0,3.8,1.8
R010271,P0014,2025-02-10,HCP00796,Cardiology,Digital Therapeutic,3.0,3.5,4.6,3.5
R010272,P0067,2025-08-12,HCP02277,Immunology,Digital Therapeutic,4.3,3.5,3.2,2.8
R010273,P0107,2025-12-13,HCP00913,Diabetes,Combination Therapy,3.0,4.7,3.1,3.3
R010274,P0050,2025-05-14,HCP02316,Diabetes,Injectable,5.0,4.5,2.7,2.2
R010275,P0088,2025-12-21,HCP02424,Respiratory,Digital Therapeutic,3.3,3.7,4.2,3.1
R010276,P0064,2025-11-22,HCP01997,Cardiology,Combination Therapy,2.9,3.7,4.4,2.7
R010277,P0097,2025-10-18,HCP00588,Cardiology,Combination Therapy,4.0,4.5,1.8,3.2
R010278,P0094,2025-05-17,HCP00625,Cardiology,Infusion,4.0,3.9,4.3,1.6
R010279,P0084,2026-05-18,HCP00337,Immunology,Infusion,4.9,3.6,3.5,3.6
R010280,P0043,2026-07-07,HCP00871,Immunology,Digital Therapeutic,3.5,3.7,4.7,2.7
R010281,P0050,2025-06-25,HCP01207,Diabetes,Infusion,2.9,5.0,5.0,2.5
R010282,P0058,2025-07-19,HCP01757,Respiratory,Oral Therapy,3.2,3.6,2.9,3.7
R010283,P0099,2026-04-28,HCP00149,Rare Disease,Digital Therapeutic,4.7,3.6,3.6,2.2
R010284,P0073,2026-06-22,HCP00765,Immunology,Digital Therapeutic,5.0,3.8,4.7,2.2
R010285,P0021,2026-02-22,HCP00879,Rare Disease,Infusion,3.2,3.8,4.7,3.7
R010286,P0033,2026-05-10,HCP00970,Oncology,Infusion,3.6,3.3,3.9,2.1
R010287,P0038,2025-10-29,HCP01457,Diabetes,Infusion,4.9,4.9,4.6,2.3
R010288,P0073,2026-09-10,HCP01671,Immunology,Infusion,4.3,3.5,4.3,1.1
R010289,P0092,2026-01-20,HCP02360,Cardiology,Digital Therapeutic,3.2,4.2,4.6,1.7
R010290,P0018,2025-05-02,HCP00086,Immunology,Oral Therapy,2.7,5.0,4.7,3.4
R010291,P0087,2026-05-01,HCP00418,Oncology,Injectable,3.1,3.6,3.9,2.7
R010292,P0075,2026-02-16,HCP00345,Neurology,Combination Therapy,4.4,4.1,4.5,1.5
R010293,P0025,2025-10-25,HCP00709,Respiratory,Combination Therapy,2.4,2.9,3.9,2.0
R010294,P0018,2025-06-14,HCP00090,Immunology,Oral Therapy,3.8,3.3,4.6,1.7
R010295,P0018,2025-03-01,HCP00964,Immunology,Oral Therapy,3.4,3.9,3.5,2.8
R010296,P0094,2025-05-08,HCP00665,Cardiology,Oral Therapy,3.1,3.5,4.3,2.9
R010297,P0029,2025-11-27,HCP01318,Neurology,Combination Therapy,3.3,4.3,4.3,2.0
R010298,P0024,2026-08-04,HCP01203,Diabetes,Combination Therapy,4.4,3.5,4.6,1.5
R010299,P0051,2025-12-23,HCP01650,Rare Disease,Infusion,4.1,3.6,3.9,1.0
R010300,P0078,2025-11-01,HCP02111,Cardiology,Digital Therapeutic,4.6,3.4,3.4,3.8
R010301,P0054,2025-09-30,HCP00263,Neurology,Digital Therapeutic,3.0,4.6,4.0,2.2
R010302,P0070,2026-08-31,HCP00448,Immunology,Combination Therapy,2.3,3.7,3.1,3.0
R010303,P0044,2025-07-21,HCP01800,Immunology,Combination Therapy,3.8,3.4,3.7,1.5
R010304,P0052,2025-11-22,HCP00893,Oncology,Combination Therapy,3.7,3.2,3.0,2.2
R010305,P0071,2025-12-29,HCP02261,Immunology,Injectable,3.3,3.1,4.1,1.5
R010306,P0078,2026-01-14,HCP00024,Cardiology,Injectable,2.0,4.3,4.7,3.1
R010307,P0089,2025-03-28,HCP00261,Neurology,Oral Therapy,4.4,3.8,4.6,3.2
R010308,P0102,2026-01-06,HCP01159,Cardiology,Combination Therapy,1.2,5.0,2.9,3.2
R010309,P0040,2026-06-14,HCP01253,Neurology,Infusion,4.3,3.4,4.2,1.8
R010310,P0015,2025-08-08,HCP00064,Oncology,Oral Therapy,4.2,2.7,5.0,2.6
R010311,P0012,2026-05-11,HCP01232,Oncology,Combination Therapy,4.2,3.7,3.6,1.4
R010312,P0082,2026-04-22,HCP00806,Neurology,Combination Therapy,3.6,5.0,4.3,2.6
R010313,P0052,2026-01-21,HCP01592,Oncology,Combination Therapy,1.7,4.1,4.8,3.2
R010314,P0050,2025-04-07,HCP02078,Diabetes,Digital Therapeutic,2.3,3.8,3.0,2.1
R010315,P0089,2025-04-12,HCP01453,Neurology,Combination Therapy,3.0,3.4,4.2,2.4
R010316,P0081,2025-10-18,HCP02341,Oncology,Combination Therapy,5.0,3.6,4.6,1.6
R010317,P0110,2026-07-24,HCP01398,Rare Disease,Infusion,4.5,4.6,3.8,1.7
R010318,P0106,2026-03-24,HCP00919,Respiratory,Infusion,3.5,3.2,3.0,1.8
R010319,P0090,2025-10-03,HCP00266,Neurology,Injectable,3.2,3.8,4.8,1.9
R010320,P0079,2026-07-04,HCP00708,Oncology,Digital Therapeutic,3.8,3.9,2.8,3.4
R010321,P0108,2025-04-09,HCP00882,Diabetes,Combination Therapy,4.4,3.8,2.5,1.9
R010322,P0020,2026-06-01,HCP01897,Cardiology,Combination Therapy,3.9,3.6,3.1,2.5
R010323,P0115,2025-08-05,HCP01165,Neurology,Combination Therapy,2.5,2.8,3.7,3.2
R010324,P0050,2025-04-17,HCP01745,Diabetes,Injectable,4.9,4.0,3.0,2.8
R010325,P0030,2026-02-25,HCP00355,Cardiology,Digital Therapeutic,4.1,3.6,3.2,4.8
R010326,P0066,2026-03-04,HCP00946,Diabetes,Injectable,3.2,4.7,3.5,3.1
R010327,P0108,2025-04-03,HCP01977,Diabetes,Oral Therapy,4.0,3.7,4.9,2.2
R010328,P0016,2026-07-03,HCP02264,Cardiology,Combination Therapy,4.7,3.8,4.3,1.2
R010329,P0021,2026-05-19,HCP00919,Rare Disease,Injectable,4.0,3.9,4.1,3.6
R010330,P0078,2025-11-21,HCP01135,Cardiology,Combination Therapy,4.1,4.1,5.0,2.1
R010331,P0081,2025-11-27,HCP00687,Oncology,Infusion,5.0,2.5,5.0,1.8
R010332,P0086,2025-12-21,HCP02340,Diabetes,Digital Therapeutic,3.1,4.0,3.4,1.7
R010333,P0108,2025-04-01,HCP00255,Diabetes,Infusion,2.9,2.6,3.3,1.5
R010334,P0092,2026-03-16,HCP02210,Cardiology,Infusion,3.3,3.5,3.6,2.3
R010335,P0098,2026-05-25,HCP01688,Cardiology,Combination Therapy,4.4,4.2,4.2,2.0
R010336,P0015,2025-08-15,HCP02372,Oncology,Oral Therapy,4.5,5.0,4.9,2.7
R010337,P0043,2026-03-02,HCP00375,Immunology,Oral Therapy,3.8,3.1,3.3,4.5
R010338,P0085,2026-01-08,HCP00273,Respiratory,Digital Therapeutic,3.0,3.2,3.9,2.6
R010339,P0099,2026-06-09,HCP00459,Rare Disease,Combination Therapy,5.0,2.6,3.9,4.1
R010340,P0044,2025-07-25,HCP00668,Immunology,Combination Therapy,2.7,3.3,5.0,2.2
R010341,P0070,2026-07-22,HCP00566,Immunology,Digital Therapeutic,3.3,5.0,4.6,2.3
R010342,P0026,2026-06-30,HCP00928,Diabetes,Oral Therapy,3.1,2.7,3.3,1.0
R010343,P0104,2025-03-30,HCP00686,Cardiology,Oral Therapy,4.6,1.6,4.5,3.6
R010344,P0063,2025-09-22,HCP01859,Rare Disease,Injectable,3.5,4.4,3.8,1.7
R010345,P0012,2026-05-16,HCP00686,Oncology,Digital Therapeutic,5.0,4.4,4.2,3.2
R010346,P0069,2026-03-08,HCP00735,Immunology,Oral Therapy,4.4,3.8,3.2,1.0
R010347,P0032,2026-07-09,HCP02123,Rare Disease,Injectable,2.9,3.9,2.7,1.9
R010348,P0055,2026-04-03,HCP00518,Diabetes,Injectable,3.4,4.4,3.8,2.6
R010349,P0042,2025-11-23,HCP00872,Rare Disease,Oral Therapy,3.2,4.4,3.3,2.3
R010350,P0101,2026-06-14,HCP00860,Cardiology,Infusion,4.9,3.1,3.9,1.7
R010351,P0102,2026-01-17,HCP01147,Cardiology,Injectable,4.4,2.9,3.6,2.7
R010352,P0019,2026-06-06,HCP00778,Respiratory,Oral Therapy,2.4,3.1,4.0,3.2
R010353,P0039,2026-08-15,HCP01454,Respiratory,Infusion,4.1,3.3,4.2,1.2
R010354,P0049,2025-06-07,HCP02037,Neurology,Infusion,3.6,4.3,4.5,2.9
R010355,P0103,2026-03-23,HCP01166,Respiratory,Injectable,2.6,4.5,4.5,3.5
R010356,P0033,2026-03-14,HCP02475,Oncology,Oral Therapy,3.0,3.6,4.9,3.4
R010357,P0085,2026-03-16,HCP01601,Respiratory,Oral Therapy,3.5,4.0,4.1,2.5
R010358,P0006,2025-09-08,HCP00760,Cardiology,Combination Therapy,1.8,3.7,3.2,2.2
R010359,P0116,2026-06-29,HCP00665,Rare Disease,Combination Therapy,3.9,3.2,4.7,3.1
R010360,P0041,2026-03-30,HCP00130,Respiratory,Digital Therapeutic,3.8,3.2,4.2,2.3
R010361,P0033,2026-01-22,HCP00018,Oncology,Injectable,3.5,3.8,4.5,3.6
R010362,P0087,2026-05-05,HCP01805,Oncology,Digital Therapeutic,3.7,4.3,4.5,4.6
R010363,P0074,2025-12-23,HCP01888,Immunology,Combination Therapy,3.5,4.1,3.8,1.4
R010364,P0063,2025-09-09,HCP01202,Rare Disease,Combination Therapy,2.7,3.7,3.8,2.8
R010365,P0112,2025-05-05,HCP00376,Respiratory,Digital Therapeutic,3.2,4.8,5.0,2.4
R010366,P0051,2025-11-28,HCP01085,Rare Disease,Oral Therapy,3.0,4.9,3.1,1.0
R010367,P0065,2025-04-10,HCP01405,Immunology,Infusion,4.2,2.7,3.7,2.9
R010368,P0057,2025-07-29,HCP00878,Immunology,Combination Therapy,2.8,3.0,4.6,2.4
R010369,P0021,2026-05-03,HCP01245,Rare Disease,Digital Therapeutic,3.2,2.8,3.9,3.2
R010370,P0038,2025-09-26,HCP01176,Diabetes,Oral Therapy,3.7,4.4,3.6,3.3
R010371,P0073,2026-08-22,HCP00307,Immunology,Combination Therapy,2.4,3.6,4.5,2.7
R010372,P0015,2025-08-07,HCP00341,Oncology,Infusion,3.3,3.8,4.9,3.3
R010373,P0088,2025-12-16,HCP00121,Respiratory,Oral Therapy,3.7,4.2,4.1,1.4
R010374,P0071,2025-12-23,HCP01531,Immunology,Oral Therapy,3.8,3.8,3.0,2.4
R010375,P0078,2025-10-12,HCP02210,Cardiology,Infusion,4.0,3.3,4.1,3.6
R010376,P0098,2026-05-22,HCP02325,Cardiology,Combination Therapy,3.0,3.0,4.3,3.3
R010377,P0059,2025-11-19,HCP01623,Cardiology,Digital Therapeutic,2.8,3.6,3.3,2.3
R010378,P0095,2025-12-07,HCP02298,Cardiology,Infusion,3.3,4.4,5.0,2.9
R010379,P0090,2025-08-10,HCP00941,Neurology,Infusion,3.9,2.6,4.4,1.8
R010380,P0029,2026-01-24,HCP01846,Neurology,Injectable,3.4,3.5,3.4,3.9
R010381,P0033,2026-03-20,HCP01277,Oncology,Oral Therapy,2.7,2.4,4.4,3.3
R010382,P0053,2025-07-11,HCP00974,Respiratory,Infusion,5.0,4.4,4.4,2.6
R010383,P0012,2026-07-10,HCP01716,Oncology,Oral Therapy,3.0,2.6,3.6,2.8
R010384,P0067,2025-07-18,HCP02304,Immunology,Combination Therapy,2.6,2.7,3.2,2.9
R010385,P0110,2026-06-30,HCP01170,Rare Disease,Injectable,3.1,4.4,3.8,3.1
R010386,P0097,2025-10-18,HCP01650,Cardiology,Injectable,4.4,3.3,3.6,2.3
R010387,P0088,2025-12-28,HCP00556,Respiratory,Infusion,4.2,2.5,4.2,3.1
R010388,P0024,2026-08-18,HCP01260,Diabetes,Injectable,5.0,4.2,3.8,4.3
R010389,P0097,2025-10-19,HCP01656,Cardiology,Digital Therapeutic,2.8,3.9,4.3,3.3
R010390,P0016,2026-08-10,HCP00711,Cardiology,Oral Therapy,3.4,5.0,4.2,2.2
R010391,P0050,2025-05-03,HCP01972,Diabetes,Combination Therapy,4.6,2.9,4.5,2.2
R010392,P0112,2025-05-08,HCP01889,Respiratory,Injectable,2.8,3.1,4.4,2.7
R010393,P0092,2026-02-20,HCP02132,Cardiology,Digital Therapeutic,4.7,3.3,4.7,3.9
R010394,P0018,2025-05-18,HCP01994,Immunology,Combination Therapy,3.7,4.5,3.4,2.9
R010395,P0063,2025-08-17,HCP01535,Rare Disease,Oral Therapy,3.0,2.4,4.7,1.0
R010396,P0119,2025-09-13,HCP01398,Neurology,Infusion,2.2,3.5,5.0,1.6
R010397,P0054,2025-09-30,HCP02368,Neurology,Infusion,4.1,4.0,4.8,1.6
R010398,P0072,2026-07-21,HCP00716,Immunology,Oral Therapy,5.0,4.6,3.0,3.1
R010399,P0046,2026-01-29,HCP00143,Immunology,Digital Therapeutic,4.0,3.2,5.0,1.4
R010400,P0060,2025-08-20,HCP00973,Cardiology,Combination Therapy,4.0,4.0,4.5,3.5
R010401,P0063,2025-09-04,HCP01053,Rare Disease,Oral Therapy,3.9,3.3,4.7,4.0
R010402,P0023,2025-05-16,HCP01559,Respiratory,Combination Therapy,4.5,2.9,3.5,3.3
R010403,P0114,2026-09-28,HCP00348,Cardiology,Infusion,4.7,3.7,3.0,1.0
R010404,P0104,2025-02-27,HCP00558,Cardiology,Combination Therapy,1.2,3.6,5.0,1.7
R010405,P0013,2025-04-10,HCP02287,Respiratory,Injectable,3.4,4.1,3.7,2.3
R010406,P0021,2026-06-18,HCP01178,Rare Disease,Oral Therapy,3.2,5.0,3.4,2.0
R010407,P0078,2025-10-06,HCP01131,Cardiology,Digital Therapeutic,3.9,4.1,3.0,1.7
R010408,P0049,2025-06-19,HCP00106,Neurology,Infusion,3.4,3.8,2.9,1.8
R010409,P0082,2026-03-26,HCP00075,Neurology,Digital Therapeutic,4.1,4.2,4.0,2.6
R010410,P0006,2025-08-24,HCP02014,Cardiology,Combination Therapy,4.0,3.3,4.6,2.0
R010411,P0091,2025-05-24,HCP01589,Rare Disease,Combination Therapy,2.1,4.3,4.2,2.2
R010412,P0003,2025-06-25,HCP00955,Respiratory,Oral Therapy,1.8,3.3,3.9,3.1
R010413,P0024,2026-05-28,HCP00989,Diabetes,Oral Therapy,4.3,4.0,4.9,1.0
R010414,P0088,2025-12-16,HCP01113,Respiratory,Injectable,3.0,3.6,5.0,1.0
R010415,P0042,2025-11-11,HCP02010,Rare Disease,Oral Therapy,5.0,3.6,3.4,2.1
R010416,P0025,2025-06-19,HCP02214,Respiratory,Combination Therapy,4.4,4.9,4.1,2.1
R010417,P0106,2026-01-29,HCP01083,Respiratory,Infusion,2.2,3.1,4.1,1.9
R010418,P0073,2026-08-10,HCP00991,Immunology,Oral Therapy,3.0,4.1,3.8,2.5
R010419,P0035,2026-05-10,HCP01022,Cardiology,Infusion,3.9,3.5,4.3,2.2
R010420,P0087,2026-02-12,HCP01188,Oncology,Digital Therapeutic,3.3,4.4,5.0,3.9
R010421,P0017,2026-01-25,HCP00752,Immunology,Digital Therapeutic,3.6,2.8,2.7,1.6
R010422,P0060,2025-07-28,HCP00739,Cardiology,Combination Therapy,2.8,3.5,4.2,2.6
R010423,P0023,2025-05-29,HCP01147,Respiratory,Digital Therapeutic,4.0,3.1,4.1,2.3
R010424,P0079,2026-06-13,HCP02018,Oncology,Digital Therapeutic,3.7,4.9,3.8,2.4
R010425,P0033,2026-02-02,HCP00714,Oncology,Oral Therapy,4.3,4.7,4.5,2.2
R010426,P0029,2026-01-08,HCP01091,Neurology,Combination Therapy,3.7,3.3,3.8,3.3
R010427,P0031,2025-12-20,HCP00652,Rare Disease,Digital Therapeutic,3.2,3.0,3.5,2.8
R010428,P0099,2026-08-03,HCP01205,Rare Disease,Digital Therapeutic,3.8,3.5,4.5,1.5
R010429,P0104,2025-04-05,HCP00282,Cardiology,Combination Therapy,4.0,4.3,3.2,3.6
R010430,P0025,2025-08-26,HCP01231,Respiratory,Combination Therapy,3.7,4.0,3.5,3.0
R010431,P0019,2026-05-19,HCP01756,Respiratory,Infusion,4.7,3.5,3.5,2.2
R010432,P0071,2025-12-25,HCP01692,Immunology,Digital Therapeutic,2.8,4.6,5.0,3.2
R010433,P0078,2025-11-12,HCP01572,Cardiology,Combination Therapy,4.5,4.0,4.1,1.9
R010434,P0101,2026-05-15,HCP01354,Cardiology,Oral Therapy,2.7,3.2,3.1,2.7
R010435,P0099,2026-07-11,HCP01510,Rare Disease,Oral Therapy,4.3,2.3,4.2,1.5
R010436,P0096,2026-03-16,HCP01087,Neurology,Injectable,2.0,5.0,3.3,3.2
R010437,P0006,2025-07-20,HCP02353,Cardiology,Digital Therapeutic,3.4,3.6,4.2,2.8
R010438,P0007,2026-05-15,HCP01638,Diabetes,Combination Therapy,4.5,2.1,3.1,2.5
R010439,P0023,2025-06-30,HCP00743,Respiratory,Injectable,3.3,4.0,3.0,3.0
R010440,P0045,2026-02-01,HCP01594,Neurology,Injectable,3.6,2.6,4.5,1.1
R010441,P0089,2025-04-04,HCP00813,Neurology,Oral Therapy,3.9,4.7,3.6,3.2
R010442,P0103,2026-01-29,HCP01777,Respiratory,Injectable,1.7,4.6,4.8,1.8
R010443,P0087,2026-04-19,HCP00899,Oncology,Oral Therapy,3.9,3.6,2.6,4.0
R010444,P0103,2026-01-24,HCP01175,Respiratory,Infusion,2.9,3.0,4.4,2.5
R010445,P0045,2026-01-28,HCP01440,Neurology,Combination Therapy,4.5,4.1,3.7,1.3
R010446,P0077,2025-09-29,HCP02452,Neurology,Infusion,3.6,4.6,4.5,4.5
R010447,P0017,2026-01-14,HCP01357,Immunology,Infusion,3.9,3.7,3.7,3.1
R010448,P0014,2025-03-19,HCP01439,Cardiology,Combination Therapy,2.7,3.5,4.4,1.6
R010449,P0100,2025-03-19,HCP02283,Neurology,Oral Therapy,4.3,3.3,3.8,2.7
R010450,P0049,2025-05-13,HCP01995,Neurology,Combination Therapy,3.6,3.6,4.1,3.4
R010451,P0088,2025-12-17,HCP00084,Respiratory,Injectable,2.4,3.7,4.9,1.0
R010452,P0116,2026-05-09,HCP01165,Rare Disease,Oral Therapy,3.2,3.5,4.0,2.7
R010453,P0069,2026-03-17,HCP01756,Immunology,Infusion,4.2,3.1,3.6,2.5
R010454,P0013,2025-03-20,HCP00843,Respiratory,Oral Therapy,3.8,5.0,3.4,2.5
R010455,P0079,2026-06-18,HCP00606,Oncology,Infusion,4.3,3.6,4.3,1.1
R010456,P0097,2025-10-01,HCP01311,Cardiology,Digital Therapeutic,3.3,3.4,4.7,2.3
R010457,P0034,2025-03-19,HCP00434,Respiratory,Digital Therapeutic,4.7,3.9,4.4,1.1
R010458,P0051,2025-10-14,HCP01444,Rare Disease,Oral Therapy,4.9,4.0,5.0,2.8
R010459,P0076,2025-08-24,HCP01668,Cardiology,Digital Therapeutic,2.2,3.8,4.2,2.0
R010460,P0090,2025-10-12,HCP00772,Neurology,Injectable,4.2,3.0,3.6,2.7
R010461,P0022,2026-06-23,HCP01603,Cardiology,Oral Therapy,4.9,3.8,4.9,2.5
R010462,P0007,2026-06-24,HCP01886,Diabetes,Injectable,4.1,3.9,3.1,2.7
R010463,P0077,2025-12-10,HCP00705,Neurology,Infusion,3.6,4.0,3.5,2.1
R010464,P0002,2025-08-05,HCP01070,Cardiology,Injectable,2.5,4.0,4.1,2.5
R010465,P0055,2026-02-22,HCP01474,Diabetes,Infusion,3.4,3.9,3.3,2.7
R010466,P0037,2025-10-24,HCP01652,Neurology,Digital Therapeutic,3.2,3.0,4.4,3.7
R010467,P0053,2025-06-22,HCP01535,Respiratory,Oral Therapy,4.4,5.0,3.7,2.8
R010468,P0105,2026-01-15,HCP00721,Neurology,Injectable,4.5,4.1,4.7,3.1
R010469,P0113,2026-07-11,HCP00329,Neurology,Injectable,3.5,4.3,4.3,3.2
R010470,P0082,2026-01-04,HCP01211,Neurology,Digital Therapeutic,2.8,4.2,5.0,2.5
R010471,P0045,2026-01-01,HCP00751,Neurology,Injectable,1.8,3.7,2.9,3.1
R010472,P0074,2025-09-29,HCP00882,Immunology,Digital Therapeutic,4.2,3.1,4.3,2.9
R010473,P0017,2026-01-23,HCP01996,Immunology,Digital Therapeutic,4.1,3.6,4.1,1.0
R010474,P0120,2026-04-20,HCP01048,Immunology,Oral Therapy,1.9,3.1,4.1,3.1
R010475,P0105,2026-02-20,HCP02280,Neurology,Digital Therapeutic,4.1,2.7,3.7,3.4
R010476,P0042,2025-10-25,HCP01690,Rare Disease,Injectable,4.4,5.0,4.2,2.9
R010477,P0003,2025-10-02,HCP00418,Respiratory,Injectable,1.3,4.4,2.7,1.6
R010478,P0103,2026-04-07,HCP00392,Respiratory,Oral Therapy,2.8,3.9,2.7,1.7
R010479,P0004,2025-04-24,HCP01659,Diabetes,Infusion,5.0,3.8,3.5,1.8
R010480,P0014,2025-01-31,HCP00614,Cardiology,Digital Therapeutic,3.7,4.2,2.7,2.8
R010481,P0001,2026-10-05,HCP02338,Respiratory,Oral Therapy,5.0,3.7,4.2,3.2
R010482,P0021,2026-04-08,HCP00900,Rare Disease,Oral Therapy,3.9,3.4,3.3,1.0
R010483,P0111,2026-01-16,HCP00081,Immunology,Oral Therapy,4.6,4.7,3.9,2.1
R010484,P0058,2025-07-31,HCP00683,Respiratory,Combination Therapy,3.4,3.2,4.2,2.5
R010485,P0021,2026-07-02,HCP02118,Rare Disease,Injectable,3.1,4.6,3.9,2.7
R010486,P0116,2026-04-24,HCP00437,Rare Disease,Combination Therapy,2.3,3.8,4.4,1.7
R010487,P0050,2025-06-17,HCP01138,Diabetes,Oral Therapy,4.1,4.0,3.7,2.5
R010488,P0085,2026-02-17,HCP02043,Respiratory,Infusion,3.0,3.5,3.9,2.6
R010489,P0066,2026-02-17,HCP02173,Diabetes,Infusion,2.9,3.0,3.7,2.4
R010490,P0014,2025-02-05,HCP00406,Cardiology,Combination Therapy,2.4,3.3,4.6,2.8
R010491,P0086,2025-10-19,HCP01973,Diabetes,Injectable,3.7,4.0,3.1,2.4
R010492,P0115,2025-08-09,HCP01605,Neurology,Injectable,4.3,3.2,4.2,2.7
R010493,P0118,2025-11-14,HCP00497,Immunology,Infusion,3.5,3.2,5.0,1.8
R010494,P0092,2026-02-19,HCP01129,Cardiology,Injectable,3.4,4.3,4.3,2.5
R010495,P0081,2025-09-17,HCP00315,Oncology,Oral Therapy,5.0,4.1,3.6,2.0
R010496,P0089,2025-04-01,HCP00409,Neurology,Oral Therapy,2.3,2.9,4.2,2.6
R010497,P0117,2025-09-26,HCP02229,Immunology,Infusion,5.0,4.6,3.6,2.5
R010498,P0067,2025-08-01,HCP00742,Immunology,Digital Therapeutic,2.5,4.7,4.7,2.0
R010499,P0109,2025-10-14,HCP00870,Diabetes,Oral Therapy,3.6,3.6,4.3,2.2
R010500,P0048,2025-07-02,HCP00274,Oncology,Infusion,4.0,2.6,4.1,2.3
R010501,P0039,2026-07-14,HCP00888,Respiratory,Digital Therapeutic,4.5,2.8,4.9,2.2
R010502,P0014,2025-03-16,HCP00240,Cardiology,Combination Therapy,2.3,3.4,4.0,1.0
R010503,P0056,2025-06-30,HCP01985,Immunology,Oral Therapy,3.8,4.6,3.0,3.6
R010504,P0075,2026-03-28,HCP00898,Neurology,Combination Therapy,3.2,3.9,4.0,2.2
R010505,P0049,2025-05-07,HCP02444,Neurology,Injectable,4.5,2.9,3.8,3.0
R010506,P0016,2026-07-25,HCP01888,Cardiology,Infusion,3.2,4.8,4.0,1.0
R010507,P0053,2025-04-24,HCP02074,Respiratory,Oral Therapy,2.1,3.8,4.3,2.6
R010508,P0071,2026-01-17,HCP00995,Immunology,Infusion,4.0,4.4,4.4,2.3
R010509,P0015,2025-09-15,HCP02369,Oncology,Injectable,3.7,3.6,3.3,1.1
R010510,P0065,2025-06-27,HCP01423,Immunology,Injectable,5.0,2.4,4.0,3.9
R010511,P0046,2026-03-19,HCP00335,Immunology,Combination Therapy,4.5,2.6,3.9,3.7
R010512,P0072,2026-04-27,HCP00321,Immunology,Oral Therapy,3.0,3.2,4.1,2.9
R010513,P0001,2026-10-07,HCP02316,Respiratory,Injectable,4.5,4.0,4.3,3.2
R010514,P0100,2025-03-30,HCP02204,Neurology,Injectable,3.8,4.1,3.9,2.9
R010515,P0048,2025-06-02,HCP01535,Oncology,Digital Therapeutic,4.3,5.0,3.2,2.1
R010516,P0050,2025-08-08,HCP00826,Diabetes,Infusion,3.1,3.8,3.9,1.0
R010517,P0014,2025-03-18,HCP01695,Cardiology,Infusion,3.4,3.7,4.7,1.5
R010518,P0053,2025-06-16,HCP00474,Respiratory,Oral Therapy,4.3,3.1,3.3,2.0
R010519,P0048,2025-08-04,HCP02155,Oncology,Injectable,4.3,4.4,4.9,4.4
R010520,P0008,2026-01-06,HCP00884,Neurology,Combination Therapy,1.9,4.8,2.9,1.7
R010521,P0070,2026-07-07,HCP00988,Immunology,Infusion,4.2,3.4,4.1,2.2
R010522,P0035,2026-07-31,HCP02425,Cardiology,Combination Therapy,3.0,3.7,3.6,2.6
R010523,P0043,2026-05-03,HCP02151,Immunology,Oral Therapy,3.9,4.0,4.0,2.9
R010524,P0010,2025-03-01,HCP01575,Diabetes,Injectable,2.3,3.2,4.5,2.3
R010525,P0077,2025-09-11,HCP00238,Neurology,Oral Therapy,4.5,2.6,4.6,2.1
R010526,P0018,2025-05-12,HCP00303,Immunology,Digital Therapeutic,4.3,3.9,4.8,4.7
R010527,P0072,2026-05-08,HCP01325,Immunology,Oral Therapy,3.0,4.2,3.0,2.0
R010528,P0052,2026-01-14,HCP00405,Oncology,Infusion,4.0,3.1,3.4,4.7
R010529,P0090,2025-10-24,HCP00651,Neurology,Oral Therapy,3.7,3.8,3.6,2.1
R010530,P0049,2025-02-05,HCP01907,Neurology,Infusion,4.2,5.0,3.5,2.6
R010531,P0079,2026-05-23,HCP00780,Oncology,Oral Therapy,2.5,4.6,4.3,3.2
R010532,P0113,2026-06-02,HCP02114,Neurology,Digital Therapeutic,2.7,4.1,4.5,2.2
R010533,P0032,2026-06-10,HCP01752,Rare Disease,Infusion,3.1,3.4,2.8,1.3
R010534,P0015,2025-08-11,HCP00207,Oncology,Digital Therapeutic,3.7,4.2,3.3,2.7
R010535,P0073,2026-07-15,HCP00091,Immunology,Oral Therapy,5.0,2.7,3.9,1.4
R010536,P0018,2025-06-03,HCP00735,Immunology,Digital Therapeutic,3.8,3.7,4.0,1.0
R010537,P0027,2026-01-08,HCP00164,Cardiology,Oral Therapy,4.5,3.4,5.0,2.9
R010538,P0091,2025-09-08,HCP00119,Rare Disease,Oral Therapy,3.0,4.3,3.2,1.5
R010539,P0083,2025-05-01,HCP01242,Immunology,Combination Therapy,3.2,2.3,3.6,3.3
R010540,P0003,2025-10-30,HCP00311,Respiratory,Injectable,3.1,5.0,4.8,2.7
R010541,P0071,2026-01-28,HCP02472,Immunology,Digital Therapeutic,3.5,3.5,3.6,3.1
R010542,P0079,2026-06-08,HCP00345,Oncology,Combination Therapy,4.3,4.9,4.4,3.7
R010543,P0039,2026-06-16,HCP02270,Respiratory,Oral Therapy,3.4,4.3,3.7,3.1
R010544,P0090,2025-09-13,HCP01093,Neurology,Combination Therapy,3.4,4.0,3.8,3.5
R010545,P0087,2026-04-16,HCP01407,Oncology,Combination Therapy,4.2,4.0,4.3,1.9
R010546,P0076,2025-07-05,HCP00032,Cardiology,Infusion,3.3,3.9,3.8,3.5
R010547,P0031,2025-12-03,HCP01995,Rare Disease,Injectable,3.0,3.5,3.5,3.0
R010548,P0035,2026-07-29,HCP01784,Cardiology,Injectable,3.4,4.1,4.4,2.9
R010549,P0066,2026-01-05,HCP01283,Diabetes,Injectable,5.0,3.7,3.4,3.4
R010550,P0013,2025-04-18,HCP01009,Respiratory,Infusion,4.4,4.2,4.5,3.5
R010551,P0050,2025-04-04,HCP01306,Diabetes,Oral Therapy,5.0,4.1,3.7,2.8
R010552,P0120,2026-05-29,HCP01004,Immunology,Infusion,2.6,3.5,3.4,1.0
R010553,P0078,2025-11-07,HCP02161,Cardiology,Infusion,4.0,3.4,4.5,3.7
R010554,P0104,2025-03-13,HCP02405,Cardiology,Digital Therapeutic,3.4,4.0,3.7,2.1
R010555,P0039,2026-06-10,HCP01132,Respiratory,Oral Therapy,3.4,4.1,3.8,2.8
R010556,P0088,2026-01-10,HCP00828,Respiratory,Injectable,2.4,3.5,2.7,3.1
R010557,P0089,2025-02-26,HCP01912,Neurology,Oral Therapy,4.8,3.1,3.2,1.0
R010558,P0023,2025-09-07,HCP00104,Respiratory,Combination Therapy,2.3,4.0,4.7,2.2
R010559,P0027,2026-01-06,HCP01368,Cardiology,Combination Therapy,4.5,4.0,4.1,2.7
R010560,P0052,2026-01-28,HCP01013,Oncology,Combination Therapy,3.4,3.9,4.7,5.0
R010561,P0077,2025-10-23,HCP01438,Neurology,Combination Therapy,2.9,3.7,3.9,3.3
R010562,P0086,2026-01-01,HCP01168,Diabetes,Combination Therapy,2.9,4.4,4.0,1.7
R010563,P0118,2025-11-08,HCP01880,Immunology,Injectable,3.7,3.1,5.0,3.6
R010564,P0013,2025-03-16,HCP01177,Respiratory,Combination Therapy,3.4,3.2,4.2,3.8
R010565,P0077,2025-11-09,HCP00575,Neurology,Oral Therapy,3.7,3.4,5.0,2.3
R010566,P0115,2025-05-22,HCP01160,Neurology,Oral Therapy,2.0,3.7,3.7,2.6
R010567,P0021,2026-03-15,HCP01999,Rare Disease,Injectable,1.9,3.4,3.8,3.0
R010568,P0115,2025-06-08,HCP00836,Neurology,Injectable,2.2,3.4,3.5,3.0
R010569,P0102,2026-02-20,HCP01121,Cardiology,Digital Therapeutic,4.4,4.4,4.3,2.5
R010570,P0019,2026-06-13,HCP01366,Respiratory,Digital Therapeutic,4.9,3.7,3.4,1.5
R010571,P0026,2026-04-18,HCP01330,Diabetes,Oral Therapy,3.5,4.4,5.0,1.0
R010572,P0024,2026-06-12,HCP02177,Diabetes,Infusion,4.3,3.8,2.9,1.6
R010573,P0012,2026-03-11,HCP02433,Oncology,Oral Therapy,4.0,3.3,4.0,2.0
R010574,P0044,2025-10-23,HCP00896,Immunology,Combination Therapy,4.7,4.6,3.6,2.4
R010575,P0053,2025-06-21,HCP01633,Respiratory,Digital Therapeutic,4.7,3.5,4.1,3.1
R010576,P0055,2026-03-29,HCP01338,Diabetes,Oral Therapy,2.6,4.0,3.5,1.7
R010577,P0100,2025-03-28,HCP01718,Neurology,Digital Therapeutic,3.9,4.3,4.1,1.7
R010578,P0053,2025-04-30,HCP02119,Respiratory,Injectable,4.4,3.7,4.2,2.9
R010579,P0023,2025-05-08,HCP02120,Respiratory,Injectable,4.4,3.6,4.3,1.8
R010580,P0083,2025-05-02,HCP00997,Immunology,Digital Therapeutic,4.4,3.3,5.0,1.9
R010581,P0077,2025-10-02,HCP02408,Neurology,Injectable,3.7,3.9,3.9,2.4
R010582,P0057,2025-09-21,HCP00341,Immunology,Infusion,4.3,3.3,3.8,2.3
R010583,P0078,2025-12-11,HCP01762,Cardiology,Combination Therapy,2.5,3.6,3.9,1.5
R010584,P0023,2025-07-16,HCP01082,Respiratory,Injectable,2.5,3.5,3.0,3.1
R010585,P0094,2025-05-22,HCP01108,Cardiology,Oral Therapy,5.0,3.4,4.6,3.5
R010586,P0032,2026-05-11,HCP01262,Rare Disease,Infusion,4.6,4.0,3.3,2.1
R010587,P0006,2025-08-27,HCP01686,Cardiology,Oral Therapy,5.0,4.6,4.7,4.5
R010588,P0050,2025-07-19,HCP02172,Diabetes,Combination Therapy,3.6,4.3,3.4,1.8
R010589,P0029,2025-11-27,HCP00706,Neurology,Digital Therapeutic,2.9,2.4,2.9,2.5
R010590,P0063,2025-08-21,HCP02133,Rare Disease,Infusion,3.5,3.8,2.4,1.3
R010591,P0056,2025-06-10,HCP02154,Immunology,Infusion,5.0,5.0,4.6,2.1
R010592,P0111,2026-02-03,HCP01922,Immunology,Oral Therapy,3.0,3.9,4.8,4.2
R010593,P0050,2025-05-22,HCP01760,Diabetes,Digital Therapeutic,3.6,3.6,4.2,2.8
R010594,P0012,2026-07-01,HCP00957,Oncology,Digital Therapeutic,4.7,4.7,3.3,2.5
R010595,P0062,2025-08-10,HCP00643,Immunology,Combination Therapy,3.8,3.8,3.2,1.7
R010596,P0097,2025-09-22,HCP00693,Cardiology,Digital Therapeutic,3.4,4.6,3.7,1.2
R010597,P0032,2026-06-03,HCP00993,Rare Disease,Injectable,4.3,3.7,4.6,3.6
R010598,P0038,2025-09-27,HCP01104,Diabetes,Infusion,3.3,4.1,3.8,2.9
R010599,P0022,2026-07-09,HCP00539,Cardiology,Injectable,4.1,3.4,3.0,1.8
R010600,P0088,2025-11-30,HCP00799,Respiratory,Digital Therapeutic,1.6,4.5,3.4,1.7
R010601,P0021,2026-03-06,HCP00596,Rare Disease,Combination Therapy,2.2,3.8,4.1,3.0
R010602,P0031,2025-12-25,HCP02450,Rare Disease,Injectable,3.5,3.9,4.8,3.4
R010603,P0011,2025-04-02,HCP01281,Respiratory,Digital Therapeutic,4.8,4.5,4.4,1.2
R010604,P0047,2025-07-04,HCP00212,Respiratory,Oral Therapy,3.6,4.1,3.4,2.5
R010605,P0105,2025-12-31,HCP01214,Neurology,Digital Therapeutic,3.7,3.7,4.0,2.7
R010606,P0054,2025-09-06,HCP01265,Neurology,Digital Therapeutic,3.9,2.8,4.6,2.6
R010607,P0015,2025-09-01,HCP01106,Oncology,Digital Therapeutic,3.4,3.7,4.0,2.4
R010608,P0091,2025-07-29,HCP00961,Rare Disease,Injectable,2.3,3.5,2.9,1.2
R010609,P0043,2026-07-24,HCP01338,Immunology,Digital Therapeutic,4.3,3.8,3.5,2.6
R010610,P0020,2026-05-06,HCP01932,Cardiology,Combination Therapy,3.9,3.7,1.9,3.2
R010611,P0003,2025-10-18,HCP01848,Respiratory,Oral Therapy,4.0,4.7,4.2,1.2
R010612,P0042,2025-10-24,HCP01491,Rare Disease,Combination Therapy,2.8,4.2,4.8,2.6
R010613,P0019,2026-03-18,HCP01829,Respiratory,Injectable,5.0,3.6,4.9,2.9
R010614,P0064,2025-12-10,HCP00151,Cardiology,Injectable,3.3,4.3,3.9,1.5
R010615,P0052,2025-11-09,HCP00130,Oncology,Oral Therapy,4.9,4.8,3.4,1.9
R010616,P0079,2026-06-07,HCP01684,Oncology,Oral Therapy,1.9,3.4,3.8,1.7
R010617,P0033,2026-06-01,HCP01005,Oncology,Infusion,3.3,3.6,4.1,2.5
R010618,P0010,2025-04-02,HCP01232,Diabetes,Digital Therapeutic,5.0,3.3,4.8,1.5
R010619,P0014,2025-03-24,HCP02032,Cardiology,Digital Therapeutic,3.6,4.1,4.2,1.0
R010620,P0012,2026-05-13,HCP01541,Oncology,Digital Therapeutic,1.6,5.0,2.9,2.9
R010621,P0033,2026-03-31,HCP01415,Oncology,Digital Therapeutic,2.9,4.6,4.5,3.4
R010622,P0087,2026-03-12,HCP00229,Oncology,Oral Therapy,3.9,3.6,2.7,2.2
R010623,P0066,2026-01-24,HCP02395,Diabetes,Infusion,4.9,4.2,4.1,1.0
R010624,P0044,2025-08-27,HCP01275,Immunology,Infusion,3.5,4.7,5.0,1.4
R010625,P0029,2025-12-14,HCP00922,Neurology,Oral Therapy,4.6,2.7,2.9,2.0
R010626,P0020,2026-05-27,HCP01321,Cardiology,Injectable,4.0,3.1,3.9,2.7
R010627,P0018,2025-03-27,HCP02399,Immunology,Injectable,3.3,4.5,3.9,1.8
R010628,P0032,2026-05-27,HCP00366,Rare Disease,Oral Therapy,4.4,2.8,4.0,2.7
R010629,P0060,2025-07-23,HCP00297,Cardiology,Infusion,4.5,3.9,4.5,1.7
R010630,P0072,2026-07-23,HCP01537,Immunology,Infusion,3.5,4.3,3.6,3.5
R010631,P0114,2026-07-24,HCP02065,Cardiology,Infusion,3.1,4.0,4.4,1.1
R010632,P0115,2025-06-15,HCP02273,Neurology,Oral Therapy,2.3,3.7,3.8,2.3
R010633,P0032,2026-07-26,HCP02114,Rare Disease,Combination Therapy,4.1,4.8,4.1,2.0
R010634,P0088,2026-01-06,HCP00064,Respiratory,Injectable,3.2,4.4,3.1,2.6
R010635,P0016,2026-06-03,HCP01438,Cardiology,Digital Therapeutic,4.1,5.0,4.7,1.3
R010636,P0096,2026-01-31,HCP00633,Neurology,Infusion,3.9,3.0,4.1,2.6
R010637,P0112,2025-04-23,HCP00347,Respiratory,Oral Therapy,4.0,3.4,4.4,2.0
R010638,P0074,2026-01-11,HCP00823,Immunology,Injectable,3.6,3.8,4.7,2.7
R010639,P0065,2025-07-25,HCP02391,Immunology,Digital Therapeutic,2.6,4.7,3.8,2.0
R010640,P0045,2026-01-16,HCP01361,Neurology,Injectable,4.1,4.3,3.8,3.5
R010641,P0107,2026-02-09,HCP00508,Diabetes,Injectable,4.4,3.5,2.8,2.5
R010642,P0116,2026-03-09,HCP01851,Rare Disease,Digital Therapeutic,5.0,3.1,4.1,2.2
R010643,P0085,2026-02-07,HCP02494,Respiratory,Digital Therapeutic,3.2,3.0,4.9,2.2
R010644,P0010,2025-03-17,HCP01653,Diabetes,Combination Therapy,2.8,5.0,4.0,2.2
R010645,P0106,2026-03-02,HCP01069,Respiratory,Infusion,2.7,3.8,3.5,3.1
R010646,P0098,2026-04-23,HCP01155,Cardiology,Infusion,3.7,3.9,4.6,2.5
R010647,P0044,2025-09-21,HCP00830,Immunology,Digital Therapeutic,4.4,3.1,3.1,2.2
R010648,P0031,2025-11-20,HCP02400,Rare Disease,Infusion,4.5,3.8,3.6,3.2
R010649,P0093,2025-02-05,HCP00686,Respiratory,Injectable,5.0,3.2,3.6,4.4
R010650,P0073,2026-05-23,HCP00855,Immunology,Injectable,4.0,3.9,4.6,1.9
R010651,P0091,2025-06-15,HCP00242,Rare Disease,Combination Therapy,2.7,3.6,4.1,2.7
R010652,P0118,2025-12-20,HCP01961,Immunology,Combination Therapy,3.9,3.3,3.6,1.8
R010653,P0045,2026-01-30,HCP01045,Neurology,Injectable,1.9,4.6,3.7,3.0
R010654,P0102,2026-02-12,HCP02066,Cardiology,Oral Therapy,3.4,4.7,4.1,3.7
R010655,P0057,2025-07-17,HCP00367,Immunology,Combination Therapy,3.3,4.1,4.1,1.3
R010656,P0103,2026-04-13,HCP00253,Respiratory,Oral Therapy,4.1,2.5,4.1,2.8
R010657,P0030,2026-02-12,HCP01084,Cardiology,Injectable,4.1,3.1,3.6,1.0
R010658,P0099,2026-04-26,HCP00110,Rare Disease,Oral Therapy,3.1,3.1,4.7,2.0
R010659,P0085,2026-02-28,HCP01701,Respiratory,Digital Therapeutic,3.1,5.0,5.0,2.4
R010660,P0055,2025-12-04,HCP02466,Diabetes,Oral Therapy,3.8,4.5,4.9,3.0
R010661,P0111,2026-02-06,HCP02387,Immunology,Injectable,4.1,4.8,4.8,1.5
R010662,P0048,2025-06-07,HCP00897,Oncology,Digital Therapeutic,4.3,3.3,5.0,1.4
R010663,P0090,2025-09-14,HCP00615,Neurology,Oral Therapy,3.3,2.7,3.5,1.8
R010664,P0063,2025-09-15,HCP01671,Rare Disease,Combination Therapy,3.7,4.5,3.6,2.7
R010665,P0017,2025-12-28,HCP00353,Immunology,Digital Therapeutic,2.8,2.2,3.1,1.2
R010666,P0035,2026-07-29,HCP00074,Cardiology,Digital Therapeutic,2.8,3.9,3.8,4.7
R010667,P0097,2025-10-20,HCP01186,Cardiology,Infusion,2.1,4.2,3.2,1.9
R010668,P0058,2025-08-11,HCP01910,Respiratory,Injectable,3.2,3.0,4.9,1.7
R010669,P0103,2025-12-31,HCP02109,Respiratory,Infusion,4.8,4.9,4.1,1.3
R010670,P0016,2026-07-02,HCP00881,Cardiology,Combination Therapy,4.9,3.6,3.8,2.9
R010671,P0093,2025-02-26,HCP00187,Respiratory,Infusion,4.2,4.0,3.3,2.0
R010672,P0108,2025-02-21,HCP01454,Diabetes,Injectable,4.6,4.2,3.2,3.0
R010673,P0120,2026-03-10,HCP01970,Immunology,Injectable,4.4,3.9,3.7,2.8
R010674,P0089,2025-03-23,HCP00121,Neurology,Infusion,3.8,3.4,5.0,4.2
R010675,P0057,2025-07-26,HCP01054,Immunology,Combination Therapy,1.6,3.2,4.7,1.4
R010676,P0008,2026-01-16,HCP00270,Neurology,Infusion,5.0,4.1,4.5,2.4
R010677,P0025,2025-09-15,HCP01225,Respiratory,Digital Therapeutic,3.5,4.2,2.6,2.3
R010678,P0080,2026-05-14,HCP02058,Neurology,Infusion,3.5,4.5,3.9,1.0
R010679,P0106,2026-02-08,HCP01385,Respiratory,Infusion,4.9,3.7,3.8,2.9
R010680,P0092,2026-04-10,HCP01386,Cardiology,Oral Therapy,3.8,3.9,3.5,2.2
R010681,P0073,2026-05-04,HCP00427,Immunology,Injectable,5.0,3.2,4.0,3.2
R010682,P0104,2025-05-05,HCP01943,Cardiology,Combination Therapy,3.0,4.5,3.4,2.6
R010683,P0037,2025-06-21,HCP02015,Neurology,Combination Therapy,4.6,3.2,3.7,2.4
R010684,P0040,2026-05-19,HCP00404,Neurology,Injectable,3.5,4.2,3.4,3.7
R010685,P0011,2025-05-12,HCP01787,Respiratory,Infusion,3.8,4.5,3.6,1.8
R010686,P0076,2025-08-13,HCP00820,Cardiology,Digital Therapeutic,3.0,4.5,1.9,3.2
R010687,P0022,2026-04-21,HCP02431,Cardiology,Combination Therapy,3.2,2.8,4.1,2.8
R010688,P0034,2025-04-20,HCP02128,Respiratory,Oral Therapy,4.8,2.7,4.4,4.0
R010689,P0012,2026-04-14,HCP01981,Oncology,Injectable,4.1,3.2,3.5,2.3
R010690,P0102,2026-01-18,HCP01465,Cardiology,Infusion,4.1,3.1,4.7,4.5
R010691,P0025,2025-10-15,HCP00954,Respiratory,Infusion,2.3,5.0,3.4,2.1
R010692,P0106,2026-02-04,HCP01673,Respiratory,Digital Therapeutic,2.3,4.1,3.2,2.9
R010693,P0028,2026-03-12,HCP01511,Oncology,Injectable,2.9,2.9,4.7,1.9
R010694,P0010,2025-03-17,HCP00517,Diabetes,Digital Therapeutic,3.4,3.1,3.7,3.2
R010695,P0118,2025-11-26,HCP01342,Immunology,Combination Therapy,3.6,4.9,4.2,2.0
R010696,P0035,2026-03-23,HCP01390,Cardiology,Injectable,4.0,4.7,3.0,4.9
R010697,P0087,2026-02-10,HCP02318,Oncology,Infusion,4.6,2.9,3.9,2.7
R010698,P0013,2025-02-27,HCP01836,Respiratory,Digital Therapeutic,4.9,4.3,3.8,2.4
R010699,P0023,2025-06-18,HCP02117,Respiratory,Combination Therapy,3.9,3.6,3.8,1.7
R010700,P0048,2025-05-30,HCP00432,Oncology,Digital Therapeutic,3.0,3.7,3.8,1.0
R010701,P0091,2025-08-03,HCP01572,Rare Disease,Infusion,4.3,2.9,4.1,2.8
R010702,P0001,2026-10-13,HCP00749,Respiratory,Oral Therapy,3.9,3.5,4.1,1.5
R010703,P0076,2025-10-15,HCP00590,Cardiology,Oral Therapy,4.1,3.1,4.3,3.1
R010704,P0094,2025-04-28,HCP00023,Cardiology,Oral Therapy,4.7,4.7,2.7,1.0
R010705,P0013,2025-03-15,HCP01407,Respiratory,Infusion,3.4,3.1,5.0,1.5
R010706,P0052,2026-01-24,HCP02408,Oncology,Infusion,4.9,4.6,3.9,2.6
R010707,P0114,2026-06-05,HCP01563,Cardiology,Injectable,2.5,3.5,3.7,3.8
R010708,P0065,2025-05-14,HCP02240,Immunology,Infusion,4.3,2.5,4.2,2.4
R010709,P0091,2025-06-13,HCP01683,Rare Disease,Digital Therapeutic,3.1,3.3,3.9,2.6
R010710,P0090,2025-08-03,HCP00231,Neurology,Oral Therapy,3.9,2.9,4.1,1.5
R010711,P0050,2025-08-17,HCP01814,Diabetes,Injectable,4.0,4.1,3.8,2.5
R010712,P0086,2026-02-23,HCP02081,Diabetes,Digital Therapeutic,3.4,2.9,4.4,2.1
R010713,P0114,2026-10-27,HCP02005,Cardiology,Injectable,3.2,3.4,3.0,4.0
R010714,P0038,2025-10-04,HCP01366,Diabetes,Infusion,3.0,4.0,4.2,1.0
R010715,P0006,2025-07-18,HCP01305,Cardiology,Digital Therapeutic,3.9,2.9,3.7,3.2
R010716,P0094,2025-05-30,HCP02412,Cardiology,Injectable,4.2,4.7,2.8,1.9
R010717,P0038,2025-10-01,HCP02483,Diabetes,Oral Therapy,5.0,3.9,4.7,2.3
R010718,P0077,2025-11-16,HCP01274,Neurology,Injectable,3.5,3.8,3.8,2.3
R010719,P0020,2026-06-12,HCP01888,Cardiology,Digital Therapeutic,2.4,2.7,4.7,2.0
R010720,P0027,2025-11-04,HCP00517,Cardiology,Injectable,4.1,3.4,4.5,1.5
R010721,P0091,2025-07-12,HCP01636,Rare Disease,Combination Therapy,2.2,3.6,3.5,1.1
R010722,P0004,2025-07-10,HCP02141,Diabetes,Oral Therapy,5.0,2.9,4.8,4.7
R010723,P0060,2025-08-30,HCP02273,Cardiology,Infusion,4.3,4.3,3.8,2.4
R010724,P0091,2025-05-18,HCP02346,Rare Disease,Combination Therapy,2.8,3.8,3.6,1.6
R010725,P0057,2025-07-23,HCP00415,Immunology,Digital Therapeutic,2.4,3.1,3.4,3.1
R010726,P0020,2026-04-07,HCP01327,Cardiology,Oral Therapy,3.0,3.5,3.5,3.3
R010727,P0077,2025-11-09,HCP01410,Neurology,Injectable,4.2,3.8,4.2,2.5
R010728,P0014,2025-03-19,HCP01020,Cardiology,Oral Therapy,3.0,5.0,3.5,1.6
R010729,P0070,2026-09-14,HCP00011,Immunology,Combination Therapy,4.3,4.0,4.3,3.3
R010730,P0051,2025-10-03,HCP01938,Rare Disease,Digital Therapeutic,4.5,3.2,3.7,1.7
R010731,P0066,2026-02-11,HCP01909,Diabetes,Injectable,3.2,3.3,4.6,1.7
R010732,P0111,2026-02-04,HCP00211,Immunology,Infusion,4.5,3.4,3.7,1.5
R010733,P0107,2026-02-26,HCP00913,Diabetes,Infusion,4.7,4.1,3.9,1.5
R010734,P0087,2026-02-06,HCP02107,Oncology,Combination Therapy,4.2,4.0,3.9,3.1
R010735,P0060,2025-08-26,HCP00691,Cardiology,Oral Therapy,4.2,4.1,4.1,2.0
R010736,P0096,2026-04-16,HCP02153,Neurology,Infusion,3.2,3.7,4.0,4.7
R010737,P0013,2025-04-01,HCP00079,Respiratory,Digital Therapeutic,5.0,2.6,3.4,2.7
R010738,P0033,2026-03-25,HCP00740,Oncology,Combination Therapy,2.9,4.1,5.0,2.6
R010739,P0056,2025-07-07,HCP02189,Immunology,Injectable,3.3,3.2,4.4,2.7
R010740,P0101,2026-05-19,HCP00029,Cardiology,Injectable,4.5,4.1,4.6,2.0
R010741,P0047,2025-06-10,HCP01343,Respiratory,Digital Therapeutic,3.4,2.9,4.8,3.3
R010742,P0050,2025-08-23,HCP00025,Diabetes,Infusion,3.4,3.7,3.9,1.7
R010743,P0115,2025-05-18,HCP00418,Neurology,Combination Therapy,2.5,4.2,4.5,2.1
R010744,P0118,2025-12-09,HCP02446,Immunology,Injectable,3.3,5.0,4.9,3.3
R010745,P0005,2025-01-21,HCP01160,Immunology,Injectable,5.0,3.4,4.9,3.7
R010746,P0069,2026-03-28,HCP01952,Immunology,Infusion,3.4,4.7,4.6,4.4
R010747,P0084,2026-06-14,HCP02178,Immunology,Infusion,4.8,4.5,3.9,2.1
R010748,P0073,2026-06-16,HCP00897,Immunology,Oral Therapy,3.3,3.5,4.9,3.0
R010749,P0117,2025-09-11,HCP01671,Immunology,Oral Therapy,2.8,3.7,3.2,1.0
R010750,P0110,2026-07-07,HCP02224,Rare Disease,Infusion,3.0,3.4,3.6,3.9
R010751,P0031,2025-11-27,HCP01085,Rare Disease,Oral Therapy,4.3,3.2,2.5,2.3
R010752,P0114,2026-07-02,HCP02231,Cardiology,Infusion,1.8,2.7,3.8,3.1
R010753,P0051,2025-08-21,HCP00198,Rare Disease,Oral Therapy,5.0,3.0,3.7,3.1
R010754,P0003,2025-08-23,HCP02271,Respiratory,Oral Therapy,4.1,2.0,3.7,2.9
R010755,P0044,2025-10-22,HCP00999,Immunology,Infusion,3.4,3.8,3.9,1.9
R010756,P0028,2026-03-21,HCP01255,Oncology,Oral Therapy,3.0,4.8,3.3,1.8
R010757,P0112,2025-05-08,HCP00516,Respiratory,Digital Therapeutic,3.3,3.9,4.4,3.3
R010758,P0074,2025-11-20,HCP02052,Immunology,Infusion,4.7,3.8,3.9,2.0
R010759,P0038,2025-10-04,HCP00685,Diabetes,Oral Therapy,2.4,3.3,3.8,1.9
R010760,P0001,2026-05-09,HCP00095,Respiratory,Digital Therapeutic,3.7,5.0,3.1,2.4
R010761,P0045,2026-02-13,HCP00262,Neurology,Injectable,4.7,4.5,3.3,2.4
R010762,P0039,2026-08-10,HCP00400,Respiratory,Digital Therapeutic,2.0,2.9,3.4,2.1
R010763,P0054,2025-09-05,HCP01542,Neurology,Combination Therapy,3.2,5.0,4.3,2.4
R010764,P0024,2026-06-25,HCP01582,Diabetes,Digital Therapeutic,2.4,4.8,5.0,2.7
R010765,P0065,2025-06-12,HCP00468,Immunology,Injectable,2.6,3.0,4.2,1.6
R010766,P0063,2025-09-03,HCP00261,Rare Disease,Infusion,3.9,4.3,4.5,1.5
R010767,P0087,2026-03-08,HCP00578,Oncology,Injectable,4.3,3.6,4.6,3.0
R010768,P0072,2026-07-06,HCP00109,Immunology,Injectable,3.4,2.4,2.9,2.9
R010769,P0088,2025-12-06,HCP00816,Respiratory,Combination Therapy,2.4,3.1,4.7,2.2
R010770,P0023,2025-05-09,HCP00271,Respiratory,Digital Therapeutic,3.0,4.3,4.2,2.0
R010771,P0017,2025-12-30,HCP00518,Immunology,Infusion,4.0,4.2,4.7,3.2
R010772,P0065,2025-05-15,HCP01137,Immunology,Injectable,3.7,5.0,3.3,1.4
R010773,P0119,2025-11-02,HCP00753,Neurology,Infusion,2.7,3.9,4.2,1.5
R010774,P0048,2025-06-09,HCP01221,Oncology,Digital Therapeutic,3.3,2.5,4.5,1.8
R010775,P0088,2026-01-11,HCP00545,Respiratory,Digital Therapeutic,4.4,3.1,3.9,1.0
R010776,P0119,2025-08-31,HCP02316,Neurology,Oral Therapy,3.9,3.5,3.3,4.3
R010777,P0012,2026-07-11,HCP00158,Oncology,Combination Therapy,2.8,3.6,2.9,1.3
R010778,P0008,2026-01-05,HCP01055,Neurology,Infusion,3.9,3.5,4.5,3.4
R010779,P0080,2026-03-23,HCP00448,Neurology,Injectable,3.2,4.0,4.4,2.8
R010780,P0101,2026-06-04,HCP01286,Cardiology,Digital Therapeutic,3.2,4.8,3.5,2.8
R010781,P0081,2025-12-08,HCP01189,Oncology,Infusion,3.8,4.0,4.5,4.0
R010782,P0120,2026-05-04,HCP02041,Immunology,Injectable,2.8,2.4,3.6,2.9
R010783,P0005,2025-02-16,HCP01797,Immunology,Combination Therapy,3.3,4.0,3.4,2.5
R010784,P0065,2025-04-21,HCP02037,Immunology,Combination Therapy,4.6,2.5,4.3,3.8
R010785,P0085,2026-01-08,HCP01075,Respiratory,Combination Therapy,5.0,3.3,2.9,1.0
R010786,P0082,2026-03-08,HCP00817,Neurology,Oral Therapy,2.2,5.0,4.1,3.6
R010787,P0005,2025-01-30,HCP01625,Immunology,Combination Therapy,3.0,2.3,2.9,2.6
R010788,P0016,2026-05-27,HCP01812,Cardiology,Injectable,4.7,5.0,3.2,2.4
R010789,P0120,2026-05-10,HCP00449,Immunology,Injectable,2.6,4.1,3.7,2.3
R010790,P0043,2026-03-05,HCP02215,Immunology,Digital Therapeutic,3.6,4.0,4.5,2.8
R010791,P0023,2025-05-22,HCP01211,Respiratory,Infusion,5.0,2.8,2.7,2.1
R010792,P0022,2026-06-11,HCP02059,Cardiology,Combination Therapy,3.1,3.8,4.5,1.6
R010793,P0021,2026-05-29,HCP00166,Rare Disease,Digital Therapeutic,3.5,3.4,4.8,2.6
R010794,P0070,2026-08-13,HCP00821,Immunology,Oral Therapy,2.6,3.1,4.2,3.1
R010795,P0061,2026-07-06,HCP00936,Immunology,Oral Therapy,4.3,3.6,3.9,2.4
R010796,P0114,2026-05-23,HCP01850,Cardiology,Oral Therapy,2.2,5.0,4.0,2.9
R010797,P0058,2025-08-13,HCP00613,Respiratory,Injectable,3.1,4.3,3.1,3.1
R010798,P0004,2025-02-04,HCP01845,Diabetes,Infusion,2.6,3.6,4.0,3.1
R010799,P0064,2025-09-16,HCP02079,Cardiology,Combination Therapy,3.4,4.0,4.2,3.0
R010800,P0060,2025-08-18,HCP00606,Cardiology,Injectable,5.0,3.4,5.0,3.1
R010801,P0040,2026-06-07,HCP02456,Neurology,Oral Therapy,4.0,4.2,4.8,2.8
R010802,P0087,2026-02-22,HCP01675,Oncology,Infusion,3.9,2.9,3.9,1.0
R010803,P0113,2026-05-22,HCP01274,Neurology,Infusion,4.0,4.3,3.3,1.9
R010804,P0052,2025-09-28,HCP00220,Oncology,Combination Therapy,3.7,2.7,4.2,2.3
R010805,P0088,2025-12-16,HCP01275,Respiratory,Oral Therapy,4.8,3.5,4.0,3.2
R010806,P0065,2025-07-24,HCP00686,Immunology,Injectable,4.4,4.5,4.2,2.1
R010807,P0088,2025-12-14,HCP01036,Respiratory,Digital Therapeutic,2.6,5.0,3.3,3.4
R010808,P0055,2025-12-08,HCP00071,Diabetes,Oral Therapy,4.5,2.2,2.9,3.8
R010809,P0032,2026-03-27,HCP01978,Rare Disease,Infusion,3.9,2.9,4.2,4.5
R010810,P0072,2026-07-09,HCP00328,Immunology,Digital Therapeutic,4.1,3.8,3.7,3.1
R010811,P0048,2025-06-10,HCP01288,Oncology,Oral Therapy,2.0,4.3,4.0,1.9
R010812,P0009,2026-05-10,HCP00267,Immunology,Infusion,3.7,3.3,3.3,2.9
R010813,P0089,2025-02-09,HCP00800,Neurology,Combination Therapy,3.6,3.7,4.7,3.2
R010814,P0066,2026-01-23,HCP02367,Diabetes,Infusion,3.1,3.8,3.2,1.2
R010815,P0074,2025-10-21,HCP00454,Immunology,Oral Therapy,4.6,3.7,4.5,3.6
R010816,P0062,2025-07-14,HCP00410,Immunology,Digital Therapeutic,2.3,3.7,4.0,2.0
R010817,P0107,2026-01-08,HCP02320,Diabetes,Oral Therapy,5.0,3.8,3.8,2.7
R010818,P0022,2026-06-14,HCP00182,Cardiology,Combination Therapy,2.7,4.9,4.1,1.6
R010819,P0010,2025-03-08,HCP02410,Diabetes,Combination Therapy,4.1,3.6,3.9,3.5
R010820,P0065,2025-04-28,HCP01876,Immunology,Oral Therapy,3.9,4.7,3.8,1.0
R010821,P0105,2026-01-20,HCP00950,Neurology,Injectable,4.7,3.8,4.0,2.4
R010822,P0056,2025-05-26,HCP01622,Immunology,Combination Therapy,5.0,3.3,3.7,2.1
R010823,P0051,2025-12-26,HCP01483,Rare Disease,Digital Therapeutic,3.3,3.6,4.2,3.2
R010824,P0072,2026-08-09,HCP01591,Immunology,Infusion,3.8,2.6,4.8,2.1
R010825,P0042,2025-09-19,HCP00472,Rare Disease,Digital Therapeutic,3.3,3.0,5.0,3.6
R010826,P0068,2025-06-28,HCP02230,Immunology,Combination Therapy,2.9,3.3,4.6,2.2
R010827,P0116,2026-07-11,HCP01166,Rare Disease,Digital Therapeutic,3.7,3.9,4.4,3.0
R010828,P0049,2025-05-27,HCP01667,Neurology,Infusion,3.7,4.9,2.6,3.1
R010829,P0059,2025-10-24,HCP01787,Cardiology,Injectable,3.7,3.5,3.9,2.8
R010830,P0094,2025-05-12,HCP01671,Cardiology,Combination Therapy,3.4,3.1,3.6,3.0
R010831,P0081,2025-10-13,HCP01226,Oncology,Infusion,4.0,4.4,3.0,1.1
R010832,P0043,2026-06-01,HCP01143,Immunology,Combination Therapy,4.4,3.9,4.7,2.0
R010833,P0063,2025-09-24,HCP01432,Rare Disease,Combination Therapy,2.7,4.6,2.9,2.1
R010834,P0057,2025-08-14,HCP01415,Immunology,Injectable,4.2,4.5,3.5,3.1
R010835,P0048,2025-06-23,HCP02038,Oncology,Digital Therapeutic,5.0,4.2,2.9,3.6
R010836,P0052,2025-11-30,HCP01915,Oncology,Digital Therapeutic,2.6,4.0,3.9,2.8
R010837,P0002,2025-12-07,HCP01650,Cardiology,Injectable,3.8,4.5,4.7,2.2
R010838,P0059,2025-11-01,HCP00898,Cardiology,Infusion,4.1,4.4,3.2,2.5
R010839,P0038,2025-10-14,HCP01235,Diabetes,Combination Therapy,4.4,4.5,3.7,2.8
R010840,P0097,2025-10-05,HCP00091,Cardiology,Infusion,4.5,4.4,4.5,2.4
R010841,P0076,2025-06-21,HCP00687,Cardiology,Digital Therapeutic,4.7,3.8,4.8,1.9
R010842,P0086,2026-02-21,HCP01067,Diabetes,Oral Therapy,3.8,3.2,4.0,1.5
R010843,P0032,2026-04-12,HCP01506,Rare Disease,Injectable,2.9,3.8,3.2,1.6
R010844,P0006,2025-09-12,HCP00943,Cardiology,Oral Therapy,3.4,3.5,3.8,1.5
R010845,P0047,2025-07-01,HCP00132,Respiratory,Injectable,4.9,3.2,3.7,2.7
R010846,P0060,2025-07-23,HCP00455,Cardiology,Injectable,3.0,4.9,3.6,1.9
R010847,P0052,2026-01-13,HCP00442,Oncology,Oral Therapy,4.1,3.8,3.1,3.1
R010848,P0015,2025-08-05,HCP01772,Oncology,Infusion,4.4,3.1,4.5,1.0
R010849,P0025,2025-10-25,HCP02266,Respiratory,Infusion,4.2,4.7,3.8,1.8
R010850,P0088,2026-01-03,HCP02012,Respiratory,Infusion,4.5,3.9,2.8,2.3
R010851,P0109,2025-10-17,HCP01245,Diabetes,Injectable,3.7,4.5,4.4,2.7
R010852,P0119,2025-09-08,HCP00397,Neurology,Infusion,3.6,3.5,5.0,2.6
R010853,P0061,2026-03-18,HCP02281,Immunology,Infusion,5.0,4.2,4.2,3.4
R010854,P0075,2026-04-19,HCP01204,Neurology,Oral Therapy,5.0,4.2,3.3,3.8
R010855,P0073,2026-05-19,HCP01892,Immunology,Infusion,4.9,3.9,5.0,2.9
R010856,P0046,2025-12-12,HCP00816,Immunology,Combination Therapy,4.2,3.4,4.0,2.6
R010857,P0040,2026-05-13,HCP00817,Neurology,Digital Therapeutic,3.2,4.1,4.5,3.0
R010858,P0009,2026-04-13,HCP01420,Immunology,Digital Therapeutic,3.8,4.2,3.7,2.4
R010859,P0005,2025-01-27,HCP01755,Immunology,Injectable,3.6,3.0,3.6,3.6
R010860,P0040,2026-04-14,HCP00235,Neurology,Combination Therapy,4.6,5.0,4.5,2.5
R010861,P0045,2026-01-09,HCP01009,Neurology,Infusion,4.0,4.9,3.4,2.3
R010862,P0064,2025-07-19,HCP02336,Cardiology,Combination Therapy,4.2,3.9,3.7,2.9
R010863,P0117,2025-08-02,HCP01504,Immunology,Oral Therapy,3.7,4.4,3.9,1.9
R010864,P0106,2026-03-10,HCP00160,Respiratory,Combination Therapy,1.6,3.8,4.8,3.9
R010865,P0024,2026-10-06,HCP01622,Diabetes,Injectable,4.8,3.4,3.1,1.1
R010866,P0062,2025-07-11,HCP02057,Immunology,Digital Therapeutic,3.6,4.5,4.7,1.6
R010867,P0067,2025-05-05,HCP02136,Immunology,Oral Therapy,4.5,3.2,4.5,3.5
R010868,P0119,2025-11-13,HCP00487,Neurology,Infusion,3.4,4.1,4.4,4.0
R010869,P0049,2025-03-31,HCP00439,Neurology,Digital Therapeutic,5.0,3.3,4.5,4.3
R010870,P0045,2026-01-14,HCP01928,Neurology,Digital Therapeutic,3.2,3.2,3.3,2.0
R010871,P0092,2026-04-28,HCP02220,Cardiology,Injectable,3.6,3.9,3.1,2.4
R010872,P0001,2026-09-13,HCP00706,Respiratory,Injectable,3.7,4.5,2.8,2.8
R010873,P0012,2026-06-09,HCP00413,Oncology,Injectable,2.4,4.0,3.7,2.9
R010874,P0076,2025-09-29,HCP01975,Cardiology,Combination Therapy,4.0,3.8,4.2,3.5
R010875,P0040,2026-03-24,HCP01907,Neurology,Injectable,4.4,2.5,3.4,2.9
R010876,P0027,2025-12-03,HCP02290,Cardiology,Digital Therapeutic,4.1,3.7,4.4,4.8
R010877,P0100,2025-03-31,HCP01757,Neurology,Oral Therapy,5.0,2.8,3.9,3.5
R010878,P0030,2026-03-19,HCP02340,Cardiology,Infusion,2.9,3.8,4.0,3.6
R010879,P0004,2025-05-15,HCP02062,Diabetes,Digital Therapeutic,2.2,3.8,4.4,1.7
R010880,P0003,2025-08-03,HCP02159,Respiratory,Infusion,2.7,3.8,4.0,3.3
R010881,P0110,2026-07-27,HCP01931,Rare Disease,Combination Therapy,3.8,3.8,3.2,3.5
R010882,P0064,2025-10-19,HCP01064,Cardiology,Digital Therapeutic,4.7,4.2,5.0,3.4
R010883,P0002,2025-08-24,HCP00271,Cardiology,Injectable,3.8,4.2,4.3,1.0
R010884,P0030,2026-01-18,HCP01072,Cardiology,Digital Therapeutic,3.3,4.0,3.3,1.8
R010885,P0040,2026-07-09,HCP00662,Neurology,Injectable,5.0,4.5,3.9,1.8
R010886,P0120,2026-04-30,HCP02382,Immunology,Oral Therapy,3.6,2.1,4.1,2.4
R010887,P0065,2025-06-07,HCP00892,Immunology,Combination Therapy,2.5,3.1,3.2,2.3
R010888,P0101,2026-05-13,HCP02229,Cardiology,Infusion,4.5,4.1,4.5,5.0
R010889,P0054,2025-09-20,HCP00889,Neurology,Infusion,4.2,3.8,3.3,2.1
R010890,P0087,2026-03-04,HCP01213,Oncology,Combination Therapy,3.9,3.2,5.0,2.6
R010891,P0005,2025-01-08,HCP01742,Immunology,Digital Therapeutic,5.0,4.1,4.6,3.1
R010892,P0043,2026-07-23,HCP00995,Immunology,Digital Therapeutic,3.6,4.3,3.6,2.6
R010893,P0056,2025-06-04,HCP01737,Immunology,Combination Therapy,3.9,3.3,3.3,4.3
R010894,P0009,2026-05-11,HCP00236,Immunology,Oral Therapy,2.9,3.3,4.1,3.0
R010895,P0032,2026-06-09,HCP01478,Rare Disease,Oral Therapy,3.1,2.7,3.1,2.3
R010896,P0081,2026-01-03,HCP00904,Oncology,Infusion,3.3,3.7,3.9,2.3
R010897,P0083,2025-04-29,HCP00435,Immunology,Oral Therapy,4.3,3.8,4.0,3.4
R010898,P0003,2025-09-25,HCP01178,Respiratory,Infusion,3.1,3.1,4.2,3.7
R010899,P0032,2026-07-20,HCP00299,Rare Disease,Infusion,3.6,3.4,4.6,3.1
R010900,P0053,2025-06-17,HCP02077,Respiratory,Combination Therapy,3.5,3.8,4.5,2.1
R010901,P0033,2026-05-04,HCP02255,Oncology,Oral Therapy,3.7,4.4,4.6,2.0
R010902,P0007,2026-08-30,HCP00811,Diabetes,Combination Therapy,3.1,3.5,4.2,3.1
R010903,P0005,2025-01-19,HCP00844,Immunology,Injectable,3.5,3.2,4.1,4.0
R010904,P0068,2025-07-21,HCP00757,Immunology,Oral Therapy,2.7,4.8,3.6,3.3
R010905,P0045,2026-02-06,HCP02109,Neurology,Combination Therapy,3.7,4.3,2.7,2.3
R010906,P0068,2025-08-23,HCP00067,Immunology,Injectable,3.7,2.9,4.1,2.4
R010907,P0085,2026-02-17,HCP00340,Respiratory,Injectable,3.8,4.3,3.2,1.0
R010908,P0064,2025-09-26,HCP00099,Cardiology,Oral Therapy,4.2,3.4,4.1,3.6
R010909,P0067,2025-08-22,HCP01551,Immunology,Infusion,5.0,4.5,2.5,1.5
R010910,P0086,2026-01-16,HCP02021,Diabetes,Oral Therapy,2.3,3.5,3.2,3.6
R010911,P0022,2026-06-03,HCP01688,Cardiology,Digital Therapeutic,3.4,2.5,3.5,2.7
R010912,P0028,2026-03-31,HCP00411,Oncology,Infusion,2.9,3.4,5.0,4.4
R010913,P0088,2026-01-01,HCP00996,Respiratory,Injectable,4.0,3.2,3.5,3.5
R010914,P0030,2025-12-03,HCP02417,Cardiology,Digital Therapeutic,4.3,3.3,3.7,2.9
R010915,P0105,2026-02-19,HCP02075,Neurology,Oral Therapy,2.7,2.2,4.0,2.6
R010916,P0050,2025-04-16,HCP00151,Diabetes,Combination Therapy,4.0,3.7,4.5,2.0
R010917,P0010,2025-03-25,HCP00380,Diabetes,Digital Therapeutic,4.4,2.4,3.5,2.6
R010918,P0085,2026-03-10,HCP02016,Respiratory,Oral Therapy,4.1,3.7,2.7,2.4
R010919,P0052,2025-10-06,HCP01636,Oncology,Combination Therapy,3.4,2.1,3.0,1.2
R010920,P0015,2025-08-28,HCP00288,Oncology,Injectable,4.3,3.0,3.8,3.7
R010921,P0026,2026-05-14,HCP00620,Diabetes,Combination Therapy,3.5,4.2,5.0,2.3
R010922,P0107,2025-11-07,HCP01588,Diabetes,Digital Therapeutic,4.5,4.3,3.3,2.3
R010923,P0056,2025-06-24,HCP01989,Immunology,Combination Therapy,4.0,3.2,4.5,1.0
R010924,P0031,2026-01-06,HCP01892,Rare Disease,Infusion,3.5,4.2,3.7,2.2
R010925,P0066,2026-03-19,HCP00202,Diabetes,Digital Therapeutic,2.6,2.5,3.9,3.2
R010926,P0016,2026-08-11,HCP00566,Cardiology,Injectable,3.7,4.5,3.2,1.9
R010927,P0047,2025-07-17,HCP01379,Respiratory,Digital Therapeutic,2.8,4.6,4.2,1.6
R010928,P0072,2026-07-12,HCP01403,Immunology,Oral Therapy,2.8,3.7,4.4,2.3
R010929,P0115,2025-05-02,HCP02438,Neurology,Oral Therapy,3.4,3.5,2.9,2.6
R010930,P0034,2025-03-24,HCP01952,Respiratory,Digital Therapeutic,3.6,2.2,3.5,3.4
R010931,P0100,2025-04-08,HCP00702,Neurology,Oral Therapy,2.7,3.8,3.9,3.7
R010932,P0050,2025-05-01,HCP00427,Diabetes,Injectable,3.6,4.3,4.3,2.5
R010933,P0107,2026-03-06,HCP00111,Diabetes,Infusion,3.5,4.1,5.0,1.3
R010934,P0008,2026-01-11,HCP01307,Neurology,Digital Therapeutic,3.2,3.9,3.6,2.0
R010935,P0017,2026-01-14,HCP00377,Immunology,Infusion,3.5,2.8,2.3,3.4
R010936,P0056,2025-05-06,HCP01332,Immunology,Combination Therapy,4.2,3.9,3.6,1.5
R010937,P0095,2026-02-12,HCP01577,Cardiology,Digital Therapeutic,3.4,3.2,4.2,3.1
R010938,P0037,2025-07-20,HCP01920,Neurology,Injectable,4.2,4.8,4.3,4.6
R010939,P0015,2025-09-17,HCP01329,Oncology,Digital Therapeutic,3.6,4.2,3.9,3.4
R010940,P0021,2026-03-15,HCP00904,Rare Disease,Digital Therapeutic,4.6,4.0,3.3,2.8
R010941,P0035,2026-04-26,HCP02126,Cardiology,Combination Therapy,4.4,3.8,4.2,3.7
R010942,P0047,2025-08-19,HCP01614,Respiratory,Combination Therapy,3.5,3.1,4.1,2.9
R010943,P0069,2026-02-19,HCP01663,Immunology,Digital Therapeutic,3.1,3.2,4.2,2.2
R010944,P0093,2025-02-06,HCP02376,Respiratory,Digital Therapeutic,4.1,5.0,3.5,2.7
R010945,P0016,2026-08-08,HCP02392,Cardiology,Infusion,3.3,3.2,4.5,1.5
R010946,P0092,2026-05-14,HCP01773,Cardiology,Injectable,2.4,3.8,4.1,1.3
R010947,P0119,2025-10-07,HCP00385,Neurology,Combination Therapy,4.3,3.9,3.9,2.4
R010948,P0044,2025-11-15,HCP00045,Immunology,Injectable,3.2,3.8,4.7,1.9
R010949,P0025,2025-10-28,HCP01453,Respiratory,Combination Therapy,1.9,3.9,3.8,1.9
R010950,P0117,2025-11-19,HCP00378,Immunology,Digital Therapeutic,3.6,5.0,4.6,1.6
R010951,P0110,2026-06-12,HCP02284,Rare Disease,Digital Therapeutic,4.5,3.9,3.6,2.3
R010952,P0016,2026-05-30,HCP00996,Cardiology,Injectable,3.2,4.1,3.3,1.9
R010953,P0102,2026-02-10,HCP00639,Cardiology,Digital Therapeutic,3.4,3.6,4.0,2.5
R010954,P0103,2026-02-01,HCP01011,Respiratory,Combination Therapy,4.1,3.7,2.7,1.9
R010955,P0037,2025-09-09,HCP01761,Neurology,Infusion,3.3,4.1,4.2,1.9
R010956,P0118,2025-12-06,HCP00827,Immunology,Combination Therapy,3.6,4.8,4.7,2.3
R010957,P0023,2025-08-25,HCP00332,Respiratory,Infusion,4.5,4.7,5.0,1.0
R010958,P0069,2026-04-06,HCP01108,Immunology,Combination Therapy,4.3,1.6,4.7,1.7
R010959,P0085,2025-12-12,HCP01181,Respiratory,Infusion,3.9,2.6,5.0,3.6
R010960,P0008,2025-11-10,HCP02359,Neurology,Combination Therapy,2.3,5.0,4.2,3.1
R010961,P0111,2026-02-09,HCP00171,Immunology,Oral Therapy,4.2,3.4,4.9,2.5
R010962,P0111,2026-01-22,HCP02012,Immunology,Combination Therapy,3.4,3.5,4.1,1.1
R010963,P0046,2026-02-22,HCP00734,Immunology,Digital Therapeutic,4.1,3.4,4.9,1.6
R010964,P0053,2025-06-13,HCP00348,Respiratory,Combination Therapy,2.4,2.9,2.6,2.3
R010965,P0045,2026-01-19,HCP00324,Neurology,Combination Therapy,4.5,3.3,3.3,2.9
R010966,P0021,2026-05-20,HCP01111,Rare Disease,Infusion,3.0,3.4,3.8,1.9
R010967,P0107,2026-03-06,HCP01587,Diabetes,Digital Therapeutic,4.1,3.4,4.6,3.0
R010968,P0107,2025-12-02,HCP01704,Diabetes,Injectable,4.5,3.1,4.5,2.4
R010969,P0069,2026-02-26,HCP01901,Immunology,Combination Therapy,4.0,4.4,3.4,3.3
R010970,P0052,2025-11-11,HCP00410,Oncology,Oral Therapy,4.0,3.7,3.1,2.9
R010971,P0082,2026-05-09,HCP01522,Neurology,Oral Therapy,3.8,3.9,3.9,3.3
R010972,P0060,2025-07-30,HCP00127,Cardiology,Injectable,2.7,3.9,3.7,2.5
R010973,P0091,2025-06-17,HCP01082,Rare Disease,Infusion,4.8,3.4,3.7,2.0
R010974,P0069,2026-03-10,HCP02395,Immunology,Injectable,4.6,3.3,3.8,3.3
R010975,P0021,2026-06-06,HCP01527,Rare Disease,Combination Therapy,3.4,2.8,3.8,2.6
R010976,P0109,2025-10-10,HCP01962,Diabetes,Combination Therapy,1.0,4.3,4.6,2.7
R010977,P0052,2025-12-03,HCP00135,Oncology,Injectable,4.6,3.7,4.6,2.9
R010978,P0061,2026-05-13,HCP02214,Immunology,Combination Therapy,2.2,4.7,3.7,3.5
R010979,P0080,2026-04-04,HCP00943,Neurology,Injectable,4.2,4.1,3.7,2.9
R010980,P0107,2025-12-02,HCP01954,Diabetes,Infusion,3.1,4.9,4.5,3.5
R010981,P0051,2025-11-30,HCP00904,Rare Disease,Combination Therapy,4.1,3.5,4.2,1.0
R010982,P0021,2026-02-24,HCP01698,Rare Disease,Combination Therapy,2.8,3.1,4.6,3.0
R010983,P0013,2025-03-09,HCP01350,Respiratory,Injectable,3.7,5.0,4.3,3.8
R010984,P0075,2026-03-19,HCP01913,Neurology,Digital Therapeutic,2.2,4.6,4.0,3.5
R010985,P0051,2025-08-14,HCP02342,Rare Disease,Combination Therapy,3.7,2.5,4.1,1.6
R010986,P0064,2025-07-23,HCP01314,Cardiology,Infusion,3.7,4.1,2.8,1.9
R010987,P0102,2026-01-17,HCP00080,Cardiology,Injectable,4.3,4.3,3.6,4.1
R010988,P0040,2026-06-16,HCP00643,Neurology,Combination Therapy,3.3,3.6,5.0,4.7
R010989,P0078,2026-01-12,HCP00843,Cardiology,Injectable,3.9,2.9,4.7,2.9
R010990,P0026,2026-05-22,HCP00237,Diabetes,Combination Therapy,3.4,3.7,3.8,5.0
R010991,P0084,2026-03-10,HCP01219,Immunology,Infusion,4.1,3.9,3.3,2.3
R010992,P0009,2026-05-01,HCP01494,Immunology,Digital Therapeutic,4.0,3.3,4.4,3.6
R010993,P0025,2025-06-20,HCP01258,Respiratory,Combination Therapy,4.4,4.3,2.7,1.7
R010994,P0032,2026-02-26,HCP00549,Rare Disease,Infusion,2.7,2.7,4.3,2.9
R010995,P0023,2025-06-04,HCP00931,Respiratory,Injectable,3.6,3.9,4.0,1.4
R010996,P0082,2025-12-28,HCP02058,Neurology,Injectable,3.9,5.0,3.8,3.1
R010997,P0048,2025-08-05,HCP00339,Oncology,Oral Therapy,5.0,4.2,4.7,2.0
R010998,P0034,2025-04-12,HCP01338,Respiratory,Infusion,5.0,4.8,4.6,1.7
R010999,P0033,2026-04-22,HCP01982,Oncology,Injectable,2.5,3.7,4.5,3.9
R011000,P0088,2025-11-27,HCP02489,Respiratory,Digital Therapeutic,3.2,3.9,5.0,3.0
R011001,P0066,2026-01-05,HCP01286,Diabetes,Digital Therapeutic,1.6,3.5,3.6,1.8
R011002,P0106,2026-01-21,HCP00964,Respiratory,Combination Therapy,5.0,3.5,3.7,1.9
R011003,P0061,2026-05-08,HCP01586,Immunology,Oral Therapy,4.0,4.2,4.0,1.1
R011004,P0084,2026-06-09,HCP01049,Immunology,Digital Therapeutic,4.2,3.1,5.0,1.9
R011005,P0111,2026-01-31,HCP01989,Immunology,Injectable,3.4,4.4,2.9,1.9
R011006,P0097,2025-09-24,HCP00674,Cardiology,Digital Therapeutic,3.7,4.1,3.7,2.9
R011007,P0091,2025-05-14,HCP00763,Rare Disease,Combination Therapy,4.7,2.9,3.6,2.7
R011008,P0069,2026-03-13,HCP00715,Immunology,Injectable,2.8,4.5,4.3,1.6
R011009,P0105,2026-01-01,HCP01964,Neurology,Combination Therapy,2.7,5.0,3.3,1.6
R011010,P0114,2026-05-30,HCP01194,Cardiology,Infusion,3.5,4.4,4.0,4.1
R011011,P0015,2025-08-20,HCP01834,Oncology,Digital Therapeutic,3.7,2.4,5.0,3.3
R011012,P0092,2026-02-16,HCP00162,Cardiology,Digital Therapeutic,4.2,5.0,3.2,3.3
R011013,P0002,2025-09-03,HCP01916,Cardiology,Digital Therapeutic,3.7,2.2,3.4,2.5
R011014,P0039,2026-08-17,HCP02084,Respiratory,Combination Therapy,3.0,2.6,4.1,1.4
R011015,P0098,2026-04-09,HCP00322,Cardiology,Oral Therapy,3.4,2.6,4.6,2.8
R011016,P0087,2026-04-14,HCP00247,Oncology,Infusion,3.9,3.6,4.1,1.9
R011017,P0074,2025-09-16,HCP01385,Immunology,Digital Therapeutic,4.3,2.4,4.6,5.0
R011018,P0081,2025-10-06,HCP02267,Oncology,Oral Therapy,4.5,2.2,4.6,1.8
R011019,P0019,2026-06-10,HCP02101,Respiratory,Infusion,3.5,3.3,3.3,3.8
R011020,P0091,2025-05-06,HCP00998,Rare Disease,Combination Therapy,3.1,3.3,3.9,2.3
R011021,P0013,2025-02-28,HCP02326,Respiratory,Injectable,2.9,3.6,2.7,2.5
R011022,P0039,2026-07-06,HCP01150,Respiratory,Oral Therapy,4.7,4.1,4.3,3.8
R011023,P0011,2025-03-16,HCP01666,Respiratory,Injectable,3.3,4.8,5.0,1.5
R011024,P0062,2025-07-23,HCP02411,Immunology,Infusion,3.1,3.8,3.6,3.6
R011025,P0104,2025-05-16,HCP00438,Cardiology,Oral Therapy,3.8,4.1,3.8,2.1
R011026,P0106,2026-02-25,HCP01848,Respiratory,Infusion,5.0,3.6,3.5,3.1
R011027,P0002,2025-08-11,HCP01054,Cardiology,Digital Therapeutic,2.9,4.6,5.0,3.4
R011028,P0118,2025-11-18,HCP00698,Immunology,Combination Therapy,4.2,4.9,4.4,3.2
R011029,P0025,2025-06-22,HCP01039,Respiratory,Digital Therapeutic,3.3,3.4,3.8,1.4
R011030,P0044,2025-12-06,HCP00764,Immunology,Oral Therapy,3.8,2.8,3.1,2.1
R011031,P0034,2025-03-15,HCP01507,Respiratory,Combination Therapy,4.4,3.4,3.8,2.7
R011032,P0059,2025-11-24,HCP00375,Cardiology,Digital Therapeutic,4.7,3.5,3.3,1.6
R011033,P0001,2026-10-14,HCP01483,Respiratory,Combination Therapy,3.2,3.6,3.9,2.9
R011034,P0040,2026-06-14,HCP01598,Neurology,Injectable,4.3,3.8,4.1,3.4
R011035,P0037,2025-10-08,HCP02001,Neurology,Oral Therapy,3.9,3.6,3.4,2.1
R011036,P0087,2026-04-29,HCP01653,Oncology,Infusion,4.0,2.9,3.7,3.3
R011037,P0104,2025-07-08,HCP01733,Cardiology,Injectable,4.8,3.6,4.6,2.5
R011038,P0005,2025-01-16,HCP02224,Immunology,Infusion,3.1,4.0,3.6,2.7
R011039,P0050,2025-07-19,HCP01480,Diabetes,Combination Therapy,4.4,4.8,5.0,3.1
R011040,P0115,2025-05-11,HCP00711,Neurology,Injectable,3.8,3.4,4.3,3.6
R011041,P0112,2025-03-22,HCP01898,Respiratory,Injectable,4.7,3.8,4.2,1.6
R011042,P0066,2026-01-21,HCP00169,Diabetes,Combination Therapy,4.0,3.7,4.3,3.3
R011043,P0091,2025-09-02,HCP00982,Rare Disease,Combination Therapy,3.6,3.4,2.6,3.3
R011044,P0033,2026-02-14,HCP00550,Oncology,Digital Therapeutic,4.4,3.4,4.6,2.6
R011045,P0097,2025-10-09,HCP02048,Cardiology,Oral Therapy,3.2,2.5,4.8,1.6
R011046,P0005,2025-01-10,HCP02408,Immunology,Combination Therapy,3.4,4.1,4.4,3.0
R011047,P0062,2025-07-15,HCP00834,Immunology,Oral Therapy,3.1,4.2,3.1,2.9
R011048,P0068,2025-08-23,HCP02471,Immunology,Combination Therapy,3.2,3.5,4.3,2.3
R011049,P0021,2026-06-27,HCP02399,Rare Disease,Digital Therapeutic,1.4,4.1,3.3,3.2
R011050,P0071,2026-02-01,HCP00884,Immunology,Infusion,3.3,2.6,4.5,1.9
R011051,P0113,2026-08-13,HCP00527,Neurology,Oral Therapy,3.6,4.8,4.4,3.1
R011052,P0084,2026-05-10,HCP01225,Immunology,Oral Therapy,4.3,3.2,3.8,2.6
R011053,P0018,2025-02-25,HCP02165,Immunology,Oral Therapy,2.9,3.6,4.2,3.2
R011054,P0064,2025-11-07,HCP02116,Cardiology,Injectable,3.3,4.4,4.2,1.3
R011055,P0085,2025-12-24,HCP01836,Respiratory,Infusion,3.6,2.8,4.8,1.0
R011056,P0062,2025-07-02,HCP01195,Immunology,Injectable,4.4,3.4,4.3,1.3
R011057,P0019,2026-05-22,HCP01066,Respiratory,Digital Therapeutic,3.9,3.3,3.4,2.6
R011058,P0037,2025-06-21,HCP02398,Neurology,Oral Therapy,4.0,4.2,2.9,4.3
R011059,P0055,2025-12-04,HCP01387,Diabetes,Digital Therapeutic,4.4,3.1,4.9,2.8
R011060,P0024,2026-07-28,HCP02095,Diabetes,Oral Therapy,4.1,4.3,3.1,3.8
R011061,P0051,2025-09-11,HCP02072,Rare Disease,Infusion,3.2,4.0,3.3,3.2
R011062,P0031,2025-12-21,HCP01854,Rare Disease,Oral Therapy,5.0,2.7,3.7,1.0
R011063,P0017,2026-01-19,HCP02201,Immunology,Combination Therapy,2.1,4.4,3.7,2.6
R011064,P0045,2026-02-03,HCP01572,Neurology,Infusion,4.5,5.0,3.0,1.9
R011065,P0003,2025-06-17,HCP01106,Respiratory,Injectable,4.1,3.1,4.0,1.7
R011066,P0093,2025-02-17,HCP00516,Respiratory,Oral Therapy,4.8,3.4,3.2,2.5
R011067,P0005,2025-02-14,HCP00149,Immunology,Injectable,3.5,2.9,4.3,2.8
R011068,P0015,2025-09-14,HCP00458,Oncology,Injectable,3.3,3.7,4.3,1.0
R011069,P0037,2025-07-10,HCP02441,Neurology,Oral Therapy,2.8,4.5,4.7,1.7
R011070,P0078,2025-10-27,HCP02167,Cardiology,Infusion,2.8,3.3,4.3,2.0
R011071,P0054,2025-08-17,HCP01186,Neurology,Oral Therapy,3.6,3.1,4.4,2.4
R011072,P0005,2025-01-15,HCP00603,Immunology,Oral Therapy,3.0,4.7,3.0,3.2
R011073,P0041,2026-07-15,HCP00262,Respiratory,Oral Therapy,3.1,3.3,3.5,1.9
R011074,P0006,2025-07-19,HCP00609,Cardiology,Oral Therapy,2.8,3.3,3.9,2.9
R011075,P0052,2025-11-26,HCP00596,Oncology,Combination Therapy,4.6,3.6,4.6,4.3
R011076,P0033,2026-06-16,HCP02116,Oncology,Digital Therapeutic,3.1,2.6,4.0,2.5
R011077,P0108,2025-05-06,HCP01810,Diabetes,Digital Therapeutic,4.0,3.2,3.8,2.8
R011078,P0043,2026-04-30,HCP00116,Immunology,Combination Therapy,3.6,5.0,4.4,2.3
R011079,P0071,2026-01-14,HCP00021,Immunology,Infusion,4.0,4.3,2.8,1.8
R011080,P0023,2025-06-30,HCP01795,Respiratory,Injectable,3.5,4.2,3.3,2.0
R011081,P0058,2025-09-01,HCP00337,Respiratory,Infusion,4.4,4.2,4.1,3.2
R011082,P0107,2026-04-22,HCP01540,Diabetes,Infusion,4.2,4.2,4.0,1.5
R011083,P0004,2025-05-06,HCP01119,Diabetes,Oral Therapy,4.7,3.5,4.3,1.9
R011084,P0037,2025-08-16,HCP00095,Neurology,Injectable,3.1,3.7,4.2,2.0
R011085,P0043,2026-07-15,HCP01639,Immunology,Infusion,3.0,4.0,4.3,2.9
R011086,P0057,2025-08-01,HCP00454,Immunology,Infusion,3.4,3.5,3.6,2.2
R011087,P0050,2025-03-24,HCP00569,Diabetes,Injectable,3.8,4.7,4.9,2.2
R011088,P0120,2026-03-20,HCP00750,Immunology,Oral Therapy,4.1,2.6,3.3,2.2
R011089,P0018,2025-05-08,HCP02346,Immunology,Injectable,3.2,3.6,3.8,2.7
R011090,P0031,2025-12-09,HCP00568,Rare Disease,Infusion,3.9,4.6,4.0,3.7
R011091,P0057,2025-10-02,HCP00650,Immunology,Injectable,3.5,4.5,4.4,3.8
R011092,P0075,2026-04-04,HCP00424,Neurology,Infusion,3.5,3.4,3.4,1.4
R011093,P0010,2025-03-19,HCP02229,Diabetes,Injectable,3.7,4.0,3.9,2.6
R011094,P0090,2025-10-22,HCP02135,Neurology,Injectable,5.0,4.0,4.7,3.2
R011095,P0064,2025-11-22,HCP02378,Cardiology,Combination Therapy,4.4,5.0,4.0,4.2
R011096,P0033,2026-02-19,HCP02313,Oncology,Combination Therapy,4.6,3.2,4.1,1.5
R011097,P0046,2026-03-02,HCP01256,Immunology,Digital Therapeutic,4.0,3.9,3.8,2.7
R011098,P0007,2026-08-01,HCP00438,Diabetes,Infusion,5.0,3.5,4.0,3.4
R011099,P0080,2026-06-07,HCP01052,Neurology,Combination Therapy,4.5,4.9,4.0,2.0
R011100,P0095,2025-11-07,HCP01446,Cardiology,Oral Therapy,2.5,3.7,4.3,2.0
R011101,P0120,2026-03-12,HCP02000,Immunology,Oral Therapy,4.3,3.4,3.2,2.1
R011102,P0035,2026-07-03,HCP01084,Cardiology,Digital Therapeutic,4.0,4.3,3.9,2.8
R011103,P0033,2026-06-21,HCP00099,Oncology,Combination Therapy,4.2,3.2,4.1,2.2
R011104,P0039,2026-06-16,HCP00941,Respiratory,Oral Therapy,2.4,3.9,4.5,2.9
R011105,P0016,2026-08-15,HCP01391,Cardiology,Infusion,2.5,4.3,4.4,2.0
R011106,P0050,2025-03-20,HCP02383,Diabetes,Oral Therapy,3.6,2.6,4.9,3.6
R011107,P0015,2025-09-03,HCP01511,Oncology,Combination Therapy,2.2,3.2,4.0,2.9
R011108,P0005,2025-01-21,HCP00115,Immunology,Injectable,4.3,5.0,3.2,1.0
R011109,P0041,2026-06-08,HCP01320,Respiratory,Combination Therapy,3.8,4.0,4.0,3.1
R011110,P0103,2026-03-31,HCP02437,Respiratory,Digital Therapeutic,5.0,3.0,2.9,1.1
R011111,P0117,2025-10-03,HCP00989,Immunology,Oral Therapy,4.0,3.9,2.9,2.0
R011112,P0104,2025-03-27,HCP00795,Cardiology,Combination Therapy,4.3,2.5,3.6,2.4
R011113,P0115,2025-08-12,HCP00027,Neurology,Combination Therapy,4.2,3.9,4.2,2.0
R011114,P0105,2025-12-17,HCP01424,Neurology,Digital Therapeutic,3.8,4.1,3.3,3.1
R011115,P0079,2026-06-10,HCP00702,Oncology,Combination Therapy,3.8,3.7,4.9,4.3
R011116,P0022,2026-05-03,HCP02329,Cardiology,Combination Therapy,3.7,3.3,4.1,1.0
R011117,P0098,2026-07-19,HCP00635,Cardiology,Infusion,1.7,5.0,4.8,2.0
R011118,P0118,2025-12-21,HCP01613,Immunology,Infusion,4.7,3.6,5.0,2.7
R011119,P0060,2025-07-30,HCP01599,Cardiology,Combination Therapy,4.7,2.5,4.6,2.4
R011120,P0080,2026-04-24,HCP01918,Neurology,Oral Therapy,4.4,3.7,3.7,1.0
R011121,P0047,2025-07-14,HCP00967,Respiratory,Infusion,3.8,4.6,3.3,3.6
R011122,P0072,2026-08-08,HCP00243,Immunology,Infusion,3.6,4.9,3.4,2.6
R011123,P0003,2025-09-08,HCP00432,Respiratory,Oral Therapy,2.7,1.9,4.1,3.2
R011124,P0087,2026-02-11,HCP01425,Oncology,Digital Therapeutic,2.6,3.2,3.7,3.0
R011125,P0063,2025-09-16,HCP00730,Rare Disease,Digital Therapeutic,3.2,3.5,3.3,2.2
R011126,P0091,2025-06-14,HCP00777,Rare Disease,Oral Therapy,3.9,3.9,4.4,1.3
R011127,P0045,2025-12-27,HCP00278,Neurology,Combination Therapy,4.0,2.8,4.3,2.6
R011128,P0050,2025-05-31,HCP01049,Diabetes,Infusion,3.3,4.2,3.4,1.3
R011129,P0018,2025-02-28,HCP01424,Immunology,Oral Therapy,2.6,4.4,3.6,3.5
R011130,P0071,2025-12-29,HCP00594,Immunology,Oral Therapy,3.1,3.2,3.0,3.6
R011131,P0111,2026-02-04,HCP01866,Immunology,Injectable,3.6,3.8,4.1,2.9
R011132,P0071,2026-01-12,HCP01540,Immunology,Injectable,2.4,4.4,3.7,2.3
R011133,P0108,2025-03-28,HCP00939,Diabetes,Infusion,3.9,5.0,4.6,3.4
R011134,P0001,2026-07-11,HCP01340,Respiratory,Infusion,5.0,4.5,4.0,3.6
R011135,P0089,2025-04-10,HCP01996,Neurology,Digital Therapeutic,3.0,3.4,3.5,3.0
R011136,P0002,2025-09-11,HCP00321,Cardiology,Digital Therapeutic,5.0,4.1,4.0,3.7
R011137,P0052,2026-01-21,HCP00783,Oncology,Infusion,3.1,3.6,3.8,3.7
R011138,P0057,2025-08-04,HCP01824,Immunology,Injectable,3.5,3.3,3.5,3.9
R011139,P0057,2025-08-07,HCP01802,Immunology,Digital Therapeutic,4.1,4.1,3.9,3.7
R011140,P0068,2025-07-29,HCP00711,Immunology,Oral Therapy,3.7,4.1,3.1,1.0
R011141,P0093,2025-02-25,HCP01540,Respiratory,Combination Therapy,2.3,3.8,4.1,2.9
R011142,P0085,2025-12-27,HCP01467,Respiratory,Infusion,3.9,4.5,4.1,2.6
R011143,P0007,2026-07-25,HCP01457,Diabetes,Digital Therapeutic,3.8,3.6,4.7,3.2
R011144,P0091,2025-06-07,HCP02171,Rare Disease,Oral Therapy,3.5,3.7,4.1,1.1
R011145,P0048,2025-07-20,HCP00595,Oncology,Oral Therapy,3.8,3.9,3.3,1.4
R011146,P0071,2026-02-01,HCP00995,Immunology,Oral Therapy,4.1,4.0,2.0,4.2
R011147,P0111,2026-02-08,HCP01078,Immunology,Injectable,2.9,3.2,3.3,3.1
R011148,P0035,2026-06-10,HCP01600,Cardiology,Digital Therapeutic,4.2,5.0,4.2,2.8
R011149,P0073,2026-05-08,HCP01744,Immunology,Combination Therapy,3.2,4.3,4.8,2.0
R011150,P0075,2026-03-31,HCP02156,Neurology,Digital Therapeutic,5.0,3.8,4.0,1.6
R011151,P0061,2026-05-08,HCP00376,Immunology,Infusion,4.6,3.8,3.5,1.9
R011152,P0032,2026-03-20,HCP01556,Rare Disease,Infusion,2.9,3.7,4.1,1.9
R011153,P0090,2025-10-12,HCP00426,Neurology,Oral Therapy,4.7,4.8,2.4,3.1
R011154,P0099,2026-07-16,HCP02458,Rare Disease,Oral Therapy,4.0,4.5,4.0,2.8
R011155,P0114,2026-07-27,HCP00011,Cardiology,Combination Therapy,4.2,4.2,4.4,1.7
R011156,P0051,2025-08-19,HCP00204,Rare Disease,Combination Therapy,3.5,5.0,3.5,3.3
R011157,P0016,2026-07-18,HCP02243,Cardiology,Combination Therapy,3.4,4.2,4.6,1.0
R011158,P0108,2025-03-06,HCP00907,Diabetes,Combination Therapy,3.5,3.2,4.9,1.0
R011159,P0074,2026-01-14,HCP00874,Immunology,Digital Therapeutic,2.9,4.3,4.4,3.2
R011160,P0016,2026-06-12,HCP01757,Cardiology,Combination Therapy,2.1,4.2,4.2,4.0
R011161,P0094,2025-05-21,HCP00337,Cardiology,Oral Therapy,3.2,4.8,1.7,1.0
R011162,P0085,2026-03-04,HCP01221,Respiratory,Oral Therapy,3.2,4.3,4.2,2.1
R011163,P0100,2025-03-12,HCP00811,Neurology,Combination Therapy,2.8,3.9,4.6,4.1
R011164,P0052,2025-09-10,HCP00647,Oncology,Oral Therapy,4.2,4.5,3.9,1.1
R011165,P0057,2025-09-07,HCP00497,Immunology,Injectable,3.9,2.6,4.5,3.3
R011166,P0016,2026-06-16,HCP00837,Cardiology,Infusion,3.2,4.1,4.1,2.2
R011167,P0052,2025-12-16,HCP01248,Oncology,Infusion,3.4,4.2,4.0,3.4
R011168,P0068,2025-06-14,HCP01811,Immunology,Injectable,3.9,2.9,4.3,3.6
R011169,P0105,2026-02-11,HCP00487,Neurology,Combination Therapy,3.1,3.9,3.9,2.8
R011170,P0026,2026-03-28,HCP01967,Diabetes,Injectable,1.5,3.3,3.5,1.7
R011171,P0006,2025-07-23,HCP00461,Cardiology,Digital Therapeutic,4.7,3.5,3.8,1.6
R011172,P0036,2025-10-25,HCP01587,Respiratory,Digital Therapeutic,3.6,4.4,3.8,2.1
R011173,P0025,2025-11-01,HCP00949,Respiratory,Oral Therapy,3.9,3.1,4.2,1.0
R011174,P0055,2025-11-25,HCP02222,Diabetes,Combination Therapy,3.8,3.6,3.4,3.2
R011175,P0085,2026-01-02,HCP01730,Respiratory,Injectable,2.5,3.2,4.8,1.0
R011176,P0044,2025-11-18,HCP01305,Immunology,Digital Therapeutic,3.1,4.0,4.2,3.8
R011177,P0042,2025-10-16,HCP00159,Rare Disease,Digital Therapeutic,3.7,4.0,4.8,1.8
R011178,P0047,2025-05-21,HCP02060,Respiratory,Oral Therapy,3.5,2.9,3.8,2.3
R011179,P0118,2025-11-14,HCP02479,Immunology,Combination Therapy,2.7,3.6,3.1,2.0
R011180,P0048,2025-07-05,HCP00269,Oncology,Oral Therapy,4.0,3.7,3.2,4.0
R011181,P0086,2026-01-26,HCP01352,Diabetes,Infusion,4.2,3.9,3.6,3.0
R011182,P0003,2025-06-23,HCP02465,Respiratory,Injectable,3.4,4.5,3.3,3.5
R011183,P0014,2025-02-18,HCP01535,Cardiology,Injectable,4.6,3.1,3.0,2.0
R011184,P0045,2025-12-29,HCP02187,Neurology,Oral Therapy,4.2,3.5,4.1,3.1
R011185,P0064,2025-10-23,HCP02004,Cardiology,Oral Therapy,4.0,4.7,4.2,3.2
R011186,P0048,2025-06-25,HCP02234,Oncology,Oral Therapy,3.3,4.3,3.9,2.6
R011187,P0033,2026-05-03,HCP00745,Oncology,Digital Therapeutic,3.6,3.1,4.9,2.7
R011188,P0072,2026-05-31,HCP02201,Immunology,Oral Therapy,4.4,3.7,4.0,2.8
R011189,P0032,2026-07-28,HCP00411,Rare Disease,Infusion,2.5,4.1,3.8,2.7
R011190,P0058,2025-07-14,HCP02106,Respiratory,Injectable,2.5,4.4,3.8,3.2
R011191,P0014,2025-02-10,HCP01413,Cardiology,Oral Therapy,3.4,4.0,4.5,1.7
R011192,P0021,2026-03-01,HCP00213,Rare Disease,Oral Therapy,3.7,4.1,3.1,1.0
R011193,P0109,2025-12-05,HCP01737,Diabetes,Combination Therapy,3.6,4.1,2.8,1.9
R011194,P0071,2026-01-01,HCP02276,Immunology,Combination Therapy,4.1,3.8,4.1,1.9
R011195,P0037,2025-06-22,HCP02195,Neurology,Digital Therapeutic,3.9,2.7,4.1,2.7
R011196,P0005,2025-02-07,HCP00423,Immunology,Infusion,3.7,3.4,4.4,2.6
R011197,P0094,2025-05-29,HCP02115,Cardiology,Injectable,3.4,4.7,4.0,2.0
R011198,P0040,2026-07-10,HCP02170,Neurology,Combination Therapy,4.4,4.4,5.0,1.0
R011199,P0055,2025-12-12,HCP02417,Diabetes,Infusion,4.7,3.8,4.5,1.9
R011200,P0075,2026-02-10,HCP01397,Neurology,Digital Therapeutic,3.4,3.6,2.5,2.8
R011201,P0009,2026-04-21,HCP02277,Immunology,Digital Therapeutic,4.0,3.3,3.1,3.6
R011202,P0075,2026-02-19,HCP00708,Neurology,Infusion,3.5,3.2,2.8,1.9
R011203,P0120,2026-06-29,HCP01296,Immunology,Injectable,2.7,4.5,4.1,2.4
R011204,P0022,2026-05-21,HCP00788,Cardiology,Infusion,2.3,3.6,4.1,2.2
R011205,P0113,2026-07-02,HCP00900,Neurology,Combination Therapy,4.7,4.0,5.0,1.5
R011206,P0041,2026-06-09,HCP00675,Respiratory,Digital Therapeutic,4.4,5.0,3.5,3.2
R011207,P0001,2026-07-28,HCP01641,Respiratory,Digital Therapeutic,4.0,3.9,3.4,2.8
R011208,P0055,2025-12-24,HCP01814,Diabetes,Injectable,4.5,3.3,4.2,4.8
R011209,P0025,2025-07-22,HCP02039,Respiratory,Injectable,3.0,4.4,3.3,1.4
R011210,P0050,2025-04-19,HCP01840,Diabetes,Infusion,4.5,4.6,3.8,2.4
R011211,P0021,2026-03-10,HCP00321,Rare Disease,Oral Therapy,4.0,2.4,4.6,2.6
R011212,P0083,2025-05-04,HCP01070,Immunology,Oral Therapy,3.3,4.7,4.5,1.8
R011213,P0044,2025-08-22,HCP01554,Immunology,Infusion,1.7,3.2,4.7,3.5
R011214,P0089,2025-03-27,HCP01069,Neurology,Digital Therapeutic,2.5,4.9,3.2,2.2
R011215,P0026,2026-04-17,HCP00423,Diabetes,Injectable,5.0,4.7,4.4,1.9
R011216,P0005,2025-01-25,HCP00534,Immunology,Injectable,5.0,3.9,4.0,3.3
R011217,P0040,2026-07-09,HCP01342,Neurology,Digital Therapeutic,2.5,3.2,5.0,1.6
R011218,P0090,2025-09-13,HCP00996,Neurology,Oral Therapy,2.0,4.6,4.5,2.7
R011219,P0118,2025-11-18,HCP01763,Immunology,Oral Therapy,4.8,4.1,4.0,1.7
R011220,P0106,2026-01-13,HCP01657,Respiratory,Digital Therapeutic,3.6,3.3,4.7,2.2
R011221,P0001,2026-09-17,HCP00630,Respiratory,Infusion,3.1,4.2,4.4,2.5
R011222,P0110,2026-06-02,HCP01564,Rare Disease,Oral Therapy,2.7,3.0,4.5,3.0
R011223,P0048,2025-05-25,HCP01448,Oncology,Digital Therapeutic,2.6,4.0,4.3,2.5
R011224,P0007,2026-07-21,HCP00325,Diabetes,Combination Therapy,4.8,4.0,3.8,2.0
R011225,P0029,2026-01-15,HCP02083,Neurology,Injectable,3.9,4.1,3.8,2.8
R011226,P0107,2026-02-22,HCP01829,Diabetes,Digital Therapeutic,2.2,4.6,4.5,1.7
R011227,P0072,2026-07-25,HCP02212,Immunology,Digital Therapeutic,3.1,3.5,3.6,3.5
R011228,P0020,2026-04-03,HCP02475,Cardiology,Digital Therapeutic,5.0,3.4,4.1,5.0
R011229,P0096,2026-04-08,HCP00713,Neurology,Infusion,4.0,3.8,4.3,2.6
R011230,P0041,2026-04-25,HCP02028,Respiratory,Oral Therapy,2.5,4.4,3.6,3.0
R011231,P0015,2025-08-25,HCP02397,Oncology,Oral Therapy,3.1,3.7,4.3,1.4
R011232,P0046,2025-12-28,HCP00020,Immunology,Infusion,3.6,2.7,4.0,2.4
R011233,P0093,2025-02-18,HCP01609,Respiratory,Infusion,4.5,3.6,3.8,3.1
R011234,P0036,2025-11-18,HCP02056,Respiratory,Oral Therapy,3.6,3.9,4.5,2.9
R011235,P0020,2026-06-21,HCP00308,Cardiology,Injectable,4.9,3.3,3.2,1.9
R011236,P0036,2025-10-20,HCP00075,Respiratory,Injectable,3.9,2.2,3.2,2.0
R011237,P0096,2026-02-14,HCP00774,Neurology,Combination Therapy,1.8,4.0,4.0,2.2
R011238,P0021,2026-06-18,HCP00336,Rare Disease,Digital Therapeutic,4.2,2.9,3.3,2.2
R011239,P0056,2025-05-27,HCP00479,Immunology,Combination Therapy,3.5,4.5,4.8,1.8
R011240,P0080,2026-06-02,HCP00607,Neurology,Injectable,3.3,5.0,3.8,3.5
R011241,P0008,2025-12-03,HCP00612,Neurology,Combination Therapy,4.0,3.2,3.1,3.3
R011242,P0070,2026-07-22,HCP01231,Immunology,Digital Therapeutic,3.5,4.0,3.9,1.4
R011243,P0094,2025-05-31,HCP02329,Cardiology,Oral Therapy,3.9,4.0,5.0,4.3
R011244,P0074,2026-02-04,HCP02112,Immunology,Infusion,3.3,2.7,3.4,3.2
R011245,P0023,2025-09-10,HCP00274,Respiratory,Injectable,3.2,2.1,3.6,2.0
R011246,P0063,2025-08-17,HCP02036,Rare Disease,Combination Therapy,4.6,2.9,4.4,2.3
R011247,P0109,2025-10-08,HCP01885,Diabetes,Infusion,3.8,3.6,4.9,2.4
R011248,P0027,2025-11-11,HCP00932,Cardiology,Infusion,4.0,5.0,3.4,1.4
R011249,P0020,2026-05-08,HCP01027,Cardiology,Combination Therapy,3.2,4.2,3.5,1.0
R011250,P0071,2026-01-07,HCP01185,Immunology,Injectable,4.6,3.2,3.0,1.9
R011251,P0051,2025-09-16,HCP02236,Rare Disease,Digital Therapeutic,3.9,3.2,4.0,3.3
R011252,P0079,2026-06-19,HCP00426,Oncology,Combination Therapy,3.4,3.3,4.2,1.0
R011253,P0073,2026-04-29,HCP01254,Immunology,Infusion,4.8,2.5,4.6,2.4
R011254,P0007,2026-09-09,HCP02380,Diabetes,Infusion,3.4,3.2,4.3,2.2
R011255,P0088,2025-12-13,HCP01674,Respiratory,Injectable,3.9,4.1,4.1,2.0
R011256,P0119,2025-10-01,HCP00683,Neurology,Injectable,2.7,3.6,4.2,2.2
R011257,P0017,2025-12-26,HCP02061,Immunology,Combination Therapy,3.2,3.5,4.4,3.1
R011258,P0070,2026-05-10,HCP00513,Immunology,Infusion,4.4,4.4,3.2,1.7
R011259,P0045,2026-01-01,HCP00598,Neurology,Injectable,3.7,3.0,4.2,2.1
R011260,P0077,2025-09-19,HCP02469,Neurology,Infusion,3.8,4.1,2.9,2.9
R011261,P0071,2025-12-20,HCP01927,Immunology,Oral Therapy,3.6,3.0,4.7,1.7
R011262,P0069,2026-03-10,HCP00530,Immunology,Injectable,3.7,4.4,5.0,3.2
R011263,P0017,2026-01-16,HCP01951,Immunology,Combination Therapy,3.2,3.8,3.6,3.6
R011264,P0083,2025-05-07,HCP00455,Immunology,Digital Therapeutic,3.3,3.9,4.2,2.0
R011265,P0081,2025-12-24,HCP00758,Oncology,Combination Therapy,3.5,3.7,4.5,3.5
R011266,P0079,2026-06-14,HCP02458,Oncology,Combination Therapy,3.5,4.2,5.0,1.8
R011267,P0024,2026-06-14,HCP00911,Diabetes,Oral Therapy,4.1,3.2,3.9,1.1
R011268,P0096,2026-04-11,HCP00192,Neurology,Infusion,4.1,4.5,3.5,4.0
R011269,P0026,2026-06-29,HCP02493,Diabetes,Oral Therapy,4.8,3.6,4.3,2.5
R011270,P0020,2026-04-10,HCP00083,Cardiology,Oral Therapy,4.3,4.1,4.9,2.7
R011271,P0040,2026-07-12,HCP02451,Neurology,Injectable,2.9,4.3,4.1,2.0
R011272,P0020,2026-05-08,HCP01140,Cardiology,Oral Therapy,3.1,3.3,4.9,1.6
R011273,P0041,2026-05-03,HCP00687,Respiratory,Combination Therapy,4.5,4.1,4.7,2.5
R011274,P0027,2025-11-13,HCP00742,Cardiology,Infusion,4.3,3.3,4.5,4.4
R011275,P0010,2025-04-05,HCP00319,Diabetes,Combination Therapy,4.6,2.7,4.0,2.1
R011276,P0116,2026-05-27,HCP02176,Rare Disease,Injectable,3.7,3.9,3.8,3.5
R011277,P0082,2026-02-22,HCP02422,Neurology,Infusion,3.5,5.0,5.0,4.4
R011278,P0043,2026-06-21,HCP01838,Immunology,Injectable,4.0,3.3,3.4,2.4
R011279,P0046,2026-03-11,HCP00558,Immunology,Infusion,2.5,4.2,4.3,2.6
R011280,P0038,2025-10-17,HCP01352,Diabetes,Infusion,3.5,4.4,4.3,2.2
R011281,P0090,2025-07-03,HCP01759,Neurology,Oral Therapy,5.0,3.0,4.2,2.0
R011282,P0028,2026-03-29,HCP00026,Oncology,Digital Therapeutic,3.4,3.4,3.3,2.0
R011283,P0011,2025-04-25,HCP01582,Respiratory,Injectable,3.7,4.7,4.1,1.0
R011284,P0058,2025-07-25,HCP00664,Respiratory,Oral Therapy,3.5,4.3,3.7,2.1
R011285,P0027,2025-11-11,HCP01836,Cardiology,Combination Therapy,5.0,3.8,4.6,1.8
R011286,P0109,2025-12-11,HCP02227,Diabetes,Digital Therapeutic,2.7,2.7,4.2,2.6
R011287,P0044,2025-10-13,HCP00885,Immunology,Oral Therapy,4.3,3.4,5.0,4.7
R011288,P0081,2025-11-29,HCP00621,Oncology,Oral Therapy,3.4,4.2,4.9,2.9
R011289,P0048,2025-06-23,HCP01013,Oncology,Oral Therapy,3.1,1.6,3.7,2.7
R011290,P0023,2025-08-27,HCP00070,Respiratory,Infusion,2.3,4.4,4.9,2.1
R011291,P0039,2026-06-25,HCP00640,Respiratory,Digital Therapeutic,5.0,4.6,3.6,3.1
R011292,P0101,2026-05-12,HCP00578,Cardiology,Digital Therapeutic,4.3,5.0,4.9,2.5
R011293,P0010,2025-03-28,HCP00063,Diabetes,Oral Therapy,2.6,4.7,3.2,1.7
R011294,P0114,2026-06-25,HCP01892,Cardiology,Injectable,2.6,4.1,5.0,2.9
R011295,P0003,2025-10-04,HCP01165,Respiratory,Oral Therapy,3.2,4.3,3.5,1.6
R011296,P0086,2025-12-27,HCP02150,Diabetes,Combination Therapy,4.1,3.6,3.8,2.2
R011297,P0083,2025-04-27,HCP00726,Immunology,Oral Therapy,3.6,3.4,3.9,2.3
R011298,P0072,2026-06-22,HCP00714,Immunology,Digital Therapeutic,2.9,4.1,3.6,2.3
R011299,P0009,2026-04-26,HCP01079,Immunology,Injectable,3.6,3.2,4.9,4.0
R011300,P0081,2025-11-03,HCP00581,Oncology,Combination Therapy,4.8,3.5,2.9,3.4
R011301,P0009,2026-04-20,HCP01902,Immunology,Injectable,4.2,5.0,4.3,1.4
R011302,P0089,2025-03-02,HCP02094,Neurology,Injectable,2.2,3.3,4.4,1.6
R011303,P0094,2025-05-02,HCP01695,Cardiology,Infusion,2.8,4.0,3.3,2.7
R011304,P0104,2025-04-29,HCP00491,Cardiology,Combination Therapy,3.6,2.7,3.7,3.8
R011305,P0047,2025-09-24,HCP01942,Respiratory,Infusion,3.8,3.2,3.4,2.2
R011306,P0080,2026-04-18,HCP00909,Neurology,Infusion,4.8,3.2,3.8,1.3
R011307,P0023,2025-07-31,HCP02460,Respiratory,Injectable,3.7,3.7,4.6,2.7
R011308,P0064,2025-07-23,HCP00952,Cardiology,Injectable,4.2,3.2,3.8,2.2
R011309,P0087,2026-02-03,HCP01503,Oncology,Combination Therapy,1.8,3.6,4.2,4.3
R011310,P0022,2026-06-29,HCP00991,Cardiology,Digital Therapeutic,3.4,3.4,3.9,1.8
R011311,P0100,2025-03-31,HCP02197,Neurology,Combination Therapy,4.3,3.7,5.0,1.6
R011312,P0045,2026-02-08,HCP00188,Neurology,Combination Therapy,5.0,2.6,4.1,2.1
R011313,P0112,2025-04-24,HCP02453,Respiratory,Infusion,2.6,2.7,3.4,1.6
R011314,P0011,2025-03-23,HCP02110,Respiratory,Combination Therapy,3.6,4.3,4.2,2.8
R011315,P0027,2025-11-08,HCP00088,Cardiology,Oral Therapy,2.2,3.4,4.5,2.3
R011316,P0088,2026-01-11,HCP00538,Respiratory,Injectable,3.5,3.9,3.6,3.4
R011317,P0024,2026-06-20,HCP00825,Diabetes,Infusion,4.6,4.1,4.8,4.8
R011318,P0120,2026-08-08,HCP00918,Immunology,Oral Therapy,4.5,3.8,2.9,2.2
R011319,P0113,2026-06-13,HCP01466,Neurology,Oral Therapy,3.7,2.9,3.7,1.3
R011320,P0012,2026-05-19,HCP01594,Oncology,Infusion,3.5,2.4,4.0,2.1
R011321,P0102,2025-11-25,HCP00433,Cardiology,Oral Therapy,5.0,3.5,4.6,1.8
R011322,P0053,2025-07-05,HCP02010,Respiratory,Combination Therapy,3.5,3.8,4.9,3.1
R011323,P0102,2025-12-25,HCP00010,Cardiology,Infusion,3.2,4.8,4.9,3.0
R011324,P0085,2026-01-09,HCP01468,Respiratory,Combination Therapy,3.2,5.0,4.1,3.0
R011325,P0038,2025-09-30,HCP01873,Diabetes,Digital Therapeutic,2.5,4.0,4.7,2.4
R011326,P0004,2025-03-12,HCP00905,Diabetes,Injectable,4.1,3.7,4.4,2.2
R011327,P0039,2026-06-29,HCP01036,Respiratory,Digital Therapeutic,4.3,3.7,4.1,3.4
R011328,P0053,2025-04-04,HCP00014,Respiratory,Oral Therapy,4.2,3.8,3.7,3.5
R011329,P0065,2025-06-29,HCP00355,Immunology,Infusion,4.4,3.3,4.2,4.2
R011330,P0096,2026-02-06,HCP01238,Neurology,Digital Therapeutic,3.2,4.7,4.8,3.5
R011331,P0099,2026-07-15,HCP00304,Rare Disease,Infusion,3.6,3.5,4.1,2.7
R011332,P0036,2025-10-14,HCP01406,Respiratory,Injectable,4.7,4.0,3.8,1.7
R011333,P0024,2026-05-29,HCP02271,Diabetes,Combination Therapy,3.3,4.0,4.8,3.4
R011334,P0080,2026-06-06,HCP00899,Neurology,Injectable,3.2,2.1,3.7,2.5
R011335,P0090,2025-07-04,HCP01769,Neurology,Injectable,4.5,3.1,4.4,2.8
R011336,P0073,2026-09-05,HCP01574,Immunology,Digital Therapeutic,3.0,4.0,4.3,2.5
R011337,P0075,2026-04-05,HCP01839,Neurology,Injectable,2.7,4.7,4.6,1.0
R011338,P0085,2026-01-07,HCP01970,Respiratory,Injectable,2.8,3.9,4.5,3.3
R011339,P0050,2025-06-27,HCP01764,Diabetes,Oral Therapy,5.0,4.3,4.4,1.9
R011340,P0029,2025-12-30,HCP00089,Neurology,Digital Therapeutic,4.6,3.0,3.8,2.8
R011341,P0095,2025-12-15,HCP02011,Cardiology,Oral Therapy,4.2,3.8,3.7,2.9
R011342,P0021,2026-06-24,HCP02029,Rare Disease,Combination Therapy,2.9,3.0,4.2,2.1
R011343,P0007,2026-05-05,HCP01000,Diabetes,Oral Therapy,4.1,4.3,4.2,3.3
R011344,P0003,2025-10-01,HCP01477,Respiratory,Oral Therapy,5.0,3.8,5.0,4.3
R011345,P0048,2025-07-08,HCP02056,Oncology,Combination Therapy,4.0,5.0,4.2,2.3
R011346,P0058,2025-07-23,HCP00814,Respiratory,Infusion,2.8,3.8,4.1,2.2
R011347,P0066,2026-02-25,HCP00424,Diabetes,Digital Therapeutic,4.2,2.7,3.6,2.5
R011348,P0023,2025-09-15,HCP01735,Respiratory,Digital Therapeutic,3.6,4.0,3.3,3.0
R011349,P0052,2025-10-18,HCP00808,Oncology,Injectable,3.8,3.5,3.0,1.9
R011350,P0079,2026-06-13,HCP01760,Oncology,Infusion,2.9,4.5,3.3,2.0
R011351,P0035,2026-05-01,HCP01013,Cardiology,Infusion,3.1,3.3,3.8,2.4
R011352,P0066,2025-12-25,HCP01895,Diabetes,Combination Therapy,3.3,4.7,4.6,1.9
R011353,P0033,2026-01-28,HCP00442,Oncology,Combination Therapy,3.0,2.8,4.3,1.9
R011354,P0101,2026-05-19,HCP01032,Cardiology,Oral Therapy,3.6,4.8,3.4,3.0
R011355,P0054,2025-09-19,HCP01360,Neurology,Digital Therapeutic,3.1,2.8,3.6,1.8
R011356,P0097,2025-10-16,HCP01442,Cardiology,Combination Therapy,5.0,3.2,3.9,2.7
R011357,P0041,2026-03-21,HCP02100,Respiratory,Infusion,4.1,4.3,3.8,1.6
R011358,P0044,2025-08-07,HCP01191,Immunology,Infusion,4.3,5.0,3.4,2.6
R011359,P0091,2025-08-20,HCP02491,Rare Disease,Digital Therapeutic,3.6,3.9,2.4,1.8
R011360,P0036,2025-11-15,HCP00910,Respiratory,Injectable,2.0,2.8,3.3,2.4
R011361,P0087,2026-03-25,HCP02076,Oncology,Injectable,4.4,2.2,3.3,3.7
R011362,P0010,2025-03-29,HCP00324,Diabetes,Digital Therapeutic,3.6,4.5,4.7,1.8
R011363,P0101,2026-05-20,HCP01188,Cardiology,Combination Therapy,4.1,5.0,4.9,1.7
R011364,P0091,2025-04-07,HCP02298,Rare Disease,Digital Therapeutic,3.6,4.6,2.8,2.7
R011365,P0068,2025-08-22,HCP02335,Immunology,Digital Therapeutic,1.8,3.9,4.5,2.2
R011366,P0060,2025-07-27,HCP00319,Cardiology,Oral Therapy,3.3,3.3,4.8,5.0
R011367,P0045,2026-01-14,HCP00833,Neurology,Oral Therapy,3.0,4.2,3.5,1.1
R011368,P0041,2026-05-20,HCP01622,Respiratory,Combination Therapy,3.9,4.0,2.9,2.5
R011369,P0038,2025-10-21,HCP00124,Diabetes,Digital Therapeutic,4.1,5.0,5.0,4.8
R011370,P0085,2025-10-27,HCP01000,Respiratory,Oral Therapy,5.0,4.2,3.9,2.8
R011371,P0025,2025-09-23,HCP02306,Respiratory,Injectable,4.1,4.4,4.8,2.8
R011372,P0033,2026-04-21,HCP02054,Oncology,Injectable,3.2,3.7,4.1,1.1
R011373,P0047,2025-08-22,HCP01223,Respiratory,Digital Therapeutic,3.3,3.1,5.0,2.2
R011374,P0058,2025-09-25,HCP01179,Respiratory,Infusion,4.1,3.8,4.3,2.6
R011375,P0033,2026-05-13,HCP00882,Oncology,Oral Therapy,4.4,2.1,3.8,1.0
R011376,P0053,2025-06-10,HCP00467,Respiratory,Digital Therapeutic,2.6,3.8,3.7,3.3
R011377,P0097,2025-10-20,HCP01729,Cardiology,Oral Therapy,3.5,4.0,3.6,1.6
R011378,P0033,2026-04-08,HCP00377,Oncology,Digital Therapeutic,3.6,3.4,3.9,3.6
R011379,P0021,2026-02-28,HCP01865,Rare Disease,Combination Therapy,2.3,4.0,4.0,1.0
R011380,P0095,2026-02-04,HCP00979,Cardiology,Digital Therapeutic,4.3,4.6,4.2,3.0
R011381,P0033,2026-06-21,HCP01990,Oncology,Combination Therapy,3.9,3.9,3.7,3.3
R011382,P0085,2026-03-16,HCP01338,Respiratory,Infusion,3.5,3.7,5.0,1.5
R011383,P0115,2025-08-06,HCP02409,Neurology,Injectable,3.9,3.5,5.0,3.2
R011384,P0063,2025-09-22,HCP01574,Rare Disease,Infusion,4.3,3.6,4.2,2.3
R011385,P0066,2026-02-27,HCP02303,Diabetes,Digital Therapeutic,5.0,5.0,5.0,1.5
R011386,P0083,2025-04-17,HCP02123,Immunology,Infusion,4.3,3.2,5.0,1.5
R011387,P0016,2026-07-21,HCP01830,Cardiology,Oral Therapy,2.7,3.4,3.8,2.4
R011388,P0011,2025-02-28,HCP00936,Respiratory,Injectable,5.0,4.5,4.3,2.6
R011389,P0022,2026-05-01,HCP00151,Cardiology,Infusion,2.7,3.3,4.0,3.1
R011390,P0052,2025-12-04,HCP01954,Oncology,Injectable,4.0,4.4,4.9,2.4
R011391,P0101,2026-06-21,HCP01525,Cardiology,Combination Therapy,3.5,3.1,3.4,3.1
R011392,P0073,2026-04-29,HCP00563,Immunology,Combination Therapy,3.6,3.8,3.1,2.7
R011393,P0104,2025-03-16,HCP00157,Cardiology,Digital Therapeutic,4.0,4.4,4.0,2.5
R011394,P0048,2025-06-30,HCP02196,Oncology,Injectable,4.1,2.9,3.5,1.3
R011395,P0097,2025-10-01,HCP01385,Cardiology,Oral Therapy,4.9,4.3,3.5,1.6
R011396,P0086,2026-02-27,HCP00244,Diabetes,Digital Therapeutic,3.1,4.4,3.9,2.6
R011397,P0013,2025-03-07,HCP02167,Respiratory,Combination Therapy,4.0,3.6,3.7,3.0
R011398,P0063,2025-09-24,HCP02010,Rare Disease,Digital Therapeutic,4.2,4.7,3.8,3.6
R011399,P0077,2025-09-29,HCP01135,Neurology,Oral Therapy,5.0,3.7,3.9,3.0
R011400,P0046,2026-01-12,HCP00671,Immunology,Injectable,4.1,3.7,4.2,3.2
R011401,P0093,2025-02-20,HCP00523,Respiratory,Infusion,2.7,4.3,3.6,3.4
R011402,P0050,2025-08-01,HCP01642,Diabetes,Oral Therapy,4.9,4.7,3.6,2.3
R011403,P0086,2025-12-27,HCP00622,Diabetes,Infusion,3.3,1.8,4.6,3.4
R011404,P0086,2025-12-31,HCP01360,Diabetes,Oral Therapy,3.0,2.3,4.8,3.1
R011405,P0027,2026-01-06,HCP00048,Cardiology,Infusion,4.8,2.9,5.0,3.2
R011406,P0008,2025-12-18,HCP01446,Neurology,Infusion,3.8,4.2,4.0,2.7
R011407,P0106,2026-03-12,HCP00945,Respiratory,Digital Therapeutic,3.5,4.0,4.7,3.0
R011408,P0101,2026-05-16,HCP02452,Cardiology,Injectable,5.0,2.5,3.8,2.7
R011409,P0115,2025-08-12,HCP01694,Neurology,Infusion,3.3,5.0,4.3,1.1
R011410,P0007,2026-05-05,HCP01497,Diabetes,Injectable,3.3,4.2,4.1,3.8
R011411,P0084,2026-03-27,HCP01114,Immunology,Infusion,4.1,3.6,5.0,3.4
R011412,P0016,2026-07-25,HCP00538,Cardiology,Combination Therapy,1.8,4.2,3.6,2.7
R011413,P0059,2025-10-11,HCP01824,Cardiology,Oral Therapy,3.8,3.6,3.5,3.2
R011414,P0098,2026-06-12,HCP01027,Cardiology,Infusion,3.8,4.6,4.0,2.0
R011415,P0031,2025-11-25,HCP00398,Rare Disease,Combination Therapy,3.0,4.7,2.8,1.9
R011416,P0045,2026-02-12,HCP00242,Neurology,Injectable,3.7,4.9,4.1,2.2
R011417,P0059,2025-10-13,HCP01419,Cardiology,Infusion,3.9,4.1,2.4,2.4
R011418,P0056,2025-05-10,HCP00839,Immunology,Oral Therapy,3.7,3.9,3.4,2.5
R011419,P0003,2025-06-14,HCP00117,Respiratory,Oral Therapy,4.4,4.5,4.0,1.3
R011420,P0045,2026-01-02,HCP00733,Neurology,Infusion,3.9,5.0,2.9,1.0
R011421,P0102,2026-01-27,HCP02492,Cardiology,Infusion,3.6,3.6,4.2,1.4
R011422,P0012,2026-03-17,HCP01610,Oncology,Injectable,4.3,4.8,2.6,1.8
R011423,P0042,2025-10-24,HCP00301,Rare Disease,Infusion,3.9,3.4,4.0,3.6
R011424,P0074,2025-12-28,HCP02285,Immunology,Oral Therapy,5.0,3.3,4.5,1.0
R011425,P0047,2025-06-25,HCP02465,Respiratory,Infusion,4.6,4.1,4.8,3.1
R011426,P0083,2025-05-05,HCP00704,Immunology,Combination Therapy,3.2,3.3,5.0,1.6
R011427,P0033,2026-03-07,HCP01198,Oncology,Digital Therapeutic,2.2,2.5,3.4,2.1
R011428,P0023,2025-07-03,HCP02119,Respiratory,Infusion,3.1,3.7,3.7,2.7
R011429,P0111,2026-01-12,HCP01217,Immunology,Combination Therapy,2.0,5.0,3.6,2.6
R011430,P0091,2025-04-24,HCP02191,Rare Disease,Combination Therapy,4.3,2.5,4.6,3.1
R011431,P0036,2025-10-10,HCP01374,Respiratory,Oral Therapy,3.5,4.4,4.1,1.0
R011432,P0012,2026-03-12,HCP01582,Oncology,Digital Therapeutic,3.0,3.6,4.0,4.3
R011433,P0053,2025-05-08,HCP02036,Respiratory,Digital Therapeutic,4.2,3.3,4.0,3.3
R011434,P0093,2025-01-31,HCP01748,Respiratory,Oral Therapy,3.4,3.2,4.4,1.9
R011435,P0074,2025-10-22,HCP00081,Immunology,Infusion,4.0,3.9,3.4,3.2
R011436,P0085,2025-10-15,HCP01996,Respiratory,Digital Therapeutic,3.5,3.6,4.5,3.7
R011437,P0064,2025-11-29,HCP00203,Cardiology,Digital Therapeutic,3.8,4.2,4.2,5.0
R011438,P0110,2026-08-02,HCP00931,Rare Disease,Oral Therapy,4.8,5.0,4.7,3.3
R011439,P0015,2025-09-04,HCP00053,Oncology,Injectable,4.5,4.0,3.8,2.3
R011440,P0098,2026-04-15,HCP02467,Cardiology,Oral Therapy,4.9,3.4,4.0,2.3
R011441,P0117,2025-10-27,HCP01553,Immunology,Infusion,4.0,4.1,4.7,1.5
R011442,P0102,2025-12-12,HCP00955,Cardiology,Oral Therapy,2.2,3.4,3.3,3.6
R011443,P0034,2025-03-25,HCP02115,Respiratory,Digital Therapeutic,3.1,3.5,4.8,3.0
R011444,P0115,2025-07-21,HCP00213,Neurology,Combination Therapy,2.3,3.3,3.8,3.0
R011445,P0116,2026-03-24,HCP00580,Rare Disease,Digital Therapeutic,4.5,4.5,4.5,2.8
R011446,P0102,2026-02-22,HCP01833,Cardiology,Infusion,3.7,4.4,4.5,1.0
R011447,P0039,2026-08-15,HCP02299,Respiratory,Digital Therapeutic,4.8,3.7,3.9,1.6
R011448,P0096,2026-03-11,HCP00838,Neurology,Digital Therapeutic,4.6,2.8,4.0,1.0
R011449,P0103,2026-02-05,HCP01707,Respiratory,Digital Therapeutic,3.6,3.2,3.1,2.9
R011450,P0024,2026-06-30,HCP00070,Diabetes,Digital Therapeutic,5.0,3.8,2.8,1.9
R011451,P0032,2026-06-01,HCP00582,Rare Disease,Combination Therapy,4.5,4.6,4.1,2.4
R011452,P0091,2025-06-14,HCP00448,Rare Disease,Oral Therapy,3.8,1.7,4.8,2.3
R011453,P0098,2026-06-18,HCP01248,Cardiology,Infusion,4.1,4.0,3.9,4.2
R011454,P0076,2025-06-28,HCP00924,Cardiology,Digital Therapeutic,4.9,4.3,2.6,2.0
R011455,P0065,2025-05-18,HCP00234,Immunology,Combination Therapy,4.1,4.3,3.7,2.1
R011456,P0116,2026-03-09,HCP00532,Rare Disease,Oral Therapy,3.1,4.3,3.7,1.6
R011457,P0041,2026-05-07,HCP00224,Respiratory,Injectable,2.7,4.5,3.8,1.6
R011458,P0087,2026-04-10,HCP00341,Oncology,Oral Therapy,3.5,3.6,3.3,2.2
R011459,P0115,2025-04-15,HCP01654,Neurology,Injectable,3.1,4.3,3.5,2.1
R011460,P0032,2026-07-01,HCP00407,Rare Disease,Injectable,3.9,2.5,3.0,2.7
R011461,P0009,2026-05-11,HCP00151,Immunology,Injectable,3.3,3.5,5.0,1.0
R011462,P0020,2026-04-11,HCP01567,Cardiology,Oral Therapy,3.4,4.0,5.0,1.4
R011463,P0081,2025-10-06,HCP01865,Oncology,Infusion,4.7,3.5,3.4,2.8
R011464,P0034,2025-04-16,HCP00321,Respiratory,Digital Therapeutic,5.0,3.1,4.0,1.3
R011465,P0086,2026-02-15,HCP00917,Diabetes,Injectable,3.0,3.4,3.6,2.4
R011466,P0058,2025-08-29,HCP01959,Respiratory,Digital Therapeutic,3.4,4.3,3.9,2.7
R011467,P0104,2025-03-13,HCP00380,Cardiology,Injectable,3.5,3.7,4.3,2.3
R011468,P0079,2026-06-10,HCP02105,Oncology,Digital Therapeutic,4.0,3.8,4.1,2.2
R011469,P0072,2026-05-21,HCP01527,Immunology,Infusion,4.0,4.1,4.6,2.6
R011470,P0026,2026-04-06,HCP01809,Diabetes,Combination Therapy,3.3,4.0,3.7,1.7
R011471,P0040,2026-06-05,HCP02085,Neurology,Digital Therapeutic,4.1,4.8,4.0,4.2
R011472,P0028,2026-05-24,HCP00613,Oncology,Injectable,3.3,4.6,2.4,1.8
R011473,P0008,2025-10-23,HCP00590,Neurology,Infusion,3.4,4.1,4.1,3.4
R011474,P0037,2025-07-22,HCP01442,Neurology,Infusion,2.9,3.6,2.6,3.2
R011475,P0114,2026-06-24,HCP01967,Cardiology,Oral Therapy,4.6,4.8,3.2,1.0
R011476,P0097,2025-09-26,HCP00153,Cardiology,Injectable,4.5,5.0,4.8,1.4
R011477,P0029,2026-01-24,HCP01523,Neurology,Injectable,4.0,2.7,4.8,2.8
R011478,P0044,2025-08-05,HCP02357,Immunology,Oral Therapy,4.3,3.8,3.3,4.5
R011479,P0087,2026-02-21,HCP01541,Oncology,Injectable,4.6,3.7,5.0,3.2
R011480,P0010,2025-03-23,HCP00019,Diabetes,Combination Therapy,4.3,3.1,4.5,3.7
R011481,P0087,2026-03-07,HCP00410,Oncology,Combination Therapy,4.3,3.5,4.3,2.3
R011482,P0066,2026-03-20,HCP00554,Diabetes,Infusion,3.3,3.5,3.2,3.9
R011483,P0086,2026-01-16,HCP00948,Diabetes,Digital Therapeutic,2.4,4.6,5.0,3.6
R011484,P0001,2026-06-02,HCP00208,Respiratory,Digital Therapeutic,3.0,2.8,4.5,1.0
R011485,P0113,2026-07-06,HCP01982,Neurology,Digital Therapeutic,5.0,4.0,3.5,2.1
R011486,P0081,2025-09-25,HCP02487,Oncology,Injectable,3.5,3.3,2.5,1.9
R011487,P0021,2026-04-18,HCP00949,Rare Disease,Infusion,5.0,4.7,3.2,1.5
R011488,P0102,2026-02-13,HCP00102,Cardiology,Combination Therapy,4.2,3.9,4.1,2.7
R011489,P0004,2025-04-18,HCP01638,Diabetes,Oral Therapy,3.7,4.5,3.9,3.9
R011490,P0020,2026-05-20,HCP00005,Cardiology,Infusion,2.9,3.9,5.0,2.3
R011491,P0095,2025-12-16,HCP00876,Cardiology,Oral Therapy,3.1,2.7,3.3,1.9
R011492,P0102,2026-02-19,HCP00252,Cardiology,Oral Therapy,3.6,3.4,4.2,2.7
R011493,P0012,2026-05-22,HCP01585,Oncology,Digital Therapeutic,3.6,5.0,4.7,2.9
R011494,P0082,2026-04-12,HCP02204,Neurology,Injectable,4.2,4.2,3.1,2.8
R011495,P0098,2026-07-08,HCP00950,Cardiology,Infusion,3.1,5.0,4.4,1.3
R011496,P0012,2026-06-13,HCP01002,Oncology,Infusion,3.2,4.9,4.0,3.6
R011497,P0009,2026-05-15,HCP01290,Immunology,Infusion,4.4,3.4,3.6,1.1
R011498,P0028,2026-03-30,HCP02362,Oncology,Injectable,5.0,2.9,2.6,1.5
R011499,P0027,2025-11-15,HCP01697,Cardiology,Infusion,3.8,4.6,4.3,3.2
R011500,P0028,2026-03-07,HCP02399,Oncology,Oral Therapy,4.1,4.5,3.6,3.7
R011501,P0096,2026-01-25,HCP00766,Neurology,Injectable,3.6,3.8,3.8,2.1
R011502,P0025,2025-09-20,HCP01816,Respiratory,Injectable,3.6,2.8,4.9,1.9
R011503,P0064,2025-08-01,HCP02357,Cardiology,Infusion,3.5,3.4,4.0,1.9
R011504,P0041,2026-04-29,HCP00423,Respiratory,Oral Therapy,3.4,3.9,4.2,1.5
R011505,P0039,2026-08-01,HCP01070,Respiratory,Combination Therapy,4.2,4.3,5.0,2.0
R011506,P0109,2025-11-05,HCP02428,Diabetes,Injectable,4.2,3.1,4.1,1.7
R011507,P0039,2026-06-21,HCP01301,Respiratory,Combination Therapy,3.5,4.5,3.5,1.7
R011508,P0027,2025-12-24,HCP01096,Cardiology,Digital Therapeutic,3.2,4.4,4.8,2.2
R011509,P0028,2026-02-23,HCP01548,Oncology,Injectable,3.3,4.4,4.0,2.6
R011510,P0112,2025-03-15,HCP01162,Respiratory,Infusion,4.3,4.2,3.7,3.2
R011511,P0101,2026-06-12,HCP01230,Cardiology,Injectable,3.0,2.3,3.4,2.4
R011512,P0066,2026-02-20,HCP01593,Diabetes,Injectable,2.8,4.0,3.8,2.5
R011513,P0067,2025-08-08,HCP00459,Immunology,Combination Therapy,3.9,3.5,4.6,2.2
R011514,P0063,2025-08-29,HCP01791,Rare Disease,Combination Therapy,3.6,4.2,3.6,1.7
R011515,P0071,2025-12-27,HCP02037,Immunology,Infusion,3.6,2.7,4.1,2.4
R011516,P0081,2025-12-25,HCP02407,Oncology,Oral Therapy,4.4,2.4,3.5,3.0
R011517,P0008,2025-12-26,HCP01896,Neurology,Infusion,3.7,4.2,4.9,2.9
R011518,P0097,2025-09-20,HCP02428,Cardiology,Digital Therapeutic,3.1,3.2,3.1,1.9
R011519,P0091,2025-09-06,HCP01296,Rare Disease,Infusion,3.8,2.3,3.4,2.4
R011520,P0115,2025-06-16,HCP01035,Neurology,Digital Therapeutic,3.1,3.1,3.6,3.2
R011521,P0052,2025-10-18,HCP01740,Oncology,Oral Therapy,4.5,3.7,3.1,2.8
R011522,P0001,2026-07-13,HCP00356,Respiratory,Infusion,3.7,4.6,4.3,1.9
R011523,P0045,2026-01-25,HCP01071,Neurology,Infusion,2.8,3.8,4.4,1.3
R011524,P0048,2025-05-26,HCP02289,Oncology,Injectable,3.8,3.4,4.4,1.0
R011525,P0074,2025-09-21,HCP00043,Immunology,Combination Therapy,3.0,3.6,4.4,3.7
R011526,P0022,2026-05-30,HCP00298,Cardiology,Infusion,4.6,4.3,3.0,4.6
R011527,P0010,2025-04-06,HCP01640,Diabetes,Injectable,3.6,4.2,4.2,3.2
R011528,P0019,2026-04-22,HCP01382,Respiratory,Infusion,4.2,4.3,4.9,1.7
R011529,P0083,2025-05-12,HCP01916,Immunology,Digital Therapeutic,3.2,5.0,3.8,2.2
R011530,P0018,2025-05-20,HCP00416,Immunology,Oral Therapy,3.5,3.8,4.7,1.9
R011531,P0077,2025-12-10,HCP01073,Neurology,Combination Therapy,4.1,4.3,3.9,2.2
R011532,P0086,2025-10-31,HCP00896,Diabetes,Injectable,3.6,2.3,3.9,2.8
R011533,P0069,2026-04-07,HCP02372,Immunology,Oral Therapy,2.9,3.9,3.2,2.9
R011534,P0007,2026-08-21,HCP01325,Diabetes,Infusion,4.3,2.9,3.7,1.6
R011535,P0014,2025-03-17,HCP00307,Cardiology,Combination Therapy,3.9,3.4,4.8,2.8
R011536,P0101,2026-05-13,HCP01763,Cardiology,Injectable,2.8,3.5,3.6,1.0
R011537,P0075,2026-02-27,HCP01539,Neurology,Infusion,3.4,3.8,5.0,3.8
R011538,P0091,2025-06-25,HCP02439,Rare Disease,Oral Therapy,3.0,3.4,3.9,1.3
R011539,P0113,2026-07-22,HCP01006,Neurology,Infusion,3.3,3.5,4.9,2.6
R011540,P0050,2025-06-29,HCP02297,Diabetes,Injectable,3.3,4.3,4.0,3.0
R011541,P0108,2025-05-21,HCP00799,Diabetes,Oral Therapy,3.5,3.9,2.5,2.7
R011542,P0052,2025-09-08,HCP01302,Oncology,Infusion,2.5,3.8,3.5,3.0
R011543,P0109,2025-10-19,HCP00813,Diabetes,Infusion,3.3,3.8,3.5,3.7
R011544,P0082,2025-12-18,HCP00782,Neurology,Digital Therapeutic,4.5,3.6,3.6,1.9
R011545,P0027,2025-12-26,HCP01458,Cardiology,Combination Therapy,5.0,4.5,3.2,2.7
R011546,P0002,2025-09-15,HCP01343,Cardiology,Digital Therapeutic,2.7,3.7,3.4,1.9
R011547,P0110,2026-06-30,HCP02255,Rare Disease,Combination Therapy,4.6,5.0,4.4,3.5
R011548,P0047,2025-07-02,HCP00917,Respiratory,Infusion,5.0,4.1,5.0,2.4
R011549,P0104,2025-03-30,HCP01513,Cardiology,Combination Therapy,3.5,4.3,4.1,2.4
R011550,P0022,2026-05-22,HCP01149,Cardiology,Oral Therapy,4.1,3.6,3.8,2.3
R011551,P0056,2025-06-23,HCP02176,Immunology,Digital Therapeutic,4.6,4.2,2.4,2.8
R011552,P0022,2026-07-29,HCP02286,Cardiology,Injectable,3.3,4.5,5.0,2.4
R011553,P0015,2025-08-07,HCP00738,Oncology,Combination Therapy,4.5,3.9,4.7,2.4
R011554,P0067,2025-05-26,HCP01286,Immunology,Digital Therapeutic,3.5,3.5,3.7,2.1
R011555,P0054,2025-10-12,HCP00909,Neurology,Oral Therapy,4.5,4.6,4.2,2.3
R011556,P0030,2026-03-18,HCP00105,Cardiology,Injectable,5.0,5.0,3.7,2.6
R011557,P0041,2026-07-13,HCP02197,Respiratory,Oral Therapy,4.8,2.8,3.2,3.4
R011558,P0046,2026-04-02,HCP01711,Immunology,Digital Therapeutic,3.4,3.5,3.7,2.8
R011559,P0027,2025-11-21,HCP02354,Cardiology,Injectable,4.2,3.8,4.6,2.1
R011560,P0087,2026-02-19,HCP00703,Oncology,Digital Therapeutic,3.3,3.5,4.2,2.1
R011561,P0036,2025-11-06,HCP00842,Respiratory,Oral Therapy,2.7,3.8,3.9,3.9
R011562,P0075,2026-04-10,HCP00535,Neurology,Infusion,3.5,3.1,4.4,1.1
R011563,P0089,2025-04-07,HCP00882,Neurology,Injectable,4.4,4.5,3.8,1.3
R011564,P0040,2026-07-29,HCP01917,Neurology,Injectable,3.5,3.8,4.8,1.8
R011565,P0008,2026-01-15,HCP02119,Neurology,Infusion,4.9,4.0,3.3,3.1
R011566,P0006,2025-07-31,HCP00414,Cardiology,Oral Therapy,3.8,3.6,3.8,1.7
R011567,P0071,2025-12-31,HCP00109,Immunology,Injectable,2.8,3.3,4.5,1.7
R011568,P0004,2025-04-22,HCP01524,Diabetes,Digital Therapeutic,3.5,3.3,4.5,3.4
R011569,P0015,2025-08-13,HCP00369,Oncology,Injectable,3.2,4.9,3.6,1.2
R011570,P0059,2025-11-18,HCP02043,Cardiology,Injectable,4.8,3.1,3.4,3.1
R011571,P0035,2026-07-06,HCP00258,Cardiology,Infusion,4.1,3.5,4.3,3.6
R011572,P0051,2025-12-05,HCP00752,Rare Disease,Injectable,3.6,2.5,4.9,3.2
R011573,P0085,2025-10-16,HCP00823,Respiratory,Combination Therapy,4.3,4.1,4.6,2.7
R011574,P0096,2026-04-06,HCP01181,Neurology,Oral Therapy,3.0,4.4,3.2,3.1
R011575,P0047,2025-06-19,HCP02143,Respiratory,Infusion,2.7,2.6,3.6,4.9
R011576,P0010,2025-03-09,HCP01445,Diabetes,Digital Therapeutic,2.6,3.3,3.3,2.5
R011577,P0024,2026-08-14,HCP00717,Diabetes,Injectable,2.1,3.2,4.9,2.5
R011578,P0102,2025-11-27,HCP01603,Cardiology,Combination Therapy,2.8,3.6,4.0,4.4
R011579,P0002,2025-11-23,HCP01283,Cardiology,Combination Therapy,4.2,4.2,3.8,2.0
R011580,P0026,2026-06-04,HCP02430,Diabetes,Infusion,4.3,3.8,4.2,2.3
R011581,P0117,2025-09-19,HCP02397,Immunology,Digital Therapeutic,3.0,3.8,4.3,4.1
R011582,P0043,2026-04-10,HCP02223,Immunology,Injectable,2.0,2.8,3.7,3.4
R011583,P0005,2025-01-16,HCP00425,Immunology,Combination Therapy,3.4,3.8,4.2,1.4
R011584,P0104,2025-05-30,HCP00523,Cardiology,Infusion,4.1,4.5,4.1,2.6
R011585,P0089,2025-04-18,HCP00464,Neurology,Digital Therapeutic,4.4,3.9,5.0,3.2
R011586,P0101,2026-06-01,HCP01365,Cardiology,Injectable,3.9,2.4,4.0,2.4
R011587,P0082,2026-05-29,HCP02035,Neurology,Infusion,2.8,4.7,4.3,2.4
R011588,P0062,2025-07-14,HCP00395,Immunology,Injectable,4.3,4.7,3.6,1.3
R011589,P0086,2025-10-05,HCP02429,Diabetes,Injectable,4.0,4.2,3.6,3.1
R011590,P0010,2025-04-02,HCP00151,Diabetes,Combination Therapy,4.3,4.5,4.3,4.4
R011591,P0013,2025-03-16,HCP01300,Respiratory,Injectable,2.9,4.1,3.4,2.9
R011592,P0071,2026-01-20,HCP00921,Immunology,Combination Therapy,4.1,4.3,4.2,3.4
R011593,P0057,2025-08-16,HCP02287,Immunology,Oral Therapy,4.4,3.4,3.8,1.7
R011594,P0092,2026-04-07,HCP00800,Cardiology,Digital Therapeutic,2.6,4.4,4.4,1.5
R011595,P0113,2026-08-05,HCP00465,Neurology,Combination Therapy,3.2,2.2,2.7,1.8
R011596,P0032,2026-07-26,HCP01427,Rare Disease,Oral Therapy,2.4,3.7,4.9,2.8
R011597,P0040,2026-07-24,HCP00132,Neurology,Oral Therapy,3.0,4.4,2.9,2.6
R011598,P0022,2026-05-14,HCP01604,Cardiology,Injectable,3.6,4.8,5.0,1.0
R011599,P0097,2025-09-19,HCP00368,Cardiology,Injectable,2.5,4.1,4.0,2.2
R011600,P0060,2025-08-16,HCP00964,Cardiology,Oral Therapy,4.6,4.6,4.3,2.5
R011601,P0042,2025-09-17,HCP01464,Rare Disease,Infusion,4.7,3.8,4.0,2.8
R011602,P0090,2025-07-25,HCP02169,Neurology,Infusion,3.6,4.2,4.1,2.6
R011603,P0056,2025-07-04,HCP01729,Immunology,Combination Therapy,3.1,4.3,3.4,3.3
R011604,P0061,2026-05-04,HCP02105,Immunology,Injectable,3.7,2.1,4.4,1.3
R011605,P0100,2025-03-29,HCP02026,Neurology,Digital Therapeutic,4.9,4.3,4.3,4.2
R011606,P0029,2026-01-15,HCP01803,Neurology,Infusion,4.2,3.9,4.3,1.0
R011607,P0079,2026-06-16,HCP00834,Oncology,Digital Therapeutic,2.2,4.0,5.0,3.5
R011608,P0105,2026-02-16,HCP00877,Neurology,Combination Therapy,1.8,4.4,3.1,3.7
R011609,P0106,2026-01-27,HCP02173,Respiratory,Infusion,2.9,3.4,4.1,1.6
R011610,P0105,2025-12-31,HCP00606,Neurology,Combination Therapy,3.7,3.8,3.0,4.2
R011611,P0026,2026-04-29,HCP02158,Diabetes,Infusion,2.3,3.8,4.8,2.4
R011612,P0079,2026-06-27,HCP00291,Oncology,Injectable,3.5,4.1,4.5,2.3
R011613,P0069,2026-03-30,HCP02070,Immunology,Combination Therapy,2.3,2.3,3.8,3.3
R011614,P0009,2026-04-22,HCP00627,Immunology,Digital Therapeutic,3.7,4.3,4.6,2.6
R011615,P0065,2025-07-19,HCP01813,Immunology,Infusion,3.9,4.3,4.3,2.1
R011616,P0028,2026-04-20,HCP02398,Oncology,Combination Therapy,5.0,2.9,3.0,2.2
R011617,P0063,2025-08-24,HCP02297,Rare Disease,Digital Therapeutic,3.6,3.3,4.4,2.7
R011618,P0075,2026-04-20,HCP01045,Neurology,Combination Therapy,3.4,4.6,3.4,2.0
R011619,P0084,2026-03-18,HCP00365,Immunology,Oral Therapy,4.8,3.1,4.1,3.0
R011620,P0094,2025-05-19,HCP01040,Cardiology,Digital Therapeutic,4.3,4.8,4.6,2.1
R011621,P0071,2026-02-06,HCP01512,Immunology,Infusion,3.7,3.1,4.0,2.1
R011622,P0057,2025-09-11,HCP01177,Immunology,Oral Therapy,3.4,4.5,4.0,2.1
R011623,P0117,2025-09-25,HCP01912,Immunology,Injectable,5.0,3.1,4.9,1.0
R011624,P0037,2025-10-12,HCP01620,Neurology,Digital Therapeutic,3.1,4.4,4.1,2.2
R011625,P0036,2025-10-15,HCP00077,Respiratory,Oral Therapy,2.4,4.0,3.8,2.9
R011626,P0107,2025-12-13,HCP02301,Diabetes,Infusion,3.5,4.0,3.0,4.0
R011627,P0116,2026-05-27,HCP00679,Rare Disease,Digital Therapeutic,3.4,3.1,4.0,3.9
R011628,P0046,2026-03-07,HCP00286,Immunology,Injectable,4.7,3.8,4.5,2.5
R011629,P0104,2025-04-02,HCP00608,Cardiology,Combination Therapy,3.8,3.3,5.0,2.5
R011630,P0110,2026-07-02,HCP02051,Rare Disease,Combination Therapy,4.5,3.2,3.0,1.9
R011631,P0103,2026-03-17,HCP01976,Respiratory,Digital Therapeutic,1.5,4.7,4.3,3.2
R011632,P0064,2025-10-18,HCP01123,Cardiology,Digital Therapeutic,3.4,5.0,4.4,1.4
R011633,P0092,2026-02-07,HCP01280,Cardiology,Injectable,5.0,3.3,3.7,1.7
R011634,P0074,2026-02-22,HCP00687,Immunology,Combination Therapy,2.8,4.1,5.0,1.1
R011635,P0005,2025-01-19,HCP02462,Immunology,Infusion,3.5,4.5,3.5,2.4
R011636,P0015,2025-08-19,HCP01360,Oncology,Oral Therapy,4.4,3.4,5.0,2.7
R011637,P0113,2026-07-15,HCP00299,Neurology,Injectable,3.3,3.2,4.1,1.5
R011638,P0033,2026-02-26,HCP01351,Oncology,Digital Therapeutic,4.4,3.8,4.5,1.6
R011639,P0021,2026-03-02,HCP00174,Rare Disease,Infusion,3.2,3.8,3.7,3.0
R011640,P0117,2025-11-02,HCP00334,Immunology,Infusion,3.7,2.0,3.0,2.3
R011641,P0041,2026-06-24,HCP00543,Respiratory,Digital Therapeutic,4.3,4.0,3.9,1.7
R011642,P0087,2026-02-20,HCP00243,Oncology,Injectable,2.8,4.4,4.4,1.9
R011643,P0095,2025-12-30,HCP02143,Cardiology,Injectable,3.0,4.1,3.6,3.1
R011644,P0058,2025-09-07,HCP01568,Respiratory,Combination Therapy,4.5,3.6,3.8,3.0
R011645,P0077,2025-12-26,HCP01256,Neurology,Infusion,3.0,2.8,4.1,2.4
R011646,P0063,2025-09-23,HCP01839,Rare Disease,Digital Therapeutic,3.8,4.1,3.0,1.5
R011647,P0055,2025-11-21,HCP01532,Diabetes,Digital Therapeutic,4.5,3.3,3.8,1.4
R011648,P0011,2025-05-18,HCP01538,Respiratory,Infusion,3.8,3.6,4.1,1.0
R011649,P0013,2025-03-04,HCP01411,Respiratory,Infusion,3.9,3.8,3.7,1.7
R011650,P0094,2025-05-17,HCP00883,Cardiology,Combination Therapy,5.0,4.4,4.8,3.1
R011651,P0103,2026-02-17,HCP00001,Respiratory,Infusion,5.0,4.5,4.1,1.8
R011652,P0009,2026-05-15,HCP01390,Immunology,Digital Therapeutic,3.8,3.9,2.6,1.6
R011653,P0038,2025-10-20,HCP01950,Diabetes,Injectable,3.3,3.8,3.7,1.7
R011654,P0047,2025-07-17,HCP02266,Respiratory,Infusion,4.4,4.3,3.5,2.1
R011655,P0005,2025-01-30,HCP00595,Immunology,Infusion,3.0,3.2,3.4,3.4
R011656,P0050,2025-03-26,HCP02310,Diabetes,Oral Therapy,4.8,3.3,5.0,1.7
R011657,P0115,2025-04-03,HCP00126,Neurology,Combination Therapy,3.2,4.8,4.4,2.0
R011658,P0073,2026-07-26,HCP00581,Immunology,Digital Therapeutic,3.3,4.8,3.8,1.4
R011659,P0110,2026-06-19,HCP02118,Rare Disease,Oral Therapy,2.8,2.6,3.7,3.3
R011660,P0050,2025-07-10,HCP00238,Diabetes,Infusion,3.0,3.5,3.8,2.5
R011661,P0091,2025-06-19,HCP01190,Rare Disease,Combination Therapy,4.7,4.4,3.6,1.2
R011662,P0116,2026-06-29,HCP01634,Rare Disease,Infusion,4.0,4.1,3.5,1.5
R011663,P0065,2025-05-11,HCP00107,Immunology,Injectable,3.7,3.7,4.3,2.9
R011664,P0096,2026-02-14,HCP00436,Neurology,Oral Therapy,5.0,3.0,2.7,3.5
R011665,P0024,2026-07-02,HCP00961,Diabetes,Infusion,3.8,3.4,4.3,1.9
R011666,P0116,2026-03-14,HCP02003,Rare Disease,Combination Therapy,3.7,3.2,3.0,3.1
R011667,P0119,2025-08-30,HCP01902,Neurology,Injectable,2.8,4.8,4.3,2.8
R011668,P0063,2025-08-18,HCP00703,Rare Disease,Combination Therapy,3.0,3.3,4.7,4.2
R011669,P0013,2025-03-02,HCP00999,Respiratory,Infusion,2.9,3.9,3.3,1.6
R011670,P0037,2025-08-05,HCP00377,Neurology,Digital Therapeutic,3.1,4.1,3.5,4.1
R011671,P0037,2025-08-18,HCP01116,Neurology,Combination Therapy,3.3,3.7,4.6,3.2
R011672,P0118,2025-12-12,HCP02041,Immunology,Digital Therapeutic,3.5,3.8,3.8,1.7
R011673,P0008,2026-01-06,HCP00226,Neurology,Digital Therapeutic,4.3,2.9,3.5,3.1
R011674,P0010,2025-03-17,HCP00522,Diabetes,Oral Therapy,3.7,3.5,3.5,1.8
R011675,P0101,2026-06-06,HCP00739,Cardiology,Digital Therapeutic,5.0,3.6,5.0,2.7
R011676,P0112,2025-03-25,HCP00023,Respiratory,Infusion,4.2,3.4,3.7,3.0
R011677,P0031,2025-11-30,HCP02267,Rare Disease,Injectable,3.1,4.8,4.3,1.9
R011678,P0012,2026-04-08,HCP02055,Oncology,Digital Therapeutic,4.1,5.0,4.4,4.1
R011679,P0114,2026-08-05,HCP00821,Cardiology,Combination Therapy,3.8,4.5,5.0,2.5
R011680,P0097,2025-10-01,HCP00235,Cardiology,Digital Therapeutic,4.9,4.9,5.0,2.5
R011681,P0088,2025-12-06,HCP01253,Respiratory,Combination Therapy,4.4,3.4,2.8,3.2
R011682,P0094,2025-05-09,HCP01050,Cardiology,Infusion,3.8,3.7,4.9,3.2
R011683,P0114,2026-06-03,HCP00359,Cardiology,Combination Therapy,5.0,3.2,4.1,3.3
R011684,P0080,2026-05-30,HCP00990,Neurology,Injectable,4.2,3.9,3.3,3.1
R011685,P0013,2025-04-08,HCP02294,Respiratory,Oral Therapy,4.2,3.2,4.6,4.4
R011686,P0094,2025-06-03,HCP00358,Cardiology,Digital Therapeutic,5.0,3.1,3.4,2.7
R011687,P0011,2025-03-19,HCP02191,Respiratory,Injectable,4.4,1.9,4.8,2.7
R011688,P0011,2025-04-24,HCP00088,Respiratory,Oral Therapy,3.9,4.1,3.8,3.7
R011689,P0059,2025-11-22,HCP01118,Cardiology,Infusion,3.6,4.6,4.7,2.5
R011690,P0045,2026-01-16,HCP00212,Neurology,Oral Therapy,2.0,4.5,4.5,1.5
R011691,P0069,2026-04-04,HCP01735,Immunology,Infusion,2.1,4.3,3.2,2.1
R011692,P0041,2026-04-04,HCP01069,Respiratory,Infusion,3.6,4.4,3.1,2.1
R011693,P0102,2025-12-02,HCP01525,Cardiology,Injectable,3.2,3.6,4.1,4.0
R011694,P0118,2025-11-29,HCP02393,Immunology,Infusion,3.7,2.7,3.7,1.8
R011695,P0116,2026-04-14,HCP02194,Rare Disease,Infusion,4.6,3.0,4.4,1.4
R011696,P0057,2025-09-01,HCP01813,Immunology,Injectable,3.0,3.6,3.8,3.3
R011697,P0064,2025-12-10,HCP00875,Cardiology,Oral Therapy,2.4,2.3,3.4,4.3
R011698,P0006,2025-08-05,HCP01787,Cardiology,Digital Therapeutic,2.6,4.2,4.2,1.2
R011699,P0106,2026-03-09,HCP01353,Respiratory,Oral Therapy,2.9,4.1,2.7,4.4
R011700,P0032,2026-04-06,HCP01675,Rare Disease,Combination Therapy,2.7,4.2,3.1,1.6
R011701,P0030,2025-12-06,HCP01727,Cardiology,Combination Therapy,3.7,4.4,3.3,1.0
R011702,P0102,2026-02-06,HCP01923,Cardiology,Oral Therapy,5.0,2.5,2.4,1.2
R011703,P0118,2025-11-29,HCP01834,Immunology,Injectable,4.2,3.2,4.2,2.6
R011704,P0107,2026-02-23,HCP01324,Diabetes,Infusion,4.3,3.0,3.4,2.1
R011705,P0003,2025-07-29,HCP00484,Respiratory,Infusion,3.9,3.4,4.2,2.4
R011706,P0112,2025-04-16,HCP02465,Respiratory,Combination Therapy,2.6,3.3,4.5,2.0
R011707,P0051,2025-12-18,HCP00182,Rare Disease,Oral Therapy,5.0,2.3,4.8,1.3
R011708,P0018,2025-04-27,HCP01520,Immunology,Combination Therapy,3.4,4.3,4.5,3.1
R011709,P0019,2026-03-27,HCP00566,Respiratory,Digital Therapeutic,4.4,4.7,3.0,2.0
R011710,P0083,2025-05-01,HCP01578,Immunology,Infusion,1.8,3.3,3.4,3.5
R011711,P0097,2025-09-23,HCP01127,Cardiology,Injectable,3.6,3.4,2.9,3.1
R011712,P0049,2025-02-25,HCP00053,Neurology,Digital Therapeutic,3.6,4.4,3.4,2.2
R011713,P0073,2026-09-08,HCP02331,Immunology,Oral Therapy,3.5,3.7,5.0,2.0
R011714,P0089,2025-04-09,HCP01887,Neurology,Oral Therapy,2.5,4.2,4.2,1.0
R011715,P0051,2025-12-25,HCP00838,Rare Disease,Combination Therapy,3.9,3.1,4.6,3.2
R011716,P0099,2026-05-03,HCP00890,Rare Disease,Combination Therapy,4.7,4.2,3.1,2.7
R011717,P0035,2026-08-01,HCP01389,Cardiology,Infusion,5.0,4.1,3.9,2.9
R011718,P0032,2026-03-18,HCP01935,Rare Disease,Combination Therapy,5.0,3.5,4.4,1.7
R011719,P0058,2025-07-24,HCP02475,Respiratory,Injectable,4.8,3.8,3.3,2.5
R011720,P0061,2026-04-27,HCP02119,Immunology,Injectable,5.0,2.3,3.9,1.4
R011721,P0038,2025-10-11,HCP00190,Diabetes,Oral Therapy,5.0,3.6,4.6,1.6
R011722,P0040,2026-05-20,HCP00056,Neurology,Injectable,2.9,3.8,4.7,3.7
R011723,P0037,2025-10-16,HCP00455,Neurology,Injectable,3.9,3.5,4.3,2.2
R011724,P0055,2026-02-08,HCP00962,Diabetes,Oral Therapy,2.6,3.2,4.0,2.4
R011725,P0084,2026-04-05,HCP00114,Immunology,Combination Therapy,4.2,4.8,4.1,1.2
R011726,P0035,2026-07-21,HCP02263,Cardiology,Infusion,3.5,4.7,3.3,1.6
R011727,P0083,2025-05-07,HCP01643,Immunology,Combination Therapy,3.6,3.8,5.0,1.5
R011728,P0041,2026-04-19,HCP00320,Respiratory,Injectable,3.5,4.1,3.2,2.2
R011729,P0023,2025-05-12,HCP02149,Respiratory,Combination Therapy,1.6,2.5,4.8,1.9
R011730,P0033,2026-02-12,HCP01861,Oncology,Infusion,2.1,3.0,2.7,2.2
R011731,P0099,2026-05-16,HCP00767,Rare Disease,Injectable,4.4,3.5,3.8,3.0
R011732,P0036,2025-10-11,HCP00809,Respiratory,Infusion,3.1,3.1,4.2,3.8
R011733,P0078,2026-01-09,HCP01747,Cardiology,Injectable,4.6,4.5,3.5,2.9
R011734,P0070,2026-05-17,HCP01274,Immunology,Combination Therapy,3.6,3.4,3.0,1.6
R011735,P0084,2026-07-04,HCP02392,Immunology,Injectable,2.4,3.0,3.5,1.3
R011736,P0073,2026-08-05,HCP02260,Immunology,Combination Therapy,2.5,5.0,3.8,1.6
R011737,P0120,2026-02-24,HCP02340,Immunology,Digital Therapeutic,3.1,5.0,4.1,2.6
R011738,P0111,2026-01-26,HCP01583,Immunology,Infusion,2.9,4.3,3.9,3.4
R011739,P0039,2026-05-18,HCP01930,Respiratory,Infusion,3.6,2.4,4.1,3.4
R011740,P0047,2025-06-15,HCP01085,Respiratory,Digital Therapeutic,3.9,4.8,4.2,4.4
R011741,P0044,2025-08-28,HCP01888,Immunology,Oral Therapy,4.0,4.8,4.4,2.4
R011742,P0079,2026-06-19,HCP01743,Oncology,Infusion,3.9,2.6,3.7,2.0
R011743,P0059,2025-10-04,HCP01271,Cardiology,Digital Therapeutic,4.5,2.2,4.2,2.4
R011744,P0116,2026-06-16,HCP00558,Rare Disease,Digital Therapeutic,4.6,3.4,3.2,1.0
R011745,P0086,2026-02-04,HCP02411,Diabetes,Combination Therapy,2.9,4.1,3.0,2.5
R011746,P0056,2025-07-19,HCP00031,Immunology,Digital Therapeutic,2.1,4.8,3.7,2.2
R011747,P0039,2026-07-14,HCP00280,Respiratory,Infusion,3.1,2.5,5.0,1.4
R011748,P0094,2025-05-05,HCP01547,Cardiology,Combination Therapy,3.8,5.0,4.0,3.7
R011749,P0100,2025-04-02,HCP00970,Neurology,Oral Therapy,3.3,2.6,4.5,1.8
R011750,P0117,2025-10-16,HCP02153,Immunology,Oral Therapy,4.2,4.4,4.8,2.1
R011751,P0066,2026-01-12,HCP00123,Diabetes,Oral Therapy,2.6,3.8,3.8,1.1
R011752,P0095,2025-12-04,HCP01749,Cardiology,Digital Therapeutic,5.0,4.7,5.0,2.6
R011753,P0106,2026-03-01,HCP00597,Respiratory,Injectable,4.4,4.1,4.3,4.2
R011754,P0010,2025-04-01,HCP01299,Diabetes,Injectable,3.4,3.8,4.7,2.7
R011755,P0018,2025-04-23,HCP01089,Immunology,Oral Therapy,3.1,4.3,4.1,3.5
R011756,P0024,2026-10-04,HCP00359,Diabetes,Digital Therapeutic,3.6,3.2,4.2,1.9
R011757,P0028,2026-04-08,HCP01048,Oncology,Infusion,4.7,3.7,4.9,3.1
R011758,P0036,2025-11-05,HCP00213,Respiratory,Combination Therapy,3.4,2.9,3.7,1.8
R011759,P0001,2026-07-14,HCP02135,Respiratory,Digital Therapeutic,3.2,4.3,4.2,1.5
R011760,P0083,2025-05-06,HCP00700,Immunology,Infusion,3.7,4.6,4.1,2.9
R011761,P0073,2026-04-03,HCP00260,Immunology,Oral Therapy,2.6,4.1,4.1,3.8
R011762,P0081,2025-12-06,HCP02409,Oncology,Combination Therapy,4.6,4.0,4.5,1.7
R011763,P0095,2025-12-18,HCP01534,Cardiology,Injectable,4.2,3.6,4.2,2.8
R011764,P0017,2026-01-12,HCP01155,Immunology,Combination Therapy,4.5,5.0,4.0,1.0
R011765,P0040,2026-07-28,HCP01208,Neurology,Oral Therapy,4.9,3.8,5.0,1.5
R011766,P0054,2025-09-05,HCP02012,Neurology,Digital Therapeutic,3.0,2.7,4.3,4.8
R011767,P0032,2026-06-05,HCP01016,Rare Disease,Digital Therapeutic,3.7,4.2,3.6,2.1
R011768,P0051,2025-12-06,HCP00033,Rare Disease,Oral Therapy,3.6,3.8,4.0,1.9
R011769,P0056,2025-05-15,HCP01677,Immunology,Digital Therapeutic,5.0,5.0,4.0,3.1
R011770,P0083,2025-05-16,HCP01182,Immunology,Oral Therapy,3.3,3.8,3.7,1.5
R011771,P0027,2025-12-28,HCP00303,Cardiology,Infusion,2.2,2.9,3.7,3.1
R011772,P0032,2026-06-17,HCP00618,Rare Disease,Combination Therapy,3.3,5.0,3.9,3.1
R011773,P0035,2026-03-24,HCP00935,Cardiology,Injectable,4.5,4.0,4.3,2.2
R011774,P0029,2025-12-13,HCP02382,Neurology,Digital Therapeutic,4.2,3.4,3.3,3.8
R011775,P0100,2025-04-09,HCP02032,Neurology,Oral Therapy,3.6,5.0,4.4,1.1
R011776,P0072,2026-06-18,HCP00497,Immunology,Infusion,3.4,3.8,3.9,2.2
R011777,P0097,2025-09-19,HCP00545,Cardiology,Infusion,4.0,3.4,3.3,3.7
R011778,P0010,2025-03-20,HCP00125,Diabetes,Oral Therapy,4.2,4.5,4.3,3.3
R011779,P0085,2026-02-26,HCP00519,Respiratory,Combination Therapy,3.9,4.5,4.2,2.1
R011780,P0081,2025-09-22,HCP00406,Oncology,Oral Therapy,3.4,4.4,4.4,1.9
R011781,P0095,2025-11-26,HCP01311,Cardiology,Oral Therapy,3.7,4.7,4.7,2.7
R011782,P0053,2025-05-27,HCP00158,Respiratory,Digital Therapeutic,3.2,2.5,5.0,1.0
R011783,P0090,2025-08-01,HCP01371,Neurology,Combination Therapy,4.6,4.4,4.1,2.5
R011784,P0065,2025-04-17,HCP00789,Immunology,Injectable,3.6,3.9,3.8,2.7
R011785,P0097,2025-09-25,HCP01692,Cardiology,Digital Therapeutic,2.9,3.9,3.9,1.8
R011786,P0097,2025-10-06,HCP02490,Cardiology,Injectable,5.0,3.4,3.8,2.5
R011787,P0102,2026-01-14,HCP02379,Cardiology,Digital Therapeutic,3.1,3.5,3.7,2.5
R011788,P0022,2026-04-24,HCP02327,Cardiology,Combination Therapy,2.9,3.6,4.0,1.2
R011789,P0087,2026-04-11,HCP01422,Oncology,Infusion,2.7,3.9,3.0,2.4
R011790,P0026,2026-04-17,HCP01430,Diabetes,Injectable,3.1,2.3,4.6,1.2
R011791,P0058,2025-09-26,HCP01468,Respiratory,Injectable,4.3,4.3,4.2,1.9
R011792,P0109,2025-12-13,HCP02078,Diabetes,Infusion,2.4,4.5,5.0,2.0
R011793,P0016,2026-07-06,HCP00661,Cardiology,Oral Therapy,3.8,4.1,3.5,3.9
R011794,P0089,2025-02-07,HCP01000,Neurology,Oral Therapy,3.2,4.2,4.9,3.3
R011795,P0037,2025-07-05,HCP00852,Neurology,Digital Therapeutic,3.0,4.5,4.6,3.9
R011796,P0032,2026-03-28,HCP02228,Rare Disease,Infusion,2.2,4.0,3.4,2.0
R011797,P0007,2026-06-27,HCP00528,Diabetes,Infusion,3.7,5.0,3.3,2.2
R011798,P0087,2026-03-09,HCP00526,Oncology,Digital Therapeutic,2.2,3.8,4.2,2.7
R011799,P0100,2025-04-03,HCP00913,Neurology,Infusion,3.5,4.5,4.4,2.6
R011800,P0055,2026-02-08,HCP01008,Diabetes,Injectable,4.0,3.2,4.5,3.5
R011801,P0024,2026-07-07,HCP01774,Diabetes,Oral Therapy,1.8,3.7,3.6,3.1
R011802,P0075,2026-04-28,HCP00302,Neurology,Infusion,4.3,4.6,5.0,3.3
R011803,P0118,2025-12-17,HCP00535,Immunology,Infusion,2.0,3.7,3.3,2.2
R011804,P0095,2026-01-11,HCP02342,Cardiology,Infusion,5.0,3.4,4.8,3.2
R011805,P0092,2026-02-14,HCP01604,Cardiology,Oral Therapy,3.5,4.0,2.9,2.1
R011806,P0006,2025-09-13,HCP00846,Cardiology,Combination Therapy,3.0,3.8,3.5,4.7
R011807,P0108,2025-04-27,HCP02432,Diabetes,Combination Therapy,3.9,3.2,4.6,2.2
R011808,P0074,2025-10-05,HCP00615,Immunology,Injectable,2.9,3.5,5.0,2.6
R011809,P0078,2025-10-23,HCP01598,Cardiology,Oral Therapy,1.6,4.0,4.7,3.2
R011810,P0041,2026-04-19,HCP00555,Respiratory,Combination Therapy,4.7,2.1,3.9,4.7
R011811,P0106,2026-03-01,HCP01714,Respiratory,Digital Therapeutic,3.4,3.8,3.3,3.5
R011812,P0062,2025-08-06,HCP01185,Immunology,Infusion,3.8,3.2,4.8,1.7
R011813,P0030,2025-12-17,HCP00351,Cardiology,Oral Therapy,3.6,3.6,3.9,3.5
R011814,P0044,2025-07-20,HCP01261,Immunology,Oral Therapy,3.0,2.9,5.0,1.1
R011815,P0027,2026-01-11,HCP01124,Cardiology,Injectable,2.8,3.5,4.8,2.0
R011816,P0113,2026-07-03,HCP01682,Neurology,Oral Therapy,4.3,5.0,4.4,1.8
R011817,P0097,2025-09-21,HCP02243,Cardiology,Oral Therapy,4.1,3.1,3.5,2.1
R011818,P0072,2026-06-12,HCP02023,Immunology,Combination Therapy,3.7,3.3,3.5,3.2
R011819,P0093,2025-01-20,HCP00830,Respiratory,Digital Therapeutic,4.6,3.5,4.4,3.5
R011820,P0102,2026-02-17,HCP01757,Cardiology,Oral Therapy,3.6,2.3,4.1,3.6
R011821,P0042,2025-11-18,HCP01385,Rare Disease,Digital Therapeutic,4.7,2.6,5.0,2.0
R011822,P0031,2025-12-10,HCP01232,Rare Disease,Digital Therapeutic,5.0,4.2,4.4,1.2
R011823,P0110,2026-07-20,HCP00538,Rare Disease,Oral Therapy,4.6,3.4,4.4,2.9
R011824,P0044,2025-11-30,HCP01340,Immunology,Combination Therapy,4.0,5.0,5.0,2.7
R011825,P0005,2025-01-05,HCP00840,Immunology,Oral Therapy,2.8,3.1,3.6,1.0
R011826,P0095,2026-01-06,HCP02439,Cardiology,Combination Therapy,4.1,5.0,4.4,2.2
R011827,P0027,2025-11-22,HCP01148,Cardiology,Injectable,3.3,2.6,3.5,1.6
R011828,P0029,2025-12-12,HCP01118,Neurology,Infusion,4.3,3.7,4.6,1.0
R011829,P0085,2026-01-23,HCP00196,Respiratory,Infusion,5.0,3.2,5.0,2.6
R011830,P0120,2026-03-09,HCP00804,Immunology,Injectable,3.6,4.3,4.2,1.9
R011831,P0011,2025-05-29,HCP02471,Respiratory,Combination Therapy,2.7,3.3,2.9,1.9
R011832,P0080,2026-04-29,HCP01615,Neurology,Oral Therapy,4.3,3.4,4.7,2.6
R011833,P0040,2026-07-13,HCP01848,Neurology,Digital Therapeutic,3.7,3.7,5.0,1.0
R011834,P0108,2025-02-14,HCP01682,Diabetes,Injectable,5.0,5.0,3.6,1.5
R011835,P0108,2025-05-03,HCP01191,Diabetes,Combination Therapy,3.7,4.8,3.6,2.7
R011836,P0013,2025-03-15,HCP02344,Respiratory,Infusion,3.6,3.5,4.7,3.0
R011837,P0006,2025-08-31,HCP00776,Cardiology,Combination Therapy,3.8,3.1,3.4,3.7
R011838,P0050,2025-06-08,HCP00881,Diabetes,Infusion,4.0,3.2,3.3,2.7
R011839,P0008,2025-12-08,HCP01815,Neurology,Digital Therapeutic,2.0,3.0,3.5,3.0
R011840,P0041,2026-05-27,HCP01275,Respiratory,Digital Therapeutic,3.0,4.5,3.7,2.6
R011841,P0021,2026-04-26,HCP00970,Rare Disease,Injectable,4.6,3.3,4.5,3.3
R011842,P0117,2025-09-19,HCP01561,Immunology,Digital Therapeutic,3.1,4.6,4.1,1.5
R011843,P0086,2026-03-23,HCP02065,Diabetes,Injectable,3.7,4.6,4.7,1.9
R011844,P0018,2025-06-13,HCP01772,Immunology,Oral Therapy,3.5,3.7,4.4,2.4
R011845,P0075,2026-03-26,HCP01075,Neurology,Digital Therapeutic,3.1,2.7,4.9,2.5
R011846,P0090,2025-06-22,HCP00101,Neurology,Injectable,3.6,4.3,4.7,1.4
R011847,P0098,2026-03-31,HCP02012,Cardiology,Digital Therapeutic,2.8,2.9,3.3,1.1
R011848,P0076,2025-11-14,HCP02251,Cardiology,Digital Therapeutic,2.4,3.8,3.8,1.7
R011849,P0071,2025-12-25,HCP01852,Immunology,Digital Therapeutic,3.9,4.8,4.9,1.8
R011850,P0103,2026-03-03,HCP00445,Respiratory,Combination Therapy,5.0,2.1,4.3,2.8
R011851,P0031,2025-12-23,HCP02166,Rare Disease,Digital Therapeutic,4.3,3.6,3.7,1.0
R011852,P0118,2025-12-13,HCP00564,Immunology,Combination Therapy,4.4,3.3,3.8,4.6
R011853,P0026,2026-04-09,HCP02177,Diabetes,Combination Therapy,4.6,3.5,4.6,1.7
R011854,P0097,2025-10-11,HCP01736,Cardiology,Combination Therapy,3.9,2.8,3.8,1.0
R011855,P0116,2026-04-29,HCP01253,Rare Disease,Oral Therapy,3.7,5.0,4.8,1.3
R011856,P0031,2025-11-28,HCP00498,Rare Disease,Digital Therapeutic,3.0,3.9,3.9,2.4
R011857,P0079,2026-06-21,HCP01064,Oncology,Combination Therapy,4.4,2.4,5.0,1.6
R011858,P0101,2026-06-13,HCP00334,Cardiology,Combination Therapy,3.9,4.1,4.8,2.3
R011859,P0036,2025-10-30,HCP01769,Respiratory,Injectable,3.1,4.6,3.7,2.1
R011860,P0064,2025-12-09,HCP02374,Cardiology,Combination Therapy,3.4,3.7,4.5,2.6
R011861,P0097,2025-10-10,HCP02083,Cardiology,Combination Therapy,2.7,4.9,3.1,2.4
R011862,P0079,2026-06-23,HCP01608,Oncology,Digital Therapeutic,4.1,2.3,4.1,2.9
R011863,P0098,2026-07-02,HCP02445,Cardiology,Injectable,5.0,4.6,4.0,4.0
R011864,P0034,2025-04-22,HCP02369,Respiratory,Digital Therapeutic,2.7,3.6,2.9,2.1
R011865,P0061,2026-05-11,HCP02480,Immunology,Oral Therapy,4.6,3.2,2.9,1.5
R011866,P0098,2026-04-01,HCP00158,Cardiology,Injectable,4.7,4.4,4.8,3.3
R011867,P0028,2026-05-21,HCP02436,Oncology,Infusion,2.7,4.3,4.0,2.8
R011868,P0054,2025-10-12,HCP00089,Neurology,Combination Therapy,1.9,4.9,4.1,2.4
R011869,P0064,2025-11-19,HCP00985,Cardiology,Infusion,3.8,4.8,3.8,2.7
R011870,P0098,2026-07-27,HCP00699,Cardiology,Digital Therapeutic,3.6,3.8,4.8,2.0
R011871,P0091,2025-05-05,HCP02130,Rare Disease,Infusion,3.5,2.7,3.0,3.7
R011872,P0052,2026-01-14,HCP00097,Oncology,Combination Therapy,4.7,2.5,4.6,3.3
R011873,P0115,2025-04-17,HCP02397,Neurology,Combination Therapy,3.4,2.6,5.0,2.7
R011874,P0074,2025-12-26,HCP01097,Immunology,Injectable,5.0,3.5,3.5,2.2
R011875,P0075,2026-03-20,HCP00202,Neurology,Infusion,2.4,4.0,3.4,1.0
R011876,P0013,2025-04-13,HCP02404,Respiratory,Injectable,3.0,4.2,4.3,3.2
R011877,P0028,2026-04-07,HCP00130,Oncology,Digital Therapeutic,3.0,4.2,4.4,2.6
R011878,P0012,2026-05-24,HCP00893,Oncology,Oral Therapy,3.5,3.2,3.2,3.4
R011879,P0002,2025-09-21,HCP00657,Cardiology,Injectable,4.9,4.8,3.8,1.2
R011880,P0115,2025-06-07,HCP01831,Neurology,Combination Therapy,2.8,4.9,5.0,2.4
R011881,P0034,2025-03-29,HCP00597,Respiratory,Digital Therapeutic,2.9,3.1,5.0,2.3
R011882,P0088,2026-01-09,HCP01617,Respiratory,Combination Therapy,3.2,3.7,3.9,1.0
R011883,P0063,2025-09-06,HCP00225,Rare Disease,Digital Therapeutic,3.6,4.3,4.1,1.1
R011884,P0021,2026-03-20,HCP00081,Rare Disease,Digital Therapeutic,3.8,4.8,4.2,2.7
R011885,P0098,2026-03-30,HCP00184,Cardiology,Infusion,3.4,4.2,2.2,4.8
R011886,P0072,2026-07-28,HCP00581,Immunology,Infusion,2.6,3.4,3.5,3.7
R011887,P0091,2025-07-12,HCP01226,Rare Disease,Infusion,3.6,3.1,4.0,1.0
R011888,P0094,2025-05-07,HCP01576,Cardiology,Oral Therapy,4.9,3.0,5.0,2.7
R011889,P0099,2026-05-25,HCP01532,Rare Disease,Injectable,4.5,3.6,4.3,1.9
R011890,P0072,2026-05-25,HCP00231,Immunology,Combination Therapy,3.3,3.4,4.9,3.1
R011891,P0020,2026-05-16,HCP00918,Cardiology,Digital Therapeutic,3.8,2.9,3.9,2.6
R011892,P0054,2025-09-09,HCP01144,Neurology,Injectable,4.1,4.3,4.3,1.9
R011893,P0089,2025-03-16,HCP00984,Neurology,Oral Therapy,4.5,3.6,3.4,3.2
R011894,P0101,2026-06-08,HCP01694,Cardiology,Injectable,5.0,4.1,3.0,2.6
R011895,P0063,2025-09-23,HCP01236,Rare Disease,Digital Therapeutic,3.9,2.9,3.3,2.7
R011896,P0007,2026-05-22,HCP00850,Diabetes,Combination Therapy,2.7,4.5,3.7,2.5
R011897,P0119,2025-10-15,HCP00547,Neurology,Injectable,2.4,4.4,3.9,2.5
R011898,P0077,2025-11-28,HCP00781,Neurology,Injectable,4.2,4.6,3.6,2.6
R011899,P0067,2025-07-11,HCP02069,Immunology,Infusion,2.5,3.7,2.5,3.7
R011900,P0057,2025-08-07,HCP01809,Immunology,Oral Therapy,4.4,3.6,4.4,3.3
R011901,P0052,2025-11-21,HCP01077,Oncology,Infusion,3.2,4.2,3.4,3.6
R011902,P0078,2025-12-17,HCP01048,Cardiology,Infusion,2.7,4.7,4.0,1.0
R011903,P0076,2025-08-09,HCP00743,Cardiology,Injectable,4.1,3.8,3.5,2.9
R011904,P0035,2026-03-29,HCP01330,Cardiology,Infusion,2.8,2.7,4.6,1.6
R011905,P0047,2025-05-21,HCP02196,Respiratory,Infusion,4.1,3.5,2.8,2.7
R011906,P0020,2026-03-20,HCP00500,Cardiology,Combination Therapy,3.9,4.7,4.5,3.6
R011907,P0038,2025-11-03,HCP01463,Diabetes,Digital Therapeutic,2.1,4.3,3.6,1.5
R011908,P0117,2025-08-18,HCP01974,Immunology,Combination Therapy,4.9,4.0,3.7,2.7
R011909,P0031,2025-12-21,HCP00170,Rare Disease,Infusion,4.8,3.5,3.9,2.0
R011910,P0104,2025-03-18,HCP01500,Cardiology,Injectable,4.5,5.0,3.9,3.4
R011911,P0053,2025-06-01,HCP01464,Respiratory,Oral Therapy,4.5,3.1,4.8,2.7
R011912,P0110,2026-07-14,HCP02433,Rare Disease,Injectable,3.1,3.8,4.3,2.2
R011913,P0069,2026-02-24,HCP00968,Immunology,Injectable,4.7,4.1,4.8,2.3
R011914,P0093,2025-02-12,HCP01891,Respiratory,Infusion,4.3,4.1,4.2,2.8
R011915,P0047,2025-07-08,HCP00203,Respiratory,Infusion,1.9,3.2,3.8,4.1
R011916,P0008,2025-12-30,HCP01499,Neurology,Infusion,2.9,4.4,3.8,2.7
R011917,P0043,2026-05-19,HCP00626,Immunology,Injectable,3.1,4.2,2.9,3.0
R011918,P0076,2025-10-08,HCP01537,Cardiology,Combination Therapy,5.0,3.9,5.0,3.4
R011919,P0029,2025-12-31,HCP01501,Neurology,Digital Therapeutic,2.9,4.1,3.8,2.3
R011920,P0046,2025-12-31,HCP00833,Immunology,Oral Therapy,3.2,3.4,2.8,1.6
R011921,P0006,2025-08-22,HCP02110,Cardiology,Infusion,2.6,5.0,3.2,2.6
R011922,P0041,2026-07-16,HCP01114,Respiratory,Oral Therapy,3.3,4.7,2.9,3.3
R011923,P0012,2026-04-29,HCP00634,Oncology,Digital Therapeutic,4.6,3.3,3.4,2.4
R011924,P0030,2026-03-04,HCP01684,Cardiology,Injectable,2.5,3.7,4.3,1.6
R011925,P0047,2025-08-11,HCP01322,Respiratory,Infusion,4.1,4.6,2.6,3.1
R011926,P0022,2026-04-24,HCP01288,Cardiology,Oral Therapy,3.0,4.3,4.8,4.1
R011927,P0010,2025-02-25,HCP00338,Diabetes,Combination Therapy,5.0,3.9,3.5,2.6
R011928,P0017,2026-01-12,HCP02386,Immunology,Oral Therapy,3.8,3.1,3.8,1.8
R011929,P0079,2026-05-25,HCP00907,Oncology,Digital Therapeutic,3.6,3.2,3.9,3.4
R011930,P0015,2025-08-19,HCP01384,Oncology,Infusion,3.2,3.9,3.2,3.3
R011931,P0005,2025-01-23,HCP00378,Immunology,Oral Therapy,3.9,5.0,4.4,3.0
R011932,P0086,2025-12-23,HCP00032,Diabetes,Combination Therapy,2.4,4.6,3.0,2.7
R011933,P0056,2025-07-01,HCP01796,Immunology,Infusion,3.8,4.3,4.9,2.7
R011934,P0112,2025-04-09,HCP00316,Respiratory,Combination Therapy,3.2,4.3,3.2,3.9
R011935,P0047,2025-05-24,HCP01730,Respiratory,Infusion,3.2,2.2,3.9,3.2
R011936,P0046,2026-02-02,HCP00116,Immunology,Oral Therapy,5.0,4.0,3.5,2.5
R011937,P0006,2025-09-11,HCP00813,Cardiology,Injectable,4.9,4.0,4.6,2.9
R011938,P0013,2025-03-16,HCP02258,Respiratory,Oral Therapy,4.9,2.8,3.2,2.4
R011939,P0101,2026-06-14,HCP01377,Cardiology,Infusion,4.4,5.0,4.8,2.3
R011940,P0027,2025-12-18,HCP00788,Cardiology,Digital Therapeutic,4.0,4.2,5.0,2.3
R011941,P0009,2026-04-17,HCP00282,Immunology,Infusion,4.9,4.2,3.0,3.1
R011942,P0090,2025-08-24,HCP02091,Neurology,Injectable,4.0,3.3,2.7,2.3
R011943,P0120,2026-05-09,HCP01429,Immunology,Injectable,4.2,4.0,3.7,2.5
R011944,P0042,2025-11-05,HCP01114,Rare Disease,Infusion,4.9,3.9,4.0,2.7
R011945,P0047,2025-08-14,HCP01957,Respiratory,Injectable,4.4,5.0,3.8,3.2
R011946,P0080,2026-03-31,HCP02302,Neurology,Digital Therapeutic,4.1,4.5,3.7,3.6
R011947,P0014,2025-01-31,HCP01683,Cardiology,Injectable,4.4,4.0,4.4,1.9
R011948,P0025,2025-07-08,HCP01206,Respiratory,Combination Therapy,3.8,2.8,4.1,3.0
R011949,P0105,2026-01-23,HCP01563,Neurology,Injectable,4.1,2.9,2.9,3.0
R011950,P0091,2025-06-22,HCP02151,Rare Disease,Oral Therapy,4.2,2.0,3.4,2.7
R011951,P0018,2025-04-06,HCP00710,Immunology,Combination Therapy,2.7,3.6,4.8,1.0
R011952,P0079,2026-06-08,HCP01680,Oncology,Oral Therapy,3.1,4.2,4.0,2.5
R011953,P0115,2025-03-30,HCP01310,Neurology,Oral Therapy,4.3,3.9,3.9,2.7
R011954,P0027,2025-12-29,HCP00666,Cardiology,Injectable,3.8,4.3,3.1,3.7
R011955,P0026,2026-03-18,HCP00574,Diabetes,Oral Therapy,3.7,5.0,4.4,3.6
R011956,P0112,2025-04-28,HCP01442,Respiratory,Infusion,3.9,3.2,3.9,3.1
R011957,P0116,2026-03-16,HCP00441,Rare Disease,Combination Therapy,2.0,3.2,3.9,4.7
R011958,P0063,2025-08-26,HCP00671,Rare Disease,Oral Therapy,3.6,3.9,4.6,3.0
R011959,P0058,2025-09-22,HCP00939,Respiratory,Infusion,3.6,2.7,3.2,2.1
R011960,P0027,2026-01-07,HCP00500,Cardiology,Injectable,3.9,3.8,4.7,3.4
R011961,P0007,2026-08-28,HCP00795,Diabetes,Digital Therapeutic,4.4,3.5,4.1,2.4
R011962,P0069,2026-03-13,HCP00799,Immunology,Injectable,3.4,2.9,4.7,2.9
R011963,P0019,2026-05-24,HCP00123,Respiratory,Injectable,4.8,2.9,3.7,1.7
R011964,P0050,2025-06-04,HCP00742,Diabetes,Oral Therapy,2.9,3.4,4.8,2.0
R011965,P0113,2026-07-22,HCP01657,Neurology,Oral Therapy,4.3,3.3,2.1,1.2
R011966,P0111,2026-01-31,HCP01242,Immunology,Combination Therapy,3.3,3.6,3.0,2.5
R011967,P0056,2025-05-01,HCP00930,Immunology,Infusion,4.7,4.8,3.3,1.9
R011968,P0038,2025-10-21,HCP01593,Diabetes,Combination Therapy,3.9,4.6,3.4,4.6
R011969,P0118,2025-11-11,HCP00493,Immunology,Combination Therapy,2.7,4.1,4.6,3.6
R011970,P0107,2026-02-16,HCP02419,Diabetes,Infusion,3.8,4.3,2.7,2.1
R011971,P0073,2026-04-10,HCP00168,Immunology,Infusion,4.0,3.1,4.5,1.8
R011972,P0090,2025-10-09,HCP01173,Neurology,Combination Therapy,3.9,4.3,3.9,1.9
R011973,P0053,2025-06-08,HCP01971,Respiratory,Digital Therapeutic,4.0,3.1,3.2,1.8
R011974,P0082,2026-03-05,HCP01903,Neurology,Injectable,3.5,4.2,5.0,1.7
R011975,P0067,2025-09-13,HCP01152,Immunology,Combination Therapy,3.2,5.0,3.1,2.4
R011976,P0023,2025-09-13,HCP01228,Respiratory,Combination Therapy,2.3,4.5,4.5,1.9
R011977,P0009,2026-04-20,HCP02205,Immunology,Oral Therapy,4.2,4.4,4.8,1.6
R011978,P0011,2025-06-01,HCP01085,Respiratory,Digital Therapeutic,4.1,3.1,2.7,3.6
R011979,P0096,2026-02-16,HCP00104,Neurology,Oral Therapy,5.0,3.8,3.3,2.0
R011980,P0104,2025-04-11,HCP01031,Cardiology,Injectable,3.7,4.0,4.8,2.0
R011981,P0062,2025-08-08,HCP00109,Immunology,Digital Therapeutic,3.9,4.6,4.0,4.0
R011982,P0069,2026-04-02,HCP02190,Immunology,Digital Therapeutic,3.8,3.3,4.4,4.2
R011983,P0111,2026-02-08,HCP00551,Immunology,Injectable,4.4,3.8,4.0,3.3
R011984,P0116,2026-04-24,HCP00366,Rare Disease,Infusion,3.3,5.0,4.4,2.7
R011985,P0086,2026-01-15,HCP01564,Diabetes,Oral Therapy,3.8,3.9,3.2,1.9
R011986,P0062,2025-08-10,HCP00726,Immunology,Infusion,3.7,2.3,4.4,3.5
R011987,P0054,2025-08-07,HCP01845,Neurology,Injectable,4.3,3.1,3.8,2.0
R011988,P0071,2026-02-05,HCP01803,Immunology,Combination Therapy,5.0,3.4,3.8,1.2
R011989,P0090,2025-10-25,HCP01296,Neurology,Digital Therapeutic,4.0,3.1,3.1,2.1
R011990,P0120,2026-05-01,HCP00740,Immunology,Injectable,2.5,4.0,2.9,1.5
R011991,P0080,2026-03-21,HCP00703,Neurology,Infusion,2.7,4.7,3.8,1.8
R011992,P0086,2025-12-04,HCP00006,Diabetes,Combination Therapy,4.6,4.8,4.7,3.8
R011993,P0004,2025-02-13,HCP02210,Diabetes,Combination Therapy,2.3,4.8,4.1,3.8
R011994,P0044,2025-10-28,HCP00542,Immunology,Combination Therapy,4.0,3.4,3.3,1.9
R011995,P0034,2025-03-28,HCP01171,Respiratory,Infusion,3.1,3.7,3.8,1.9
R011996,P0100,2025-03-21,HCP00074,Neurology,Infusion,5.0,3.8,3.8,1.7
R011997,P0031,2025-12-16,HCP01274,Rare Disease,Digital Therapeutic,2.7,5.0,3.4,4.1
R011998,P0036,2025-11-06,HCP00731,Respiratory,Digital Therapeutic,3.1,4.1,4.2,3.9
R011999,P0079,2026-05-21,HCP01267,Oncology,Oral Therapy,4.4,3.8,3.3,1.9
R012000,P0064,2025-09-27,HCP00817,Cardiology,Oral Therapy,3.5,3.2,3.5,3.5
